source_table,source_path,row_order,project_id,wbs_code,wbs_name,total_activities,bl_project_duration,remaining_duration,total_float,bl_project_start,bl_project_finish,actual_start,actual_finish,schedule_%_complete,performance_%_complete,budget_at_completion,earned_value_cost,planned_value_cost,xer_pair_id,event_variant,baseline_source_id,impacted_source_id,data_date,baseline_schedule_name,impacted_update_name,baseline_project_finish,impacted_project_finish,parity_status,p6_operator,run_reference,notes,Activity ID,Activity Name,Predecessors,Predecessor Details,Successors,schedule_version,successor_activity_id,predecessor_activity_id,relationship_type,lag_days,source_id
wbs,01-data/import_templates/wbs.csv,1,The Big -P.01-UP-20-April-26,No Priority,,1363,577,473,0,11-Sep-25,10-Apr-27,11-Sep-25,,0.6916,0.3105,367286025,114050908.4,254009356.2,,,,,,,,,,,,,,,,,,,,,,,,
wbs,01-data/import_templates/wbs.csv,2,The Big -P.01-UP-20-April-26,The Big - P.01 - UP-20-April-26,ROYA-BIG PROJECT PHASE01 (B1-4),1363,577,473,0,11-Sep-25,10-Apr-27,11-Sep-25,,0.6916,0.3105,367286025,114050908.4,254009356.2,,,,,,,,,,,,,,,,,,,,,,,,
wbs,01-data/import_templates/wbs.csv,3,The Big -P.01-UP-20-April-26,The Big - P.01 - UP-20-April-26.KD,Key Dates,8,577,344,-144,11-Sep-25,10-Apr-27,11-Sep-25,,0,0,0,0,0,,,,,,,,,,,,,,,,,,,,,,,,
wbs,01-data/import_templates/wbs.csv,4,The Big -P.01-UP-20-April-26,The Big - P.01 - UP-20-April-26.KD.MI,Milestone,5,577,344,-144,11-Sep-25,10-Apr-27,11-Sep-25,,0,0,0,0,0,,,,,,,,,,,,,,,,,,,,,,,,
wbs,01-data/import_templates/wbs.csv,5,The Big -P.01-UP-20-April-26,The Big - P.01 - UP-20-April-26.KD.MO,Mobilization,0,15,0,,11-Sep-25,28-Sep-25,13-Sep-25,29-Sep-25,0,0,0,0,0,,,,,,,,,,,,,,,,,,,,,,,,
wbs,01-data/import_templates/wbs.csv,6,The Big -P.01-UP-20-April-26,The Big - P.01 - UP-20-April-26.EN,Engineering,387,270,40,247,11-Sep-25,7-Jun-26,11-Sep-25,,0,0,0,0,0,,,,,,,,,,,,,,,,,,,,,,,,
wbs,01-data/import_templates/wbs.csv,7,The Big -P.01-UP-20-April-26,The Big - P.01 - UP-20-April-26.P,Procurement,54,493,245,228,11-Sep-25,16-Jan-27,11-Sep-25,,0,0,0,0,0,,,,,,,,,,,,,,,,,,,,,,,,
wbs,01-data/import_templates/wbs.csv,8,The Big -P.01-UP-20-April-26,The Big - P.01 - UP-20-April-26.CON,Construction,522,505,445,28,25-Oct-25,13-Mar-27,5-Oct-25,,0.6916,0.3105,367286025,114050908.4,254009356.2,,,,,,,,,,,,,,,,,,,,,,,,
wbs,01-data/import_templates/wbs.csv,9,The Big -P.01-UP-20-April-26,The Big - P.01 - UP-20-April-26.CON.EW,Earth Works,8,55,0,,3-Nov-25,5-Jan-26,10-Oct-25,3-Dec-25,1,1,7596000,7596000,7596000,,,,,,,,,,,,,,,,,,,,,,,,
wbs,01-data/import_templates/wbs.csv,10,The Big -P.01-UP-20-April-26,The Big - P.01 - UP-20-April-26.CON.P02.B01,B01,145,473,445,-130,26-Nov-25,13-Mar-27,26-Nov-25,,0.6669,0.2793,118088212.4,32977443.94,78754236.56,,,,,,,,,,,,,,,,,,,,,,,,
wbs,01-data/import_templates/wbs.csv,11,The Big -P.01-UP-20-April-26,The Big - P.01 - UP-20-April-26.CON.P02.B02,B02,101,451,396,75,9-Dec-25,4-Mar-27,27-Nov-25,,0.6413,0.3171,56776729.54,18001155.81,36411009.65,,,,,,,,,,,,,,,,,,,,,,,,
wbs,01-data/import_templates/wbs.csv,12,The Big -P.01-UP-20-April-26,The Big - P.01 - UP-20-April-26.CON.P01.B04,B04,167,505,430,-115,25-Oct-25,13-Mar-27,5-Oct-25,,0.7189,0.2598,122501879.9,31821823.82,88065415.36,,,,,,,,,,,,,,,,,,,,,,,,
wbs,01-data/import_templates/wbs.csv,13,The Big -P.01-UP-20-April-26,The Big - P.01 - UP-20-April-26.CON.P01.B04.SUB.3.2,Water Tank,22,115,33,-103,25-Oct-25,16-Feb-26,5-Oct-25,,1,0.8604,13140453.7,11306371.84,13140453.7,,,,,,,,,,,,,,,,,,,,,,,,
wbs,01-data/import_templates/wbs.csv,14,The Big -P.01-UP-20-April-26,The Big - P.01 - UP-20-April-26.CON.P01.B03,B03,101,444,414,-99,25-Dec-25,13-Mar-27,1-Dec-25,,0.6929,0.3795,62323203.19,23654484.78,43182694.61,,,,,,,,,,,,,,,,,,,,,,,,
wbs,01-data/import_templates/wbs.csv,15,The Big -P.01-UP-20-April-26,The Big - P.01 - UP-20-April-26.HO,Handover,392,512,473,-144,15-Nov-25,10-Apr-27,,,0,0,0,0,0,,,,,,,,,,,,,,,,,,,,,,,,
05- relationship_file,02-delay_analysis/unified_tia_csv/05- relationship_file.csv,1,The Big -P.01-UP-20-April-26,,,,,,,,,,,,,,,,,,,,,,,,,,,,,E-SUB-B04-WT-1020,Submittal for RC Raft RFT DWGs (B04) (Water Tank),"E-DR-1000, E-SUB-B04-WT-1010","E-DR-1000: SS 9, E-SUB-B04-WT-1010: SS 3","E-APP-B04-WT-1020, E-APP-B04-WT-1020, E-SUB-B04-WT-1030",,,,,,
05- relationship_file,02-delay_analysis/unified_tia_csv/05- relationship_file.csv,2,The Big -P.01-UP-20-April-26,,,,,,,,,,,,,,,,,,,,,,,,,,,,,E-SUB-B03-SOG-1010,Submittal for S.O.G RFT DWGs (B03) (Sog),"E-DR-1000, E-SUB-B03-SOG-1000","E-DR-1000: FS 80, E-SUB-B03-SOG-1000: SS 3","E-APP-B03-SOG-1010, E-APP-B03-SOG-1010",,,,,,
05- relationship_file,02-delay_analysis/unified_tia_csv/05- relationship_file.csv,3,The Big -P.01-UP-20-April-26,,,,,,,,,,,,,,,,,,,,,,,,,,,,,E-SUB-B01-SOG-1010,Submittal for S.O.G RFT DWGs (B01) (Sog),"E-DR-1000, E-SUB-B01-SOG-1000","E-DR-1000: FS 123, E-SUB-B01-SOG-1000: SS 3","E-APP-B01-SOG-1010, E-APP-B01-SOG-1010",,,,,,
05- relationship_file,02-delay_analysis/unified_tia_csv/05- relationship_file.csv,4,The Big -P.01-UP-20-April-26,,,,,,,,,,,,,,,,,,,,,,,,,,,,,E-SUB-B02-SOG-1010,Submittal for S.O.G RFT DWGs (B02) (Sog),"E-DR-1000, E-SUB-B02-SOG-1000","E-DR-1000: FS 133, E-SUB-B02-SOG-1000: SS 3","E-APP-B02-SOG-1010, E-APP-B02-SOG-1010",,,,,,
05- relationship_file,02-delay_analysis/unified_tia_csv/05- relationship_file.csv,5,The Big -P.01-UP-20-April-26,,,,,,,,,,,,,,,,,,,,,,,,,,,,,E-APP-B01-SOG-1010,Approval for S.O.G RFT DWGs (B01) (Sog),"E-SUB-B01-SOG-1010, E-SUB-B01-SOG-1010","E-SUB-B01-SOG-1010: SS 12, E-SUB-B01-SOG-1010: FF 10",CON-B01-SOG-1040,,,,,,
05- relationship_file,02-delay_analysis/unified_tia_csv/05- relationship_file.csv,6,The Big -P.01-UP-20-April-26,,,,,,,,,,,,,,,,,,,,,,,,,,,,,E-APP-B02-SOG-1010,Approval for S.O.G RFT DWGs (B02) (Sog),"E-SUB-B02-SOG-1010, E-SUB-B02-SOG-1010","E-SUB-B02-SOG-1010: SS 12, E-SUB-B02-SOG-1010: FF 10","CON-B02-SOG-1040, CON-B02-SOG-1040",,,,,,
05- relationship_file,02-delay_analysis/unified_tia_csv/05- relationship_file.csv,7,The Big -P.01-UP-20-April-26,,,,,,,,,,,,,,,,,,,,,,,,,,,,,E-APP-B03-SOG-1010,Approval for S.O.G RFT DWGs  (B03) (Sog),"E-SUB-B03-SOG-1010, E-SUB-B03-SOG-1010","E-SUB-B03-SOG-1010: SS 12, E-SUB-B03-SOG-1010: FF 10",CON-B03-SOG-1040,,,,,,
05- relationship_file,02-delay_analysis/unified_tia_csv/05- relationship_file.csv,8,The Big -P.01-UP-20-April-26,,,,,,,,,,,,,,,,,,,,,,,,,,,,,E-APP-B04-WT-1020,Approval for RC Raft RFT DWGs (B04) (Water Tank),"E-SUB-B04-WT-1020, E-SUB-B04-WT-1020","E-SUB-B04-WT-1020: SS 12, E-SUB-B04-WT-1020: FF 10",CON-B04-WT-1070,,,,,,
05- relationship_file,02-delay_analysis/unified_tia_csv/05- relationship_file.csv,9,The Big -P.01-UP-20-April-26,,,,,,,,,,,,,,,,,,,,,,,,,,,,,AB-SUB-B04-WT-1020,Submittal for RC Raft RFT DWGs As-Built Drawing (B04) (Water Tank),CON-B04-WT-1070,CON-B04-WT-1070: FS,"AB-APP-B04-WT-1020, AB-APP-B04-WT-1020",,,,,,
05- relationship_file,02-delay_analysis/unified_tia_csv/05- relationship_file.csv,10,The Big -P.01-UP-20-April-26,,,,,,,,,,,,,,,,,,,,,,,,,,,,,AB-SUB-B03-SOG-1010,Submittal for S.O.G RFT DWGs As-Built Drawing (B03) (Sog),CON-B03-SOG-1050,CON-B03-SOG-1050: FS,"AB-APP-B03-SOG-1010, AB-APP-B03-SOG-1010",,,,,,
05- relationship_file,02-delay_analysis/unified_tia_csv/05- relationship_file.csv,11,The Big -P.01-UP-20-April-26,,,,,,,,,,,,,,,,,,,,,,,,,,,,,AB-SUB-B01-SOG-1010,Submittal for S.O.G RFT DWGs As-Built Drawing (B01) (Sog),CON-B01-SOG-1050,CON-B01-SOG-1050: FS,"AB-APP-B01-SOG-1010, AB-APP-B01-SOG-1010",,,,,,
05- relationship_file,02-delay_analysis/unified_tia_csv/05- relationship_file.csv,12,The Big -P.01-UP-20-April-26,,,,,,,,,,,,,,,,,,,,,,,,,,,,,AB-SUB-B02-SOG-1010,Submittal for S.O.G RFT DWGs As-Built Drawing (B02) (Sog),"CON-B02-SOG-1050, CON-B02-SOG-1040","CON-B02-SOG-1050: FS, CON-B02-SOG-1040: FS","AB-APP-B02-SOG-1010, AB-APP-B02-SOG-1010",,,,,,
05- relationship_file,02-delay_analysis/unified_tia_csv/05- relationship_file.csv,13,The Big -P.01-UP-20-April-26,,,,,,,,,,,,,,,,,,,,,,,,,,,,,AB-APP-B01-SOG-1010,Approval for S.O.G RFT DWGs As-Built Drawing (B01) (Sog),"AB-SUB-B01-SOG-1010, AB-SUB-B01-SOG-1010","AB-SUB-B01-SOG-1010: SS 12, AB-SUB-B01-SOG-1010: FF 6",HO-1050,,,,,,
05- relationship_file,02-delay_analysis/unified_tia_csv/05- relationship_file.csv,14,The Big -P.01-UP-20-April-26,,,,,,,,,,,,,,,,,,,,,,,,,,,,,AB-APP-B02-SOG-1010,Approval for S.O.G RFT DWGs As-Built Drawing (B02) (Sog),"AB-SUB-B02-SOG-1010, AB-SUB-B02-SOG-1010","AB-SUB-B02-SOG-1010: SS 12, AB-SUB-B02-SOG-1010: FF 6",HO-1050,,,,,,
05- relationship_file,02-delay_analysis/unified_tia_csv/05- relationship_file.csv,15,The Big -P.01-UP-20-April-26,,,,,,,,,,,,,,,,,,,,,,,,,,,,,AB-APP-B03-SOG-1010,Approval for S.O.G RFT DWGs As-Built Drawing  (B03) (Sog),"AB-SUB-B03-SOG-1010, AB-SUB-B03-SOG-1010","AB-SUB-B03-SOG-1010: SS 12, AB-SUB-B03-SOG-1010: FF 6",HO-1050,,,,,,
05- relationship_file,02-delay_analysis/unified_tia_csv/05- relationship_file.csv,16,The Big -P.01-UP-20-April-26,,,,,,,,,,,,,,,,,,,,,,,,,,,,,AB-APP-B04-WT-1020,Approval for RC Raft RFT DWGs As-Built Drawing (B04) (Water Tank),"AB-SUB-B04-WT-1020, AB-SUB-B04-WT-1020","AB-SUB-B04-WT-1020: SS 12, AB-SUB-B04-WT-1020: FF 6",HO-1050,,,,,,
05- relationship_file,02-delay_analysis/unified_tia_csv/05- relationship_file.csv,17,The Big -P.01-UP-20-April-26,,,,,,,,,,,,,,,,,,,,,,,,,,,,,E-SUB-B04-SOG-1010,Submittal for S.O.G RFT DWGs (B04) (Sog),"E-DR-1000, E-SUB-B04-SOG-1000","E-DR-1000: FS 135, E-SUB-B04-SOG-1000: SS 3","E-APP-B04-SOG-1010, E-APP-B04-SOG-1010",,,,,,
05- relationship_file,02-delay_analysis/unified_tia_csv/05- relationship_file.csv,18,The Big -P.01-UP-20-April-26,,,,,,,,,,,,,,,,,,,,,,,,,,,,,E-APP-B04-SOG-1010,Approval for S.O.G RFT DWGs (B04) (Sog),"E-SUB-B04-SOG-1010, E-SUB-B04-SOG-1010","E-SUB-B04-SOG-1010: SS 4, E-SUB-B04-SOG-1010: FF",CON-B04-SOG-1040,,,,,,
05- relationship_file,02-delay_analysis/unified_tia_csv/05- relationship_file.csv,19,The Big -P.01-UP-20-April-26,,,,,,,,,,,,,,,,,,,,,,,,,,,,,AB-SUB-B04-SOG-1010,Submittal for S.O.G RFT DWGs As-Built Drawing (B04) (Sog),"CON-B04-SOG-1050, CON-B04-SOG-1040","CON-B04-SOG-1050: FS, CON-B04-SOG-1040: FS","AB-APP-B04-SOG-1010, AB-APP-B04-SOG-1010",,,,,,
05- relationship_file,02-delay_analysis/unified_tia_csv/05- relationship_file.csv,20,The Big -P.01-UP-20-April-26,,,,,,,,,,,,,,,,,,,,,,,,,,,,,AB-APP-B04-SOG-1010,Approval for S.O.G RFT DWGs As-Built Drawing (B04) (Sog),"AB-SUB-B04-SOG-1010, AB-SUB-B04-SOG-1010","AB-SUB-B04-SOG-1010: SS 12, AB-SUB-B04-SOG-1010: FF 6",HO-1050,,,,,,
05- relationship_file,02-delay_analysis/unified_tia_csv/05- relationship_file.csv,21,The Big -P.01-UP-20-April-26,,,,,,,,,,,,,,,,,,,,,,,,,,,,,P-MS-1000,Submittal for RFT Rebar,KD-MS-1000,KD-MS-1000: FS,"P-MA-1000, P-MA-1000",,,,,,
05- relationship_file,02-delay_analysis/unified_tia_csv/05- relationship_file.csv,22,The Big -P.01-UP-20-April-26,,,,,,,,,,,,,,,,,,,,,,,,,,,,,CON-B01-FOOT-1050,RFT for RC Raft & Footings (B01) (footing),"CON-B01-FOOT-1040, E-APP-B01-FOOT-1020, CON-B01-FOOT-1040, P-MDEL-1000","CON-B01-FOOT-1040: SS 2, E-APP-B01-FOOT-1020: FS, CON-B01-FOOT-1040: FF, P-MDEL-1000: FS",CON-B01-FOOT-1090,,,,,,
05- relationship_file,02-delay_analysis/unified_tia_csv/05- relationship_file.csv,23,The Big -P.01-UP-20-April-26,,,,,,,,,,,,,,,,,,,,,,,,,,,,,CON-B02-FOOT-1050,RFT for RC Raft & Footings (B02) (footing),"CON-B02-FOOT-1040, E-APP-B02-FOOT-1020, CON-B02-FOOT-1040, P-MDEL-1000","CON-B02-FOOT-1040: SS 2, E-APP-B02-FOOT-1020: FS, CON-B02-FOOT-1040: FF, P-MDEL-1000: FS","CON-B02-FOOT-1090, AB-SUB-B02-FOOT-1020",,,,,,
05- relationship_file,02-delay_analysis/unified_tia_csv/05- relationship_file.csv,24,The Big -P.01-UP-20-April-26,,,,,,,,,,,,,,,,,,,,,,,,,,,,,CON-B04-FOOT-1050,RFT for RC Raft & Footings (B04) (footing),"CON-B04-FOOT-1040, E-APP-B04-FOOT-1030, CON-B04-FOOT-1040, P-MDEL-1000","CON-B04-FOOT-1040: SS 1, E-APP-B04-FOOT-1030: FS, CON-B04-FOOT-1040: FF, P-MDEL-1000: FS","CON-B04-FOOT-1080, AB-SUB-B04-FOOT-1020",,,,,,
05- relationship_file,02-delay_analysis/unified_tia_csv/05- relationship_file.csv,25,The Big -P.01-UP-20-April-26,,,,,,,,,,,,,,,,,,,,,,,,,,,,,CON-B03-FOOT-1050,RFT for RC Raft & Footings (B03) (footing),"CON-B03-FOOT-1040, E-APP-B03-FOOT-1030, CON-B03-FOOT-1040, P-MDEL-1000","CON-B03-FOOT-1040: SS 1, E-APP-B03-FOOT-1030: FS, CON-B03-FOOT-1040: FF, P-MDEL-1000: FS","CON-B03-FOOT-1080, AB-SUB-B03-FOOT-1020",,,,,,
05- relationship_file,02-delay_analysis/unified_tia_csv/05- relationship_file.csv,26,The Big -P.01-UP-20-April-26,,,,,,,,,,,,,,,,,,,,,,,,,,,,,CON-B01-FOOT-1070,RFT for Columns & Walls Below SOG (B01) (footing),"CON-B01-FOOT-1060, CON-B01-FOOT-1060, E-APP-B01-FOOT-1020, P-MDEL-1000","CON-B01-FOOT-1060: SS 1, CON-B01-FOOT-1060: FF, E-APP-B01-FOOT-1020: FS, P-MDEL-1000: FS",CON-B01-FOOT-1080,,,,,,
05- relationship_file,02-delay_analysis/unified_tia_csv/05- relationship_file.csv,27,The Big -P.01-UP-20-April-26,,,,,,,,,,,,,,,,,,,,,,,,,,,,,CON-B02-FOOT-1070,RFT for Columns & Walls Below SOG (B02) (footing),"CON-B02-FOOT-1060, CON-B02-FOOT-1060, E-APP-B02-FOOT-1020, P-MDEL-1000","CON-B02-FOOT-1060: SS 1, CON-B02-FOOT-1060: FF, E-APP-B02-FOOT-1020: FS, P-MDEL-1000: FS",CON-B02-FOOT-1080,,,,,,
05- relationship_file,02-delay_analysis/unified_tia_csv/05- relationship_file.csv,28,The Big -P.01-UP-20-April-26,,,,,,,,,,,,,,,,,,,,,,,,,,,,,CON-B04-FOOT-1070,RFT for Columns & Walls Below SOG (B04) (footing),"CON-B04-FOOT-1060, CON-B04-FOOT-1060, E-APP-B04-FOOT-1030, P-MDEL-1000","CON-B04-FOOT-1060: SS 1, CON-B04-FOOT-1060: FF, E-APP-B04-FOOT-1030: FS, P-MDEL-1000: FS",CON-B04-FOOT-1090,,,,,,
05- relationship_file,02-delay_analysis/unified_tia_csv/05- relationship_file.csv,29,The Big -P.01-UP-20-April-26,,,,,,,,,,,,,,,,,,,,,,,,,,,,,CON-B03-FOOT-1070,RFT for Columns & Walls Below SOG (B03) (footing),"CON-B03-FOOT-1060, CON-B03-FOOT-1060, E-APP-B03-FOOT-1030, P-MDEL-1000","CON-B03-FOOT-1060: SS 2, CON-B03-FOOT-1060: FF, E-APP-B03-FOOT-1030: FS, P-MDEL-1000: FS",CON-B03-FOOT-1090,,,,,,
05- relationship_file,02-delay_analysis/unified_tia_csv/05- relationship_file.csv,30,The Big -P.01-UP-20-April-26,,,,,,,,,,,,,,,,,,,,,,,,,,,,,P-MA-1000,Approval for RFT Rebar,"P-MS-1000, P-MS-1000","P-MS-1000: SS 12, P-MS-1000: FF 10","P-MPOS-1000, P-MPOS-1070, P-MPOS-1080, P-MPOS-1090, P-MPOS-1100, P-MPOS-1110, P-MPOS-1120, P-MPOS-1130, P-MPOS-1140, P-MPOS-1150, P-MPOS-1160, P-MPOS-1170, P-MPOS-1180, P-MPOS-1190",,,,,,
05- relationship_file,02-delay_analysis/unified_tia_csv/05- relationship_file.csv,31,The Big -P.01-UP-20-April-26,,,,,,,,,,,,,,,,,,,,,,,,,,,,,E-SUB-B02-FOOT-1020,Submittal for RC Raft & Footings RFT DWGs (B02) (footing),"E-DR-1000, E-SUB-B02-FOOT-1010","E-DR-1000: SS 33, E-SUB-B02-FOOT-1010: SS 1","E-APP-B02-FOOT-1020, E-APP-B02-FOOT-1020",,,,,,
05- relationship_file,02-delay_analysis/unified_tia_csv/05- relationship_file.csv,32,The Big -P.01-UP-20-April-26,,,,,,,,,,,,,,,,,,,,,,,,,,,,,E-SUB-B03-FOOT-1030,Submittal for RC Raft & Footings RFT DWGs (B03) (footing),"E-DR-1000, E-SUB-B03-FOOT-1020","E-DR-1000: SS 37, E-SUB-B03-FOOT-1020: SS 1","E-APP-B03-FOOT-1030, E-APP-B03-FOOT-1030",,,,,,
05- relationship_file,02-delay_analysis/unified_tia_csv/05- relationship_file.csv,33,The Big -P.01-UP-20-April-26,,,,,,,,,,,,,,,,,,,,,,,,,,,,,E-SUB-B04-FOOT-1030,Submittal for RC Raft & Footings RFT DWGs (B04) (footing),"E-DR-1000, E-SUB-B04-FOOT-1020","E-DR-1000: SS 35, E-SUB-B04-FOOT-1020: SS 3","E-APP-B04-FOOT-1030, E-APP-B04-FOOT-1030",,,,,,
05- relationship_file,02-delay_analysis/unified_tia_csv/05- relationship_file.csv,34,The Big -P.01-UP-20-April-26,,,,,,,,,,,,,,,,,,,,,,,,,,,,,E-APP-B01-FOOT-1020,Approval for RC Raft & Footings RFT DWGs (B01),"E-SUB-B01-FOOT-1020, E-SUB-B01-FOOT-1020","E-SUB-B01-FOOT-1020: SS 12, E-SUB-B01-FOOT-1020: FF 10","CON-B01-FOOT-1050, CON-B01-FOOT-1070",,,,,,
05- relationship_file,02-delay_analysis/unified_tia_csv/05- relationship_file.csv,35,The Big -P.01-UP-20-April-26,,,,,,,,,,,,,,,,,,,,,,,,,,,,,E-APP-B02-FOOT-1020,Approval for RC Raft & Footings RFT DWGs (B02) (footing),"E-SUB-B02-FOOT-1020, E-SUB-B02-FOOT-1020","E-SUB-B02-FOOT-1020: SS 12, E-SUB-B02-FOOT-1020: FF 10","CON-B02-FOOT-1050, CON-B02-FOOT-1070",,,,,,
05- relationship_file,02-delay_analysis/unified_tia_csv/05- relationship_file.csv,36,The Big -P.01-UP-20-April-26,,,,,,,,,,,,,,,,,,,,,,,,,,,,,E-APP-B03-FOOT-1030,Approval for RC Raft & Footings RFT DWGs  (B03) (footing),"E-SUB-B03-FOOT-1030, E-SUB-B03-FOOT-1030","E-SUB-B03-FOOT-1030: SS 12, E-SUB-B03-FOOT-1030: FF 10","CON-B03-FOOT-1050, CON-B03-FOOT-1070",,,,,,
05- relationship_file,02-delay_analysis/unified_tia_csv/05- relationship_file.csv,37,The Big -P.01-UP-20-April-26,,,,,,,,,,,,,,,,,,,,,,,,,,,,,E-APP-B04-FOOT-1030,Approval for RC Raft & Footings RFT DWGs (B04) (footing),"E-SUB-B04-FOOT-1030, E-SUB-B04-FOOT-1030","E-SUB-B04-FOOT-1030: SS 12, E-SUB-B04-FOOT-1030: FF 10","CON-B04-FOOT-1050, CON-B04-FOOT-1070",,,,,,
05- relationship_file,02-delay_analysis/unified_tia_csv/05- relationship_file.csv,38,The Big -P.01-UP-20-April-26,,,,,,,,,,,,,,,,,,,,,,,,,,,,,AB-SUB-B02-FOOT-1020,Submittal for RC Raft & Footings RFT DWGs As-Built Drawing (B02) (footing),"CON-B02-FOOT-1050, CON-B02-FOOT-1090","CON-B02-FOOT-1050: FS, CON-B02-FOOT-1090: FS","AB-APP-B02-FOOT-1020, AB-APP-B02-FOOT-1020",,,,,,
05- relationship_file,02-delay_analysis/unified_tia_csv/05- relationship_file.csv,39,The Big -P.01-UP-20-April-26,,,,,,,,,,,,,,,,,,,,,,,,,,,,,AB-SUB-B03-FOOT-1020,Submittal for RC Raft & Footings RFT DWGs As-Built Drawing (B03) (footing),"CON-B03-FOOT-1050, CON-B03-FOOT-1080","CON-B03-FOOT-1050: FS, CON-B03-FOOT-1080: FS","AB-APP-B03-FOOT-1020, AB-APP-B03-FOOT-1020",,,,,,
05- relationship_file,02-delay_analysis/unified_tia_csv/05- relationship_file.csv,40,The Big -P.01-UP-20-April-26,,,,,,,,,,,,,,,,,,,,,,,,,,,,,AB-SUB-B04-FOOT-1020,Submittal for RC Raft & Footings RFT DWGs As-Built Drawing (B04) (footing),"CON-B04-FOOT-1050, CON-B04-FOOT-1080","CON-B04-FOOT-1050: FS, CON-B04-FOOT-1080: FS","AB-APP-B04-FOOT-1020, AB-APP-B04-FOOT-1020",,,,,,
05- relationship_file,02-delay_analysis/unified_tia_csv/05- relationship_file.csv,41,The Big -P.01-UP-20-April-26,,,,,,,,,,,,,,,,,,,,,,,,,,,,,AB-APP-B01-FOOT-1030,Approval for RC Raft & Footings RFT DWGs As-Built Drawing (B01),"AB-SUB-B01-FOOT-1030, AB-SUB-B01-FOOT-1030","AB-SUB-B01-FOOT-1030: SS 12, AB-SUB-B01-FOOT-1030: FF 6",HO-1050,,,,,,
05- relationship_file,02-delay_analysis/unified_tia_csv/05- relationship_file.csv,42,The Big -P.01-UP-20-April-26,,,,,,,,,,,,,,,,,,,,,,,,,,,,,AB-APP-B02-FOOT-1020,Approval for RC Raft & Footings RFT DWGs As-Built Drawing (B02) (footing),"AB-SUB-B02-FOOT-1020, AB-SUB-B02-FOOT-1020","AB-SUB-B02-FOOT-1020: SS 12, AB-SUB-B02-FOOT-1020: FF 6",HO-1050,,,,,,
05- relationship_file,02-delay_analysis/unified_tia_csv/05- relationship_file.csv,43,The Big -P.01-UP-20-April-26,,,,,,,,,,,,,,,,,,,,,,,,,,,,,AB-APP-B03-FOOT-1020,Approval for RC Raft & Footings RFT DWGs As-Built Drawing  (B03) (footing),"AB-SUB-B03-FOOT-1020, AB-SUB-B03-FOOT-1020","AB-SUB-B03-FOOT-1020: SS 12, AB-SUB-B03-FOOT-1020: FF 6",HO-1050,,,,,,
05- relationship_file,02-delay_analysis/unified_tia_csv/05- relationship_file.csv,44,The Big -P.01-UP-20-April-26,,,,,,,,,,,,,,,,,,,,,,,,,,,,,AB-APP-B04-FOOT-1000,Approval for PC Raft Conc. Dim. Conc. Dim.  & RFT DWGs As-Built Drawing  (B04) (footing),"AB-SUB-B04-FOOT-1000, AB-SUB-B04-FOOT-1000","AB-SUB-B04-FOOT-1000: SS 12, AB-SUB-B04-FOOT-1000: FF 6",HO-1050,,,,,,
05- relationship_file,02-delay_analysis/unified_tia_csv/05- relationship_file.csv,45,The Big -P.01-UP-20-April-26,,,,,,,,,,,,,,,,,,,,,,,,,,,,,AB-APP-B04-FOOT-1010,Approval for RC Raft & Footings Conc. Dim. Conc. Dim.  & RFT DWGs As-Built Drawing (B04) (footing),"AB-SUB-B04-FOOT-1010, AB-SUB-B04-FOOT-1010","AB-SUB-B04-FOOT-1010: SS 12, AB-SUB-B04-FOOT-1010: FF 6",HO-1050,,,,,,
05- relationship_file,02-delay_analysis/unified_tia_csv/05- relationship_file.csv,46,The Big -P.01-UP-20-April-26,,,,,,,,,,,,,,,,,,,,,,,,,,,,,AB-APP-B04-FOOT-1020,Approval for RC Raft & Footings RFT Conc. Dim.  & RFT DWGs As-Built Drawing (B04) (footing),"AB-SUB-B04-FOOT-1020, AB-SUB-B04-FOOT-1020","AB-SUB-B04-FOOT-1020: SS 12, AB-SUB-B04-FOOT-1020: FF 6",HO-1050,,,,,,
05- relationship_file,02-delay_analysis/unified_tia_csv/05- relationship_file.csv,47,The Big -P.01-UP-20-April-26,,,,,,,,,,,,,,,,,,,,,,,,,,,,,CON-B01-BAS02-1010,"RFT for Walls, Col. & Cores (B01) (Bas 02)","CON-B01-BAS02-1000, CON-B01-BAS02-1000, E-APP-B01-BAS02-1000, P-MDEL-1170","CON-B01-BAS02-1000: SS, CON-B01-BAS02-1000: FF, E-APP-B01-BAS02-1000: FS, P-MDEL-1170: FS","CON-B01-BAS02-1020, CON-B01-BAS02-1020",,,,,,
05- relationship_file,02-delay_analysis/unified_tia_csv/05- relationship_file.csv,48,The Big -P.01-UP-20-April-26,,,,,,,,,,,,,,,,,,,,,,,,,,,,,CON-B01-BAS02-1070,RFT for Slabs & Beams (B01) (Bas 02),"CON-B01-BAS02-1040, CON-B01-BAS02-1040, E-APP-B01-BAS02-1030, E-APP-B01-BAS02-1040, P-MDEL-1170","CON-B01-BAS02-1040: SS 3, CON-B01-BAS02-1040: FF, E-APP-B01-BAS02-1030: FS, E-APP-B01-BAS02-1040: FS, P-MDEL-1170: FS",CON-B01-BAS02-1130,,,,,,
05- relationship_file,02-delay_analysis/unified_tia_csv/05- relationship_file.csv,49,The Big -P.01-UP-20-April-26,,,,,,,,,,,,,,,,,,,,,,,,,,,,,CON-B01-BAS02-1080,RFT for Stairs (B01) (Bas 02),"CON-B01-BAS02-1050, CON-B01-BAS02-1050, E-APP-B01-BAS02-1010, P-MDEL-1170","CON-B01-BAS02-1050: SS 2, CON-B01-BAS02-1050: FF, E-APP-B01-BAS02-1010: FS, P-MDEL-1170: FS",CON-B01-BAS02-1100,,,,,,
05- relationship_file,02-delay_analysis/unified_tia_csv/05- relationship_file.csv,50,The Big -P.01-UP-20-April-26,,,,,,,,,,,,,,,,,,,,,,,,,,,,,CON-B02-BAS02-1010,"RFT for Walls, Col. & Cores (B02) (Bas 02)","CON-B02-BAS02-1000, CON-B02-BAS02-1000, E-APP-B02-BAS02-1000, P-MDEL-1170","CON-B02-BAS02-1000: SS, CON-B02-BAS02-1000: FF, E-APP-B02-BAS02-1000: FS, P-MDEL-1170: FS","CON-B02-BAS02-1020, CON-B03-BAS02-1010, CON-B02-BAS02-1020",,,,,,
05- relationship_file,02-delay_analysis/unified_tia_csv/05- relationship_file.csv,51,The Big -P.01-UP-20-April-26,,,,,,,,,,,,,,,,,,,,,,,,,,,,,CON-B02-BAS02-1060,RFT for Slabs & Beams (B02) (Bas 02),"CON-B02-BAS02-1040, CON-B02-BAS02-1040, E-APP-B02-BAS02-1020, E-APP-B02-BAS02-1030, P-MDEL-1170","CON-B02-BAS02-1040: SS 2, CON-B02-BAS02-1040: FF, E-APP-B02-BAS02-1020: FS, E-APP-B02-BAS02-1030: FS, P-MDEL-1170: FS","CON-B03-BAS02-1060, CON-B02-BAS02-1100",,,,,,
05- relationship_file,02-delay_analysis/unified_tia_csv/05- relationship_file.csv,52,The Big -P.01-UP-20-April-26,,,,,,,,,,,,,,,,,,,,,,,,,,,,,CON-B02-BAS02-1070,RFT for Stairs  (B02) (Bas 02),"CON-B02-BAS02-1050, CON-B02-BAS02-1050, E-APP-B02-BAS02-1010, P-MDEL-1170","CON-B02-BAS02-1050: SS 2, CON-B02-BAS02-1050: FF, E-APP-B02-BAS02-1010: FS, P-MDEL-1170: FS","CON-B03-BAS02-1070, CON-B02-BAS02-1080, AB-SUB-B02-BAS2-1010",,,,,,
05- relationship_file,02-delay_analysis/unified_tia_csv/05- relationship_file.csv,53,The Big -P.01-UP-20-April-26,,,,,,,,,,,,,,,,,,,,,,,,,,,,,CON-B03-BAS02-1010,"RFT for Walls, Col. & Cores (B03) (Bas 02)","CON-B03-BAS02-1000, CON-B03-BAS02-1000, CON-B02-BAS02-1010, E-APP-B03-BAS02-1000, P-MDEL-1170","CON-B03-BAS02-1000: SS, CON-B03-BAS02-1000: FF, CON-B02-BAS02-1010: FS, E-APP-B03-BAS02-1000: FS, P-MDEL-1170: FS","CON-B03-BAS02-1020, CON-B03-BAS02-1020",,,,,,
05- relationship_file,02-delay_analysis/unified_tia_csv/05- relationship_file.csv,54,The Big -P.01-UP-20-April-26,,,,,,,,,,,,,,,,,,,,,,,,,,,,,CON-B03-BAS02-1060,RFT for Slabs & Beams (B03) (Bas 02),"CON-B03-BAS02-1040, CON-B02-BAS02-1060, CON-B03-BAS02-1040, E-APP-B03-BAS02-1020, E-APP-B03-BAS02-1030, P-MDEL-1170","CON-B03-BAS02-1040: SS 2, CON-B02-BAS02-1060: FS, CON-B03-BAS02-1040: FF, E-APP-B03-BAS02-1020: FS, E-APP-B03-BAS02-1030: FS, P-MDEL-1170: FS",CON-B03-BAS02-1100,,,,,,
05- relationship_file,02-delay_analysis/unified_tia_csv/05- relationship_file.csv,55,The Big -P.01-UP-20-April-26,,,,,,,,,,,,,,,,,,,,,,,,,,,,,CON-B03-BAS02-1070,RFT for Stairs  (B03) (Bas 02),"CON-B03-BAS02-1050, CON-B02-BAS02-1070, CON-B03-BAS02-1050, E-APP-B03-BAS02-1010, P-MDEL-1170","CON-B03-BAS02-1050: SS 2, CON-B02-BAS02-1070: FS, CON-B03-BAS02-1050: FF, E-APP-B03-BAS02-1010: FS, P-MDEL-1170: FS",CON-B03-BAS02-1080,,,,,,
05- relationship_file,02-delay_analysis/unified_tia_csv/05- relationship_file.csv,56,The Big -P.01-UP-20-April-26,,,,,,,,,,,,,,,,,,,,,,,,,,,,,CON-B04-BAS02-1010,"RFT for Walls, Col. & Cores (B04) (Bas 02)","CON-B04-BAS02-1000, CON-B04-BAS02-1000, E-APP-B04-BAS02-1000, P-MDEL-1170","CON-B04-BAS02-1000: SS, CON-B04-BAS02-1000: FF, E-APP-B04-BAS02-1000: FS, P-MDEL-1170: FS","CON-B04-BAS02-1020, AB-SUB-B04-BAS2-1000, CON-B04-BAS02-1020",,,,,,
05- relationship_file,02-delay_analysis/unified_tia_csv/05- relationship_file.csv,57,The Big -P.01-UP-20-April-26,,,,,,,,,,,,,,,,,,,,,,,,,,,,,CON-B04-BAS02-1060,RFT for Slabs & Beams (B04) (Bas 02),"CON-B04-BAS02-1040, CON-B04-BAS02-1040, E-APP-B04-BAS02-1030, E-APP-B04-BAS02-1040, P-MDEL-1170","CON-B04-BAS02-1040: SS 2, CON-B04-BAS02-1040: FF, E-APP-B04-BAS02-1030: FS, E-APP-B04-BAS02-1040: FS, P-MDEL-1170: FS",CON-B04-BAS02-1130,,,,,,
05- relationship_file,02-delay_analysis/unified_tia_csv/05- relationship_file.csv,58,The Big -P.01-UP-20-April-26,,,,,,,,,,,,,,,,,,,,,,,,,,,,,CON-B04-BAS02-1080,RFT for Stairs  (B04) (Bas 02),"CON-B04-BAS02-1050, CON-B04-BAS02-1050, E-APP-B04-BAS02-1010, P-MDEL-1170","CON-B04-BAS02-1050: SS 2, CON-B04-BAS02-1050: FF, E-APP-B04-BAS02-1010: FS, P-MDEL-1170: FS",CON-B04-BAS02-1100,,,,,,
05- relationship_file,02-delay_analysis/unified_tia_csv/05- relationship_file.csv,59,The Big -P.01-UP-20-April-26,,,,,,,,,,,,,,,,,,,,,,,,,,,,,CON-B01-BAS02-1090,RFT for Ramps (B01) (Bas 02),"CON-B01-BAS02-1060, CON-B01-BAS02-1060, E-APP-B01-BAS02-1020, P-MDEL-1170","CON-B01-BAS02-1060: SS 2, CON-B01-BAS02-1060: FF, E-APP-B01-BAS02-1020: FS, P-MDEL-1170: FS",CON-B01-BAS02-1110,,,,,,
05- relationship_file,02-delay_analysis/unified_tia_csv/05- relationship_file.csv,60,The Big -P.01-UP-20-April-26,,,,,,,,,,,,,,,,,,,,,,,,,,,,,CON-B04-BAS02-1090,RFT for Ramps (B04) (Bas 02),"CON-B04-BAS02-1070, CON-B04-BAS02-1070, E-APP-B04-BAS02-1020, P-MDEL-1170","CON-B04-BAS02-1070: SS 2, CON-B04-BAS02-1070: FF, E-APP-B04-BAS02-1020: FS, P-MDEL-1170: FS",CON-B04-BAS02-1110,,,,,,
05- relationship_file,02-delay_analysis/unified_tia_csv/05- relationship_file.csv,61,The Big -P.01-UP-20-April-26,,,,,,,,,,,,,,,,,,,,,,,,,,,,,CON-B04-WT-1070,RFT for RC Raft (B04) (Water Tank),"CON-B04-WT-1060, E-APP-B04-WT-1020, CON-B04-WT-1060, P-MDEL-1000","CON-B04-WT-1060: SS 1, E-APP-B04-WT-1020: FS, CON-B04-WT-1060: FS, P-MDEL-1000: FS","CON-B04-WT-1080, AB-SUB-B04-WT-1020",,,,,,
05- relationship_file,02-delay_analysis/unified_tia_csv/05- relationship_file.csv,62,The Big -P.01-UP-20-April-26,,,,,,,,,,,,,,,,,,,,,,,,,,,,,CON-B04-WT-1110,RFT for Walls (B04) (Water Tank),"CON-B04-WT-1100, CON-B04-WT-1100, E-APP-B04-WT-1030, P-MDEL-1000","CON-B04-WT-1100: SS, CON-B04-WT-1100: FF, E-APP-B04-WT-1030: FS, P-MDEL-1000: FS","CON-B04-WT-1120, CON-B04-WT-1130, AB-SUB-B04-WT-1030",,,,,,
05- relationship_file,02-delay_analysis/unified_tia_csv/05- relationship_file.csv,63,The Big -P.01-UP-20-April-26,,,,,,,,,,,,,,,,,,,,,,,,,,,,,CON-B04-WT-1160,RFT for Top Slab (B04) (Water Tank),"CON-B04-WT-1150, CON-B04-WT-1150, E-APP-B04-WT-1040, P-MDEL-1000","CON-B04-WT-1150: SS 1, CON-B04-WT-1150: FF, E-APP-B04-WT-1040: FS, P-MDEL-1000: FS","CON-B04-WT-1170, AB-SUB-B04-WT-1040",,,,,,
05- relationship_file,02-delay_analysis/unified_tia_csv/05- relationship_file.csv,64,The Big -P.01-UP-20-April-26,,,,,,,,,,,,,,,,,,,,,,,,,,,,,CON-B02-SOG-1040,Shuttering & RFT for S.O.G (B02) (Sog),"CON-B02-SOG-1030, CON-B02-SOG-1030, CON-B01-SOG-1040, E-APP-B02-SOG-1010, E-APP-B02-SOG-1000, E-APP-B02-SOG-1010, P-MDEL-1150","CON-B02-SOG-1030: SS 5, CON-B02-SOG-1030: FF, CON-B01-SOG-1040: FS, E-APP-B02-SOG-1010: FS, E-APP-B02-SOG-1000: FS, E-APP-B02-SOG-1010: FF, P-MDEL-1150: FS","CON-B02-SOG-1050, CON-B02-SOG-1050, AB-SUB-B02-SOG-1000, AB-SUB-B02-SOG-1010",,,,,,
05- relationship_file,02-delay_analysis/unified_tia_csv/05- relationship_file.csv,65,The Big -P.01-UP-20-April-26,,,,,,,,,,,,,,,,,,,,,,,,,,,,,CON-B01-SOG-1040,Shuttering & RFT for S.O.G (B01) (Sog),"CON-B01-SOG-1030, CON-B01-SOG-1030, E-APP-B01-SOG-1010, E-APP-B01-SOG-1000, P-MDEL-1150","CON-B01-SOG-1030: SS 5, CON-B01-SOG-1030: FF, E-APP-B01-SOG-1010: FS, E-APP-B01-SOG-1000: FS, P-MDEL-1150: FS","CON-B01-SOG-1050, CON-B01-SOG-1050, CON-B02-SOG-1040, AB-SUB-B01-SOG-1000",,,,,,
05- relationship_file,02-delay_analysis/unified_tia_csv/05- relationship_file.csv,66,The Big -P.01-UP-20-April-26,,,,,,,,,,,,,,,,,,,,,,,,,,,,,CON-B03-SOG-1040,Shuttering & RFT for S.O.G (B03) (sog),"CON-B03-SOG-1030, CON-B03-SOG-1030, E-APP-B03-SOG-1010, E-APP-B03-SOG-1000, P-MDEL-1150","CON-B03-SOG-1030: SS 5, CON-B03-SOG-1030: FF, E-APP-B03-SOG-1010: FS, E-APP-B03-SOG-1000: FS, P-MDEL-1150: FS","CON-B03-SOG-1050, CON-B03-SOG-1050, CON-B04-SOG-1040, AB-SUB-B03-SOG-1000",,,,,,
05- relationship_file,02-delay_analysis/unified_tia_csv/05- relationship_file.csv,67,The Big -P.01-UP-20-April-26,,,,,,,,,,,,,,,,,,,,,,,,,,,,,CON-B01-BAS01-1010,"RFT for Walls, Col. & Cores (B01) (Bas 01)","CON-B01-BAS01-1000, CON-B01-BAS01-1000, E-APP-B01-BAS01-1000, P-MDEL-1160","CON-B01-BAS01-1000: SS, CON-B01-BAS01-1000: FF, E-APP-B01-BAS01-1000: FS, P-MDEL-1160: FS","CON-B01-BAS01-1020, CON-B01-BAS01-1030, CON-B01-BAS01-1020",,,,,,
05- relationship_file,02-delay_analysis/unified_tia_csv/05- relationship_file.csv,68,The Big -P.01-UP-20-April-26,,,,,,,,,,,,,,,,,,,,,,,,,,,,,CON-B01-BAS01-1060,RFT for Slabs & Beams (B01) (Bas 01),"CON-B01-BAS01-1040, CON-B01-BAS01-1040, CON-B01-BAS02-1140, E-APP-B01-BAS01-1030, E-APP-B01-BAS01-1040, P-MDEL-1160","CON-B01-BAS01-1040: SS 2, CON-B01-BAS01-1040: FF, CON-B01-BAS02-1140: FS, E-APP-B01-BAS01-1030: FS, E-APP-B01-BAS01-1040: FS, P-MDEL-1160: FS",CON-B01-BAS01-1110,,,,,,
05- relationship_file,02-delay_analysis/unified_tia_csv/05- relationship_file.csv,69,The Big -P.01-UP-20-April-26,,,,,,,,,,,,,,,,,,,,,,,,,,,,,CON-B01-BAS01-1080,RFT for Stairs  (B01) (Bas 01),"CON-B01-BAS01-1050, CON-B01-BAS01-1050, E-APP-B01-BAS01-1010, P-MDEL-1160","CON-B01-BAS01-1050: SS 3, CON-B01-BAS01-1050: FF, E-APP-B01-BAS01-1010: FS, P-MDEL-1160: FS",CON-B01-BAS01-1100,,,,,,
05- relationship_file,02-delay_analysis/unified_tia_csv/05- relationship_file.csv,70,The Big -P.01-UP-20-April-26,,,,,,,,,,,,,,,,,,,,,,,,,,,,,CON-B02-BAS01-1010,"RFT for Walls, Col. & Cores (B02) (Bas 01)","CON-B02-BAS01-1000, CON-B02-BAS01-1000, E-APP-B02-BAS01-1000, P-MDEL-1160","CON-B02-BAS01-1000: SS, CON-B02-BAS01-1000: FF, E-APP-B02-BAS01-1000: FS, P-MDEL-1160: FS","CON-B02-BAS01-1020, CON-B03-BAS01-1010, CON-B02-BAS01-1020",,,,,,
05- relationship_file,02-delay_analysis/unified_tia_csv/05- relationship_file.csv,71,The Big -P.01-UP-20-April-26,,,,,,,,,,,,,,,,,,,,,,,,,,,,,CON-B02-BAS01-1060,RFT for Slabs & Beams (B02) (Bas 01),"CON-B02-BAS01-1040, CON-B02-BAS01-1040, E-APP-B02-BAS01-1020, E-APP-B02-BAS01-1030, P-MDEL-1160","CON-B02-BAS01-1040: SS 2, CON-B02-BAS01-1040: FF, E-APP-B02-BAS01-1020: FS, E-APP-B02-BAS01-1030: FS, P-MDEL-1160: FS","CON-B03-BAS01-1050, CON-B02-BAS01-1090",,,,,,
05- relationship_file,02-delay_analysis/unified_tia_csv/05- relationship_file.csv,72,The Big -P.01-UP-20-April-26,,,,,,,,,,,,,,,,,,,,,,,,,,,,,CON-B02-BAS01-1070,RFT for Stairs  (B02) (Bas 01),"CON-B02-BAS01-1050, CON-B02-BAS01-1050, E-APP-B02-BAS01-1010, P-MDEL-1160","CON-B02-BAS01-1050: SS 2, CON-B02-BAS01-1050: FF, E-APP-B02-BAS01-1010: FS, P-MDEL-1160: FS","CON-B03-BAS01-1070, CON-B02-BAS01-1080",,,,,,
05- relationship_file,02-delay_analysis/unified_tia_csv/05- relationship_file.csv,73,The Big -P.01-UP-20-April-26,,,,,,,,,,,,,,,,,,,,,,,,,,,,,CON-B04-BAS01-1010,"RFT for Walls, Col. & Cores (B04) (Bas 01)","CON-B04-BAS01-1000, CON-B04-BAS01-1000, E-APP-B04-BAS01-1000, P-MDEL-1160","CON-B04-BAS01-1000: SS, CON-B04-BAS01-1000: FF, E-APP-B04-BAS01-1000: FS, P-MDEL-1160: FS","CON-B04-BAS01-1020, CON-B04-BAS01-1020",,,,,,
05- relationship_file,02-delay_analysis/unified_tia_csv/05- relationship_file.csv,74,The Big -P.01-UP-20-April-26,,,,,,,,,,,,,,,,,,,,,,,,,,,,,CON-B04-BAS01-1070,RFT for Slabs & Beams (B04) (Bas 01),"CON-B04-BAS01-1040, CON-B04-BAS01-1040, E-APP-B04-BAS01-1030, E-APP-B04-BAS01-1040, P-MDEL-1160","CON-B04-BAS01-1040: SS 4, CON-B04-BAS01-1040: FF, E-APP-B04-BAS01-1030: FS, E-APP-B04-BAS01-1040: FS, P-MDEL-1160: FS",CON-B04-BAS01-1120,,,,,,
05- relationship_file,02-delay_analysis/unified_tia_csv/05- relationship_file.csv,75,The Big -P.01-UP-20-April-26,,,,,,,,,,,,,,,,,,,,,,,,,,,,,CON-B04-BAS01-1090,RFT for Stairs  (B04) (Bas 01),"CON-B04-BAS01-1060, CON-B04-BAS01-1060, E-APP-B04-BAS01-1010, P-MDEL-1160","CON-B04-BAS01-1060: SS 5, CON-B04-BAS01-1060: FF, E-APP-B04-BAS01-1010: FS, P-MDEL-1160: FS",CON-B04-BAS01-1100,,,,,,
05- relationship_file,02-delay_analysis/unified_tia_csv/05- relationship_file.csv,76,The Big -P.01-UP-20-April-26,,,,,,,,,,,,,,,,,,,,,,,,,,,,,CON-B03-BAS01-1010,"RFT for Walls, Col. & Cores (B03) (Bas 01)","CON-B03-BAS01-1000, CON-B02-BAS01-1010, CON-B03-BAS01-1000, E-APP-B03-BAS01-1000, P-MDEL-1160","CON-B03-BAS01-1000: SS, CON-B02-BAS01-1010: FS, CON-B03-BAS01-1000: FF, E-APP-B03-BAS01-1000: FS, P-MDEL-1160: FS","CON-B03-BAS01-1020, CON-B03-BAS01-1020",,,,,,
05- relationship_file,02-delay_analysis/unified_tia_csv/05- relationship_file.csv,77,The Big -P.01-UP-20-April-26,,,,,,,,,,,,,,,,,,,,,,,,,,,,,CON-B03-BAS01-1050,RFT for Slabs & Beams (B03) (Bas 01),"CON-B03-BAS01-1040, CON-B02-BAS01-1060, CON-B03-BAS01-1040, E-APP-B03-BAS01-1020, E-APP-B03-BAS01-1030, P-MDEL-1160","CON-B03-BAS01-1040: SS 2, CON-B02-BAS01-1060: FS, CON-B03-BAS01-1040: FF, E-APP-B03-BAS01-1020: FS, E-APP-B03-BAS01-1030: FS, P-MDEL-1160: FS",CON-B03-BAS01-1090,,,,,,
05- relationship_file,02-delay_analysis/unified_tia_csv/05- relationship_file.csv,78,The Big -P.01-UP-20-April-26,,,,,,,,,,,,,,,,,,,,,,,,,,,,,CON-B03-BAS01-1070,RFT for Stairs (B03) (Bas 01),"CON-B03-BAS01-1060, CON-B02-BAS01-1070, CON-B03-BAS01-1060, E-APP-B03-BAS01-1010, P-MDEL-1160","CON-B03-BAS01-1060: SS 2, CON-B02-BAS01-1070: FS, CON-B03-BAS01-1060: FF, E-APP-B03-BAS01-1010: FS, P-MDEL-1160: FS",CON-B03-BAS01-1080,,,,,,
05- relationship_file,02-delay_analysis/unified_tia_csv/05- relationship_file.csv,79,The Big -P.01-UP-20-April-26,,,,,,,,,,,,,,,,,,,,,,,,,,,,,CON-B01-BAS01-1090,RFT for  Ramps (B01) (Bas 01),"CON-B01-BAS01-1070, CON-B01-BAS01-1070, E-APP-B01-BAS01-1020, P-MDEL-1160","CON-B01-BAS01-1070: SS 2, CON-B01-BAS01-1070: FF, E-APP-B01-BAS01-1020: FS, P-MDEL-1160: FS",CON-B01-BAS01-1130,,,,,,
05- relationship_file,02-delay_analysis/unified_tia_csv/05- relationship_file.csv,80,The Big -P.01-UP-20-April-26,,,,,,,,,,,,,,,,,,,,,,,,,,,,,CON-B04-BAS01-1080,RFT for  Ramps (B04) (Bas 01),"CON-B04-BAS01-1050, CON-B04-BAS01-1050, E-APP-B04-BAS01-1020, P-MDEL-1160","CON-B04-BAS01-1050: SS 5, CON-B04-BAS01-1050: FF, E-APP-B04-BAS01-1020: FS, P-MDEL-1160: FS",CON-B04-BAS01-1110,,,,,,
05- relationship_file,02-delay_analysis/unified_tia_csv/05- relationship_file.csv,81,The Big -P.01-UP-20-April-26,,,,,,,,,,,,,,,,,,,,,,,,,,,,,E-SUB-B01-FOOT-1020,Submittal for RC Raft & Footings RFT DWGs (B01) (footing),"E-DR-1000, E-SUB-B01-FOOT-1030","E-DR-1000: SS 28, E-SUB-B01-FOOT-1030: SS 3","E-APP-B01-FOOT-1020, E-APP-B01-FOOT-1020",,,,,,
05- relationship_file,02-delay_analysis/unified_tia_csv/05- relationship_file.csv,82,The Big -P.01-UP-20-April-26,,,,,,,,,,,,,,,,,,,,,,,,,,,,,E-SUB-B03-BAS02-1000,Submittal for Col. & Walls Conc. Dim.  & RFT DWGs (B03) (Bas 02),E-DR-1000,E-DR-1000: FS,"E-APP-B03-BAS02-1000, E-APP-B03-BAS02-1000, E-SUB-B03-BAS02-1010",,,,,,
05- relationship_file,02-delay_analysis/unified_tia_csv/05- relationship_file.csv,83,The Big -P.01-UP-20-April-26,,,,,,,,,,,,,,,,,,,,,,,,,,,,,E-SUB-B03-BAS02-1030,Submittal for Slabs Conc. Dim.  & RFT DWGs (B03) (Bas 02),"E-DR-1000, E-SUB-B03-BAS02-1020","E-DR-1000: FS 10, E-SUB-B03-BAS02-1020: SS 3","E-APP-B03-BAS02-1030, E-APP-B03-BAS02-1030",,,,,,
05- relationship_file,02-delay_analysis/unified_tia_csv/05- relationship_file.csv,84,The Big -P.01-UP-20-April-26,,,,,,,,,,,,,,,,,,,,,,,,,,,,,E-SUB-B03-BAS02-1020,Submittal for Beams Conc. Dim.  & RFT DWGs (B03) (Bas 02),"E-DR-1000, E-SUB-B03-BAS02-1010","E-DR-1000: FS 7, E-SUB-B03-BAS02-1010: SS 3","E-APP-B03-BAS02-1020, E-APP-B03-BAS02-1020, E-SUB-B03-BAS02-1030",,,,,,
05- relationship_file,02-delay_analysis/unified_tia_csv/05- relationship_file.csv,85,The Big -P.01-UP-20-April-26,,,,,,,,,,,,,,,,,,,,,,,,,,,,,E-SUB-B03-BAS02-1010,Submittal for Stairs Conc. Dim.  & RFT DWGs (B03) (Bas 02),"E-DR-1000, E-SUB-B03-BAS02-1000","E-DR-1000: FS 3, E-SUB-B03-BAS02-1000: SS 3","E-APP-B03-BAS02-1010, E-APP-B03-BAS02-1010, E-SUB-B03-BAS02-1020",,,,,,
05- relationship_file,02-delay_analysis/unified_tia_csv/05- relationship_file.csv,86,The Big -P.01-UP-20-April-26,,,,,,,,,,,,,,,,,,,,,,,,,,,,,E-SUB-B04-BAS02-1000,Submittal for Col. & Walls Conc. Dim.  & RFT DWGs (B04) (Bas 02),E-DR-1000,E-DR-1000: FS,"E-APP-B04-BAS02-1000, E-APP-B04-BAS02-1000, E-SUB-B04-BAS02-1010",,,,,,
05- relationship_file,02-delay_analysis/unified_tia_csv/05- relationship_file.csv,87,The Big -P.01-UP-20-April-26,,,,,,,,,,,,,,,,,,,,,,,,,,,,,E-SUB-B04-BAS02-1040,Submittal for Slabs Conc. Dim.  & RFT DWGs (B04) (Bas 02),"E-DR-1000, E-SUB-B04-BAS02-1030","E-DR-1000: FS 14, E-SUB-B04-BAS02-1030: SS 3","E-APP-B04-BAS02-1040, E-APP-B04-BAS02-1040",,,,,,
05- relationship_file,02-delay_analysis/unified_tia_csv/05- relationship_file.csv,88,The Big -P.01-UP-20-April-26,,,,,,,,,,,,,,,,,,,,,,,,,,,,,E-SUB-B04-BAS02-1030,Submittal for Beams Conc. Dim.  & RFT DWGs (B04) (Bas 02),"E-DR-1000, E-SUB-B04-BAS02-1020","E-DR-1000: FS 10, E-SUB-B04-BAS02-1020: SS 3","E-APP-B04-BAS02-1030, E-APP-B04-BAS02-1030, E-SUB-B04-BAS02-1040",,,,,,
05- relationship_file,02-delay_analysis/unified_tia_csv/05- relationship_file.csv,89,The Big -P.01-UP-20-April-26,,,,,,,,,,,,,,,,,,,,,,,,,,,,,E-SUB-B04-BAS02-1010,Submittal for Stairs Conc. Dim.  & RFT DWGs (B04) (Bas 02),"E-DR-1000, E-SUB-B04-BAS02-1000","E-DR-1000: FS 3, E-SUB-B04-BAS02-1000: SS 3","E-APP-B04-BAS02-1010, E-APP-B04-BAS02-1010, E-SUB-B04-BAS02-1020",,,,,,
05- relationship_file,02-delay_analysis/unified_tia_csv/05- relationship_file.csv,90,The Big -P.01-UP-20-April-26,,,,,,,,,,,,,,,,,,,,,,,,,,,,,E-SUB-B04-BAS02-1020,Submittal for Ramps Conc. Dim.  & RFT DWGs (B04) (Bas 02),"E-DR-1000, E-SUB-B04-BAS02-1010","E-DR-1000: FS 7, E-SUB-B04-BAS02-1010: SS 3","E-APP-B04-BAS02-1020, E-APP-B04-BAS02-1020, E-SUB-B04-BAS02-1030",,,,,,
05- relationship_file,02-delay_analysis/unified_tia_csv/05- relationship_file.csv,91,The Big -P.01-UP-20-April-26,,,,,,,,,,,,,,,,,,,,,,,,,,,,,E-SUB-B02-BAS02-1000,Submittal for Col. & Walls Conc. Dim.& RFT DWGs (B02) (Bas 02),E-DR-1000,E-DR-1000: FS,"E-APP-B02-BAS02-1000, E-APP-B02-BAS02-1000, E-SUB-B02-BAS02-1010",,,,,,
05- relationship_file,02-delay_analysis/unified_tia_csv/05- relationship_file.csv,92,The Big -P.01-UP-20-April-26,,,,,,,,,,,,,,,,,,,,,,,,,,,,,E-SUB-B02-BAS02-1030,Submittal for Slabs Conc. Dim.& RFT DWGs (B02) (Bas 02),"E-DR-1000, E-SUB-B02-BAS02-1020","E-DR-1000: FS 10, E-SUB-B02-BAS02-1020: SS 3","E-APP-B02-BAS02-1030, E-APP-B02-BAS02-1030",,,,,,
05- relationship_file,02-delay_analysis/unified_tia_csv/05- relationship_file.csv,93,The Big -P.01-UP-20-April-26,,,,,,,,,,,,,,,,,,,,,,,,,,,,,E-SUB-B02-BAS02-1020,Submittal for Beams Conc. Dim.& RFT DWGs (B02) (Bas 02),"E-DR-1000, E-SUB-B02-BAS02-1010","E-DR-1000: FS 7, E-SUB-B02-BAS02-1010: SS 3","E-APP-B02-BAS02-1020, E-APP-B02-BAS02-1020, E-SUB-B02-BAS02-1030",,,,,,
05- relationship_file,02-delay_analysis/unified_tia_csv/05- relationship_file.csv,94,The Big -P.01-UP-20-April-26,,,,,,,,,,,,,,,,,,,,,,,,,,,,,E-SUB-B02-BAS02-1010,Submittal for Stairs Conc. Dim.& RFT DWGs (B02) (Bas 02),"E-DR-1000, E-SUB-B02-BAS02-1000","E-DR-1000: FS 3, E-SUB-B02-BAS02-1000: SS 3","E-APP-B02-BAS02-1010, E-APP-B02-BAS02-1010, E-SUB-B02-BAS02-1020",,,,,,
05- relationship_file,02-delay_analysis/unified_tia_csv/05- relationship_file.csv,95,The Big -P.01-UP-20-April-26,,,,,,,,,,,,,,,,,,,,,,,,,,,,,E-APP-B02-BAS02-1000,Approval for Col. & Walls Conc. Dim.  & RFT DWGs (B02) (Bas 02),"E-SUB-B02-BAS02-1000, E-SUB-B02-BAS02-1000","E-SUB-B02-BAS02-1000: SS 12, E-SUB-B02-BAS02-1000: FF 10","CON-B02-BAS02-1010, CON-B02-BAS02-1020",,,,,,
05- relationship_file,02-delay_analysis/unified_tia_csv/05- relationship_file.csv,96,The Big -P.01-UP-20-April-26,,,,,,,,,,,,,,,,,,,,,,,,,,,,,E-APP-B02-BAS02-1030,Approval for Slabs Conc. Dim.  & RFT DWGs (B02) (Bas 02),"E-SUB-B02-BAS02-1030, E-SUB-B02-BAS02-1030","E-SUB-B02-BAS02-1030: SS 12, E-SUB-B02-BAS02-1030: FF 10","CON-B02-BAS02-1040, CON-B02-BAS02-1060",,,,,,
05- relationship_file,02-delay_analysis/unified_tia_csv/05- relationship_file.csv,97,The Big -P.01-UP-20-April-26,,,,,,,,,,,,,,,,,,,,,,,,,,,,,E-APP-B02-BAS02-1020,Approval for Beams Conc. Dim.  & RFT DWGs (B02) (Bas 02),"E-SUB-B02-BAS02-1020, E-SUB-B02-BAS02-1020","E-SUB-B02-BAS02-1020: SS 12, E-SUB-B02-BAS02-1020: FF 10","CON-B02-BAS02-1040, CON-B02-BAS02-1060",,,,,,
05- relationship_file,02-delay_analysis/unified_tia_csv/05- relationship_file.csv,98,The Big -P.01-UP-20-April-26,,,,,,,,,,,,,,,,,,,,,,,,,,,,,E-APP-B02-BAS02-1010,Approval for Stairs Conc. Dim.  & RFT DWGs (B02) (Bas 02),"E-SUB-B02-BAS02-1010, E-SUB-B02-BAS02-1010","E-SUB-B02-BAS02-1010: SS 12, E-SUB-B02-BAS02-1010: FF 10","CON-B02-BAS02-1050, CON-B02-BAS02-1070",,,,,,
05- relationship_file,02-delay_analysis/unified_tia_csv/05- relationship_file.csv,99,The Big -P.01-UP-20-April-26,,,,,,,,,,,,,,,,,,,,,,,,,,,,,E-APP-B01-BAS02-1000,Approval for Col. & Walls Conc. Dim.  & RFT DWGs (B01) (Bas 02),"E-SUB-B01-BAS02-1000, E-SUB-B01-BAS02-1000","E-SUB-B01-BAS02-1000: SS 12, E-SUB-B01-BAS02-1000: FF 10","CON-B01-BAS02-1010, CON-B01-BAS02-1020",,,,,,
05- relationship_file,02-delay_analysis/unified_tia_csv/05- relationship_file.csv,100,The Big -P.01-UP-20-April-26,,,,,,,,,,,,,,,,,,,,,,,,,,,,,E-APP-B01-BAS02-1040,Approval for Slabs Conc. Dim.  & RFT DWGs (B01) (Bas 02),"E-SUB-B01-BAS02-1040, E-SUB-B01-BAS02-1040","E-SUB-B01-BAS02-1040: SS 12, E-SUB-B01-BAS02-1040: FF 10","CON-B01-BAS02-1040, CON-B01-BAS02-1070",,,,,,
05- relationship_file,02-delay_analysis/unified_tia_csv/05- relationship_file.csv,101,The Big -P.01-UP-20-April-26,,,,,,,,,,,,,,,,,,,,,,,,,,,,,E-APP-B01-BAS02-1030,Approval for Beams Conc. Dim.  & RFT DWGs (B01) (Bas 02),"E-SUB-B01-BAS02-1030, E-SUB-B01-BAS02-1030","E-SUB-B01-BAS02-1030: SS 12, E-SUB-B01-BAS02-1030: FF 10","CON-B01-BAS02-1040, CON-B01-BAS02-1070",,,,,,
05- relationship_file,02-delay_analysis/unified_tia_csv/05- relationship_file.csv,102,The Big -P.01-UP-20-April-26,,,,,,,,,,,,,,,,,,,,,,,,,,,,,E-APP-B01-BAS02-1010,Approval for Stairs Conc. Dim.  & RFT DWGs (B01) (Bas 02),"E-SUB-B01-BAS02-1010, E-SUB-B01-BAS02-1010","E-SUB-B01-BAS02-1010: SS 12, E-SUB-B01-BAS02-1010: FF 10","CON-B01-BAS02-1050, CON-B01-BAS02-1080",,,,,,
05- relationship_file,02-delay_analysis/unified_tia_csv/05- relationship_file.csv,103,The Big -P.01-UP-20-April-26,,,,,,,,,,,,,,,,,,,,,,,,,,,,,E-APP-B01-BAS02-1020,Approval for Ramps Conc. Dim.  & RFT DWGs (B01) (Bas 02),"E-SUB-B01-BAS02-1020, E-SUB-B01-BAS02-1020","E-SUB-B01-BAS02-1020: SS 12, E-SUB-B01-BAS02-1020: FF 10","CON-B01-BAS02-1060, CON-B01-BAS02-1090",,,,,,
05- relationship_file,02-delay_analysis/unified_tia_csv/05- relationship_file.csv,104,The Big -P.01-UP-20-April-26,,,,,,,,,,,,,,,,,,,,,,,,,,,,,E-APP-B03-BAS02-1000,Approval for Col. & Walls Conc. Dim.  & RFT DWGs  (B03) (Bas 02),"E-SUB-B03-BAS02-1000, E-SUB-B03-BAS02-1000","E-SUB-B03-BAS02-1000: SS 12, E-SUB-B03-BAS02-1000: FF 10","CON-B03-BAS02-1010, CON-B03-BAS02-1020",,,,,,
05- relationship_file,02-delay_analysis/unified_tia_csv/05- relationship_file.csv,105,The Big -P.01-UP-20-April-26,,,,,,,,,,,,,,,,,,,,,,,,,,,,,E-APP-B03-BAS02-1030,Approval for Slabs Conc. Dim.  & RFT DWGs  (B03) (Bas 02),"E-SUB-B03-BAS02-1030, E-SUB-B03-BAS02-1030","E-SUB-B03-BAS02-1030: SS 12, E-SUB-B03-BAS02-1030: FF 10","CON-B03-BAS02-1040, CON-B03-BAS02-1060",,,,,,
05- relationship_file,02-delay_analysis/unified_tia_csv/05- relationship_file.csv,106,The Big -P.01-UP-20-April-26,,,,,,,,,,,,,,,,,,,,,,,,,,,,,E-APP-B03-BAS02-1020,Approval for Beams Conc. Dim.  & RFT DWGs  (B03) (Bas 02),"E-SUB-B03-BAS02-1020, E-SUB-B03-BAS02-1020","E-SUB-B03-BAS02-1020: SS 12, E-SUB-B03-BAS02-1020: FF 10","CON-B03-BAS02-1040, CON-B03-BAS02-1060",,,,,,
05- relationship_file,02-delay_analysis/unified_tia_csv/05- relationship_file.csv,107,The Big -P.01-UP-20-April-26,,,,,,,,,,,,,,,,,,,,,,,,,,,,,E-APP-B03-BAS02-1010,Approval for Stairs Conc. Dim.  & RFT DWGs  (B03) (Bas 02),"E-SUB-B03-BAS02-1010, E-SUB-B03-BAS02-1010","E-SUB-B03-BAS02-1010: SS 12, E-SUB-B03-BAS02-1010: FF 10","CON-B03-BAS02-1050, CON-B03-BAS02-1070",,,,,,
05- relationship_file,02-delay_analysis/unified_tia_csv/05- relationship_file.csv,108,The Big -P.01-UP-20-April-26,,,,,,,,,,,,,,,,,,,,,,,,,,,,,E-APP-B04-BAS02-1000,Approval for Col. & Walls Conc. Dim.  & RFT DWGs (B04) (Bas 02),"E-SUB-B04-BAS02-1000, E-SUB-B04-BAS02-1000","E-SUB-B04-BAS02-1000: SS 12, E-SUB-B04-BAS02-1000: FF 10","CON-B04-BAS02-1010, CON-B04-BAS02-1020",,,,,,
05- relationship_file,02-delay_analysis/unified_tia_csv/05- relationship_file.csv,109,The Big -P.01-UP-20-April-26,,,,,,,,,,,,,,,,,,,,,,,,,,,,,E-APP-B04-BAS02-1040,Approval for Slabs Conc. Dim.  & RFT DWGs (B04) (Bas 02),"E-SUB-B04-BAS02-1040, E-SUB-B04-BAS02-1040","E-SUB-B04-BAS02-1040: SS 12, E-SUB-B04-BAS02-1040: FF 10","CON-B04-BAS02-1040, CON-B04-BAS02-1060",,,,,,
05- relationship_file,02-delay_analysis/unified_tia_csv/05- relationship_file.csv,110,The Big -P.01-UP-20-April-26,,,,,,,,,,,,,,,,,,,,,,,,,,,,,E-APP-B04-BAS02-1030,Approval for Beams Conc. Dim.  & RFT DWGs (B04) (Bas 02),"E-SUB-B04-BAS02-1030, E-SUB-B04-BAS02-1030","E-SUB-B04-BAS02-1030: SS 12, E-SUB-B04-BAS02-1030: FF 10","CON-B04-BAS02-1040, CON-B04-BAS02-1060",,,,,,
05- relationship_file,02-delay_analysis/unified_tia_csv/05- relationship_file.csv,111,The Big -P.01-UP-20-April-26,,,,,,,,,,,,,,,,,,,,,,,,,,,,,E-APP-B04-BAS02-1010,Approval for Stairs Conc. Dim.  & RFT DWGs (B04) (Bas 02),"E-SUB-B04-BAS02-1010, E-SUB-B04-BAS02-1010","E-SUB-B04-BAS02-1010: SS 12, E-SUB-B04-BAS02-1010: FF 10","CON-B04-BAS02-1050, CON-B04-BAS02-1080",,,,,,
05- relationship_file,02-delay_analysis/unified_tia_csv/05- relationship_file.csv,112,The Big -P.01-UP-20-April-26,,,,,,,,,,,,,,,,,,,,,,,,,,,,,E-APP-B04-BAS02-1020,Approval for Ramps Conc. Dim.  & RFT DWGs (B04) (Bas 02),"E-SUB-B04-BAS02-1020, E-SUB-B04-BAS02-1020","E-SUB-B04-BAS02-1020: SS 12, E-SUB-B04-BAS02-1020: FF 10","CON-B04-BAS02-1050, CON-B04-BAS02-1090",,,,,,
05- relationship_file,02-delay_analysis/unified_tia_csv/05- relationship_file.csv,113,The Big -P.01-UP-20-April-26,,,,,,,,,,,,,,,,,,,,,,,,,,,,,AB-SUB-B01-FOOT-1030,Submittal for RC Raft & Footings RFT DWGs As-Built Drawing (B01) (footing),CON-B01-FOOT-1090,CON-B01-FOOT-1090: FS,"AB-APP-B01-FOOT-1030, AB-APP-B01-FOOT-1030",,,,,,
05- relationship_file,02-delay_analysis/unified_tia_csv/05- relationship_file.csv,114,The Big -P.01-UP-20-April-26,,,,,,,,,,,,,,,,,,,,,,,,,,,,,AB-SUB-B03-BAS2-1000,Submittal for Col. & Walls Conc. Dim.  & RFT DWGs As-Built Drawing (B03) (Bas 02),CON-B03-BAS02-1030,CON-B03-BAS02-1030: FS,"AB-APP-B03-BAS2-1000, AB-APP-B03-BAS2-1000",,,,,,
05- relationship_file,02-delay_analysis/unified_tia_csv/05- relationship_file.csv,115,The Big -P.01-UP-20-April-26,,,,,,,,,,,,,,,,,,,,,,,,,,,,,AB-SUB-B03-BAS2-1020,Submittal for Slabs Conc. Dim.  & RFT DWGs As-Built Drawing (B03) (Bas 02),CON-B03-BAS02-1100,CON-B03-BAS02-1100: FS,"AB-APP-B03-BAS2-1020, AB-APP-B03-BAS2-1020",,,,,,
05- relationship_file,02-delay_analysis/unified_tia_csv/05- relationship_file.csv,116,The Big -P.01-UP-20-April-26,,,,,,,,,,,,,,,,,,,,,,,,,,,,,AB-SUB-B03-BAS2-1030,Submittal for Beams Conc. Dim.  & RFT DWGs As-Built Drawing (B03) (Bas 02),CON-B03-BAS02-1100,CON-B03-BAS02-1100: FS,"AB-APP-B03-BAS2-1030, AB-APP-B03-BAS2-1030",,,,,,
05- relationship_file,02-delay_analysis/unified_tia_csv/05- relationship_file.csv,117,The Big -P.01-UP-20-April-26,,,,,,,,,,,,,,,,,,,,,,,,,,,,,AB-SUB-B03-BAS2-1010,Submittal for Stairs Conc. Dim.  & RFT DWGs As-Built Drawing (B03) (Bas 02),CON-B03-BAS02-1080,CON-B03-BAS02-1080: FS,"AB-APP-B03-BAS2-1010, AB-APP-B03-BAS2-1010",,,,,,
05- relationship_file,02-delay_analysis/unified_tia_csv/05- relationship_file.csv,118,The Big -P.01-UP-20-April-26,,,,,,,,,,,,,,,,,,,,,,,,,,,,,AB-SUB-B04-BAS2-1000,Submittal for Col. & Walls Conc. Dim.  & RFT DWGs As-Built Drawing (B04) (Bas 02),CON-B04-BAS02-1010,CON-B04-BAS02-1010: FS,"AB-APP-B04-BAS2-1000, AB-APP-B04-BAS2-1000",,,,,,
05- relationship_file,02-delay_analysis/unified_tia_csv/05- relationship_file.csv,119,The Big -P.01-UP-20-April-26,,,,,,,,,,,,,,,,,,,,,,,,,,,,,AB-SUB-B04-BAS2-1030,Submittal for Slabs Conc. Dim.  & RFT DWGs As-Built Drawing (B04) (Bas 02),CON-B04-BAS02-1130,CON-B04-BAS02-1130: FS,"AB-APP-B04-BAS2-1030, AB-APP-B04-BAS2-1030",,,,,,
05- relationship_file,02-delay_analysis/unified_tia_csv/05- relationship_file.csv,120,The Big -P.01-UP-20-April-26,,,,,,,,,,,,,,,,,,,,,,,,,,,,,AB-SUB-B04-BAS2-1040,Submittal for Beams Conc. Dim.  & RFT DWGs As-Built Drawing (B04) (Bas 02),CON-B04-BAS02-1130,CON-B04-BAS02-1130: FS,"AB-APP-B04-BAS2-1040, AB-APP-B04-BAS2-1040",,,,,,
05- relationship_file,02-delay_analysis/unified_tia_csv/05- relationship_file.csv,121,The Big -P.01-UP-20-April-26,,,,,,,,,,,,,,,,,,,,,,,,,,,,,AB-SUB-B04-BAS2-1010,Submittal for Stairs Conc. Dim.  & RFT DWGs As-Built Drawing (B04) (Bas 02),CON-B04-BAS02-1100,CON-B04-BAS02-1100: FS,"AB-APP-B04-BAS2-1010, AB-APP-B04-BAS2-1010",,,,,,
05- relationship_file,02-delay_analysis/unified_tia_csv/05- relationship_file.csv,122,The Big -P.01-UP-20-April-26,,,,,,,,,,,,,,,,,,,,,,,,,,,,,AB-SUB-B04-BAS2-1020,Submittal for Ramps Conc. Dim.  & RFT DWGs As-Built Drawing (B04) (Bas 02),CON-B04-BAS02-1110,CON-B04-BAS02-1110: FS,"AB-APP-B04-BAS2-1020, AB-APP-B04-BAS2-1020",,,,,,
05- relationship_file,02-delay_analysis/unified_tia_csv/05- relationship_file.csv,123,The Big -P.01-UP-20-April-26,,,,,,,,,,,,,,,,,,,,,,,,,,,,,AB-SUB-B02-BAS2-1000,Submittal for Col. & Walls Conc. Dim.& RFT DWGs As-Built Drawing (B02) (Bas 02),CON-B02-BAS02-1030,CON-B02-BAS02-1030: FS,"AB-APP-B02-BAS2-1000, AB-APP-B02-BAS2-1000",,,,,,
05- relationship_file,02-delay_analysis/unified_tia_csv/05- relationship_file.csv,124,The Big -P.01-UP-20-April-26,,,,,,,,,,,,,,,,,,,,,,,,,,,,,AB-SUB-B02-BAS2-1020,Submittal for Slabs Conc. Dim.& RFT DWGs As-Built Drawing (B02) (Bas 02),CON-B02-BAS02-1100,CON-B02-BAS02-1100: FS,"AB-APP-B02-BAS2-1020, AB-APP-B02-BAS2-1020",,,,,,
05- relationship_file,02-delay_analysis/unified_tia_csv/05- relationship_file.csv,125,The Big -P.01-UP-20-April-26,,,,,,,,,,,,,,,,,,,,,,,,,,,,,AB-SUB-B02-BAS2-1030,Submittal for Beams Conc. Dim.& RFT DWGs As-Built Drawing (B02) (Bas 02),CON-B02-BAS02-1100,CON-B02-BAS02-1100: FS,"AB-APP-B02-BAS2-1030, AB-APP-B02-BAS2-1030",,,,,,
05- relationship_file,02-delay_analysis/unified_tia_csv/05- relationship_file.csv,126,The Big -P.01-UP-20-April-26,,,,,,,,,,,,,,,,,,,,,,,,,,,,,AB-SUB-B02-BAS2-1010,Submittal for Stairs Conc. Dim.& RFT DWGs As-Built Drawing (B02) (Bas 02),CON-B02-BAS02-1070,CON-B02-BAS02-1070: FS,"AB-APP-B02-BAS2-1010, AB-APP-B02-BAS2-1010",,,,,,
05- relationship_file,02-delay_analysis/unified_tia_csv/05- relationship_file.csv,127,The Big -P.01-UP-20-April-26,,,,,,,,,,,,,,,,,,,,,,,,,,,,,AB-APP-B02-BAS2-1000,Approval for Col. & Walls Conc. Dim.  & RFT DWGs As-Built Drawing (B02) (Bas 02),"AB-SUB-B02-BAS2-1000, AB-SUB-B02-BAS2-1000","AB-SUB-B02-BAS2-1000: SS 12, AB-SUB-B02-BAS2-1000: FF 6",HO-1050,,,,,,
05- relationship_file,02-delay_analysis/unified_tia_csv/05- relationship_file.csv,128,The Big -P.01-UP-20-April-26,,,,,,,,,,,,,,,,,,,,,,,,,,,,,AB-APP-B02-BAS2-1020,Approval for Slabs Conc. Dim.  & RFT DWGs As-Built Drawing (B02) (Bas 02),"AB-SUB-B02-BAS2-1020, AB-SUB-B02-BAS2-1020","AB-SUB-B02-BAS2-1020: SS 12, AB-SUB-B02-BAS2-1020: FF 6",HO-1050,,,,,,
05- relationship_file,02-delay_analysis/unified_tia_csv/05- relationship_file.csv,129,The Big -P.01-UP-20-April-26,,,,,,,,,,,,,,,,,,,,,,,,,,,,,AB-APP-B02-BAS2-1030,Approval for Beams Conc. Dim.  & RFT DWGs As-Built Drawing (B02) (Bas 02),"AB-SUB-B02-BAS2-1030, AB-SUB-B02-BAS2-1030","AB-SUB-B02-BAS2-1030: SS 12, AB-SUB-B02-BAS2-1030: FF 6",HO-1050,,,,,,
05- relationship_file,02-delay_analysis/unified_tia_csv/05- relationship_file.csv,130,The Big -P.01-UP-20-April-26,,,,,,,,,,,,,,,,,,,,,,,,,,,,,AB-APP-B02-BAS2-1010,Approval for Stairs Conc. Dim.  & RFT DWGs As-Built Drawing (B02) (Bas 02),"AB-SUB-B02-BAS2-1010, AB-SUB-B02-BAS2-1010","AB-SUB-B02-BAS2-1010: SS 12, AB-SUB-B02-BAS2-1010: FF 6",HO-1050,,,,,,
05- relationship_file,02-delay_analysis/unified_tia_csv/05- relationship_file.csv,131,The Big -P.01-UP-20-April-26,,,,,,,,,,,,,,,,,,,,,,,,,,,,,AB-APP-B01-BAS2-1000,Approval for Col. & Walls Conc. Dim.  & RFT DWGs As-Built Drawing (B01) (Bas 02),"AB-SUB-B01-BAS2-1000, AB-SUB-B01-BAS2-1000","AB-SUB-B01-BAS2-1000: SS 12, AB-SUB-B01-BAS2-1000: FF 6",HO-1050,,,,,,
05- relationship_file,02-delay_analysis/unified_tia_csv/05- relationship_file.csv,132,The Big -P.01-UP-20-April-26,,,,,,,,,,,,,,,,,,,,,,,,,,,,,AB-APP-B01-BAS2-1030,Approval for Slabs Conc. Dim.  & RFT DWGs As-Built Drawing (B01) (Bas 02),"AB-SUB-B01-BAS2-1030, AB-SUB-B01-BAS2-1030","AB-SUB-B01-BAS2-1030: SS 12, AB-SUB-B01-BAS2-1030: FF 6",HO-1050,,,,,,
05- relationship_file,02-delay_analysis/unified_tia_csv/05- relationship_file.csv,133,The Big -P.01-UP-20-April-26,,,,,,,,,,,,,,,,,,,,,,,,,,,,,AB-APP-B01-BAS2-1040,Approval for Beams Conc. Dim.  & RFT DWGs As-Built Drawing (B01) (Bas 02),"AB-SUB-B01-BAS2-1040, AB-SUB-B01-BAS2-1040","AB-SUB-B01-BAS2-1040: SS 12, AB-SUB-B01-BAS2-1040: FF 6",HO-1050,,,,,,
05- relationship_file,02-delay_analysis/unified_tia_csv/05- relationship_file.csv,134,The Big -P.01-UP-20-April-26,,,,,,,,,,,,,,,,,,,,,,,,,,,,,AB-APP-B01-BAS2-1010,Approval for Stairs Conc. Dim.  & RFT DWGs As-Built Drawing (B01) (Bas 02),"AB-SUB-B01-BAS2-1010, AB-SUB-B01-BAS2-1010","AB-SUB-B01-BAS2-1010: SS 12, AB-SUB-B01-BAS2-1010: FF 6",HO-1050,,,,,,
05- relationship_file,02-delay_analysis/unified_tia_csv/05- relationship_file.csv,135,The Big -P.01-UP-20-April-26,,,,,,,,,,,,,,,,,,,,,,,,,,,,,AB-APP-B01-BAS2-1020,Approval for Ramps Conc. Dim.  & RFT DWGs As-Built Drawing (B01) (Bas 02),"AB-SUB-B01-BAS2-1020, AB-SUB-B01-BAS2-1020","AB-SUB-B01-BAS2-1020: SS 12, AB-SUB-B01-BAS2-1020: FF 6",HO-1050,,,,,,
05- relationship_file,02-delay_analysis/unified_tia_csv/05- relationship_file.csv,136,The Big -P.01-UP-20-April-26,,,,,,,,,,,,,,,,,,,,,,,,,,,,,AB-APP-B03-BAS2-1000,Approval for Col. & Walls Conc. Dim.  & RFT DWGs As-Built Drawing  (B03) (Bas 02),"AB-SUB-B03-BAS2-1000, AB-SUB-B03-BAS2-1000","AB-SUB-B03-BAS2-1000: SS 12, AB-SUB-B03-BAS2-1000: FF 6",HO-1050,,,,,,
05- relationship_file,02-delay_analysis/unified_tia_csv/05- relationship_file.csv,137,The Big -P.01-UP-20-April-26,,,,,,,,,,,,,,,,,,,,,,,,,,,,,AB-APP-B03-BAS2-1020,Approval for Slabs Conc. Dim.  & RFT DWGs As-Built Drawing  (B03) (Bas 02),"AB-SUB-B03-BAS2-1020, AB-SUB-B03-BAS2-1020","AB-SUB-B03-BAS2-1020: SS 12, AB-SUB-B03-BAS2-1020: FF 6",HO-1050,,,,,,
05- relationship_file,02-delay_analysis/unified_tia_csv/05- relationship_file.csv,138,The Big -P.01-UP-20-April-26,,,,,,,,,,,,,,,,,,,,,,,,,,,,,AB-APP-B03-BAS2-1030,Approval for Beams Conc. Dim.  & RFT DWGs As-Built Drawing  (B03) (Bas 02),"AB-SUB-B03-BAS2-1030, AB-SUB-B03-BAS2-1030","AB-SUB-B03-BAS2-1030: SS 12, AB-SUB-B03-BAS2-1030: FF 6",HO-1050,,,,,,
05- relationship_file,02-delay_analysis/unified_tia_csv/05- relationship_file.csv,139,The Big -P.01-UP-20-April-26,,,,,,,,,,,,,,,,,,,,,,,,,,,,,AB-APP-B03-BAS2-1010,Approval for Stairs Conc. Dim.  & RFT DWGs As-Built Drawing  (B03) (Bas 02),"AB-SUB-B03-BAS2-1010, AB-SUB-B03-BAS2-1010","AB-SUB-B03-BAS2-1010: SS 12, AB-SUB-B03-BAS2-1010: FF 6",HO-1050,,,,,,
05- relationship_file,02-delay_analysis/unified_tia_csv/05- relationship_file.csv,140,The Big -P.01-UP-20-April-26,,,,,,,,,,,,,,,,,,,,,,,,,,,,,AB-APP-B04-BAS2-1000,Approval for Col. & Walls Conc. Dim.  & RFT DWGs As-Built Drawing (B04) (Bas 02),"AB-SUB-B04-BAS2-1000, AB-SUB-B04-BAS2-1000","AB-SUB-B04-BAS2-1000: SS 12, AB-SUB-B04-BAS2-1000: FF 6",HO-1050,,,,,,
05- relationship_file,02-delay_analysis/unified_tia_csv/05- relationship_file.csv,141,The Big -P.01-UP-20-April-26,,,,,,,,,,,,,,,,,,,,,,,,,,,,,AB-APP-B04-BAS2-1030,Approval for Slabs Conc. Dim.  & RFT DWGs As-Built Drawing (B04) (Bas 02),"AB-SUB-B04-BAS2-1030, AB-SUB-B04-BAS2-1030","AB-SUB-B04-BAS2-1030: SS 12, AB-SUB-B04-BAS2-1030: FF 6",HO-1050,,,,,,
05- relationship_file,02-delay_analysis/unified_tia_csv/05- relationship_file.csv,142,The Big -P.01-UP-20-April-26,,,,,,,,,,,,,,,,,,,,,,,,,,,,,AB-APP-B04-BAS2-1040,Approval for Beams Conc. Dim.  & RFT DWGs As-Built Drawing (B04) (Bas 02),"AB-SUB-B04-BAS2-1040, AB-SUB-B04-BAS2-1040","AB-SUB-B04-BAS2-1040: SS 12, AB-SUB-B04-BAS2-1040: FF 6",HO-1050,,,,,,
05- relationship_file,02-delay_analysis/unified_tia_csv/05- relationship_file.csv,143,The Big -P.01-UP-20-April-26,,,,,,,,,,,,,,,,,,,,,,,,,,,,,AB-APP-B04-BAS2-1010,Approval for Stairs Conc. Dim.  & RFT DWGs As-Built Drawing (B04) (Bas 02),"AB-SUB-B04-BAS2-1010, AB-SUB-B04-BAS2-1010","AB-SUB-B04-BAS2-1010: SS 12, AB-SUB-B04-BAS2-1010: FF 6",HO-1050,,,,,,
05- relationship_file,02-delay_analysis/unified_tia_csv/05- relationship_file.csv,144,The Big -P.01-UP-20-April-26,,,,,,,,,,,,,,,,,,,,,,,,,,,,,AB-APP-B04-BAS2-1020,Approval for Ramps Conc. Dim.  & RFT DWGs As-Built Drawing (B04) (Bas 02),"AB-SUB-B04-BAS2-1020, AB-SUB-B04-BAS2-1020","AB-SUB-B04-BAS2-1020: SS 12, AB-SUB-B04-BAS2-1020: FF 6",HO-1050,,,,,,
05- relationship_file,02-delay_analysis/unified_tia_csv/05- relationship_file.csv,145,The Big -P.01-UP-20-April-26,,,,,,,,,,,,,,,,,,,,,,,,,,,,,E-SUB-B03-BAS01-1000,Submittal for Col. & Walls Conc. Dim.  & RFT DWGs (B03) (Bas 01),E-DR-1000,E-DR-1000: FS 10,"E-APP-B03-BAS01-1000, E-APP-B03-BAS01-1000, E-SUB-B03-BAS01-1010",,,,,,
05- relationship_file,02-delay_analysis/unified_tia_csv/05- relationship_file.csv,146,The Big -P.01-UP-20-April-26,,,,,,,,,,,,,,,,,,,,,,,,,,,,,E-SUB-B03-BAS01-1030,Submittal for Slabs Conc. Dim.  & RFT DWGs (B03) (Bas 01),"E-DR-1000, E-SUB-B03-BAS01-1020","E-DR-1000: FS 21, E-SUB-B03-BAS01-1020: SS 3","E-APP-B03-BAS01-1030, E-APP-B03-BAS01-1030",,,,,,
05- relationship_file,02-delay_analysis/unified_tia_csv/05- relationship_file.csv,147,The Big -P.01-UP-20-April-26,,,,,,,,,,,,,,,,,,,,,,,,,,,,,E-SUB-B03-BAS01-1020,Submittal for Beams Conc. Dim.  & RFT DWGs (B03) (Bas 01),"E-DR-1000, E-SUB-B03-BAS01-1010","E-DR-1000: FS 17, E-SUB-B03-BAS01-1010: SS 3","E-APP-B03-BAS01-1020, E-APP-B03-BAS01-1020, E-SUB-B03-BAS01-1030",,,,,,
05- relationship_file,02-delay_analysis/unified_tia_csv/05- relationship_file.csv,148,The Big -P.01-UP-20-April-26,,,,,,,,,,,,,,,,,,,,,,,,,,,,,E-SUB-B03-BAS01-1010,Submittal for Stairs Conc. Dim.  & RFT DWGs (B03) (Bas 01),"E-DR-1000, E-SUB-B03-BAS01-1000","E-DR-1000: FS 14, E-SUB-B03-BAS01-1000: SS 3","E-APP-B03-BAS01-1010, E-APP-B03-BAS01-1010, E-SUB-B03-BAS01-1020",,,,,,
05- relationship_file,02-delay_analysis/unified_tia_csv/05- relationship_file.csv,149,The Big -P.01-UP-20-April-26,,,,,,,,,,,,,,,,,,,,,,,,,,,,,E-SUB-B02-BAS01-1000,Submittal for Col. & Walls Conc. Dim.  & RFT DWGs (B02) (Bas 01),E-DR-1000,E-DR-1000: FS 10,"E-APP-B02-BAS01-1000, E-APP-B02-BAS01-1000, E-SUB-B02-BAS01-1010",,,,,,
05- relationship_file,02-delay_analysis/unified_tia_csv/05- relationship_file.csv,150,The Big -P.01-UP-20-April-26,,,,,,,,,,,,,,,,,,,,,,,,,,,,,E-SUB-B02-BAS01-1030,Submittal for Slabs Conc. Dim.  & RFT DWGs (B02) (Bas 01),"E-DR-1000, E-SUB-B02-BAS01-1020","E-DR-1000: FS 21, E-SUB-B02-BAS01-1020: SS 3","E-APP-B02-BAS01-1030, E-APP-B02-BAS01-1030",,,,,,
05- relationship_file,02-delay_analysis/unified_tia_csv/05- relationship_file.csv,151,The Big -P.01-UP-20-April-26,,,,,,,,,,,,,,,,,,,,,,,,,,,,,E-SUB-B02-BAS01-1020,Submittal for Beams Conc. Dim.  & RFT DWGs (B02) (Bas 01),"E-DR-1000, E-SUB-B02-BAS01-1010","E-DR-1000: FS 17, E-SUB-B02-BAS01-1010: SS 3","E-APP-B02-BAS01-1020, E-APP-B02-BAS01-1020, E-SUB-B02-BAS01-1030",,,,,,
05- relationship_file,02-delay_analysis/unified_tia_csv/05- relationship_file.csv,152,The Big -P.01-UP-20-April-26,,,,,,,,,,,,,,,,,,,,,,,,,,,,,E-SUB-B02-BAS01-1010,Submittal for Stairs Conc. Dim.  & RFT DWGs (B02) (Bas 01),"E-DR-1000, E-SUB-B02-BAS01-1000","E-DR-1000: FS 14, E-SUB-B02-BAS01-1000: SS 3","E-APP-B02-BAS01-1010, E-APP-B02-BAS01-1010, E-SUB-B02-BAS01-1020",,,,,,
05- relationship_file,02-delay_analysis/unified_tia_csv/05- relationship_file.csv,153,The Big -P.01-UP-20-April-26,,,,,,,,,,,,,,,,,,,,,,,,,,,,,E-SUB-B04-BAS01-1000,Submittal for Col. & Walls Conc. Dim.  & RFT DWGs (B04) (Bas 01),E-DR-1000,E-DR-1000: FS 20,"E-APP-B04-BAS01-1000, E-APP-B04-BAS01-1000, E-SUB-B04-BAS01-1010",,,,,,
05- relationship_file,02-delay_analysis/unified_tia_csv/05- relationship_file.csv,154,The Big -P.01-UP-20-April-26,,,,,,,,,,,,,,,,,,,,,,,,,,,,,E-SUB-B04-BAS01-1040,Submittal for Slabs Conc. Dim.  & RFT DWGs (B04) (Bas 01),"E-DR-1000, E-SUB-B04-BAS01-1030","E-DR-1000: FS 34, E-SUB-B04-BAS01-1030: SS 3","E-APP-B04-BAS01-1040, E-APP-B04-BAS01-1040",,,,,,
05- relationship_file,02-delay_analysis/unified_tia_csv/05- relationship_file.csv,155,The Big -P.01-UP-20-April-26,,,,,,,,,,,,,,,,,,,,,,,,,,,,,E-SUB-B04-BAS01-1030,Submittal for Beams Conc. Dim.  & RFT DWGs (B04) (Bas 01),"E-DR-1000, E-SUB-B04-BAS01-1020","E-DR-1000: FS 30, E-SUB-B04-BAS01-1020: SS 3","E-APP-B04-BAS01-1030, E-APP-B04-BAS01-1030, E-SUB-B04-BAS01-1040",,,,,,
05- relationship_file,02-delay_analysis/unified_tia_csv/05- relationship_file.csv,156,The Big -P.01-UP-20-April-26,,,,,,,,,,,,,,,,,,,,,,,,,,,,,E-SUB-B04-BAS01-1010,Submittal for Stairs Conc. Dim.  & RFT DWGs (B04) (Bas 01),"E-DR-1000, E-SUB-B04-BAS01-1000","E-DR-1000: FS 23, E-SUB-B04-BAS01-1000: SS 3","E-APP-B04-BAS01-1010, E-APP-B04-BAS01-1010, E-SUB-B04-BAS01-1020",,,,,,
05- relationship_file,02-delay_analysis/unified_tia_csv/05- relationship_file.csv,157,The Big -P.01-UP-20-April-26,,,,,,,,,,,,,,,,,,,,,,,,,,,,,E-SUB-B04-BAS01-1020,Submittal for Ramps Conc. Dim.  & RFT DWGs (B04) (Bas 01),"E-DR-1000, E-SUB-B04-BAS01-1010","E-DR-1000: FS 27, E-SUB-B04-BAS01-1010: SS 3","E-APP-B04-BAS01-1020, E-APP-B04-BAS01-1020, E-SUB-B04-BAS01-1030",,,,,,
05- relationship_file,02-delay_analysis/unified_tia_csv/05- relationship_file.csv,158,The Big -P.01-UP-20-April-26,,,,,,,,,,,,,,,,,,,,,,,,,,,,,E-APP-B02-BAS01-1000,Approval for Col. & Walls Conc. Dim.  & RFT DWGs (B02) (Bas 01),"E-SUB-B02-BAS01-1000, E-SUB-B02-BAS01-1000","E-SUB-B02-BAS01-1000: SS 12, E-SUB-B02-BAS01-1000: FF 10","CON-B02-BAS01-1010, CON-B02-BAS01-1020",,,,,,
05- relationship_file,02-delay_analysis/unified_tia_csv/05- relationship_file.csv,159,The Big -P.01-UP-20-April-26,,,,,,,,,,,,,,,,,,,,,,,,,,,,,E-APP-B02-BAS01-1030,Approval for Slabs Conc. Dim.  & RFT DWGs (B02) (Bas 01),"E-SUB-B02-BAS01-1030, E-SUB-B02-BAS01-1030","E-SUB-B02-BAS01-1030: SS 12, E-SUB-B02-BAS01-1030: FF 10","CON-B02-BAS01-1040, CON-B02-BAS01-1060",,,,,,
05- relationship_file,02-delay_analysis/unified_tia_csv/05- relationship_file.csv,160,The Big -P.01-UP-20-April-26,,,,,,,,,,,,,,,,,,,,,,,,,,,,,E-APP-B02-BAS01-1020,Approval for Beams Conc. Dim.  & RFT DWGs (B02) (Bas 01),"E-SUB-B02-BAS01-1020, E-SUB-B02-BAS01-1020","E-SUB-B02-BAS01-1020: SS 12, E-SUB-B02-BAS01-1020: FF 10","CON-B02-BAS01-1040, CON-B02-BAS01-1060",,,,,,
05- relationship_file,02-delay_analysis/unified_tia_csv/05- relationship_file.csv,161,The Big -P.01-UP-20-April-26,,,,,,,,,,,,,,,,,,,,,,,,,,,,,E-APP-B02-BAS01-1010,Approval for Stairs Conc. Dim.  & RFT DWGs (B02) (Bas 01),"E-SUB-B02-BAS01-1010, E-SUB-B02-BAS01-1010","E-SUB-B02-BAS01-1010: SS 12, E-SUB-B02-BAS01-1010: FF 10","CON-B02-BAS01-1050, CON-B02-BAS01-1070",,,,,,
05- relationship_file,02-delay_analysis/unified_tia_csv/05- relationship_file.csv,162,The Big -P.01-UP-20-April-26,,,,,,,,,,,,,,,,,,,,,,,,,,,,,E-APP-B01-BAS01-1000,Approval for Col. & Walls Conc. Dim.  & RFT DWGs (B01) (Bas 01),"E-SUB-B01-BAS01-1000, E-SUB-B01-BAS01-1000","E-SUB-B01-BAS01-1000: SS 12, E-SUB-B01-BAS01-1000: FF 10","CON-B01-BAS01-1010, CON-B01-BAS01-1020",,,,,,
05- relationship_file,02-delay_analysis/unified_tia_csv/05- relationship_file.csv,163,The Big -P.01-UP-20-April-26,,,,,,,,,,,,,,,,,,,,,,,,,,,,,E-APP-B01-BAS01-1040,Approval for Slabs Conc. Dim.  & RFT DWGs (B01) (Bas 01),"E-SUB-B01-BAS01-1040, E-SUB-B01-BAS01-1040","E-SUB-B01-BAS01-1040: SS 12, E-SUB-B01-BAS01-1040: FF 10","CON-B01-BAS01-1040, CON-B01-BAS01-1060",,,,,,
05- relationship_file,02-delay_analysis/unified_tia_csv/05- relationship_file.csv,164,The Big -P.01-UP-20-April-26,,,,,,,,,,,,,,,,,,,,,,,,,,,,,E-APP-B01-BAS01-1030,Approval for Beams Conc. Dim.  & RFT DWGs (B01) (Bas 01),"E-SUB-B01-BAS01-1030, E-SUB-B01-BAS01-1030","E-SUB-B01-BAS01-1030: SS 12, E-SUB-B01-BAS01-1030: FF 10","CON-B01-BAS01-1040, CON-B01-BAS01-1060",,,,,,
05- relationship_file,02-delay_analysis/unified_tia_csv/05- relationship_file.csv,165,The Big -P.01-UP-20-April-26,,,,,,,,,,,,,,,,,,,,,,,,,,,,,E-APP-B01-BAS01-1010,Approval for Stairs Conc. Dim.  & RFT DWGs (B01) (Bas 01),"E-SUB-B01-BAS01-1010, E-SUB-B01-BAS01-1010","E-SUB-B01-BAS01-1010: SS 12, E-SUB-B01-BAS01-1010: FF 10","CON-B01-BAS01-1050, CON-B01-BAS01-1080",,,,,,
05- relationship_file,02-delay_analysis/unified_tia_csv/05- relationship_file.csv,166,The Big -P.01-UP-20-April-26,,,,,,,,,,,,,,,,,,,,,,,,,,,,,E-APP-B01-BAS01-1020,Approval for Ramps Conc. Dim.  & RFT DWGs (B01) (Bas 01),"E-SUB-B01-BAS01-1020, E-SUB-B01-BAS01-1020","E-SUB-B01-BAS01-1020: SS 12, E-SUB-B01-BAS01-1020: FF 10","CON-B01-BAS01-1090, CON-B01-BAS01-1070",,,,,,
05- relationship_file,02-delay_analysis/unified_tia_csv/05- relationship_file.csv,167,The Big -P.01-UP-20-April-26,,,,,,,,,,,,,,,,,,,,,,,,,,,,,E-APP-B03-BAS01-1000,Approval for Col. & Walls Conc. Dim.  & RFT DWGs  (B03) (Bas 01),"E-SUB-B03-BAS01-1000, E-SUB-B03-BAS01-1000","E-SUB-B03-BAS01-1000: SS 12, E-SUB-B03-BAS01-1000: FF 10","CON-B03-BAS01-1010, CON-B03-BAS01-1020",,,,,,
05- relationship_file,02-delay_analysis/unified_tia_csv/05- relationship_file.csv,168,The Big -P.01-UP-20-April-26,,,,,,,,,,,,,,,,,,,,,,,,,,,,,E-APP-B03-BAS01-1030,Approval for Slabs Conc. Dim.  & RFT DWGs  (B03) (Bas 01),"E-SUB-B03-BAS01-1030, E-SUB-B03-BAS01-1030","E-SUB-B03-BAS01-1030: SS 12, E-SUB-B03-BAS01-1030: FF 10","CON-B03-BAS01-1040, CON-B03-BAS01-1050",,,,,,
05- relationship_file,02-delay_analysis/unified_tia_csv/05- relationship_file.csv,169,The Big -P.01-UP-20-April-26,,,,,,,,,,,,,,,,,,,,,,,,,,,,,E-APP-B03-BAS01-1020,Approval for Beams Conc. Dim.  & RFT DWGs  (B03) (Bas 01),"E-SUB-B03-BAS01-1020, E-SUB-B03-BAS01-1020","E-SUB-B03-BAS01-1020: SS 12, E-SUB-B03-BAS01-1020: FF 10","CON-B03-BAS01-1040, CON-B03-BAS01-1050",,,,,,
05- relationship_file,02-delay_analysis/unified_tia_csv/05- relationship_file.csv,170,The Big -P.01-UP-20-April-26,,,,,,,,,,,,,,,,,,,,,,,,,,,,,E-APP-B03-BAS01-1010,Approval for Stairs Conc. Dim.  & RFT DWGs  (B03) (Bas 01),"E-SUB-B03-BAS01-1010, E-SUB-B03-BAS01-1010","E-SUB-B03-BAS01-1010: SS 12, E-SUB-B03-BAS01-1010: FF 10","CON-B03-BAS01-1060, CON-B03-BAS01-1070",,,,,,
05- relationship_file,02-delay_analysis/unified_tia_csv/05- relationship_file.csv,171,The Big -P.01-UP-20-April-26,,,,,,,,,,,,,,,,,,,,,,,,,,,,,E-APP-B04-BAS01-1000,Approval for Col. & Walls Conc. Dim.  & RFT DWGs (B04) (Bas 01),"E-SUB-B04-BAS01-1000, E-SUB-B04-BAS01-1000","E-SUB-B04-BAS01-1000: SS 12, E-SUB-B04-BAS01-1000: FF 10","CON-B04-BAS01-1010, CON-B04-BAS01-1020",,,,,,
05- relationship_file,02-delay_analysis/unified_tia_csv/05- relationship_file.csv,172,The Big -P.01-UP-20-April-26,,,,,,,,,,,,,,,,,,,,,,,,,,,,,E-APP-B04-BAS01-1040,Approval for Slabs Conc. Dim.  & RFT DWGs (B04) (Bas 01),"E-SUB-B04-BAS01-1040, E-SUB-B04-BAS01-1040","E-SUB-B04-BAS01-1040: SS 12, E-SUB-B04-BAS01-1040: FF 10","CON-B04-BAS01-1040, CON-B04-BAS01-1070",,,,,,
05- relationship_file,02-delay_analysis/unified_tia_csv/05- relationship_file.csv,173,The Big -P.01-UP-20-April-26,,,,,,,,,,,,,,,,,,,,,,,,,,,,,E-APP-B04-BAS01-1030,Approval for Beams Conc. Dim.  & RFT DWGs (B04) (Bas 01),"E-SUB-B04-BAS01-1030, E-SUB-B04-BAS01-1030","E-SUB-B04-BAS01-1030: SS 12, E-SUB-B04-BAS01-1030: FF 10","CON-B04-BAS01-1040, CON-B04-BAS01-1070",,,,,,
05- relationship_file,02-delay_analysis/unified_tia_csv/05- relationship_file.csv,174,The Big -P.01-UP-20-April-26,,,,,,,,,,,,,,,,,,,,,,,,,,,,,E-APP-B04-BAS01-1010,Approval for Stairs Conc. Dim.  & RFT DWGs (B04) (Bas 01),"E-SUB-B04-BAS01-1010, E-SUB-B04-BAS01-1010","E-SUB-B04-BAS01-1010: SS 12, E-SUB-B04-BAS01-1010: FF 10","CON-B04-BAS01-1060, CON-B04-BAS01-1090",,,,,,
05- relationship_file,02-delay_analysis/unified_tia_csv/05- relationship_file.csv,175,The Big -P.01-UP-20-April-26,,,,,,,,,,,,,,,,,,,,,,,,,,,,,E-APP-B04-BAS01-1020,Approval for Ramps Conc. Dim.  & RFT DWGs (B04) (Bas 01),"E-SUB-B04-BAS01-1020, E-SUB-B04-BAS01-1020","E-SUB-B04-BAS01-1020: SS 12, E-SUB-B04-BAS01-1020: FF 10","CON-B04-BAS01-1080, CON-B04-BAS01-1050",,,,,,
05- relationship_file,02-delay_analysis/unified_tia_csv/05- relationship_file.csv,176,The Big -P.01-UP-20-April-26,,,,,,,,,,,,,,,,,,,,,,,,,,,,,AB-SUB-B03-BAS1-1000,Submittal for Col. & Walls Conc. Dim.  & RFT DWGs As-Built Drawing (B03) (Bas 01),CON-B03-BAS01-1030,CON-B03-BAS01-1030: FS,"AB-APP-B03-BAS1-1000, AB-APP-B03-BAS1-1000",,,,,,
05- relationship_file,02-delay_analysis/unified_tia_csv/05- relationship_file.csv,177,The Big -P.01-UP-20-April-26,,,,,,,,,,,,,,,,,,,,,,,,,,,,,AB-SUB-B03-BAS1-1020,Submittal for Slabs Conc. Dim.  & RFT DWGs As-Built Drawing (B03) (Bas 01),CON-B03-BAS01-1090,CON-B03-BAS01-1090: FS,"AB-APP-B03-BAS1-1020, AB-APP-B03-BAS1-1020",,,,,,
05- relationship_file,02-delay_analysis/unified_tia_csv/05- relationship_file.csv,178,The Big -P.01-UP-20-April-26,,,,,,,,,,,,,,,,,,,,,,,,,,,,,AB-SUB-B03-BAS1-1030,Submittal for Beams Conc. Dim.  & RFT DWGs As-Built Drawing (B03) (Bas 01),CON-B03-BAS01-1090,CON-B03-BAS01-1090: FS,"AB-APP-B03-BAS1-1030, AB-APP-B03-BAS1-1030",,,,,,
05- relationship_file,02-delay_analysis/unified_tia_csv/05- relationship_file.csv,179,The Big -P.01-UP-20-April-26,,,,,,,,,,,,,,,,,,,,,,,,,,,,,AB-SUB-B03-BAS1-1010,Submittal for Stairs Conc. Dim.  & RFT DWGs As-Built Drawing (B03) (Bas 01),CON-B03-BAS01-1080,CON-B03-BAS01-1080: FS,"AB-APP-B03-BAS1-1010, AB-APP-B03-BAS1-1010",,,,,,
05- relationship_file,02-delay_analysis/unified_tia_csv/05- relationship_file.csv,180,The Big -P.01-UP-20-April-26,,,,,,,,,,,,,,,,,,,,,,,,,,,,,AB-SUB-B02-BAS1-1000,Submittal for Col. & Walls Conc. Dim.  & RFT DWGs As-Built Drawing (B02) (Bas 01),CON-B02-BAS01-1030,CON-B02-BAS01-1030: FS,"AB-APP-B02-BAS1-1000, AB-APP-B02-BAS1-1000",,,,,,
05- relationship_file,02-delay_analysis/unified_tia_csv/05- relationship_file.csv,181,The Big -P.01-UP-20-April-26,,,,,,,,,,,,,,,,,,,,,,,,,,,,,AB-SUB-B02-BAS1-1020,Submittal for Slabs Conc. Dim.  & RFT DWGs As-Built Drawing (B02) (Bas 01),CON-B02-BAS01-1090,CON-B02-BAS01-1090: FS,"AB-APP-B02-BAS1-1020, AB-APP-B02-BAS1-1020",,,,,,
05- relationship_file,02-delay_analysis/unified_tia_csv/05- relationship_file.csv,182,The Big -P.01-UP-20-April-26,,,,,,,,,,,,,,,,,,,,,,,,,,,,,AB-SUB-B02-BAS1-1030,Submittal for Beams Conc. Dim.  & RFT DWGs As-Built Drawing (B02) (Bas 01),CON-B02-BAS01-1090,CON-B02-BAS01-1090: FS,"AB-APP-B02-BAS1-1030, AB-APP-B02-BAS1-1030",,,,,,
05- relationship_file,02-delay_analysis/unified_tia_csv/05- relationship_file.csv,183,The Big -P.01-UP-20-April-26,,,,,,,,,,,,,,,,,,,,,,,,,,,,,AB-SUB-B02-BAS1-1010,Submittal for Stairs Conc. Dim.  & RFT DWGs As-Built Drawing (B02) (Bas 01),CON-B02-BAS01-1080,CON-B02-BAS01-1080: FS,"AB-APP-B02-BAS1-1010, AB-APP-B02-BAS1-1010",,,,,,
05- relationship_file,02-delay_analysis/unified_tia_csv/05- relationship_file.csv,184,The Big -P.01-UP-20-April-26,,,,,,,,,,,,,,,,,,,,,,,,,,,,,AB-SUB-B04-BAS1-1000,Submittal for Col. & Walls Conc. Dim.  & RFT DWGs As-Built Drawing (B04) (Bas 01),CON-B04-BAS01-1030,CON-B04-BAS01-1030: FS,"AB-APP-B04-BAS1-1000, AB-APP-B04-BAS1-1000",,,,,,
05- relationship_file,02-delay_analysis/unified_tia_csv/05- relationship_file.csv,185,The Big -P.01-UP-20-April-26,,,,,,,,,,,,,,,,,,,,,,,,,,,,,AB-SUB-B04-BAS1-1030,Submittal for Slabs Conc. Dim.  & RFT DWGs As-Built Drawing (B04) (Bas 01),CON-B04-BAS01-1120,CON-B04-BAS01-1120: FS,"AB-APP-B04-BAS1-1030, AB-APP-B04-BAS1-1030",,,,,,
05- relationship_file,02-delay_analysis/unified_tia_csv/05- relationship_file.csv,186,The Big -P.01-UP-20-April-26,,,,,,,,,,,,,,,,,,,,,,,,,,,,,AB-SUB-B04-BAS1-1040,Submittal for Beams Conc. Dim.  & RFT DWGs As-Built Drawing (B04) (Bas 01),CON-B04-BAS01-1120,CON-B04-BAS01-1120: FS,"AB-APP-B04-BAS1-1040, AB-APP-B04-BAS1-1040",,,,,,
05- relationship_file,02-delay_analysis/unified_tia_csv/05- relationship_file.csv,187,The Big -P.01-UP-20-April-26,,,,,,,,,,,,,,,,,,,,,,,,,,,,,AB-SUB-B04-BAS1-1010,Submittal for Stairs Conc. Dim.  & RFT DWGs As-Built Drawing (B04) (Bas 01),CON-B04-BAS01-1110,CON-B04-BAS01-1110: FS,"AB-APP-B04-BAS1-1010, AB-APP-B04-BAS1-1010",,,,,,
05- relationship_file,02-delay_analysis/unified_tia_csv/05- relationship_file.csv,188,The Big -P.01-UP-20-April-26,,,,,,,,,,,,,,,,,,,,,,,,,,,,,AB-SUB-B04-BAS1-1020,Submittal for Ramps Conc. Dim.  & RFT DWGs As-Built Drawing (B04) (Bas 01),CON-B04-BAS01-1110,CON-B04-BAS01-1110: FS,"AB-APP-B04-BAS1-1020, AB-APP-B04-BAS1-1020",,,,,,
05- relationship_file,02-delay_analysis/unified_tia_csv/05- relationship_file.csv,189,The Big -P.01-UP-20-April-26,,,,,,,,,,,,,,,,,,,,,,,,,,,,,AB-APP-B02-BAS1-1000,Approval for Col. & Walls Conc. Dim.  & RFT DWGs As-Built Drawing (B02) (Bas 01),"AB-SUB-B02-BAS1-1000, AB-SUB-B02-BAS1-1000","AB-SUB-B02-BAS1-1000: SS 12, AB-SUB-B02-BAS1-1000: FF 6",HO-1050,,,,,,
05- relationship_file,02-delay_analysis/unified_tia_csv/05- relationship_file.csv,190,The Big -P.01-UP-20-April-26,,,,,,,,,,,,,,,,,,,,,,,,,,,,,AB-APP-B02-BAS1-1020,Approval for Slabs Conc. Dim.  & RFT DWGs As-Built Drawing (B02) (Bas 01),"AB-SUB-B02-BAS1-1020, AB-SUB-B02-BAS1-1020","AB-SUB-B02-BAS1-1020: SS 12, AB-SUB-B02-BAS1-1020: FF 6",HO-1050,,,,,,
05- relationship_file,02-delay_analysis/unified_tia_csv/05- relationship_file.csv,191,The Big -P.01-UP-20-April-26,,,,,,,,,,,,,,,,,,,,,,,,,,,,,AB-APP-B02-BAS1-1030,Approval for Beams Conc. Dim.  & RFT DWGs As-Built Drawing (B02) (Bas 01),"AB-SUB-B02-BAS1-1030, AB-SUB-B02-BAS1-1030","AB-SUB-B02-BAS1-1030: SS 12, AB-SUB-B02-BAS1-1030: FF 6",HO-1050,,,,,,
05- relationship_file,02-delay_analysis/unified_tia_csv/05- relationship_file.csv,192,The Big -P.01-UP-20-April-26,,,,,,,,,,,,,,,,,,,,,,,,,,,,,AB-APP-B02-BAS1-1010,Approval for Stairs Conc. Dim.  & RFT DWGs As-Built Drawing (B02) (Bas 01),"AB-SUB-B02-BAS1-1010, AB-SUB-B02-BAS1-1010","AB-SUB-B02-BAS1-1010: SS 12, AB-SUB-B02-BAS1-1010: FF 6",HO-1050,,,,,,
05- relationship_file,02-delay_analysis/unified_tia_csv/05- relationship_file.csv,193,The Big -P.01-UP-20-April-26,,,,,,,,,,,,,,,,,,,,,,,,,,,,,AB-APP-B01-BAS1-1000,Approval for Col. & Walls Conc. Dim.  & RFT DWGs As-Built Drawing (B01) (Bas 01),"AB-SUB-B01-BAS1-1000, AB-SUB-B01-BAS1-1000","AB-SUB-B01-BAS1-1000: SS 12, AB-SUB-B01-BAS1-1000: FF 6",HO-1050,,,,,,
05- relationship_file,02-delay_analysis/unified_tia_csv/05- relationship_file.csv,194,The Big -P.01-UP-20-April-26,,,,,,,,,,,,,,,,,,,,,,,,,,,,,AB-APP-B01-BAS1-1020,Approval for Slabs Conc. Dim.  & RFT DWGs As-Built Drawing (B01) (Bas 01),"AB-SUB-B01-BAS1-1020, AB-SUB-B01-BAS1-1020","AB-SUB-B01-BAS1-1020: SS 12, AB-SUB-B01-BAS1-1020: FF 6",HO-1050,,,,,,
05- relationship_file,02-delay_analysis/unified_tia_csv/05- relationship_file.csv,195,The Big -P.01-UP-20-April-26,,,,,,,,,,,,,,,,,,,,,,,,,,,,,AB-APP-B01-BAS1-1030,Approval for Beams Conc. Dim.  & RFT DWGs As-Built Drawing (B01) (Bas 01),"AB-SUB-B01-BAS1-1030, AB-SUB-B01-BAS1-1030","AB-SUB-B01-BAS1-1030: SS 12, AB-SUB-B01-BAS1-1030: FF 6",HO-1050,,,,,,
05- relationship_file,02-delay_analysis/unified_tia_csv/05- relationship_file.csv,196,The Big -P.01-UP-20-April-26,,,,,,,,,,,,,,,,,,,,,,,,,,,,,AB-APP-B01-BAS1-1010,Approval for Stairs Conc. Dim.  & RFT DWGs As-Built Drawing (B01) (Bas 01),"AB-SUB-B01-BAS1-1010, AB-SUB-B01-BAS1-1010","AB-SUB-B01-BAS1-1010: SS 12, AB-SUB-B01-BAS1-1010: FF 6",HO-1050,,,,,,
05- relationship_file,02-delay_analysis/unified_tia_csv/05- relationship_file.csv,197,The Big -P.01-UP-20-April-26,,,,,,,,,,,,,,,,,,,,,,,,,,,,,AB-APP-B01-BAS1-1040,Approval for Ramps Conc. Dim.  & RFT DWGs As-Built Drawing (B01) (Bas 01),"AB-SUB-B01-BAS1-1040, AB-SUB-B01-BAS1-1040","AB-SUB-B01-BAS1-1040: SS 12, AB-SUB-B01-BAS1-1040: FF 6",HO-1050,,,,,,
05- relationship_file,02-delay_analysis/unified_tia_csv/05- relationship_file.csv,198,The Big -P.01-UP-20-April-26,,,,,,,,,,,,,,,,,,,,,,,,,,,,,AB-APP-B03-BAS1-1000,Approval for Col. & Walls Conc. Dim.  & RFT DWGs As-Built Drawing  (B03) (Bas 01),"AB-SUB-B03-BAS1-1000, AB-SUB-B03-BAS1-1000","AB-SUB-B03-BAS1-1000: SS 12, AB-SUB-B03-BAS1-1000: FF 6",HO-1050,,,,,,
05- relationship_file,02-delay_analysis/unified_tia_csv/05- relationship_file.csv,199,The Big -P.01-UP-20-April-26,,,,,,,,,,,,,,,,,,,,,,,,,,,,,AB-APP-B03-BAS1-1020,Approval for Slabs Conc. Dim.  & RFT DWGs As-Built Drawing  (B03) (Bas 01),"AB-SUB-B03-BAS1-1020, AB-SUB-B03-BAS1-1020","AB-SUB-B03-BAS1-1020: SS 12, AB-SUB-B03-BAS1-1020: FF 6",HO-1050,,,,,,
05- relationship_file,02-delay_analysis/unified_tia_csv/05- relationship_file.csv,200,The Big -P.01-UP-20-April-26,,,,,,,,,,,,,,,,,,,,,,,,,,,,,AB-APP-B03-BAS1-1030,Approval for Beams Conc. Dim.  & RFT DWGs As-Built Drawing  (B03) (Bas 01),"AB-SUB-B03-BAS1-1030, AB-SUB-B03-BAS1-1030","AB-SUB-B03-BAS1-1030: SS 12, AB-SUB-B03-BAS1-1030: FF 6",HO-1050,,,,,,
05- relationship_file,02-delay_analysis/unified_tia_csv/05- relationship_file.csv,201,The Big -P.01-UP-20-April-26,,,,,,,,,,,,,,,,,,,,,,,,,,,,,AB-APP-B03-BAS1-1010,Approval for Stairs Conc. Dim.  & RFT DWGs As-Built Drawing  (B03) (Bas 01),"AB-SUB-B03-BAS1-1010, AB-SUB-B03-BAS1-1010","AB-SUB-B03-BAS1-1010: SS 12, AB-SUB-B03-BAS1-1010: FF 6",HO-1050,,,,,,
05- relationship_file,02-delay_analysis/unified_tia_csv/05- relationship_file.csv,202,The Big -P.01-UP-20-April-26,,,,,,,,,,,,,,,,,,,,,,,,,,,,,AB-APP-B04-BAS1-1000,Approval for Col. & Walls Conc. Dim.  & RFT DWGs As-Built Drawing (B04) (Bas 01),"AB-SUB-B04-BAS1-1000, AB-SUB-B04-BAS1-1000","AB-SUB-B04-BAS1-1000: SS 12, AB-SUB-B04-BAS1-1000: FF 6",HO-1050,,,,,,
05- relationship_file,02-delay_analysis/unified_tia_csv/05- relationship_file.csv,203,The Big -P.01-UP-20-April-26,,,,,,,,,,,,,,,,,,,,,,,,,,,,,AB-APP-B04-BAS1-1030,Approval for Slabs Conc. Dim.  & RFT DWGs As-Built Drawing (B04) (Bas 01),"AB-SUB-B04-BAS1-1030, AB-SUB-B04-BAS1-1030","AB-SUB-B04-BAS1-1030: SS 12, AB-SUB-B04-BAS1-1030: FF 6",HO-1050,,,,,,
05- relationship_file,02-delay_analysis/unified_tia_csv/05- relationship_file.csv,204,The Big -P.01-UP-20-April-26,,,,,,,,,,,,,,,,,,,,,,,,,,,,,AB-APP-B04-BAS1-1040,Approval for Beams Conc. Dim.  & RFT DWGs As-Built Drawing (B04) (Bas 01),"AB-SUB-B04-BAS1-1040, AB-SUB-B04-BAS1-1040","AB-SUB-B04-BAS1-1040: SS 12, AB-SUB-B04-BAS1-1040: FF 6",HO-1050,,,,,,
05- relationship_file,02-delay_analysis/unified_tia_csv/05- relationship_file.csv,205,The Big -P.01-UP-20-April-26,,,,,,,,,,,,,,,,,,,,,,,,,,,,,AB-APP-B04-BAS1-1010,Approval for Stairs Conc. Dim.  & RFT DWGs As-Built Drawing (B04) (Bas 01),"AB-SUB-B04-BAS1-1010, AB-SUB-B04-BAS1-1010","AB-SUB-B04-BAS1-1010: SS 12, AB-SUB-B04-BAS1-1010: FF 6",HO-1050,,,,,,
05- relationship_file,02-delay_analysis/unified_tia_csv/05- relationship_file.csv,206,The Big -P.01-UP-20-April-26,,,,,,,,,,,,,,,,,,,,,,,,,,,,,AB-APP-B04-BAS1-1020,Approval for Ramps Conc. Dim.  & RFT DWGs As-Built Drawing (B04) (Bas 01),"AB-SUB-B04-BAS1-1020, AB-SUB-B04-BAS1-1020","AB-SUB-B04-BAS1-1020: SS 12, AB-SUB-B04-BAS1-1020: FF 6",HO-1050,,,,,,
05- relationship_file,02-delay_analysis/unified_tia_csv/05- relationship_file.csv,207,The Big -P.01-UP-20-April-26,,,,,,,,,,,,,,,,,,,,,,,,,,,,,CON-B01-GR-1010,"RFT for Walls, Col. & Cores (B01) (GR)","CON-B01-GR-1000, CON-B01-GR-1000, E-APP-B01-GR-1000, P-MDEL-1130","CON-B01-GR-1000: SS, CON-B01-GR-1000: FF, E-APP-B01-GR-1000: FS, P-MDEL-1130: FS","CON-B01-GR-1020, CON-B01-GR-1020",,,,,,
05- relationship_file,02-delay_analysis/unified_tia_csv/05- relationship_file.csv,208,The Big -P.01-UP-20-April-26,,,,,,,,,,,,,,,,,,,,,,,,,,,,,CON-B01-GR-1060,RFT for Slabs & Beams (B01) (GR),"CON-B01-GR-1040, CON-B01-GR-1040, E-APP-B01-GR-1020, E-APP-B01-GR-1030, P-MDEL-1130","CON-B01-GR-1040: SS 2, CON-B01-GR-1040: FF, E-APP-B01-GR-1020: FS, E-APP-B01-GR-1030: FS, P-MDEL-1130: FS",CON-B01-GR-1090,,,,,,
05- relationship_file,02-delay_analysis/unified_tia_csv/05- relationship_file.csv,209,The Big -P.01-UP-20-April-26,,,,,,,,,,,,,,,,,,,,,,,,,,,,,CON-B01-GR-1070,RFT for Stairs  (B01) (GR),"CON-B01-GR-1050, CON-B01-GR-1050, E-APP-B01-GR-1010, P-MDEL-1130","CON-B01-GR-1050: SS 2, CON-B01-GR-1050: FF, E-APP-B01-GR-1010: FS, P-MDEL-1130: FS",CON-B01-GR-1080,,,,,,
05- relationship_file,02-delay_analysis/unified_tia_csv/05- relationship_file.csv,210,The Big -P.01-UP-20-April-26,,,,,,,,,,,,,,,,,,,,,,,,,,,,,CON-B02-GR-1010,"RFT for Walls, Col. & Cores (B02) (GR)","CON-B02-GR-1000, CON-B02-GR-1000, E-APP-B02-GR-1000, P-MDEL-1130","CON-B02-GR-1000: SS, CON-B02-GR-1000: FF, E-APP-B02-GR-1000: FS, P-MDEL-1130: FS","CON-B02-GR-1020, CON-B02-GR-1020",,,,,,
05- relationship_file,02-delay_analysis/unified_tia_csv/05- relationship_file.csv,211,The Big -P.01-UP-20-April-26,,,,,,,,,,,,,,,,,,,,,,,,,,,,,CON-B02-GR-1060,RFT for Slabs & Beams (B02) (GR),"CON-B02-GR-1040, CON-B02-GR-1040, E-APP-B02-GR-1020, E-APP-B02-GR-1030, P-MDEL-1130","CON-B02-GR-1040: SS 2, CON-B02-GR-1040: FF, E-APP-B02-GR-1020: FS, E-APP-B02-GR-1030: FS, P-MDEL-1130: FS",CON-B02-GR-1100,,,,,,
05- relationship_file,02-delay_analysis/unified_tia_csv/05- relationship_file.csv,212,The Big -P.01-UP-20-April-26,,,,,,,,,,,,,,,,,,,,,,,,,,,,,CON-B02-GR-1070,RFT for Stairs  (B02) (GR),"CON-B02-GR-1050, CON-B02-GR-1050, E-APP-B02-GR-1010, P-MDEL-1130","CON-B02-GR-1050: SS 2, CON-B02-GR-1050: FF, E-APP-B02-GR-1010: FS, P-MDEL-1130: FS",CON-B02-GR-1080,,,,,,
05- relationship_file,02-delay_analysis/unified_tia_csv/05- relationship_file.csv,213,The Big -P.01-UP-20-April-26,,,,,,,,,,,,,,,,,,,,,,,,,,,,,CON-B04-GR-1010,"RFT for Walls, Col. & Cores (B04) (GR)","CON-B04-GR-1000, CON-B04-GR-1000, E-APP-B04-GR-1000, P-MDEL-1130","CON-B04-GR-1000: SS 2, CON-B04-GR-1000: FF, E-APP-B04-GR-1000: FS, P-MDEL-1130: FS","CON-B04-GR-1020, CON-B04-GR-1020",,,,,,
05- relationship_file,02-delay_analysis/unified_tia_csv/05- relationship_file.csv,214,The Big -P.01-UP-20-April-26,,,,,,,,,,,,,,,,,,,,,,,,,,,,,CON-B04-GR-1060,RFT for Slabs & Beams (B04) (GR),"CON-B04-GR-1040, CON-B04-GR-1040, E-APP-B04-GR-1020, E-APP-B04-GR-1030, P-MDEL-1130","CON-B04-GR-1040: SS 3, CON-B04-GR-1040: FF, E-APP-B04-GR-1020: FS, E-APP-B04-GR-1030: FS, P-MDEL-1130: FS",CON-B04-GR-1080,,,,,,
05- relationship_file,02-delay_analysis/unified_tia_csv/05- relationship_file.csv,215,The Big -P.01-UP-20-April-26,,,,,,,,,,,,,,,,,,,,,,,,,,,,,CON-B04-GR-1070,RFT for Stairs  (B04) (GR),"CON-B04-GR-1050, CON-B04-GR-1050, E-APP-B04-GR-1010, P-MDEL-1130","CON-B04-GR-1050: SS 1, CON-B04-GR-1050: FF, E-APP-B04-GR-1010: FS, P-MDEL-1130: FS",CON-B04-GR-1090,,,,,,
05- relationship_file,02-delay_analysis/unified_tia_csv/05- relationship_file.csv,216,The Big -P.01-UP-20-April-26,,,,,,,,,,,,,,,,,,,,,,,,,,,,,CON-B03-GR-1010,"RFT for Walls, Col. & Cores (B03) (GR)","CON-B03-GR-1000, CON-B03-GR-1000, E-APP-B03-GR-1000, P-MDEL-1130","CON-B03-GR-1000: SS, CON-B03-GR-1000: FF, E-APP-B03-GR-1000: FS, P-MDEL-1130: FS","CON-B03-GR-1020, CON-B03-GR-1020",,,,,,
05- relationship_file,02-delay_analysis/unified_tia_csv/05- relationship_file.csv,217,The Big -P.01-UP-20-April-26,,,,,,,,,,,,,,,,,,,,,,,,,,,,,CON-B03-GR-1060,RFT for Slabs & Beams (B03) (GR),"CON-B03-GR-1040, CON-B03-GR-1050, E-APP-B03-GR-1020, E-APP-B03-GR-1030, P-MDEL-1130","CON-B03-GR-1040: SS 3, CON-B03-GR-1050: FF, E-APP-B03-GR-1020: FS, E-APP-B03-GR-1030: FS, P-MDEL-1130: FS","CON-B03-GR-1070, CON-B03-GR-1080",,,,,,
05- relationship_file,02-delay_analysis/unified_tia_csv/05- relationship_file.csv,218,The Big -P.01-UP-20-April-26,,,,,,,,,,,,,,,,,,,,,,,,,,,,,CON-B03-GR-1070,RFT for Stairs  (B03) (GR),"CON-B03-GR-1050, CON-B03-GR-1040, CON-B03-GR-1060, E-APP-B03-GR-1010, P-MDEL-1130","CON-B03-GR-1050: SS 2, CON-B03-GR-1040: FF, CON-B03-GR-1060: FF, E-APP-B03-GR-1010: FS, P-MDEL-1130: FS",CON-B03-GR-1090,,,,,,
05- relationship_file,02-delay_analysis/unified_tia_csv/05- relationship_file.csv,219,The Big -P.01-UP-20-April-26,,,,,,,,,,,,,,,,,,,,,,,,,,,,,CON-B04-SOG-1040,Shuttering & RFT for S.O.G (B04) (Sog),"CON-B04-SOG-1030, CON-B04-SOG-1030, CON-B03-SOG-1040, E-APP-B04-SOG-1010, E-APP-B04-SOG-1000, P-MDEL-1150","CON-B04-SOG-1030: SS 5, CON-B04-SOG-1030: FF, CON-B03-SOG-1040: SS, E-APP-B04-SOG-1010: FS, E-APP-B04-SOG-1000: FS, P-MDEL-1150: FS","CON-B04-SOG-1050, CON-B04-SOG-1050, AB-SUB-B04-SOG-1000, AB-SUB-B04-SOG-1010",,,,,,
05- relationship_file,02-delay_analysis/unified_tia_csv/05- relationship_file.csv,220,The Big -P.01-UP-20-April-26,,,,,,,,,,,,,,,,,,,,,,,,,,,,,E-SUB-B04-GR-1000,Submittal for Col. & Walls Conc. Dim.  & RFT DWGs (B04) (GF),E-DR-1000,E-DR-1000: FS 35,"E-APP-B04-GR-1000, E-APP-B04-GR-1000, E-SUB-B04-GR-1010",,,,,,
05- relationship_file,02-delay_analysis/unified_tia_csv/05- relationship_file.csv,221,The Big -P.01-UP-20-April-26,,,,,,,,,,,,,,,,,,,,,,,,,,,,,E-SUB-B04-GR-1030,Submittal for Slabs Conc. Dim.  & RFT DWGs (B04) (GF),"E-DR-1000, E-SUB-B04-GR-1020","E-DR-1000: FS 45, E-SUB-B04-GR-1020: SS 3","E-APP-B04-GR-1030, E-APP-B04-GR-1030",,,,,,
05- relationship_file,02-delay_analysis/unified_tia_csv/05- relationship_file.csv,222,The Big -P.01-UP-20-April-26,,,,,,,,,,,,,,,,,,,,,,,,,,,,,E-SUB-B04-GR-1020,Submittal for Beams Conc. Dim.  & RFT DWGs (B04) (GF),"E-DR-1000, E-SUB-B04-GR-1010","E-DR-1000: FS 42, E-SUB-B04-GR-1010: SS 3","E-APP-B04-GR-1020, E-APP-B04-GR-1020, E-SUB-B04-GR-1030",,,,,,
05- relationship_file,02-delay_analysis/unified_tia_csv/05- relationship_file.csv,223,The Big -P.01-UP-20-April-26,,,,,,,,,,,,,,,,,,,,,,,,,,,,,E-SUB-B04-GR-1010,Submittal for Stairs Conc. Dim.  & RFT DWGs (B04) (GF),"E-DR-1000, E-SUB-B04-GR-1000","E-DR-1000: FS 38, E-SUB-B04-GR-1000: SS 3","E-APP-B04-GR-1010, E-APP-B04-GR-1010, E-SUB-B04-GR-1020",,,,,,
05- relationship_file,02-delay_analysis/unified_tia_csv/05- relationship_file.csv,224,The Big -P.01-UP-20-April-26,,,,,,,,,,,,,,,,,,,,,,,,,,,,,E-SUB-B03-GR-1000,Submittal for Col. & Walls Conc. Dim.  & RFT DWGs (B03) (GF),E-DR-1000,E-DR-1000: FS 20,"E-APP-B03-GR-1000, E-APP-B03-GR-1000, E-SUB-B03-GR-1010",,,,,,
05- relationship_file,02-delay_analysis/unified_tia_csv/05- relationship_file.csv,225,The Big -P.01-UP-20-April-26,,,,,,,,,,,,,,,,,,,,,,,,,,,,,E-SUB-B03-GR-1030,Submittal for Slabs Conc. Dim.  & RFT DWGs (B03) (GF),"E-DR-1000, E-SUB-B03-GR-1020","E-DR-1000: FS 30, E-SUB-B03-GR-1020: SS 3","E-APP-B03-GR-1030, E-APP-B03-GR-1030",,,,,,
05- relationship_file,02-delay_analysis/unified_tia_csv/05- relationship_file.csv,226,The Big -P.01-UP-20-April-26,,,,,,,,,,,,,,,,,,,,,,,,,,,,,E-SUB-B03-GR-1020,Submittal for Beams Conc. Dim.  & RFT DWGs (B03) (GF),"E-DR-1000, E-SUB-B03-GR-1010","E-DR-1000: FS 27, E-SUB-B03-GR-1010: SS 3","E-APP-B03-GR-1020, E-APP-B03-GR-1020, E-SUB-B03-GR-1030",,,,,,
05- relationship_file,02-delay_analysis/unified_tia_csv/05- relationship_file.csv,227,The Big -P.01-UP-20-April-26,,,,,,,,,,,,,,,,,,,,,,,,,,,,,E-SUB-B03-GR-1010,Submittal for Stairs Conc. Dim.  & RFT DWGs (B03) (GF),"E-DR-1000, E-SUB-B03-GR-1000","E-DR-1000: FS 23, E-SUB-B03-GR-1000: SS 3","E-APP-B03-GR-1010, E-APP-B03-GR-1010, E-SUB-B03-GR-1020",,,,,,
05- relationship_file,02-delay_analysis/unified_tia_csv/05- relationship_file.csv,228,The Big -P.01-UP-20-April-26,,,,,,,,,,,,,,,,,,,,,,,,,,,,,E-SUB-B02-GR-1000,Submittal for Col. & Walls Conc. Dim.  & RFT DWGs (B02) (GF),E-DR-1000,E-DR-1000: FS 15,"E-APP-B02-GR-1000, E-APP-B02-GR-1000, E-SUB-B02-GR-1010",,,,,,
05- relationship_file,02-delay_analysis/unified_tia_csv/05- relationship_file.csv,229,The Big -P.01-UP-20-April-26,,,,,,,,,,,,,,,,,,,,,,,,,,,,,E-SUB-B02-GR-1030,Submittal for Slabs Conc. Dim.  & RFT DWGs (B02) (GF),"E-DR-1000, E-SUB-B02-GR-1020","E-DR-1000: FS 26, E-SUB-B02-GR-1020: SS 3","E-APP-B02-GR-1030, E-APP-B02-GR-1030",,,,,,
05- relationship_file,02-delay_analysis/unified_tia_csv/05- relationship_file.csv,230,The Big -P.01-UP-20-April-26,,,,,,,,,,,,,,,,,,,,,,,,,,,,,E-SUB-B02-GR-1020,Submittal for Beams Conc. Dim.  & RFT DWGs (B02) (GF),"E-DR-1000, E-SUB-B02-GR-1010","E-DR-1000: FS 22, E-SUB-B02-GR-1010: SS 3","E-APP-B02-GR-1020, E-APP-B02-GR-1020, E-SUB-B02-GR-1030",,,,,,
05- relationship_file,02-delay_analysis/unified_tia_csv/05- relationship_file.csv,231,The Big -P.01-UP-20-April-26,,,,,,,,,,,,,,,,,,,,,,,,,,,,,E-SUB-B02-GR-1010,Submittal for Stairs Conc. Dim.  & RFT DWGs (B02) (GF),"E-DR-1000, E-SUB-B02-GR-1000","E-DR-1000: FS 19, E-SUB-B02-GR-1000: SS 3","E-APP-B02-GR-1010, E-APP-B02-GR-1010, E-SUB-B02-GR-1020",,,,,,
05- relationship_file,02-delay_analysis/unified_tia_csv/05- relationship_file.csv,232,The Big -P.01-UP-20-April-26,,,,,,,,,,,,,,,,,,,,,,,,,,,,,E-SUB-B01-GR-1000,Submittal for Col. & Walls Conc. Dim.  & RFT DWGs (B01),E-DR-1000,E-DR-1000: FS 10,"E-APP-B01-GR-1000, E-APP-B01-GR-1000, E-SUB-B01-GR-1010",,,,,,
05- relationship_file,02-delay_analysis/unified_tia_csv/05- relationship_file.csv,233,The Big -P.01-UP-20-April-26,,,,,,,,,,,,,,,,,,,,,,,,,,,,,E-SUB-B01-GR-1030,Submittal for Slabs Conc. Dim.  & RFT DWGs (B01),"E-DR-1000, E-SUB-B01-GR-1020","E-DR-1000: FS 21, E-SUB-B01-GR-1020: SS 3","E-APP-B01-GR-1030, E-APP-B01-GR-1030",,,,,,
05- relationship_file,02-delay_analysis/unified_tia_csv/05- relationship_file.csv,234,The Big -P.01-UP-20-April-26,,,,,,,,,,,,,,,,,,,,,,,,,,,,,E-SUB-B01-GR-1020,Submittal for Beams Conc. Dim.  & RFT DWGs (B01),"E-DR-1000, E-SUB-B01-GR-1010","E-DR-1000: FS 17, E-SUB-B01-GR-1010: SS 3","E-APP-B01-GR-1020, E-APP-B01-GR-1020, E-SUB-B01-GR-1030",,,,,,
05- relationship_file,02-delay_analysis/unified_tia_csv/05- relationship_file.csv,235,The Big -P.01-UP-20-April-26,,,,,,,,,,,,,,,,,,,,,,,,,,,,,E-SUB-B01-GR-1010,Submittal for Stairs Conc. Dim.  & RFT DWGs (B01),"E-DR-1000, E-SUB-B01-GR-1000","E-DR-1000: FS 14, E-SUB-B01-GR-1000: SS 3","E-APP-B01-GR-1010, E-APP-B01-GR-1010, E-SUB-B01-GR-1020",,,,,,
05- relationship_file,02-delay_analysis/unified_tia_csv/05- relationship_file.csv,236,The Big -P.01-UP-20-April-26,,,,,,,,,,,,,,,,,,,,,,,,,,,,,E-APP-B02-GR-1000,Approval for Col. & Walls Conc. Dim.  & RFT DWGs (B02) (GF),"E-SUB-B02-GR-1000, E-SUB-B02-GR-1000","E-SUB-B02-GR-1000: SS 12, E-SUB-B02-GR-1000: FF 10","CON-B02-GR-1010, CON-B02-GR-1020",,,,,,
05- relationship_file,02-delay_analysis/unified_tia_csv/05- relationship_file.csv,237,The Big -P.01-UP-20-April-26,,,,,,,,,,,,,,,,,,,,,,,,,,,,,E-APP-B02-GR-1030,Approval for Slabs Conc. Dim.  & RFT DWGs (B02) (GF),"E-SUB-B02-GR-1030, E-SUB-B02-GR-1030","E-SUB-B02-GR-1030: SS 12, E-SUB-B02-GR-1030: FF 10","CON-B02-GR-1040, CON-B02-GR-1060",,,,,,
05- relationship_file,02-delay_analysis/unified_tia_csv/05- relationship_file.csv,238,The Big -P.01-UP-20-April-26,,,,,,,,,,,,,,,,,,,,,,,,,,,,,E-APP-B02-GR-1020,Approval for Beams Conc. Dim.  & RFT DWGs (B02) (GF),"E-SUB-B02-GR-1020, E-SUB-B02-GR-1020","E-SUB-B02-GR-1020: SS 12, E-SUB-B02-GR-1020: FF 10","CON-B02-GR-1060, CON-B02-GR-1040",,,,,,
05- relationship_file,02-delay_analysis/unified_tia_csv/05- relationship_file.csv,239,The Big -P.01-UP-20-April-26,,,,,,,,,,,,,,,,,,,,,,,,,,,,,E-APP-B02-GR-1010,Approval for Stairs Conc. Dim.  & RFT DWGs (B02) (GF),"E-SUB-B02-GR-1010, E-SUB-B02-GR-1010","E-SUB-B02-GR-1010: SS 12, E-SUB-B02-GR-1010: FF 10","CON-B02-GR-1070, CON-B02-GR-1050",,,,,,
05- relationship_file,02-delay_analysis/unified_tia_csv/05- relationship_file.csv,240,The Big -P.01-UP-20-April-26,,,,,,,,,,,,,,,,,,,,,,,,,,,,,E-APP-B01-GR-1000,Approval for Col. & Walls Conc. Dim.  & RFT DWGs (B01)  (GF),"E-SUB-B01-GR-1000, E-SUB-B01-GR-1000","E-SUB-B01-GR-1000: SS 12, E-SUB-B01-GR-1000: FF 10","CON-B01-GR-1010, CON-B01-GR-1020",,,,,,
05- relationship_file,02-delay_analysis/unified_tia_csv/05- relationship_file.csv,241,The Big -P.01-UP-20-April-26,,,,,,,,,,,,,,,,,,,,,,,,,,,,,E-APP-B01-GR-1030,Approval for Slabs Conc. Dim.  & RFT DWGs (B01)  (GF),"E-SUB-B01-GR-1030, E-SUB-B01-GR-1030","E-SUB-B01-GR-1030: SS 12, E-SUB-B01-GR-1030: FF 10","CON-B01-GR-1040, CON-B01-GR-1060",,,,,,
05- relationship_file,02-delay_analysis/unified_tia_csv/05- relationship_file.csv,242,The Big -P.01-UP-20-April-26,,,,,,,,,,,,,,,,,,,,,,,,,,,,,E-APP-B01-GR-1020,Approval for Beams Conc. Dim.  & RFT DWGs (B01)  (GF),"E-SUB-B01-GR-1020, E-SUB-B01-GR-1020","E-SUB-B01-GR-1020: SS 12, E-SUB-B01-GR-1020: FF 10","CON-B01-GR-1040, CON-B01-GR-1060",,,,,,
05- relationship_file,02-delay_analysis/unified_tia_csv/05- relationship_file.csv,243,The Big -P.01-UP-20-April-26,,,,,,,,,,,,,,,,,,,,,,,,,,,,,E-APP-B01-GR-1010,Approval for Stairs Conc. Dim.  & RFT DWGs (B01)  (GF),"E-SUB-B01-GR-1010, E-SUB-B01-GR-1010","E-SUB-B01-GR-1010: SS 12, E-SUB-B01-GR-1010: FF 10","CON-B01-GR-1050, CON-B01-GR-1070",,,,,,
05- relationship_file,02-delay_analysis/unified_tia_csv/05- relationship_file.csv,244,The Big -P.01-UP-20-April-26,,,,,,,,,,,,,,,,,,,,,,,,,,,,,E-APP-B04-GR-1000,Approval for Col. & Walls Conc. Dim.  & RFT DWGs (B04) (GF),"E-SUB-B04-GR-1000, E-SUB-B04-GR-1000","E-SUB-B04-GR-1000: SS 12, E-SUB-B04-GR-1000: FF 10","CON-B04-GR-1010, CON-B04-GR-1020",,,,,,
05- relationship_file,02-delay_analysis/unified_tia_csv/05- relationship_file.csv,245,The Big -P.01-UP-20-April-26,,,,,,,,,,,,,,,,,,,,,,,,,,,,,E-APP-B04-GR-1030,Approval for Slabs Conc. Dim.  & RFT DWGs (B04) (GF),"E-SUB-B04-GR-1030, E-SUB-B04-GR-1030","E-SUB-B04-GR-1030: SS 12, E-SUB-B04-GR-1030: FF 10","CON-B04-GR-1040, CON-B04-GR-1060",,,,,,
05- relationship_file,02-delay_analysis/unified_tia_csv/05- relationship_file.csv,246,The Big -P.01-UP-20-April-26,,,,,,,,,,,,,,,,,,,,,,,,,,,,,E-APP-B04-GR-1020,Approval for Beams Conc. Dim.  & RFT DWGs (B04) (GF),"E-SUB-B04-GR-1020, E-SUB-B04-GR-1020","E-SUB-B04-GR-1020: SS 12, E-SUB-B04-GR-1020: FF 10","CON-B04-GR-1040, CON-B04-GR-1060",,,,,,
05- relationship_file,02-delay_analysis/unified_tia_csv/05- relationship_file.csv,247,The Big -P.01-UP-20-April-26,,,,,,,,,,,,,,,,,,,,,,,,,,,,,E-APP-B04-GR-1010,Approval for Stairs Conc. Dim.  & RFT DWGs (B04) (GF),"E-SUB-B04-GR-1010, E-SUB-B04-GR-1010","E-SUB-B04-GR-1010: SS 12, E-SUB-B04-GR-1010: FF 10","CON-B04-GR-1050, CON-B04-GR-1070",,,,,,
05- relationship_file,02-delay_analysis/unified_tia_csv/05- relationship_file.csv,248,The Big -P.01-UP-20-April-26,,,,,,,,,,,,,,,,,,,,,,,,,,,,,E-APP-B03-GR-1000,Approval for Col. & Walls Conc. Dim.  & RFT DWGs  (B03) (GF),"E-SUB-B03-GR-1000, E-SUB-B03-GR-1000","E-SUB-B03-GR-1000: SS 12, E-SUB-B03-GR-1000: FF 10","CON-B03-GR-1010, CON-B03-GR-1020",,,,,,
05- relationship_file,02-delay_analysis/unified_tia_csv/05- relationship_file.csv,249,The Big -P.01-UP-20-April-26,,,,,,,,,,,,,,,,,,,,,,,,,,,,,E-APP-B03-GR-1030,Approval for Slabs Conc. Dim.  & RFT DWGs  (B03) (GF),"E-SUB-B03-GR-1030, E-SUB-B03-GR-1030","E-SUB-B03-GR-1030: SS 12, E-SUB-B03-GR-1030: FF 10","CON-B03-GR-1040, CON-B03-GR-1060",,,,,,
05- relationship_file,02-delay_analysis/unified_tia_csv/05- relationship_file.csv,250,The Big -P.01-UP-20-April-26,,,,,,,,,,,,,,,,,,,,,,,,,,,,,E-APP-B03-GR-1020,Approval for Beams Conc. Dim.  & RFT DWGs  (B03) (GF),"E-SUB-B03-GR-1020, E-SUB-B03-GR-1020","E-SUB-B03-GR-1020: SS 12, E-SUB-B03-GR-1020: FF 10","CON-B03-GR-1040, CON-B03-GR-1060",,,,,,
05- relationship_file,02-delay_analysis/unified_tia_csv/05- relationship_file.csv,251,The Big -P.01-UP-20-April-26,,,,,,,,,,,,,,,,,,,,,,,,,,,,,E-APP-B03-GR-1010,Approval for Stairs Conc. Dim.  & RFT DWGs  (B03) (GF),"E-SUB-B03-GR-1010, E-SUB-B03-GR-1010","E-SUB-B03-GR-1010: SS 12, E-SUB-B03-GR-1010: FF 10","CON-B03-GR-1050, CON-B03-GR-1070",,,,,,
05- relationship_file,02-delay_analysis/unified_tia_csv/05- relationship_file.csv,252,The Big -P.01-UP-20-April-26,,,,,,,,,,,,,,,,,,,,,,,,,,,,,AB-SUB-B04-GR-1000,Submittal for Col. & Walls Conc. Dim.  & RFT DWGs As-Built Drawing (B04) (GF),CON-B04-GR-1030,CON-B04-GR-1030: FS,"AB-APP-B04-GR-1000, AB-APP-B04-GR-1000",,,,,,
05- relationship_file,02-delay_analysis/unified_tia_csv/05- relationship_file.csv,253,The Big -P.01-UP-20-April-26,,,,,,,,,,,,,,,,,,,,,,,,,,,,,AB-SUB-B04-GR-1010,Submittal for Slabs Conc. Dim.  & RFT DWGs As-Built Drawing (B04) (GF),CON-B04-GR-1080,CON-B04-GR-1080: FS,"AB-APP-B04-GR-1010, AB-APP-B04-GR-1010",,,,,,
05- relationship_file,02-delay_analysis/unified_tia_csv/05- relationship_file.csv,254,The Big -P.01-UP-20-April-26,,,,,,,,,,,,,,,,,,,,,,,,,,,,,AB-SUB-B04-GR-1020,Submittal for Beams Conc. Dim.  & RFT DWGs As-Built Drawing (B04) (GF),CON-B04-GR-1080,CON-B04-GR-1080: FS,"AB-APP-B04-GR-1020, AB-APP-B04-GR-1020",,,,,,
05- relationship_file,02-delay_analysis/unified_tia_csv/05- relationship_file.csv,255,The Big -P.01-UP-20-April-26,,,,,,,,,,,,,,,,,,,,,,,,,,,,,AB-SUB-B04-GR-1030,Submittal for Stairs Conc. Dim.  & RFT DWGs As-Built Drawing (B04) (GF),CON-B04-GR-1090,CON-B04-GR-1090: FS,"AB-APP-B04-GR-1030, AB-APP-B04-GR-1030",,,,,,
05- relationship_file,02-delay_analysis/unified_tia_csv/05- relationship_file.csv,256,The Big -P.01-UP-20-April-26,,,,,,,,,,,,,,,,,,,,,,,,,,,,,AB-SUB-B03-GR-1000,Submittal for Col. & Walls Conc. Dim.  & RFT DWGs As-Built Drawing (B03) (GF),CON-B03-GR-1030,CON-B03-GR-1030: FS,"AB-APP-B03-GR-1000, AB-APP-B03-GR-1000",,,,,,
05- relationship_file,02-delay_analysis/unified_tia_csv/05- relationship_file.csv,257,The Big -P.01-UP-20-April-26,,,,,,,,,,,,,,,,,,,,,,,,,,,,,AB-SUB-B03-GR-1010,Submittal for Slabs Conc. Dim.  & RFT DWGs As-Built Drawing (B03) (GF),CON-B03-GR-1080,CON-B03-GR-1080: FS,"AB-APP-B03-GR-1010, AB-APP-B03-GR-1010",,,,,,
05- relationship_file,02-delay_analysis/unified_tia_csv/05- relationship_file.csv,258,The Big -P.01-UP-20-April-26,,,,,,,,,,,,,,,,,,,,,,,,,,,,,AB-SUB-B03-GR-1020,Submittal for Beams Conc. Dim.  & RFT DWGs As-Built Drawing (B03) (GF),CON-B03-GR-1080,CON-B03-GR-1080: FS,"AB-APP-B03-GR-1020, AB-APP-B03-GR-1020",,,,,,
05- relationship_file,02-delay_analysis/unified_tia_csv/05- relationship_file.csv,259,The Big -P.01-UP-20-April-26,,,,,,,,,,,,,,,,,,,,,,,,,,,,,AB-SUB-B03-GR-1030,Submittal for Stairs Conc. Dim.  & RFT DWGs As-Built Drawing (B03) (GF),CON-B03-GR-1090,CON-B03-GR-1090: FS,"AB-APP-B03-GR-1030, AB-APP-B03-GR-1030",,,,,,
05- relationship_file,02-delay_analysis/unified_tia_csv/05- relationship_file.csv,260,The Big -P.01-UP-20-April-26,,,,,,,,,,,,,,,,,,,,,,,,,,,,,AB-SUB-B02-GR-1000,Submittal for Col. & Walls Conc. Dim.  & RFT DWGs As-Built Drawing (B02) (GF),CON-B02-GR-1030,CON-B02-GR-1030: FS,"AB-APP-B02-GR-1000, AB-APP-B02-GR-1000",,,,,,
05- relationship_file,02-delay_analysis/unified_tia_csv/05- relationship_file.csv,261,The Big -P.01-UP-20-April-26,,,,,,,,,,,,,,,,,,,,,,,,,,,,,AB-SUB-B02-GR-1020,Submittal for Slabs Conc. Dim.  & RFT DWGs As-Built Drawing (B02) (GF),CON-B02-GR-1100,CON-B02-GR-1100: FS,"AB-APP-B02-GR-1020, AB-APP-B02-GR-1020",,,,,,
05- relationship_file,02-delay_analysis/unified_tia_csv/05- relationship_file.csv,262,The Big -P.01-UP-20-April-26,,,,,,,,,,,,,,,,,,,,,,,,,,,,,AB-SUB-B02-GR-1030,Submittal for Beams Conc. Dim.  & RFT DWGs As-Built Drawing (B02) (GF),CON-B02-GR-1100,CON-B02-GR-1100: FS,"AB-APP-B02-GR-1030, AB-APP-B02-GR-1030",,,,,,
05- relationship_file,02-delay_analysis/unified_tia_csv/05- relationship_file.csv,263,The Big -P.01-UP-20-April-26,,,,,,,,,,,,,,,,,,,,,,,,,,,,,AB-SUB-B02-GR-1010,Submittal for Stairs Conc. Dim.  & RFT DWGs As-Built Drawing (B02) (GF),CON-B02-GR-1080,CON-B02-GR-1080: FS,"AB-APP-B02-GR-1010, AB-APP-B02-GR-1010",,,,,,
05- relationship_file,02-delay_analysis/unified_tia_csv/05- relationship_file.csv,264,The Big -P.01-UP-20-April-26,,,,,,,,,,,,,,,,,,,,,,,,,,,,,AB-SUB-B01-GR-1000,Submittal for Col. & Walls Conc. Dim.  & RFT DWGs As-Built Drawing (B01),CON-B01-GR-1030,CON-B01-GR-1030: FS,"AB-APP-B01-GR-1000, AB-APP-B01-GR-1000",,,,,,
05- relationship_file,02-delay_analysis/unified_tia_csv/05- relationship_file.csv,265,The Big -P.01-UP-20-April-26,,,,,,,,,,,,,,,,,,,,,,,,,,,,,AB-SUB-B01-GR-1020,Submittal for Slabs Conc. Dim.  & RFT DWGs As-Built Drawing (B01),CON-B01-GR-1090,CON-B01-GR-1090: FS,"AB-APP-B01-GR-1020, AB-APP-B01-GR-1020",,,,,,
05- relationship_file,02-delay_analysis/unified_tia_csv/05- relationship_file.csv,266,The Big -P.01-UP-20-April-26,,,,,,,,,,,,,,,,,,,,,,,,,,,,,AB-SUB-B01-GR-1030,Submittal for Beams Conc. Dim.  & RFT DWGs As-Built Drawing (B01),CON-B01-GR-1090,CON-B01-GR-1090: FS,"AB-APP-B01-GR-1030, AB-APP-B01-GR-1030",,,,,,
05- relationship_file,02-delay_analysis/unified_tia_csv/05- relationship_file.csv,267,The Big -P.01-UP-20-April-26,,,,,,,,,,,,,,,,,,,,,,,,,,,,,AB-SUB-B01-GR-1010,Submittal for Stairs Conc. Dim.  & RFT DWGs As-Built Drawing (B01),CON-B01-GR-1080,CON-B01-GR-1080: FS,"AB-APP-B01-GR-1010, AB-APP-B01-GR-1010",,,,,,
05- relationship_file,02-delay_analysis/unified_tia_csv/05- relationship_file.csv,268,The Big -P.01-UP-20-April-26,,,,,,,,,,,,,,,,,,,,,,,,,,,,,AB-APP-B02-GR-1000,Approval for Col. & Walls Conc. Dim.  & RFT DWGs As-Built Drawing (B02) (GF),"AB-SUB-B02-GR-1000, AB-SUB-B02-GR-1000","AB-SUB-B02-GR-1000: SS 12, AB-SUB-B02-GR-1000: FF 6",HO-1050,,,,,,
05- relationship_file,02-delay_analysis/unified_tia_csv/05- relationship_file.csv,269,The Big -P.01-UP-20-April-26,,,,,,,,,,,,,,,,,,,,,,,,,,,,,AB-APP-B02-GR-1020,Approval for Slabs Conc. Dim.  & RFT DWGs As-Built Drawing (B02) (GF),"AB-SUB-B02-GR-1020, AB-SUB-B02-GR-1020","AB-SUB-B02-GR-1020: SS 12, AB-SUB-B02-GR-1020: FF 6",HO-1050,,,,,,
05- relationship_file,02-delay_analysis/unified_tia_csv/05- relationship_file.csv,270,The Big -P.01-UP-20-April-26,,,,,,,,,,,,,,,,,,,,,,,,,,,,,AB-APP-B02-GR-1030,Approval for Beams Conc. Dim.  & RFT DWGs As-Built Drawing (B02) (GF),"AB-SUB-B02-GR-1030, AB-SUB-B02-GR-1030","AB-SUB-B02-GR-1030: SS 12, AB-SUB-B02-GR-1030: FF 6",HO-1050,,,,,,
05- relationship_file,02-delay_analysis/unified_tia_csv/05- relationship_file.csv,271,The Big -P.01-UP-20-April-26,,,,,,,,,,,,,,,,,,,,,,,,,,,,,AB-APP-B02-GR-1010,Approval for Stairs Conc. Dim.  & RFT DWGs As-Built Drawing (B02) (GF),"AB-SUB-B02-GR-1010, AB-SUB-B02-GR-1010","AB-SUB-B02-GR-1010: SS 12, AB-SUB-B02-GR-1010: FF 6",HO-1050,,,,,,
05- relationship_file,02-delay_analysis/unified_tia_csv/05- relationship_file.csv,272,The Big -P.01-UP-20-April-26,,,,,,,,,,,,,,,,,,,,,,,,,,,,,AB-APP-B01-GR-1000,Approval for Col. & Walls Conc. Dim.  & RFT DWGs As-Built Drawing (B01)  (GF),"AB-SUB-B01-GR-1000, AB-SUB-B01-GR-1000","AB-SUB-B01-GR-1000: SS 12, AB-SUB-B01-GR-1000: FF 6",HO-1050,,,,,,
05- relationship_file,02-delay_analysis/unified_tia_csv/05- relationship_file.csv,273,The Big -P.01-UP-20-April-26,,,,,,,,,,,,,,,,,,,,,,,,,,,,,AB-APP-B01-GR-1020,Approval for Slabs Conc. Dim.  & RFT DWGs As-Built Drawing (B01)  (GF),"AB-SUB-B01-GR-1020, AB-SUB-B01-GR-1020","AB-SUB-B01-GR-1020: SS 12, AB-SUB-B01-GR-1020: FF 6",HO-1050,,,,,,
05- relationship_file,02-delay_analysis/unified_tia_csv/05- relationship_file.csv,274,The Big -P.01-UP-20-April-26,,,,,,,,,,,,,,,,,,,,,,,,,,,,,AB-APP-B01-GR-1030,Approval for Beams Conc. Dim.  & RFT DWGs As-Built Drawing (B01)  (GF),"AB-SUB-B01-GR-1030, AB-SUB-B01-GR-1030","AB-SUB-B01-GR-1030: SS 12, AB-SUB-B01-GR-1030: FF 6",HO-1050,,,,,,
05- relationship_file,02-delay_analysis/unified_tia_csv/05- relationship_file.csv,275,The Big -P.01-UP-20-April-26,,,,,,,,,,,,,,,,,,,,,,,,,,,,,AB-APP-B01-GR-1010,Approval for Stairs Conc. Dim.  & RFT DWGs As-Built Drawing (B01)  (GF),"AB-SUB-B01-GR-1010, AB-SUB-B01-GR-1010","AB-SUB-B01-GR-1010: SS 12, AB-SUB-B01-GR-1010: FF 6",HO-1050,,,,,,
05- relationship_file,02-delay_analysis/unified_tia_csv/05- relationship_file.csv,276,The Big -P.01-UP-20-April-26,,,,,,,,,,,,,,,,,,,,,,,,,,,,,AB-APP-B04-GR-1000,Approval for Col. & Walls Conc. Dim.  & RFT DWGs As-Built Drawing (B04) (GF),"AB-SUB-B04-GR-1000, AB-SUB-B04-GR-1000","AB-SUB-B04-GR-1000: SS 12, AB-SUB-B04-GR-1000: FF 6",HO-1050,,,,,,
05- relationship_file,02-delay_analysis/unified_tia_csv/05- relationship_file.csv,277,The Big -P.01-UP-20-April-26,,,,,,,,,,,,,,,,,,,,,,,,,,,,,AB-APP-B04-GR-1010,Approval for Slabs Conc. Dim.  & RFT DWGs As-Built Drawing (B04) (GF),"AB-SUB-B04-GR-1010, AB-SUB-B04-GR-1010","AB-SUB-B04-GR-1010: SS 12, AB-SUB-B04-GR-1010: FF 6",HO-1050,,,,,,
05- relationship_file,02-delay_analysis/unified_tia_csv/05- relationship_file.csv,278,The Big -P.01-UP-20-April-26,,,,,,,,,,,,,,,,,,,,,,,,,,,,,AB-APP-B04-GR-1020,Approval for Beams Conc. Dim.  & RFT DWGs As-Built Drawing (B04) (GF),"AB-SUB-B04-GR-1020, AB-SUB-B04-GR-1020","AB-SUB-B04-GR-1020: SS 12, AB-SUB-B04-GR-1020: FF 6",HO-1050,,,,,,
05- relationship_file,02-delay_analysis/unified_tia_csv/05- relationship_file.csv,279,The Big -P.01-UP-20-April-26,,,,,,,,,,,,,,,,,,,,,,,,,,,,,AB-APP-B04-GR-1030,Approval for Stairs Conc. Dim.  & RFT DWGs As-Built Drawing (B04) (GF),"AB-SUB-B04-GR-1030, AB-SUB-B04-GR-1030","AB-SUB-B04-GR-1030: SS 12, AB-SUB-B04-GR-1030: FF 6",HO-1050,,,,,,
05- relationship_file,02-delay_analysis/unified_tia_csv/05- relationship_file.csv,280,The Big -P.01-UP-20-April-26,,,,,,,,,,,,,,,,,,,,,,,,,,,,,AB-APP-B03-GR-1000,Approval for Col. & Walls Conc. Dim.  & RFT DWGs As-Built Drawing  (B03) (GF),"AB-SUB-B03-GR-1000, AB-SUB-B03-GR-1000","AB-SUB-B03-GR-1000: SS 12, AB-SUB-B03-GR-1000: FF 6",HO-1050,,,,,,
05- relationship_file,02-delay_analysis/unified_tia_csv/05- relationship_file.csv,281,The Big -P.01-UP-20-April-26,,,,,,,,,,,,,,,,,,,,,,,,,,,,,AB-APP-B03-GR-1010,Approval for Slabs Conc. Dim.  & RFT DWGs As-Built Drawing  (B03) (GF),"AB-SUB-B03-GR-1010, AB-SUB-B03-GR-1010","AB-SUB-B03-GR-1010: SS 12, AB-SUB-B03-GR-1010: FF 6",HO-1050,,,,,,
05- relationship_file,02-delay_analysis/unified_tia_csv/05- relationship_file.csv,282,The Big -P.01-UP-20-April-26,,,,,,,,,,,,,,,,,,,,,,,,,,,,,AB-APP-B03-GR-1020,Approval for Beams Conc. Dim.  & RFT DWGs As-Built Drawing  (B03) (GF),"AB-SUB-B03-GR-1020, AB-SUB-B03-GR-1020","AB-SUB-B03-GR-1020: SS 12, AB-SUB-B03-GR-1020: FF 6",HO-1050,,,,,,
05- relationship_file,02-delay_analysis/unified_tia_csv/05- relationship_file.csv,283,The Big -P.01-UP-20-April-26,,,,,,,,,,,,,,,,,,,,,,,,,,,,,AB-APP-B03-GR-1030,Approval for Stairs Conc. Dim.  & RFT DWGs As-Built Drawing  (B03) (GF),"AB-SUB-B03-GR-1030, AB-SUB-B03-GR-1030","AB-SUB-B03-GR-1030: SS 12, AB-SUB-B03-GR-1030: FF 6",HO-1050,,,,,,
05- relationship_file,02-delay_analysis/unified_tia_csv/05- relationship_file.csv,284,The Big -P.01-UP-20-April-26,,,,,,,,,,,,,,,,,,,,,,,,,,,,,E-SUB-B01-BAS02-1000,Submittal for Col. & Walls Conc. Dim.  & RFT DWGs (B01) (Bas 02),E-DR-1000,E-DR-1000: FS,"E-APP-B01-BAS02-1000, E-APP-B01-BAS02-1000, E-SUB-B01-BAS02-1010",,,,,,
05- relationship_file,02-delay_analysis/unified_tia_csv/05- relationship_file.csv,285,The Big -P.01-UP-20-April-26,,,,,,,,,,,,,,,,,,,,,,,,,,,,,E-SUB-B01-BAS02-1040,Submittal for Slabs Conc. Dim.  & RFT DWGs (B01) (Bas 02),"E-DR-1000, E-SUB-B01-BAS02-1030","E-DR-1000: FS 14, E-SUB-B01-BAS02-1030: SS 3","E-APP-B01-BAS02-1040, E-APP-B01-BAS02-1040",,,,,,
05- relationship_file,02-delay_analysis/unified_tia_csv/05- relationship_file.csv,286,The Big -P.01-UP-20-April-26,,,,,,,,,,,,,,,,,,,,,,,,,,,,,E-SUB-B01-BAS02-1030,Submittal for Beams Conc. Dim.  & RFT DWGs (B01) (Bas 02),"E-DR-1000, E-SUB-B01-BAS02-1020","E-DR-1000: FS 10, E-SUB-B01-BAS02-1020: SS 3","E-APP-B01-BAS02-1030, E-APP-B01-BAS02-1030, E-SUB-B01-BAS02-1040",,,,,,
05- relationship_file,02-delay_analysis/unified_tia_csv/05- relationship_file.csv,287,The Big -P.01-UP-20-April-26,,,,,,,,,,,,,,,,,,,,,,,,,,,,,E-SUB-B01-BAS02-1010,Submittal for Stairs Conc. Dim.  & RFT DWGs (B01) (Bas 02),"E-DR-1000, E-SUB-B01-BAS02-1000","E-DR-1000: FS 3, E-SUB-B01-BAS02-1000: SS 3","E-APP-B01-BAS02-1010, E-APP-B01-BAS02-1010, E-SUB-B01-BAS02-1020",,,,,,
05- relationship_file,02-delay_analysis/unified_tia_csv/05- relationship_file.csv,288,The Big -P.01-UP-20-April-26,,,,,,,,,,,,,,,,,,,,,,,,,,,,,E-SUB-B01-BAS02-1020,Submittal for Ramps Conc. Dim.  & RFT DWGs (B01) (Bas 02),"E-DR-1000, E-SUB-B01-BAS02-1010","E-DR-1000: FS 7, E-SUB-B01-BAS02-1010: SS 3","E-APP-B01-BAS02-1020, E-APP-B01-BAS02-1020, E-SUB-B01-BAS02-1030",,,,,,
05- relationship_file,02-delay_analysis/unified_tia_csv/05- relationship_file.csv,289,The Big -P.01-UP-20-April-26,,,,,,,,,,,,,,,,,,,,,,,,,,,,,AB-SUB-B01-BAS2-1000,Submittal for Col. & Walls Conc. Dim.  & RFT DWGs As-Built Drawing (B01) (Bas 02),CON-B01-BAS02-1030,CON-B01-BAS02-1030: FS,"AB-APP-B01-BAS2-1000, AB-APP-B01-BAS2-1000",,,,,,
05- relationship_file,02-delay_analysis/unified_tia_csv/05- relationship_file.csv,290,The Big -P.01-UP-20-April-26,,,,,,,,,,,,,,,,,,,,,,,,,,,,,AB-SUB-B01-BAS2-1030,Submittal for Slabs Conc. Dim.  & RFT DWGs As-Built Drawing (B01) (Bas 02),CON-B01-BAS02-1130,CON-B01-BAS02-1130: FS,"AB-APP-B01-BAS2-1030, AB-APP-B01-BAS2-1030",,,,,,
05- relationship_file,02-delay_analysis/unified_tia_csv/05- relationship_file.csv,291,The Big -P.01-UP-20-April-26,,,,,,,,,,,,,,,,,,,,,,,,,,,,,AB-SUB-B01-BAS2-1040,Submittal for Beams Conc. Dim.  & RFT DWGs As-Built Drawing (B01) (Bas 02),CON-B01-BAS02-1130,CON-B01-BAS02-1130: FS,"AB-APP-B01-BAS2-1040, AB-APP-B01-BAS2-1040",,,,,,
05- relationship_file,02-delay_analysis/unified_tia_csv/05- relationship_file.csv,292,The Big -P.01-UP-20-April-26,,,,,,,,,,,,,,,,,,,,,,,,,,,,,AB-SUB-B01-BAS2-1010,Submittal for Stairs Conc. Dim.  & RFT DWGs As-Built Drawing (B01) (Bas 02),CON-B01-BAS02-1100,CON-B01-BAS02-1100: FS,"AB-APP-B01-BAS2-1010, AB-APP-B01-BAS2-1010",,,,,,
05- relationship_file,02-delay_analysis/unified_tia_csv/05- relationship_file.csv,293,The Big -P.01-UP-20-April-26,,,,,,,,,,,,,,,,,,,,,,,,,,,,,AB-SUB-B01-BAS2-1020,Submittal for Ramps Conc. Dim.  & RFT DWGs As-Built Drawing (B01) (Bas 02),CON-B01-BAS02-1110,CON-B01-BAS02-1110: FS,"AB-APP-B01-BAS2-1020, AB-APP-B01-BAS2-1020",,,,,,
05- relationship_file,02-delay_analysis/unified_tia_csv/05- relationship_file.csv,294,The Big -P.01-UP-20-April-26,,,,,,,,,,,,,,,,,,,,,,,,,,,,,CON-B01-1ST-1010,"RFT for Walls, Col. & Cores (B01) (1st)","CON-B01-1ST-1000, CON-B01-1ST-1000, E-APP-B01-1ST-1000, P-MDEL-1120","CON-B01-1ST-1000: SS 3, CON-B01-1ST-1000: FF, E-APP-B01-1ST-1000: FS, P-MDEL-1120: FS","CON-B01-1ST-1020, CON-B01-1ST-1020",,,,,,
05- relationship_file,02-delay_analysis/unified_tia_csv/05- relationship_file.csv,295,The Big -P.01-UP-20-April-26,,,,,,,,,,,,,,,,,,,,,,,,,,,,,CON-B01-1ST-1050,"RFT for Slabs, Beams & Stairs(B01) (1st)","CON-B01-1ST-1040, CON-B01-1ST-1040, E-APP-B01-1ST-1010, E-APP-B01-1ST-1020, E-APP-B01-1ST-1030, P-MDEL-1120","CON-B01-1ST-1040: SS 4, CON-B01-1ST-1040: FF, E-APP-B01-1ST-1010: FS, E-APP-B01-1ST-1020: FS, E-APP-B01-1ST-1030: FS, P-MDEL-1120: FS",CON-B01-1ST-1060,,,,,,
05- relationship_file,02-delay_analysis/unified_tia_csv/05- relationship_file.csv,296,The Big -P.01-UP-20-April-26,,,,,,,,,,,,,,,,,,,,,,,,,,,,,CON-B02-1ST-1010,"RFT for Walls, Col. & Cores (B02) (1st)","CON-B02-1ST-1000, CON-B02-1ST-1000, E-APP-B02-1ST-1000, P-MDEL-1120","CON-B02-1ST-1000: SS 3, CON-B02-1ST-1000: FF, E-APP-B02-1ST-1000: FS, P-MDEL-1120: FS","CON-B02-1ST-1020, CON-B02-1ST-1020",,,,,,
05- relationship_file,02-delay_analysis/unified_tia_csv/05- relationship_file.csv,297,The Big -P.01-UP-20-April-26,,,,,,,,,,,,,,,,,,,,,,,,,,,,,CON-B02-1ST-1050,"RFT for Slabs, Beams & Stairs (B02) (1st)","CON-B02-1ST-1040, CON-B02-1ST-1040, E-APP-B02-1ST-1010, E-APP-B02-1ST-1020, E-APP-B02-1ST-1030, P-MDEL-1120","CON-B02-1ST-1040: SS 4, CON-B02-1ST-1040: FF, E-APP-B02-1ST-1010: FS, E-APP-B02-1ST-1020: FS, E-APP-B02-1ST-1030: FS, P-MDEL-1120: FS",CON-B02-1ST-1060,,,,,,
05- relationship_file,02-delay_analysis/unified_tia_csv/05- relationship_file.csv,298,The Big -P.01-UP-20-April-26,,,,,,,,,,,,,,,,,,,,,,,,,,,,,CON-B03-1ST-1010,"RFT for Walls, Col. & Cores (B03) (1st)","CON-B03-1ST-1000, CON-B03-1ST-1000, E-APP-B03-1ST-1000, P-MDEL-1120","CON-B03-1ST-1000: SS 3, CON-B03-1ST-1000: FF, E-APP-B03-1ST-1000: FS, P-MDEL-1120: FS","CON-B03-1ST-1020, CON-B03-1ST-1020",,,,,,
05- relationship_file,02-delay_analysis/unified_tia_csv/05- relationship_file.csv,299,The Big -P.01-UP-20-April-26,,,,,,,,,,,,,,,,,,,,,,,,,,,,,CON-B03-1ST-1050,"RFT for Slabs, Beams & Stairs (B03) (1st)","CON-B03-1ST-1040, CON-B03-1ST-1040, E-APP-B03-1ST-1010, E-APP-B03-1ST-1020, E-APP-B03-1ST-1030, P-MDEL-1120","CON-B03-1ST-1040: SS 4, CON-B03-1ST-1040: FF, E-APP-B03-1ST-1010: FS, E-APP-B03-1ST-1020: FS, E-APP-B03-1ST-1030: FS, P-MDEL-1120: FS",CON-B03-1ST-1060,,,,,,
05- relationship_file,02-delay_analysis/unified_tia_csv/05- relationship_file.csv,300,The Big -P.01-UP-20-April-26,,,,,,,,,,,,,,,,,,,,,,,,,,,,,CON-B04-1ST-1010,"RFT for Walls, Col. & Cores (B04) (1st)","CON-B04-1ST-1000, CON-B04-1ST-1000, E-APP-B04-1ST-1000, P-MDEL-1120","CON-B04-1ST-1000: SS 3, CON-B04-1ST-1000: FF, E-APP-B04-1ST-1000: FS, P-MDEL-1120: FS","CON-B04-1ST-1020, CON-B04-1ST-1020",,,,,,
05- relationship_file,02-delay_analysis/unified_tia_csv/05- relationship_file.csv,301,The Big -P.01-UP-20-April-26,,,,,,,,,,,,,,,,,,,,,,,,,,,,,CON-B04-1ST-1050,"RFT for Slabs, Beams & Stairs (B04) (1st)","CON-B04-1ST-1040, CON-B04-1ST-1040, E-APP-B04-1ST-1010, E-APP-B04-1ST-1020, E-APP-B04-1ST-1030, P-MDEL-1120","CON-B04-1ST-1040: SS 4, CON-B04-1ST-1040: FF, E-APP-B04-1ST-1010: FS, E-APP-B04-1ST-1020: FS, E-APP-B04-1ST-1030: FS, P-MDEL-1120: FS",CON-B04-1ST-1060,,,,,,
05- relationship_file,02-delay_analysis/unified_tia_csv/05- relationship_file.csv,302,The Big -P.01-UP-20-April-26,,,,,,,,,,,,,,,,,,,,,,,,,,,,,CON-B01-2ND-1010,"RFT for Walls, Col. & Cores (B01) (2nd)","CON-B01-2ND-1000, CON-B01-2ND-1000, E-APP-B01-2ND-1000, P-MDEL-1110","CON-B01-2ND-1000: SS 2, CON-B01-2ND-1000: FF, E-APP-B01-2ND-1000: FS, P-MDEL-1110: FS","CON-B01-2ND-1020, CON-B01-2ND-1020",,,,,,
05- relationship_file,02-delay_analysis/unified_tia_csv/05- relationship_file.csv,303,The Big -P.01-UP-20-April-26,,,,,,,,,,,,,,,,,,,,,,,,,,,,,CON-B01-2ND-1050,"RFT for Slabs, Beams & Stairs (B01) (2nd)","CON-B01-2ND-1040, CON-B01-2ND-1040, E-APP-B01-2ND-1010, E-APP-B01-2ND-1020, E-APP-B01-2ND-1030, P-MDEL-1110","CON-B01-2ND-1040: SS 4, CON-B01-2ND-1040: FF, E-APP-B01-2ND-1010: FS, E-APP-B01-2ND-1020: FS, E-APP-B01-2ND-1030: FS, P-MDEL-1110: FS",CON-B01-2ND-1060,,,,,,
05- relationship_file,02-delay_analysis/unified_tia_csv/05- relationship_file.csv,304,The Big -P.01-UP-20-April-26,,,,,,,,,,,,,,,,,,,,,,,,,,,,,CON-B02-2ND-1010,"RFT for Walls, Col. & Cores (B02) (2nd)","CON-B02-2ND-1000, CON-B02-2ND-1000, E-APP-B02-2ND-1000, P-MDEL-1110","CON-B02-2ND-1000: SS 2, CON-B02-2ND-1000: FF, E-APP-B02-2ND-1000: FS, P-MDEL-1110: FS","CON-B02-2ND-1020, CON-B02-2ND-1020",,,,,,
05- relationship_file,02-delay_analysis/unified_tia_csv/05- relationship_file.csv,305,The Big -P.01-UP-20-April-26,,,,,,,,,,,,,,,,,,,,,,,,,,,,,CON-B02-2ND-1050,"RFT for Slabs, Beams & Stairs (B02) (2nd)","CON-B02-2ND-1040, CON-B02-2ND-1040, E-APP-B02-2ND-1010, E-APP-B02-2ND-1020, E-APP-B02-2ND-1030, P-MDEL-1110","CON-B02-2ND-1040: SS 4, CON-B02-2ND-1040: FF, E-APP-B02-2ND-1010: FS, E-APP-B02-2ND-1020: FS, E-APP-B02-2ND-1030: FS, P-MDEL-1110: FS",CON-B02-2ND-1060,,,,,,
05- relationship_file,02-delay_analysis/unified_tia_csv/05- relationship_file.csv,306,The Big -P.01-UP-20-April-26,,,,,,,,,,,,,,,,,,,,,,,,,,,,,CON-B03-2ND-1010,"RFT for Walls, Col. & Cores (B03) (2nd)","CON-B03-2ND-1000, CON-B03-2ND-1000, E-APP-B03-2ND-1000, P-MDEL-1110","CON-B03-2ND-1000: SS 3, CON-B03-2ND-1000: FF, E-APP-B03-2ND-1000: FS, P-MDEL-1110: FS","CON-B03-2ND-1020, CON-B03-2ND-1020",,,,,,
05- relationship_file,02-delay_analysis/unified_tia_csv/05- relationship_file.csv,307,The Big -P.01-UP-20-April-26,,,,,,,,,,,,,,,,,,,,,,,,,,,,,CON-B03-2ND-1050,"RFT for Slabs, Beams & Stairs(B03) (2nd)","CON-B03-2ND-1040, CON-B03-2ND-1040, E-APP-B03-2ND-1010, E-APP-B03-2ND-1020, E-APP-B03-2ND-1030, P-MDEL-1110","CON-B03-2ND-1040: SS 4, CON-B03-2ND-1040: FF, E-APP-B03-2ND-1010: FS, E-APP-B03-2ND-1020: FS, E-APP-B03-2ND-1030: FS, P-MDEL-1110: FS",CON-B03-2ND-1060,,,,,,
05- relationship_file,02-delay_analysis/unified_tia_csv/05- relationship_file.csv,308,The Big -P.01-UP-20-April-26,,,,,,,,,,,,,,,,,,,,,,,,,,,,,CON-B04-2ND-1010,"RFT for Walls, Col. & Cores (B04) (2nd)","CON-B04-2ND-1000, CON-B04-2ND-1000, E-APP-B04-2ND-1000, P-MDEL-1110","CON-B04-2ND-1000: SS 3, CON-B04-2ND-1000: FF, E-APP-B04-2ND-1000: FS, P-MDEL-1110: FS","CON-B04-2ND-1020, CON-B04-2ND-1020",,,,,,
05- relationship_file,02-delay_analysis/unified_tia_csv/05- relationship_file.csv,309,The Big -P.01-UP-20-April-26,,,,,,,,,,,,,,,,,,,,,,,,,,,,,CON-B04-2ND-1050,"RFT for Slabs, Beams & Stairs (B04) (2nd)","CON-B04-2ND-1040, CON-B04-2ND-1040, E-APP-B04-2ND-1010, E-APP-B04-2ND-1020, E-APP-B04-2ND-1030, P-MDEL-1110","CON-B04-2ND-1040: SS 4, CON-B04-2ND-1040: FF, E-APP-B04-2ND-1010: FS, E-APP-B04-2ND-1020: FS, E-APP-B04-2ND-1030: FS, P-MDEL-1110: FS",CON-B04-2ND-1060,,,,,,
05- relationship_file,02-delay_analysis/unified_tia_csv/05- relationship_file.csv,310,The Big -P.01-UP-20-April-26,,,,,,,,,,,,,,,,,,,,,,,,,,,,,CON-B01-3RD-1010,"RFT for Walls, Col. & Cores (B01) (3rd)","CON-B01-3RD-1000, CON-B01-3RD-1000, E-APP-B01-3ED-1000, E-APP-B01-3ED-1010, E-APP-B01-3ED-1020, E-APP-B01-3ED-1030, P-MDEL-1100","CON-B01-3RD-1000: SS 3, CON-B01-3RD-1000: FF, E-APP-B01-3ED-1000: FS, E-APP-B01-3ED-1010: FS, E-APP-B01-3ED-1020: FS, E-APP-B01-3ED-1030: FS, P-MDEL-1100: FS","CON-B01-3RD-1020, CON-B01-3RD-1020",,,,,,
05- relationship_file,02-delay_analysis/unified_tia_csv/05- relationship_file.csv,311,The Big -P.01-UP-20-April-26,,,,,,,,,,,,,,,,,,,,,,,,,,,,,CON-B01-3RD-1050,"RFT for Slabs, Beams & Stairs (B01) (3rd)","CON-B01-3RD-1040, CON-B01-3RD-1040, P-MDEL-1100","CON-B01-3RD-1040: SS 4, CON-B01-3RD-1040: FF, P-MDEL-1100: FS",CON-B01-3RD-1060,,,,,,
05- relationship_file,02-delay_analysis/unified_tia_csv/05- relationship_file.csv,312,The Big -P.01-UP-20-April-26,,,,,,,,,,,,,,,,,,,,,,,,,,,,,CON-B02-3RD-1010,"RFT for Walls, Col. & Cores (B02) (3rd)","CON-B02-3RD-1000, CON-B02-3RD-1000, E-APP-B02-3RD-1000, P-MDEL-1100","CON-B02-3RD-1000: SS 2, CON-B02-3RD-1000: FF, E-APP-B02-3RD-1000: FS, P-MDEL-1100: FS","CON-B02-3RD-1020, CON-B02-3RD-1020",,,,,,
05- relationship_file,02-delay_analysis/unified_tia_csv/05- relationship_file.csv,313,The Big -P.01-UP-20-April-26,,,,,,,,,,,,,,,,,,,,,,,,,,,,,CON-B02-3RD-1050,"RFT for Slabs, Beams & Stairs (B02) (3rd)","CON-B02-3RD-1040, CON-B02-3RD-1040, E-APP-B02-3RD-1010, E-APP-B02-3RD-1020, E-APP-B02-3RD-1030, P-MDEL-1100","CON-B02-3RD-1040: SS 4, CON-B02-3RD-1040: FF, E-APP-B02-3RD-1010: FS, E-APP-B02-3RD-1020: FS, E-APP-B02-3RD-1030: FS, P-MDEL-1100: FS",CON-B02-3RD-1060,,,,,,
05- relationship_file,02-delay_analysis/unified_tia_csv/05- relationship_file.csv,314,The Big -P.01-UP-20-April-26,,,,,,,,,,,,,,,,,,,,,,,,,,,,,CON-B03-3RD-1010,"RFT for Walls, Col. & Cores (B03) (3rd)","CON-B03-3RD-1000, CON-B03-3RD-1000, E-APP-B03-3RD-1000, P-MDEL-1100","CON-B03-3RD-1000: SS 3, CON-B03-3RD-1000: FF, E-APP-B03-3RD-1000: FS, P-MDEL-1100: FS","CON-B03-3RD-1020, CON-B03-3RD-1020",,,,,,
05- relationship_file,02-delay_analysis/unified_tia_csv/05- relationship_file.csv,315,The Big -P.01-UP-20-April-26,,,,,,,,,,,,,,,,,,,,,,,,,,,,,CON-B03-3RD-1050,"RFT for Slabs, Beams & Stairs (B03) (3rd)","CON-B03-3RD-1040, CON-B03-3RD-1040, E-APP-B03-3RD-1010, E-APP-B03-3RD-1020, E-APP-B03-3RD-1030, P-MDEL-1100","CON-B03-3RD-1040: SS 4, CON-B03-3RD-1040: FF, E-APP-B03-3RD-1010: FS, E-APP-B03-3RD-1020: FS, E-APP-B03-3RD-1030: FS, P-MDEL-1100: FS",CON-B03-3RD-1060,,,,,,
05- relationship_file,02-delay_analysis/unified_tia_csv/05- relationship_file.csv,316,The Big -P.01-UP-20-April-26,,,,,,,,,,,,,,,,,,,,,,,,,,,,,CON-B04-3RD-1010,"RFT for Walls, Col. & Cores (B04) (3rd)","CON-B04-3RD-1000, CON-B04-3RD-1000, E-APP-B04-2RD-1000, P-MDEL-1100","CON-B04-3RD-1000: SS 3, CON-B04-3RD-1000: FF, E-APP-B04-2RD-1000: FS, P-MDEL-1100: FS","CON-B04-3RD-1020, CON-B04-3RD-1020",,,,,,
05- relationship_file,02-delay_analysis/unified_tia_csv/05- relationship_file.csv,317,The Big -P.01-UP-20-April-26,,,,,,,,,,,,,,,,,,,,,,,,,,,,,CON-B04-3RD-1050,"RFT for Slabs, Beams & Stairs (B04) (3rd)","CON-B04-3RD-1040, CON-B04-3RD-1040, E-APP-B04-2RD-1010, E-APP-B04-2RD-1020, E-APP-B04-2RD-1030, P-MDEL-1100","CON-B04-3RD-1040: SS 4, CON-B04-3RD-1040: FF, E-APP-B04-2RD-1010: FS, E-APP-B04-2RD-1020: FS, E-APP-B04-2RD-1030: FS, P-MDEL-1100: FS",CON-B04-3RD-1060,,,,,,
05- relationship_file,02-delay_analysis/unified_tia_csv/05- relationship_file.csv,318,The Big -P.01-UP-20-April-26,,,,,,,,,,,,,,,,,,,,,,,,,,,,,CON-B01-4TH-1010,"RFT for Walls, Col. & Cores (B01) (4th)","CON-B01-4TH-1000, CON-B01-4TH-1000, E-APP-B01-4TH-1000, E-APP-B01-4TH-1010, E-APP-B01-4TH-1020, E-APP-B01-4TH-1030, P-MDEL-1090","CON-B01-4TH-1000: SS 3, CON-B01-4TH-1000: FF, E-APP-B01-4TH-1000: FS, E-APP-B01-4TH-1010: FS, E-APP-B01-4TH-1020: FS, E-APP-B01-4TH-1030: FS, P-MDEL-1090: FS","CON-B01-4TH-1020, CON-B01-4TH-1020",,,,,,
05- relationship_file,02-delay_analysis/unified_tia_csv/05- relationship_file.csv,319,The Big -P.01-UP-20-April-26,,,,,,,,,,,,,,,,,,,,,,,,,,,,,CON-B01-4TH-1050,"RFT for Slabs, Beams & Stairs (B01) (4th)","CON-B01-4TH-1040, CON-B01-4TH-1040, P-MDEL-1090","CON-B01-4TH-1040: SS 4, CON-B01-4TH-1040: FF, P-MDEL-1090: FS",CON-B01-4TH-1060,,,,,,
05- relationship_file,02-delay_analysis/unified_tia_csv/05- relationship_file.csv,320,The Big -P.01-UP-20-April-26,,,,,,,,,,,,,,,,,,,,,,,,,,,,,CON-B02-4TH-1010,"RFT for Walls, Col. & Cores (B02) (4th)","CON-B02-4TH-1000, CON-B02-4TH-1000, E-APP-B02-4TH-1000, P-MDEL-1090","CON-B02-4TH-1000: SS 2, CON-B02-4TH-1000: FF, E-APP-B02-4TH-1000: FS, P-MDEL-1090: FS","CON-B02-4TH-1020, CON-B02-4TH-1020",,,,,,
05- relationship_file,02-delay_analysis/unified_tia_csv/05- relationship_file.csv,321,The Big -P.01-UP-20-April-26,,,,,,,,,,,,,,,,,,,,,,,,,,,,,CON-B02-4TH-1050,"RFT for Slabs, Beams & Stairs (B02) (4th)","CON-B02-4TH-1040, CON-B02-4TH-1040, E-APP-B02-4TH-1010, E-APP-B02-4TH-1020, E-APP-B02-4TH-1030, P-MDEL-1090","CON-B02-4TH-1040: SS 3, CON-B02-4TH-1040: FF, E-APP-B02-4TH-1010: FS, E-APP-B02-4TH-1020: FS, E-APP-B02-4TH-1030: FS, P-MDEL-1090: FS",CON-B02-4TH-1060,,,,,,
05- relationship_file,02-delay_analysis/unified_tia_csv/05- relationship_file.csv,322,The Big -P.01-UP-20-April-26,,,,,,,,,,,,,,,,,,,,,,,,,,,,,CON-B03-4TH-1010,"RFT for Walls, Col. & Cores (B03) (4th)","CON-B03-4TH-1000, CON-B03-4TH-1000, E-APP-B03-4TH-1000, P-MDEL-1090","CON-B03-4TH-1000: SS 3, CON-B03-4TH-1000: FF, E-APP-B03-4TH-1000: FS, P-MDEL-1090: FS","CON-B03-4TH-1020, CON-B03-4TH-1020",,,,,,
05- relationship_file,02-delay_analysis/unified_tia_csv/05- relationship_file.csv,323,The Big -P.01-UP-20-April-26,,,,,,,,,,,,,,,,,,,,,,,,,,,,,CON-B03-4TH-1050,"RFT for Slabs, Beams & Stairs (B03) (4th)","CON-B03-4TH-1040, CON-B03-4TH-1040, E-APP-B03-4TH-1010, E-APP-B03-4TH-1020, E-APP-B03-4TH-1030, P-MDEL-1090","CON-B03-4TH-1040: SS 4, CON-B03-4TH-1040: FF, E-APP-B03-4TH-1010: FS, E-APP-B03-4TH-1020: FS, E-APP-B03-4TH-1030: FS, P-MDEL-1090: FS",CON-B03-4TH-1060,,,,,,
05- relationship_file,02-delay_analysis/unified_tia_csv/05- relationship_file.csv,324,The Big -P.01-UP-20-April-26,,,,,,,,,,,,,,,,,,,,,,,,,,,,,CON-B04-4TH-1010,"RFT for Walls, Col. & Cores (B04) (4th)","CON-B04-4TH-1000, CON-B04-4TH-1000, E-APP-B04-4TH-1000, P-MDEL-1090","CON-B04-4TH-1000: SS 3, CON-B04-4TH-1000: FF, E-APP-B04-4TH-1000: FS, P-MDEL-1090: FS","CON-B04-4TH-1020, CON-B04-4TH-1020",,,,,,
05- relationship_file,02-delay_analysis/unified_tia_csv/05- relationship_file.csv,325,The Big -P.01-UP-20-April-26,,,,,,,,,,,,,,,,,,,,,,,,,,,,,CON-B04-4TH-1050,"RFT for Slabs, Beams & Stairs (B04) (4th)","CON-B04-4TH-1040, CON-B04-4TH-1040, E-APP-B04-4TH-1010, E-APP-B04-4TH-1020, E-APP-B04-4TH-1030, P-MDEL-1090","CON-B04-4TH-1040: SS 4, CON-B04-4TH-1040: FF, E-APP-B04-4TH-1010: FS, E-APP-B04-4TH-1020: FS, E-APP-B04-4TH-1030: FS, P-MDEL-1090: FS",CON-B04-4TH-1060,,,,,,
05- relationship_file,02-delay_analysis/unified_tia_csv/05- relationship_file.csv,326,The Big -P.01-UP-20-April-26,,,,,,,,,,,,,,,,,,,,,,,,,,,,,CON-B01-5TH-1010,"RFT for Walls, Col. & Cores (B01) (5th)","CON-B01-5TH-1000, CON-B01-5TH-1000, E-APP-B01-5TH-1000, P-MDEL-1080","CON-B01-5TH-1000: SS 3, CON-B01-5TH-1000: FF, E-APP-B01-5TH-1000: FS, P-MDEL-1080: FS","CON-B01-5TH-1020, CON-B01-5TH-1020",,,,,,
05- relationship_file,02-delay_analysis/unified_tia_csv/05- relationship_file.csv,327,The Big -P.01-UP-20-April-26,,,,,,,,,,,,,,,,,,,,,,,,,,,,,CON-B01-5TH-1050,"RFT for Slabs, Beams & Stairs (B01) (5th)","CON-B01-5TH-1040, CON-B01-5TH-1040, E-APP-B01-5TH-1010, E-APP-B01-5TH-1020, E-APP-B01-5TH-1030, P-MDEL-1080","CON-B01-5TH-1040: SS 4, CON-B01-5TH-1040: FF, E-APP-B01-5TH-1010: FS, E-APP-B01-5TH-1020: FS, E-APP-B01-5TH-1030: FS, P-MDEL-1080: FS",CON-B01-5TH-1060,,,,,,
05- relationship_file,02-delay_analysis/unified_tia_csv/05- relationship_file.csv,328,The Big -P.01-UP-20-April-26,,,,,,,,,,,,,,,,,,,,,,,,,,,,,CON-B04-5TH-1010,"RFT for Walls, Col. & Cores (B04) (5th)","CON-B04-5TH-1000, CON-B04-5TH-1000, E-APP-B04-5TH-1000, P-MDEL-1080","CON-B04-5TH-1000: SS 3, CON-B04-5TH-1000: FF, E-APP-B04-5TH-1000: FS, P-MDEL-1080: FS","CON-B04-5TH-1020, CON-B04-5TH-1020",,,,,,
05- relationship_file,02-delay_analysis/unified_tia_csv/05- relationship_file.csv,329,The Big -P.01-UP-20-April-26,,,,,,,,,,,,,,,,,,,,,,,,,,,,,CON-B04-5TH-1050,"RFT for Slabs, Beams & Stairs (B04) (5th)","CON-B04-5TH-1040, CON-B04-5TH-1040, E-APP-B04-5TH-1010, E-APP-B04-5TH-1020, E-APP-B04-5TH-1030, P-MDEL-1080","CON-B04-5TH-1040: SS 3, CON-B04-5TH-1040: FF, E-APP-B04-5TH-1010: FS, E-APP-B04-5TH-1020: FS, E-APP-B04-5TH-1030: FS, P-MDEL-1080: FS",CON-B04-5TH-1060,,,,,,
05- relationship_file,02-delay_analysis/unified_tia_csv/05- relationship_file.csv,330,The Big -P.01-UP-20-April-26,,,,,,,,,,,,,,,,,,,,,,,,,,,,,CON-B01-6TH-1010,"RFT for Walls, Col. & Cores (B01) (6th)","CON-B01-6TH-1000, CON-B01-6TH-1000, E-APP-B01-6TH-1000, P-MDEL-1070","CON-B01-6TH-1000: SS 3, CON-B01-6TH-1000: FF, E-APP-B01-6TH-1000: FS, P-MDEL-1070: FS","CON-B01-6TH-1020, CON-B01-6TH-1020",,,,,,
05- relationship_file,02-delay_analysis/unified_tia_csv/05- relationship_file.csv,331,The Big -P.01-UP-20-April-26,,,,,,,,,,,,,,,,,,,,,,,,,,,,,CON-B01-6TH-1050,"RFT for Slabs, Beams & Stairs (B01) (6th)","CON-B01-6TH-1040, CON-B01-6TH-1040, E-APP-B01-6TH-1010, E-APP-B01-6TH-1020, E-APP-B01-6TH-1030, P-MDEL-1070","CON-B01-6TH-1040: SS 4, CON-B01-6TH-1040: FF, E-APP-B01-6TH-1010: FS, E-APP-B01-6TH-1020: FS, E-APP-B01-6TH-1030: FS, P-MDEL-1070: FS",CON-B01-6TH-1060,,,,,,
05- relationship_file,02-delay_analysis/unified_tia_csv/05- relationship_file.csv,332,The Big -P.01-UP-20-April-26,,,,,,,,,,,,,,,,,,,,,,,,,,,,,CON-B04-6TH-1010,"RFT for Walls, Col. & Cores (B04) (6th)","CON-B04-6TH-1000, CON-B04-6TH-1000, E-APP-B04-6TH-1000, P-MDEL-1070","CON-B04-6TH-1000: SS 3, CON-B04-6TH-1000: FF, E-APP-B04-6TH-1000: FS, P-MDEL-1070: FS","CON-B04-6TH-1020, CON-B04-6TH-1020",,,,,,
05- relationship_file,02-delay_analysis/unified_tia_csv/05- relationship_file.csv,333,The Big -P.01-UP-20-April-26,,,,,,,,,,,,,,,,,,,,,,,,,,,,,CON-B04-6TH-1050,"RFT for Slabs, Beams & Stairs (B04) (6th)","CON-B04-6TH-1040, CON-B04-6TH-1040, E-APP-B04-6TH-1010, E-APP-B04-6TH-1020, E-APP-B04-6TH-1030, P-MDEL-1070","CON-B04-6TH-1040: SS 3, CON-B04-6TH-1040: FF, E-APP-B04-6TH-1010: FS, E-APP-B04-6TH-1020: FS, E-APP-B04-6TH-1030: FS, P-MDEL-1070: FS",CON-B04-6TH-1060,,,,,,
05- relationship_file,02-delay_analysis/unified_tia_csv/05- relationship_file.csv,334,The Big -P.01-UP-20-April-26,,,,,,,,,,,,,,,,,,,,,,,,,,,,,E-SUB-B04-1ST-1000,Submittal for Col. & Walls Conc. Dim.  & RFT DWGs (B04) (1st),E-DR-1000,E-DR-1000: FS 45,"E-APP-B04-1ST-1000, E-APP-B04-1ST-1000, E-SUB-B04-1ST-1010",,,,,,
05- relationship_file,02-delay_analysis/unified_tia_csv/05- relationship_file.csv,335,The Big -P.01-UP-20-April-26,,,,,,,,,,,,,,,,,,,,,,,,,,,,,E-SUB-B04-1ST-1030,Submittal for Slabs Conc. Dim.  & RFT DWGs (B04) (1st),"E-DR-1000, E-SUB-B04-1ST-1020","E-DR-1000: FS 56, E-SUB-B04-1ST-1020: SS 3","E-APP-B04-1ST-1030, E-APP-B04-1ST-1030",,,,,,
05- relationship_file,02-delay_analysis/unified_tia_csv/05- relationship_file.csv,336,The Big -P.01-UP-20-April-26,,,,,,,,,,,,,,,,,,,,,,,,,,,,,E-SUB-B04-1ST-1020,Submittal for Beams Conc. Dim.  & RFT DWGs (B04) (1st),"E-DR-1000, E-SUB-B04-1ST-1010","E-DR-1000: FS 52, E-SUB-B04-1ST-1010: SS 3","E-APP-B04-1ST-1020, E-APP-B04-1ST-1020, E-SUB-B04-1ST-1030",,,,,,
05- relationship_file,02-delay_analysis/unified_tia_csv/05- relationship_file.csv,337,The Big -P.01-UP-20-April-26,,,,,,,,,,,,,,,,,,,,,,,,,,,,,E-SUB-B04-1ST-1010,Submittal for Stairs Conc. Dim.  & RFT DWGs (B04) (1st),"E-DR-1000, E-SUB-B04-1ST-1000","E-DR-1000: FS 49, E-SUB-B04-1ST-1000: SS 3","E-APP-B04-1ST-1010, E-APP-B04-1ST-1010, E-SUB-B04-1ST-1020",,,,,,
05- relationship_file,02-delay_analysis/unified_tia_csv/05- relationship_file.csv,338,The Big -P.01-UP-20-April-26,,,,,,,,,,,,,,,,,,,,,,,,,,,,,E-SUB-B03-1ST-1000,Submittal for Col. & Walls Conc. Dim.  & RFT DWGs (B03) (1st),E-DR-1000,E-DR-1000: FS 30,"E-APP-B03-1ST-1000, E-APP-B03-1ST-1000, E-SUB-B03-1ST-1010",,,,,,
05- relationship_file,02-delay_analysis/unified_tia_csv/05- relationship_file.csv,339,The Big -P.01-UP-20-April-26,,,,,,,,,,,,,,,,,,,,,,,,,,,,,E-SUB-B03-1ST-1030,Submittal for Slabs Conc. Dim.  & RFT DWGs (B03) (1st),"E-DR-1000, E-SUB-B03-1ST-1020","E-DR-1000: FS 40, E-SUB-B03-1ST-1020: SS 3","E-APP-B03-1ST-1030, E-APP-B03-1ST-1030",,,,,,
05- relationship_file,02-delay_analysis/unified_tia_csv/05- relationship_file.csv,340,The Big -P.01-UP-20-April-26,,,,,,,,,,,,,,,,,,,,,,,,,,,,,E-SUB-B03-1ST-1020,Submittal for Beams Conc. Dim.  & RFT DWGs (B03) (1st),"E-DR-1000, E-SUB-B03-1ST-1010","E-DR-1000: FS 37, E-SUB-B03-1ST-1010: SS 3","E-APP-B03-1ST-1020, E-APP-B03-1ST-1020, E-SUB-B03-1ST-1030",,,,,,
05- relationship_file,02-delay_analysis/unified_tia_csv/05- relationship_file.csv,341,The Big -P.01-UP-20-April-26,,,,,,,,,,,,,,,,,,,,,,,,,,,,,E-SUB-B03-1ST-1010,Submittal for Stairs Conc. Dim.  & RFT DWGs (B03) (1st),"E-DR-1000, E-SUB-B03-1ST-1000","E-DR-1000: FS 34, E-SUB-B03-1ST-1000: SS 3","E-APP-B03-1ST-1010, E-APP-B03-1ST-1010, E-SUB-B03-1ST-1020",,,,,,
05- relationship_file,02-delay_analysis/unified_tia_csv/05- relationship_file.csv,342,The Big -P.01-UP-20-April-26,,,,,,,,,,,,,,,,,,,,,,,,,,,,,E-SUB-B02-1ST-1000,Submittal for Col. & Walls Conc. Dim.  & RFT DWGs (B02) (1st),E-DR-1000,E-DR-1000: FS 35,"E-APP-B02-1ST-1000, E-APP-B02-1ST-1000, E-SUB-B02-1ST-1010",,,,,,
05- relationship_file,02-delay_analysis/unified_tia_csv/05- relationship_file.csv,343,The Big -P.01-UP-20-April-26,,,,,,,,,,,,,,,,,,,,,,,,,,,,,E-SUB-B02-1ST-1030,Submittal for Slabs Conc. Dim.  & RFT DWGs (B02) (1st),"E-DR-1000, E-SUB-B02-1ST-1020","E-DR-1000: FS 45, E-SUB-B02-1ST-1020: SS 3","E-APP-B02-1ST-1030, E-APP-B02-1ST-1030",,,,,,
05- relationship_file,02-delay_analysis/unified_tia_csv/05- relationship_file.csv,344,The Big -P.01-UP-20-April-26,,,,,,,,,,,,,,,,,,,,,,,,,,,,,E-SUB-B02-1ST-1020,Submittal for Beams Conc. Dim.  & RFT DWGs (B02) (1st),"E-DR-1000, E-SUB-B02-1ST-1010","E-DR-1000: FS 42, E-SUB-B02-1ST-1010: SS 3","E-APP-B02-1ST-1020, E-APP-B02-1ST-1020, E-SUB-B02-1ST-1030",,,,,,
05- relationship_file,02-delay_analysis/unified_tia_csv/05- relationship_file.csv,345,The Big -P.01-UP-20-April-26,,,,,,,,,,,,,,,,,,,,,,,,,,,,,E-SUB-B02-1ST-1010,Submittal for Stairs Conc. Dim.  & RFT DWGs (B02) (1st),"E-DR-1000, E-SUB-B02-1ST-1000","E-DR-1000: FS 38, E-SUB-B02-1ST-1000: SS 3","E-APP-B02-1ST-1010, E-APP-B02-1ST-1010, E-SUB-B02-1ST-1020",,,,,,
05- relationship_file,02-delay_analysis/unified_tia_csv/05- relationship_file.csv,346,The Big -P.01-UP-20-April-26,,,,,,,,,,,,,,,,,,,,,,,,,,,,,E-SUB-B01-1ST-1000,Submittal for Col. & Walls Conc. Dim.  & RFT DWGs (B01) (1st),E-DR-1000,E-DR-1000: FS 30,"E-APP-B01-1ST-1000, E-APP-B01-1ST-1000, E-SUB-B01-1ST-1010",,,,,,
05- relationship_file,02-delay_analysis/unified_tia_csv/05- relationship_file.csv,347,The Big -P.01-UP-20-April-26,,,,,,,,,,,,,,,,,,,,,,,,,,,,,E-SUB-B01-1ST-1030,Submittal for Slabs Conc. Dim.  & RFT DWGs (B01) (1st),"E-DR-1000, E-SUB-B01-1ST-1020","E-DR-1000: FS 40, E-SUB-B01-1ST-1020: SS 2","E-APP-B01-1ST-1030, E-APP-B01-1ST-1030",,,,,,
05- relationship_file,02-delay_analysis/unified_tia_csv/05- relationship_file.csv,348,The Big -P.01-UP-20-April-26,,,,,,,,,,,,,,,,,,,,,,,,,,,,,E-SUB-B01-1ST-1020,Submittal for Beams Conc. Dim.  & RFT DWGs (B01) (1st),"E-DR-1000, E-SUB-B01-1ST-1010","E-DR-1000: FS 37, E-SUB-B01-1ST-1010: SS 3","E-APP-B01-1ST-1020, E-APP-B01-1ST-1020, E-SUB-B01-1ST-1030",,,,,,
05- relationship_file,02-delay_analysis/unified_tia_csv/05- relationship_file.csv,349,The Big -P.01-UP-20-April-26,,,,,,,,,,,,,,,,,,,,,,,,,,,,,E-SUB-B01-1ST-1010,Submittal for Stairs Conc. Dim.  & RFT DWGs (B01) (1st),"E-DR-1000, E-SUB-B01-1ST-1000","E-DR-1000: FS 34, E-SUB-B01-1ST-1000: SS 3","E-APP-B01-1ST-1010, E-APP-B01-1ST-1010, E-SUB-B01-1ST-1020",,,,,,
05- relationship_file,02-delay_analysis/unified_tia_csv/05- relationship_file.csv,350,The Big -P.01-UP-20-April-26,,,,,,,,,,,,,,,,,,,,,,,,,,,,,E-APP-B02-1ST-1000,Approval for Col. & Walls Conc. Dim.  & RFT DWGs (B02) (1st),"E-SUB-B02-1ST-1000, E-SUB-B02-1ST-1000","E-SUB-B02-1ST-1000: SS 12, E-SUB-B02-1ST-1000: FF 10","CON-B02-1ST-1010, CON-B02-1ST-1020",,,,,,
05- relationship_file,02-delay_analysis/unified_tia_csv/05- relationship_file.csv,351,The Big -P.01-UP-20-April-26,,,,,,,,,,,,,,,,,,,,,,,,,,,,,E-APP-B02-1ST-1030,Approval for Slabs Conc. Dim.  & RFT DWGs (B02) (1st),"E-SUB-B02-1ST-1030, E-SUB-B02-1ST-1030","E-SUB-B02-1ST-1030: SS 12, E-SUB-B02-1ST-1030: FF 10","CON-B02-1ST-1040, CON-B02-1ST-1050",,,,,,
05- relationship_file,02-delay_analysis/unified_tia_csv/05- relationship_file.csv,352,The Big -P.01-UP-20-April-26,,,,,,,,,,,,,,,,,,,,,,,,,,,,,E-APP-B02-1ST-1020,Approval for Beams Conc. Dim.  & RFT DWGs (B02) (1st),"E-SUB-B02-1ST-1020, E-SUB-B02-1ST-1020","E-SUB-B02-1ST-1020: SS 12, E-SUB-B02-1ST-1020: FF 10","CON-B02-1ST-1040, CON-B02-1ST-1050",,,,,,
05- relationship_file,02-delay_analysis/unified_tia_csv/05- relationship_file.csv,353,The Big -P.01-UP-20-April-26,,,,,,,,,,,,,,,,,,,,,,,,,,,,,E-APP-B02-1ST-1010,Approval for Stairs Conc. Dim.  & RFT DWGs (B02) (1st),"E-SUB-B02-1ST-1010, E-SUB-B02-1ST-1010","E-SUB-B02-1ST-1010: SS 12, E-SUB-B02-1ST-1010: FF 10","CON-B02-1ST-1040, CON-B02-1ST-1050",,,,,,
05- relationship_file,02-delay_analysis/unified_tia_csv/05- relationship_file.csv,354,The Big -P.01-UP-20-April-26,,,,,,,,,,,,,,,,,,,,,,,,,,,,,E-APP-B01-1ST-1000,Approval for Col. & Walls Conc. Dim.  & RFT DWGs (B01) (1st),"E-SUB-B01-1ST-1000, E-SUB-B01-1ST-1000","E-SUB-B01-1ST-1000: SS 12, E-SUB-B01-1ST-1000: FF 10","CON-B01-1ST-1010, CON-B01-1ST-1020",,,,,,
05- relationship_file,02-delay_analysis/unified_tia_csv/05- relationship_file.csv,355,The Big -P.01-UP-20-April-26,,,,,,,,,,,,,,,,,,,,,,,,,,,,,E-APP-B01-1ST-1030,Approval for Slabs Conc. Dim.  & RFT DWGs (B01) (1st),"E-SUB-B01-1ST-1030, E-SUB-B01-1ST-1030","E-SUB-B01-1ST-1030: SS 12, E-SUB-B01-1ST-1030: FF 10","CON-B01-1ST-1040, CON-B01-1ST-1050",,,,,,
05- relationship_file,02-delay_analysis/unified_tia_csv/05- relationship_file.csv,356,The Big -P.01-UP-20-April-26,,,,,,,,,,,,,,,,,,,,,,,,,,,,,E-APP-B01-1ST-1020,Approval for Beams Conc. Dim.  & RFT DWGs (B01) (1st),"E-SUB-B01-1ST-1020, E-SUB-B01-1ST-1020","E-SUB-B01-1ST-1020: SS 12, E-SUB-B01-1ST-1020: FF 10","CON-B01-1ST-1040, CON-B01-1ST-1050",,,,,,
05- relationship_file,02-delay_analysis/unified_tia_csv/05- relationship_file.csv,357,The Big -P.01-UP-20-April-26,,,,,,,,,,,,,,,,,,,,,,,,,,,,,E-APP-B01-1ST-1010,Approval for Stairs Conc. Dim.  & RFT DWGs (B01) (1st),"E-SUB-B01-1ST-1010, E-SUB-B01-1ST-1010","E-SUB-B01-1ST-1010: SS 12, E-SUB-B01-1ST-1010: FF 10","CON-B01-1ST-1040, CON-B01-1ST-1050, CON-B01-1ST-1040",,,,,,
05- relationship_file,02-delay_analysis/unified_tia_csv/05- relationship_file.csv,358,The Big -P.01-UP-20-April-26,,,,,,,,,,,,,,,,,,,,,,,,,,,,,E-APP-B04-1ST-1000,Approval for Col. & Walls Conc. Dim.  & RFT DWGs (B04) (1st),"E-SUB-B04-1ST-1000, E-SUB-B04-1ST-1000","E-SUB-B04-1ST-1000: SS 12, E-SUB-B04-1ST-1000: FF 10","CON-B04-1ST-1010, CON-B04-1ST-1020",,,,,,
05- relationship_file,02-delay_analysis/unified_tia_csv/05- relationship_file.csv,359,The Big -P.01-UP-20-April-26,,,,,,,,,,,,,,,,,,,,,,,,,,,,,E-APP-B04-1ST-1030,Approval for Slabs Conc. Dim.  & RFT DWGs (B04) (1st),"E-SUB-B04-1ST-1030, E-SUB-B04-1ST-1030","E-SUB-B04-1ST-1030: SS 12, E-SUB-B04-1ST-1030: FF 10","CON-B04-1ST-1040, CON-B04-1ST-1050",,,,,,
05- relationship_file,02-delay_analysis/unified_tia_csv/05- relationship_file.csv,360,The Big -P.01-UP-20-April-26,,,,,,,,,,,,,,,,,,,,,,,,,,,,,E-APP-B04-1ST-1020,Approval for Beams Conc. Dim.  & RFT DWGs (B04) (1st),"E-SUB-B04-1ST-1020, E-SUB-B04-1ST-1020","E-SUB-B04-1ST-1020: SS 12, E-SUB-B04-1ST-1020: FF 10","CON-B04-1ST-1040, CON-B04-1ST-1050",,,,,,
05- relationship_file,02-delay_analysis/unified_tia_csv/05- relationship_file.csv,361,The Big -P.01-UP-20-April-26,,,,,,,,,,,,,,,,,,,,,,,,,,,,,E-APP-B04-1ST-1010,Approval for Stairs Conc. Dim.  & RFT DWGs (B04) (1st),"E-SUB-B04-1ST-1010, E-SUB-B04-1ST-1010","E-SUB-B04-1ST-1010: SS 12, E-SUB-B04-1ST-1010: FF 10","CON-B04-1ST-1040, CON-B04-1ST-1050",,,,,,
05- relationship_file,02-delay_analysis/unified_tia_csv/05- relationship_file.csv,362,The Big -P.01-UP-20-April-26,,,,,,,,,,,,,,,,,,,,,,,,,,,,,E-APP-B03-1ST-1000,Approval for Col. & Walls Conc. Dim.  & RFT DWGs  (B03) (1st),"E-SUB-B03-1ST-1000, E-SUB-B03-1ST-1000","E-SUB-B03-1ST-1000: SS 12, E-SUB-B03-1ST-1000: FF 10","CON-B03-1ST-1010, CON-B03-1ST-1020",,,,,,
05- relationship_file,02-delay_analysis/unified_tia_csv/05- relationship_file.csv,363,The Big -P.01-UP-20-April-26,,,,,,,,,,,,,,,,,,,,,,,,,,,,,E-APP-B03-1ST-1030,Approval for Slabs Conc. Dim.  & RFT DWGs  (B03) (1st),"E-SUB-B03-1ST-1030, E-SUB-B03-1ST-1030","E-SUB-B03-1ST-1030: SS 12, E-SUB-B03-1ST-1030: FF 10","CON-B03-1ST-1040, CON-B03-1ST-1050",,,,,,
05- relationship_file,02-delay_analysis/unified_tia_csv/05- relationship_file.csv,364,The Big -P.01-UP-20-April-26,,,,,,,,,,,,,,,,,,,,,,,,,,,,,E-APP-B03-1ST-1020,Approval for Beams Conc. Dim.  & RFT DWGs  (B03) (1st),"E-SUB-B03-1ST-1020, E-SUB-B03-1ST-1020","E-SUB-B03-1ST-1020: SS 12, E-SUB-B03-1ST-1020: FF 10","CON-B03-1ST-1040, CON-B03-1ST-1050",,,,,,
05- relationship_file,02-delay_analysis/unified_tia_csv/05- relationship_file.csv,365,The Big -P.01-UP-20-April-26,,,,,,,,,,,,,,,,,,,,,,,,,,,,,E-APP-B03-1ST-1010,Approval for Stairs Conc. Dim.  & RFT DWGs  (B03) (1st),"E-SUB-B03-1ST-1010, E-SUB-B03-1ST-1010","E-SUB-B03-1ST-1010: SS 12, E-SUB-B03-1ST-1010: FF 10","CON-B03-1ST-1040, CON-B03-1ST-1050",,,,,,
05- relationship_file,02-delay_analysis/unified_tia_csv/05- relationship_file.csv,366,The Big -P.01-UP-20-April-26,,,,,,,,,,,,,,,,,,,,,,,,,,,,,AB-SUB-B04-1ST-1000,Submittal for Col. & Walls Conc. Dim.  & RFT DWGs As-Built Drawing (B04) (1st),CON-B04-1ST-1030,CON-B04-1ST-1030: FS,"AB-APP-B04-1ST-1000, AB-APP-B04-1ST-1000",,,,,,
05- relationship_file,02-delay_analysis/unified_tia_csv/05- relationship_file.csv,367,The Big -P.01-UP-20-April-26,,,,,,,,,,,,,,,,,,,,,,,,,,,,,AB-SUB-B04-1ST-1010,Submittal for Slabs Conc. Dim.  & RFT DWGs As-Built Drawing (B04) (1st),CON-B04-1ST-1060,CON-B04-1ST-1060: FS,"AB-APP-B04-1ST-1010, AB-APP-B04-1ST-1010",,,,,,
05- relationship_file,02-delay_analysis/unified_tia_csv/05- relationship_file.csv,368,The Big -P.01-UP-20-April-26,,,,,,,,,,,,,,,,,,,,,,,,,,,,,AB-SUB-B04-1ST-1020,Submittal for Beams Conc. Dim.  & RFT DWGs As-Built Drawing (B04) (1st),CON-B04-1ST-1060,CON-B04-1ST-1060: FS,"AB-APP-B04-1ST-1020, AB-APP-B04-1ST-1020",,,,,,
05- relationship_file,02-delay_analysis/unified_tia_csv/05- relationship_file.csv,369,The Big -P.01-UP-20-April-26,,,,,,,,,,,,,,,,,,,,,,,,,,,,,AB-SUB-B04-1ST-1030,Submittal for Stairs Conc. Dim.  & RFT DWGs As-Built Drawing (B04) (1st),CON-B04-1ST-1060,CON-B04-1ST-1060: FS,"AB-APP-B04-1ST-1030, AB-APP-B04-1ST-1030",,,,,,
05- relationship_file,02-delay_analysis/unified_tia_csv/05- relationship_file.csv,370,The Big -P.01-UP-20-April-26,,,,,,,,,,,,,,,,,,,,,,,,,,,,,AB-SUB-B03-1ST-1000,Submittal for Col. & Walls Conc. Dim.  & RFT DWGs As-Built Drawing (B03) (1st),CON-B03-1ST-1030,CON-B03-1ST-1030: FS,"AB-APP-B03-1ST-1000, AB-APP-B03-1ST-1000",,,,,,
05- relationship_file,02-delay_analysis/unified_tia_csv/05- relationship_file.csv,371,The Big -P.01-UP-20-April-26,,,,,,,,,,,,,,,,,,,,,,,,,,,,,AB-SUB-B03-1ST-1010,Submittal for Slabs Conc. Dim.  & RFT DWGs As-Built Drawing (B03) (1st),CON-B03-1ST-1060,CON-B03-1ST-1060: FS,"AB-APP-B03-1ST-1010, AB-APP-B03-1ST-1010",,,,,,
05- relationship_file,02-delay_analysis/unified_tia_csv/05- relationship_file.csv,372,The Big -P.01-UP-20-April-26,,,,,,,,,,,,,,,,,,,,,,,,,,,,,AB-SUB-B03-1ST-1020,Submittal for Beams Conc. Dim.  & RFT DWGs As-Built Drawing (B03) (1st),CON-B03-1ST-1060,CON-B03-1ST-1060: FS,"AB-APP-B03-1ST-1020, AB-APP-B03-1ST-1020",,,,,,
05- relationship_file,02-delay_analysis/unified_tia_csv/05- relationship_file.csv,373,The Big -P.01-UP-20-April-26,,,,,,,,,,,,,,,,,,,,,,,,,,,,,AB-SUB-B03-1ST-1030,Submittal for Stairs Conc. Dim.  & RFT DWGs As-Built Drawing (B03) (1st),CON-B03-1ST-1060,CON-B03-1ST-1060: FS,"AB-APP-B03-1ST-1030, AB-APP-B03-1ST-1030",,,,,,
05- relationship_file,02-delay_analysis/unified_tia_csv/05- relationship_file.csv,374,The Big -P.01-UP-20-April-26,,,,,,,,,,,,,,,,,,,,,,,,,,,,,AB-SUB-B02-1ST-1000,Submittal for Col. & Walls Conc. Dim.  & RFT DWGs As-Built Drawing (B02) (1st),CON-B02-1ST-1030,CON-B02-1ST-1030: FS,"AB-APP-B02-1ST-1000, AB-APP-B02-1ST-1000",,,,,,
05- relationship_file,02-delay_analysis/unified_tia_csv/05- relationship_file.csv,375,The Big -P.01-UP-20-April-26,,,,,,,,,,,,,,,,,,,,,,,,,,,,,AB-SUB-B02-1ST-1010,Submittal for Slabs Conc. Dim.  & RFT DWGs As-Built Drawing (B02) (1st),CON-B02-1ST-1060,CON-B02-1ST-1060: FS,"AB-APP-B02-1ST-1010, AB-APP-B02-1ST-1010",,,,,,
05- relationship_file,02-delay_analysis/unified_tia_csv/05- relationship_file.csv,376,The Big -P.01-UP-20-April-26,,,,,,,,,,,,,,,,,,,,,,,,,,,,,AB-SUB-B02-1ST-1020,Submittal for Beams Conc. Dim.  & RFT DWGs As-Built Drawing (B02) (1st),CON-B02-1ST-1060,CON-B02-1ST-1060: FS,"AB-APP-B02-1ST-1020, AB-APP-B02-1ST-1020",,,,,,
05- relationship_file,02-delay_analysis/unified_tia_csv/05- relationship_file.csv,377,The Big -P.01-UP-20-April-26,,,,,,,,,,,,,,,,,,,,,,,,,,,,,AB-SUB-B02-1ST-1030,Submittal for Stairs Conc. Dim.  & RFT DWGs As-Built Drawing (B02) (1st),CON-B02-1ST-1060,CON-B02-1ST-1060: FS,"AB-APP-B02-1ST-1030, AB-APP-B02-1ST-1030",,,,,,
05- relationship_file,02-delay_analysis/unified_tia_csv/05- relationship_file.csv,378,The Big -P.01-UP-20-April-26,,,,,,,,,,,,,,,,,,,,,,,,,,,,,AB-SUB-B01-1ST-1000,Submittal for Col. & Walls Conc. Dim.  & RFT DWGs As-Built Drawing (B01) (1st),CON-B01-1ST-1030,CON-B01-1ST-1030: FS,"AB-APP-B01-1ST-1000, AB-APP-B01-1ST-1000",,,,,,
05- relationship_file,02-delay_analysis/unified_tia_csv/05- relationship_file.csv,379,The Big -P.01-UP-20-April-26,,,,,,,,,,,,,,,,,,,,,,,,,,,,,AB-SUB-B01-1ST-1010,Submittal for Slabs Conc. Dim.  & RFT DWGs As-Built Drawing (B01) (1st),CON-B01-1ST-1060,CON-B01-1ST-1060: FS,"AB-APP-B01-1ST-1010, AB-APP-B01-1ST-1010",,,,,,
05- relationship_file,02-delay_analysis/unified_tia_csv/05- relationship_file.csv,380,The Big -P.01-UP-20-April-26,,,,,,,,,,,,,,,,,,,,,,,,,,,,,AB-SUB-B01-1ST-1020,Submittal for Beams Conc. Dim.  & RFT DWGs As-Built Drawing (B01) (1st),CON-B01-1ST-1060,CON-B01-1ST-1060: FS,"AB-APP-B01-1ST-1020, AB-APP-B01-1ST-1020",,,,,,
05- relationship_file,02-delay_analysis/unified_tia_csv/05- relationship_file.csv,381,The Big -P.01-UP-20-April-26,,,,,,,,,,,,,,,,,,,,,,,,,,,,,AB-SUB-B01-1ST-1030,Submittal for Stairs Conc. Dim.  & RFT DWGs As-Built Drawing (B01) (1st),CON-B01-1ST-1060,CON-B01-1ST-1060: FS,"AB-APP-B01-1ST-1030, AB-APP-B01-1ST-1030",,,,,,
05- relationship_file,02-delay_analysis/unified_tia_csv/05- relationship_file.csv,382,The Big -P.01-UP-20-April-26,,,,,,,,,,,,,,,,,,,,,,,,,,,,,AB-APP-B02-1ST-1000,Approval for Col. & Walls Conc. Dim.  & RFT DWGs As-Built Drawing (B02) (1st),"AB-SUB-B02-1ST-1000, AB-SUB-B02-1ST-1000","AB-SUB-B02-1ST-1000: SS 12, AB-SUB-B02-1ST-1000: FF 6",HO-1050,,,,,,
05- relationship_file,02-delay_analysis/unified_tia_csv/05- relationship_file.csv,383,The Big -P.01-UP-20-April-26,,,,,,,,,,,,,,,,,,,,,,,,,,,,,AB-APP-B02-1ST-1010,Approval for Slabs Conc. Dim.  & RFT DWGs As-Built Drawing (B02) (1st),"AB-SUB-B02-1ST-1010, AB-SUB-B02-1ST-1010","AB-SUB-B02-1ST-1010: SS 12, AB-SUB-B02-1ST-1010: FF 6",HO-1050,,,,,,
05- relationship_file,02-delay_analysis/unified_tia_csv/05- relationship_file.csv,384,The Big -P.01-UP-20-April-26,,,,,,,,,,,,,,,,,,,,,,,,,,,,,AB-APP-B02-1ST-1020,Approval for Beams Conc. Dim.  & RFT DWGs As-Built Drawing (B02) (1st),"AB-SUB-B02-1ST-1020, AB-SUB-B02-1ST-1020","AB-SUB-B02-1ST-1020: SS 12, AB-SUB-B02-1ST-1020: FF 6",HO-1050,,,,,,
05- relationship_file,02-delay_analysis/unified_tia_csv/05- relationship_file.csv,385,The Big -P.01-UP-20-April-26,,,,,,,,,,,,,,,,,,,,,,,,,,,,,AB-APP-B02-1ST-1030,Approval for Stairs Conc. Dim.  & RFT DWGs As-Built Drawing (B02) (1st),"AB-SUB-B02-1ST-1030, AB-SUB-B02-1ST-1030","AB-SUB-B02-1ST-1030: SS 12, AB-SUB-B02-1ST-1030: FF 6",HO-1050,,,,,,
05- relationship_file,02-delay_analysis/unified_tia_csv/05- relationship_file.csv,386,The Big -P.01-UP-20-April-26,,,,,,,,,,,,,,,,,,,,,,,,,,,,,AB-APP-B01-1ST-1000,Approval for Col. & Walls Conc. Dim.  & RFT DWGs As-Built Drawing (B01) (1st),"AB-SUB-B01-1ST-1000, AB-SUB-B01-1ST-1000","AB-SUB-B01-1ST-1000: SS 12, AB-SUB-B01-1ST-1000: FF 6",HO-1050,,,,,,
05- relationship_file,02-delay_analysis/unified_tia_csv/05- relationship_file.csv,387,The Big -P.01-UP-20-April-26,,,,,,,,,,,,,,,,,,,,,,,,,,,,,AB-APP-B01-1ST-1010,Approval for Slabs Conc. Dim.  & RFT DWGs As-Built Drawing (B01) (1st),"AB-SUB-B01-1ST-1010, AB-SUB-B01-1ST-1010","AB-SUB-B01-1ST-1010: SS 12, AB-SUB-B01-1ST-1010: FF 6",HO-1050,,,,,,
05- relationship_file,02-delay_analysis/unified_tia_csv/05- relationship_file.csv,388,The Big -P.01-UP-20-April-26,,,,,,,,,,,,,,,,,,,,,,,,,,,,,AB-APP-B01-1ST-1020,Approval for Beams Conc. Dim.  & RFT DWGs As-Built Drawing (B01) (1st),"AB-SUB-B01-1ST-1020, AB-SUB-B01-1ST-1020","AB-SUB-B01-1ST-1020: SS 12, AB-SUB-B01-1ST-1020: FF 6",HO-1050,,,,,,
05- relationship_file,02-delay_analysis/unified_tia_csv/05- relationship_file.csv,389,The Big -P.01-UP-20-April-26,,,,,,,,,,,,,,,,,,,,,,,,,,,,,AB-APP-B01-1ST-1030,Approval for Stairs Conc. Dim.  & RFT DWGs As-Built Drawing (B01) (1st),"AB-SUB-B01-1ST-1030, AB-SUB-B01-1ST-1030","AB-SUB-B01-1ST-1030: SS 12, AB-SUB-B01-1ST-1030: FF 6",HO-1050,,,,,,
05- relationship_file,02-delay_analysis/unified_tia_csv/05- relationship_file.csv,390,The Big -P.01-UP-20-April-26,,,,,,,,,,,,,,,,,,,,,,,,,,,,,AB-APP-B04-1ST-1000,Approval for Col. & Walls Conc. Dim.  & RFT DWGs As-Built Drawing (B04) (1st),"AB-SUB-B04-1ST-1000, AB-SUB-B04-1ST-1000","AB-SUB-B04-1ST-1000: SS 12, AB-SUB-B04-1ST-1000: FF 6",HO-1050,,,,,,
05- relationship_file,02-delay_analysis/unified_tia_csv/05- relationship_file.csv,391,The Big -P.01-UP-20-April-26,,,,,,,,,,,,,,,,,,,,,,,,,,,,,AB-APP-B04-1ST-1010,Approval for Slabs Conc. Dim.  & RFT DWGs As-Built Drawing (B04) (1st),"AB-SUB-B04-1ST-1010, AB-SUB-B04-1ST-1010","AB-SUB-B04-1ST-1010: SS 12, AB-SUB-B04-1ST-1010: FF 6",HO-1050,,,,,,
05- relationship_file,02-delay_analysis/unified_tia_csv/05- relationship_file.csv,392,The Big -P.01-UP-20-April-26,,,,,,,,,,,,,,,,,,,,,,,,,,,,,AB-APP-B04-1ST-1020,Approval for Beams Conc. Dim.  & RFT DWGs As-Built Drawing (B04) (1st),"AB-SUB-B04-1ST-1020, AB-SUB-B04-1ST-1020","AB-SUB-B04-1ST-1020: SS 12, AB-SUB-B04-1ST-1020: FF 6",HO-1050,,,,,,
05- relationship_file,02-delay_analysis/unified_tia_csv/05- relationship_file.csv,393,The Big -P.01-UP-20-April-26,,,,,,,,,,,,,,,,,,,,,,,,,,,,,AB-APP-B04-1ST-1030,Approval for Stairs Conc. Dim.  & RFT DWGs As-Built Drawing (B04) (1st),"AB-SUB-B04-1ST-1030, AB-SUB-B04-1ST-1030","AB-SUB-B04-1ST-1030: SS 12, AB-SUB-B04-1ST-1030: FF 6",HO-1050,,,,,,
05- relationship_file,02-delay_analysis/unified_tia_csv/05- relationship_file.csv,394,The Big -P.01-UP-20-April-26,,,,,,,,,,,,,,,,,,,,,,,,,,,,,AB-APP-B03-1ST-1000,Approval for Col. & Walls Conc. Dim.  & RFT DWGs As-Built Drawing  (B03) (1st),"AB-SUB-B03-1ST-1000, AB-SUB-B03-1ST-1000","AB-SUB-B03-1ST-1000: SS 12, AB-SUB-B03-1ST-1000: FF 6",HO-1050,,,,,,
05- relationship_file,02-delay_analysis/unified_tia_csv/05- relationship_file.csv,395,The Big -P.01-UP-20-April-26,,,,,,,,,,,,,,,,,,,,,,,,,,,,,AB-APP-B03-1ST-1010,Approval for Slabs Conc. Dim.  & RFT DWGs As-Built Drawing  (B03) (1st),"AB-SUB-B03-1ST-1010, AB-SUB-B03-1ST-1010","AB-SUB-B03-1ST-1010: SS 12, AB-SUB-B03-1ST-1010: FF 6",HO-1050,,,,,,
05- relationship_file,02-delay_analysis/unified_tia_csv/05- relationship_file.csv,396,The Big -P.01-UP-20-April-26,,,,,,,,,,,,,,,,,,,,,,,,,,,,,AB-APP-B03-1ST-1020,Approval for Beams Conc. Dim.  & RFT DWGs As-Built Drawing  (B03) (1st),"AB-SUB-B03-1ST-1020, AB-SUB-B03-1ST-1020","AB-SUB-B03-1ST-1020: SS 12, AB-SUB-B03-1ST-1020: FF 6",HO-1050,,,,,,
05- relationship_file,02-delay_analysis/unified_tia_csv/05- relationship_file.csv,397,The Big -P.01-UP-20-April-26,,,,,,,,,,,,,,,,,,,,,,,,,,,,,AB-APP-B03-1ST-1030,Approval for Stairs Conc. Dim.  & RFT DWGs As-Built Drawing  (B03) (1st),"AB-SUB-B03-1ST-1030, AB-SUB-B03-1ST-1030","AB-SUB-B03-1ST-1030: SS 12, AB-SUB-B03-1ST-1030: FF 6",HO-1050,,,,,,
05- relationship_file,02-delay_analysis/unified_tia_csv/05- relationship_file.csv,398,The Big -P.01-UP-20-April-26,,,,,,,,,,,,,,,,,,,,,,,,,,,,,E-SUB-B01-BAS01-1000,Submittal for Col. & Walls Conc. Dim.  & RFT DWGs (B01) (Bas 01),E-DR-1000,E-DR-1000: FS 7,"E-APP-B01-BAS01-1000, E-APP-B01-BAS01-1000, E-SUB-B01-BAS01-1010",,,,,,
05- relationship_file,02-delay_analysis/unified_tia_csv/05- relationship_file.csv,399,The Big -P.01-UP-20-April-26,,,,,,,,,,,,,,,,,,,,,,,,,,,,,E-SUB-B01-BAS01-1040,Submittal for Slabs Conc. Dim.  & RFT DWGs (B01) (Bas 01),"E-DR-1000, E-SUB-B01-BAS01-1030","E-DR-1000: FS 21, E-SUB-B01-BAS01-1030: SS 3","E-APP-B01-BAS01-1040, E-APP-B01-BAS01-1040",,,,,,
05- relationship_file,02-delay_analysis/unified_tia_csv/05- relationship_file.csv,400,The Big -P.01-UP-20-April-26,,,,,,,,,,,,,,,,,,,,,,,,,,,,,E-SUB-B01-BAS01-1030,Submittal for Beams Conc. Dim.  & RFT DWGs (B01) (Bas 01),"E-DR-1000, E-SUB-B01-BAS01-1020","E-DR-1000: FS 17, E-SUB-B01-BAS01-1020: SS 3","E-APP-B01-BAS01-1030, E-APP-B01-BAS01-1030, E-SUB-B01-BAS01-1040",,,,,,
05- relationship_file,02-delay_analysis/unified_tia_csv/05- relationship_file.csv,401,The Big -P.01-UP-20-April-26,,,,,,,,,,,,,,,,,,,,,,,,,,,,,E-SUB-B01-BAS01-1010,Submittal for Stairs Conc. Dim.  & RFT DWGs (B01) (Bas 01),"E-DR-1000, E-SUB-B01-BAS01-1000","E-DR-1000: FS 10, E-SUB-B01-BAS01-1000: SS 3","E-APP-B01-BAS01-1010, E-APP-B01-BAS01-1010, E-SUB-B01-BAS01-1020",,,,,,
05- relationship_file,02-delay_analysis/unified_tia_csv/05- relationship_file.csv,402,The Big -P.01-UP-20-April-26,,,,,,,,,,,,,,,,,,,,,,,,,,,,,E-SUB-B01-BAS01-1020,Submittal for Ramps Conc. Dim.  & RFT DWGs (B01) (Bas 01),"E-DR-1000, E-SUB-B01-BAS01-1010","E-DR-1000: FS 14, E-SUB-B01-BAS01-1010: SS 3","E-APP-B01-BAS01-1020, E-APP-B01-BAS01-1020, E-SUB-B01-BAS01-1030",,,,,,
05- relationship_file,02-delay_analysis/unified_tia_csv/05- relationship_file.csv,403,The Big -P.01-UP-20-April-26,,,,,,,,,,,,,,,,,,,,,,,,,,,,,E-SUB-B04-2ND-1000,Submittal for Col. & Walls Conc. Dim.  & RFT DWGs (B04) (2nd),E-DR-1000,E-DR-1000: FS 60,"E-APP-B04-2ND-1000, E-APP-B04-2ND-1000, E-SUB-B04-2ND-1010",,,,,,
05- relationship_file,02-delay_analysis/unified_tia_csv/05- relationship_file.csv,404,The Big -P.01-UP-20-April-26,,,,,,,,,,,,,,,,,,,,,,,,,,,,,E-SUB-B04-2ND-1030,Submittal for Slabs Conc. Dim.  & RFT DWGs (B04) (2nd),"E-DR-1000, E-SUB-B04-2ND-1020","E-DR-1000: FS 71, E-SUB-B04-2ND-1020: SS 3","E-APP-B04-2ND-1030, E-APP-B04-2ND-1030",,,,,,
05- relationship_file,02-delay_analysis/unified_tia_csv/05- relationship_file.csv,405,The Big -P.01-UP-20-April-26,,,,,,,,,,,,,,,,,,,,,,,,,,,,,E-SUB-B04-2ND-1020,Submittal for Beams Conc. Dim.  & RFT DWGs (B04) (2nd),"E-DR-1000, E-SUB-B04-2ND-1010","E-DR-1000: FS 67, E-SUB-B04-2ND-1010: SS 3","E-APP-B04-2ND-1020, E-APP-B04-2ND-1020, E-SUB-B04-2ND-1030",,,,,,
05- relationship_file,02-delay_analysis/unified_tia_csv/05- relationship_file.csv,406,The Big -P.01-UP-20-April-26,,,,,,,,,,,,,,,,,,,,,,,,,,,,,E-SUB-B04-2ND-1010,Submittal for Stairs Conc. Dim.  & RFT DWGs (B04) (2nd),"E-DR-1000, E-SUB-B04-2ND-1000","E-DR-1000: FS 64, E-SUB-B04-2ND-1000: SS 3","E-APP-B04-2ND-1010, E-APP-B04-2ND-1010, E-SUB-B04-2ND-1020",,,,,,
05- relationship_file,02-delay_analysis/unified_tia_csv/05- relationship_file.csv,407,The Big -P.01-UP-20-April-26,,,,,,,,,,,,,,,,,,,,,,,,,,,,,E-SUB-B03-2ND-1000,Submittal for Col. & Walls Conc. Dim.  & RFT DWGs (B03) (2nd),E-DR-1000,E-DR-1000: FS 40,"E-APP-B03-2ND-1000, E-APP-B03-2ND-1000, E-SUB-B03-2ND-1010",,,,,,
05- relationship_file,02-delay_analysis/unified_tia_csv/05- relationship_file.csv,408,The Big -P.01-UP-20-April-26,,,,,,,,,,,,,,,,,,,,,,,,,,,,,E-SUB-B03-2ND-1030,Submittal for Slabs Conc. Dim.  & RFT DWGs (B03) (2nd),"E-DR-1000, E-SUB-B03-2ND-1020","E-DR-1000: FS 50, E-SUB-B03-2ND-1020: SS 3","E-APP-B03-2ND-1030, E-APP-B03-2ND-1030",,,,,,
05- relationship_file,02-delay_analysis/unified_tia_csv/05- relationship_file.csv,409,The Big -P.01-UP-20-April-26,,,,,,,,,,,,,,,,,,,,,,,,,,,,,E-SUB-B03-2ND-1020,Submittal for Beams Conc. Dim.  & RFT DWGs (B03) (2nd),"E-DR-1000, E-SUB-B03-2ND-1010","E-DR-1000: FS 46, E-SUB-B03-2ND-1010: SS 3","E-APP-B03-2ND-1020, E-APP-B03-2ND-1020, E-SUB-B03-2ND-1030",,,,,,
05- relationship_file,02-delay_analysis/unified_tia_csv/05- relationship_file.csv,410,The Big -P.01-UP-20-April-26,,,,,,,,,,,,,,,,,,,,,,,,,,,,,E-SUB-B03-2ND-1010,Submittal for Stairs Conc. Dim.  & RFT DWGs (B03) (2nd),"E-DR-1000, E-SUB-B03-2ND-1000","E-DR-1000: FS 43, E-SUB-B03-2ND-1000: SS 3","E-APP-B03-2ND-1010, E-APP-B03-2ND-1010, E-SUB-B03-2ND-1020",,,,,,
05- relationship_file,02-delay_analysis/unified_tia_csv/05- relationship_file.csv,411,The Big -P.01-UP-20-April-26,,,,,,,,,,,,,,,,,,,,,,,,,,,,,E-SUB-B02-2ND-1000,Submittal for Col. & Walls Conc. Dim.  & RFT DWGs (B02) (2nd),E-DR-1000,E-DR-1000: FS 45,"E-APP-B02-2ND-1000, E-APP-B02-2ND-1000, E-SUB-B02-2ND-1010",,,,,,
05- relationship_file,02-delay_analysis/unified_tia_csv/05- relationship_file.csv,412,The Big -P.01-UP-20-April-26,,,,,,,,,,,,,,,,,,,,,,,,,,,,,E-SUB-B02-2ND-1030,Submittal for Slabs Conc. Dim.  & RFT DWGs (B02) (2nd),"E-DR-1000, E-SUB-B02-2ND-1020","E-DR-1000: FS 56, E-SUB-B02-2ND-1020: SS 3","E-APP-B02-2ND-1030, E-APP-B02-2ND-1030",,,,,,
05- relationship_file,02-delay_analysis/unified_tia_csv/05- relationship_file.csv,413,The Big -P.01-UP-20-April-26,,,,,,,,,,,,,,,,,,,,,,,,,,,,,E-SUB-B02-2ND-1020,Submittal for Beams Conc. Dim.  & RFT DWGs (B02) (2nd),"E-DR-1000, E-SUB-B02-2ND-1010","E-DR-1000: FS 52, E-SUB-B02-2ND-1010: SS 3","E-APP-B02-2ND-1020, E-APP-B02-2ND-1020, E-SUB-B02-2ND-1030",,,,,,
05- relationship_file,02-delay_analysis/unified_tia_csv/05- relationship_file.csv,414,The Big -P.01-UP-20-April-26,,,,,,,,,,,,,,,,,,,,,,,,,,,,,E-SUB-B02-2ND-1010,Submittal for Stairs Conc. Dim.  & RFT DWGs (B02) (2nd),"E-DR-1000, E-SUB-B02-2ND-1000","E-DR-1000: FS 49, E-SUB-B02-2ND-1000: SS 3","E-APP-B02-2ND-1010, E-APP-B02-2ND-1010, E-SUB-B02-2ND-1020",,,,,,
05- relationship_file,02-delay_analysis/unified_tia_csv/05- relationship_file.csv,415,The Big -P.01-UP-20-April-26,,,,,,,,,,,,,,,,,,,,,,,,,,,,,E-SUB-B01-2ND-1000,Submittal for Col. & Walls Conc. Dim.  & RFT DWGs (B01) (2nd),E-DR-1000,E-DR-1000: FS 40,"E-APP-B01-2ND-1000, E-APP-B01-2ND-1000, E-SUB-B01-2ND-1010",,,,,,
05- relationship_file,02-delay_analysis/unified_tia_csv/05- relationship_file.csv,416,The Big -P.01-UP-20-April-26,,,,,,,,,,,,,,,,,,,,,,,,,,,,,E-SUB-B01-2ND-1030,Submittal for Slabs Conc. Dim.  & RFT DWGs (B01) (2nd),"E-DR-1000, E-SUB-B01-2ND-1020","E-DR-1000: FS 50, E-SUB-B01-2ND-1020: SS 3","E-APP-B01-2ND-1030, E-APP-B01-2ND-1030",,,,,,
05- relationship_file,02-delay_analysis/unified_tia_csv/05- relationship_file.csv,417,The Big -P.01-UP-20-April-26,,,,,,,,,,,,,,,,,,,,,,,,,,,,,E-SUB-B01-2ND-1020,Submittal for Beams Conc. Dim.  & RFT DWGs (B01) (2nd),"E-DR-1000, E-SUB-B01-2ND-1010","E-DR-1000: FS 46, E-SUB-B01-2ND-1010: SS 3","E-APP-B01-2ND-1020, E-APP-B01-2ND-1020, E-SUB-B01-2ND-1030",,,,,,
05- relationship_file,02-delay_analysis/unified_tia_csv/05- relationship_file.csv,418,The Big -P.01-UP-20-April-26,,,,,,,,,,,,,,,,,,,,,,,,,,,,,E-SUB-B01-2ND-1010,Submittal for Stairs Conc. Dim.  & RFT DWGs (B01) (2nd),"E-DR-1000, E-SUB-B01-2ND-1000","E-DR-1000: FS 43, E-SUB-B01-2ND-1000: SS 3","E-APP-B01-2ND-1010, E-APP-B01-2ND-1010, E-SUB-B01-2ND-1020",,,,,,
05- relationship_file,02-delay_analysis/unified_tia_csv/05- relationship_file.csv,419,The Big -P.01-UP-20-April-26,,,,,,,,,,,,,,,,,,,,,,,,,,,,,E-APP-B02-2ND-1000,Approval for Col. & Walls Conc. Dim.  & RFT DWGs (B02) (2nd),"E-SUB-B02-2ND-1000, E-SUB-B02-2ND-1000","E-SUB-B02-2ND-1000: SS 12, E-SUB-B02-2ND-1000: FF 10","CON-B02-2ND-1010, CON-B02-2ND-1020",,,,,,
05- relationship_file,02-delay_analysis/unified_tia_csv/05- relationship_file.csv,420,The Big -P.01-UP-20-April-26,,,,,,,,,,,,,,,,,,,,,,,,,,,,,E-APP-B02-2ND-1030,Approval for Slabs Conc. Dim.  & RFT DWGs (B02) (2nd),"E-SUB-B02-2ND-1030, E-SUB-B02-2ND-1030","E-SUB-B02-2ND-1030: SS 12, E-SUB-B02-2ND-1030: FF 10","CON-B02-2ND-1040, CON-B02-2ND-1050",,,,,,
05- relationship_file,02-delay_analysis/unified_tia_csv/05- relationship_file.csv,421,The Big -P.01-UP-20-April-26,,,,,,,,,,,,,,,,,,,,,,,,,,,,,E-APP-B02-2ND-1020,Approval for Beams Conc. Dim.  & RFT DWGs (B02) (2nd),"E-SUB-B02-2ND-1020, E-SUB-B02-2ND-1020","E-SUB-B02-2ND-1020: SS 12, E-SUB-B02-2ND-1020: FF 10","CON-B02-2ND-1040, CON-B02-2ND-1050",,,,,,
05- relationship_file,02-delay_analysis/unified_tia_csv/05- relationship_file.csv,422,The Big -P.01-UP-20-April-26,,,,,,,,,,,,,,,,,,,,,,,,,,,,,E-APP-B02-2ND-1010,Approval for Stairs Conc. Dim.  & RFT DWGs (B02) (2nd),"E-SUB-B02-2ND-1010, E-SUB-B02-2ND-1010","E-SUB-B02-2ND-1010: SS 12, E-SUB-B02-2ND-1010: FF 10","CON-B02-2ND-1040, CON-B02-2ND-1050",,,,,,
05- relationship_file,02-delay_analysis/unified_tia_csv/05- relationship_file.csv,423,The Big -P.01-UP-20-April-26,,,,,,,,,,,,,,,,,,,,,,,,,,,,,E-APP-B01-2ND-1000,Approval for Col. & Walls Conc. Dim.  & RFT DWGs (B01) (2nd),"E-SUB-B01-2ND-1000, E-SUB-B01-2ND-1000","E-SUB-B01-2ND-1000: SS 12, E-SUB-B01-2ND-1000: FF 10","CON-B01-2ND-1010, CON-B01-2ND-1020",,,,,,
05- relationship_file,02-delay_analysis/unified_tia_csv/05- relationship_file.csv,424,The Big -P.01-UP-20-April-26,,,,,,,,,,,,,,,,,,,,,,,,,,,,,E-APP-B01-2ND-1030,Approval for Slabs Conc. Dim.  & RFT DWGs (B01) (2nd),"E-SUB-B01-2ND-1030, E-SUB-B01-2ND-1030","E-SUB-B01-2ND-1030: SS 12, E-SUB-B01-2ND-1030: FF 10","CON-B01-2ND-1040, CON-B01-2ND-1050",,,,,,
05- relationship_file,02-delay_analysis/unified_tia_csv/05- relationship_file.csv,425,The Big -P.01-UP-20-April-26,,,,,,,,,,,,,,,,,,,,,,,,,,,,,E-APP-B01-2ND-1020,Approval for Beams Conc. Dim.  & RFT DWGs (B01) (2nd),"E-SUB-B01-2ND-1020, E-SUB-B01-2ND-1020","E-SUB-B01-2ND-1020: SS 12, E-SUB-B01-2ND-1020: FF 10","CON-B01-2ND-1040, CON-B01-2ND-1050",,,,,,
05- relationship_file,02-delay_analysis/unified_tia_csv/05- relationship_file.csv,426,The Big -P.01-UP-20-April-26,,,,,,,,,,,,,,,,,,,,,,,,,,,,,E-APP-B01-2ND-1010,Approval for Stairs Conc. Dim.  & RFT DWGs (B01) (2nd),"E-SUB-B01-2ND-1010, E-SUB-B01-2ND-1010","E-SUB-B01-2ND-1010: SS 12, E-SUB-B01-2ND-1010: FF 10","CON-B01-2ND-1040, CON-B01-2ND-1050",,,,,,
05- relationship_file,02-delay_analysis/unified_tia_csv/05- relationship_file.csv,427,The Big -P.01-UP-20-April-26,,,,,,,,,,,,,,,,,,,,,,,,,,,,,E-APP-B04-2ND-1000,Approval for Col. & Walls Conc. Dim.  & RFT DWGs (B04) (2nd),"E-SUB-B04-2ND-1000, E-SUB-B04-2ND-1000","E-SUB-B04-2ND-1000: SS 12, E-SUB-B04-2ND-1000: FF 10","CON-B04-2ND-1010, CON-B04-2ND-1020",,,,,,
05- relationship_file,02-delay_analysis/unified_tia_csv/05- relationship_file.csv,428,The Big -P.01-UP-20-April-26,,,,,,,,,,,,,,,,,,,,,,,,,,,,,E-APP-B04-2ND-1030,Approval for Slabs Conc. Dim.  & RFT DWGs (B04) (2nd),"E-SUB-B04-2ND-1030, E-SUB-B04-2ND-1030","E-SUB-B04-2ND-1030: SS 12, E-SUB-B04-2ND-1030: FF 10","CON-B04-2ND-1040, CON-B04-2ND-1050",,,,,,
05- relationship_file,02-delay_analysis/unified_tia_csv/05- relationship_file.csv,429,The Big -P.01-UP-20-April-26,,,,,,,,,,,,,,,,,,,,,,,,,,,,,E-APP-B04-2ND-1020,Approval for Beams Conc. Dim.  & RFT DWGs (B04) (2nd),"E-SUB-B04-2ND-1020, E-SUB-B04-2ND-1020","E-SUB-B04-2ND-1020: SS 12, E-SUB-B04-2ND-1020: FF 10","CON-B04-2ND-1040, CON-B04-2ND-1050",,,,,,
05- relationship_file,02-delay_analysis/unified_tia_csv/05- relationship_file.csv,430,The Big -P.01-UP-20-April-26,,,,,,,,,,,,,,,,,,,,,,,,,,,,,E-APP-B04-2ND-1010,Approval for Stairs Conc. Dim.  & RFT DWGs (B04) (2nd),"E-SUB-B04-2ND-1010, E-SUB-B04-2ND-1010","E-SUB-B04-2ND-1010: SS 12, E-SUB-B04-2ND-1010: FF 10","CON-B04-2ND-1040, CON-B04-2ND-1050",,,,,,
05- relationship_file,02-delay_analysis/unified_tia_csv/05- relationship_file.csv,431,The Big -P.01-UP-20-April-26,,,,,,,,,,,,,,,,,,,,,,,,,,,,,E-APP-B03-2ND-1000,Approval for Col. & Walls Conc. Dim.  & RFT DWGs  (B03) (2nd),"E-SUB-B03-2ND-1000, E-SUB-B03-2ND-1000","E-SUB-B03-2ND-1000: SS 12, E-SUB-B03-2ND-1000: FF 10","CON-B03-2ND-1010, CON-B03-2ND-1020",,,,,,
05- relationship_file,02-delay_analysis/unified_tia_csv/05- relationship_file.csv,432,The Big -P.01-UP-20-April-26,,,,,,,,,,,,,,,,,,,,,,,,,,,,,E-APP-B03-2ND-1030,Approval for Slabs Conc. Dim.  & RFT DWGs  (B03) (2nd),"E-SUB-B03-2ND-1030, E-SUB-B03-2ND-1030","E-SUB-B03-2ND-1030: SS 12, E-SUB-B03-2ND-1030: FF 10","CON-B03-2ND-1040, CON-B03-2ND-1050",,,,,,
05- relationship_file,02-delay_analysis/unified_tia_csv/05- relationship_file.csv,433,The Big -P.01-UP-20-April-26,,,,,,,,,,,,,,,,,,,,,,,,,,,,,E-APP-B03-2ND-1020,Approval for Beams Conc. Dim.  & RFT DWGs  (B03) (2nd),"E-SUB-B03-2ND-1020, E-SUB-B03-2ND-1020","E-SUB-B03-2ND-1020: SS 12, E-SUB-B03-2ND-1020: FF 10","CON-B03-2ND-1040, CON-B03-2ND-1050",,,,,,
05- relationship_file,02-delay_analysis/unified_tia_csv/05- relationship_file.csv,434,The Big -P.01-UP-20-April-26,,,,,,,,,,,,,,,,,,,,,,,,,,,,,E-APP-B03-2ND-1010,Approval for Stairs Conc. Dim.  & RFT DWGs  (B03) (2nd),"E-SUB-B03-2ND-1010, E-SUB-B03-2ND-1010","E-SUB-B03-2ND-1010: SS 12, E-SUB-B03-2ND-1010: FF 10","CON-B03-2ND-1040, CON-B03-2ND-1050",,,,,,
05- relationship_file,02-delay_analysis/unified_tia_csv/05- relationship_file.csv,435,The Big -P.01-UP-20-April-26,,,,,,,,,,,,,,,,,,,,,,,,,,,,,AB-SUB-B01-BAS1-1000,Submittal for Col. & Walls Conc. Dim.  & RFT DWGs As-Built Drawing (B01) (Bas 01),CON-B01-BAS01-1030,CON-B01-BAS01-1030: FS,"AB-APP-B01-BAS1-1000, AB-APP-B01-BAS1-1000",,,,,,
05- relationship_file,02-delay_analysis/unified_tia_csv/05- relationship_file.csv,436,The Big -P.01-UP-20-April-26,,,,,,,,,,,,,,,,,,,,,,,,,,,,,AB-SUB-B01-BAS1-1020,Submittal for Slabs Conc. Dim.  & RFT DWGs As-Built Drawing (B01) (Bas 01),CON-B01-BAS01-1110,CON-B01-BAS01-1110: FS,"AB-APP-B01-BAS1-1020, AB-APP-B01-BAS1-1020",,,,,,
05- relationship_file,02-delay_analysis/unified_tia_csv/05- relationship_file.csv,437,The Big -P.01-UP-20-April-26,,,,,,,,,,,,,,,,,,,,,,,,,,,,,AB-SUB-B01-BAS1-1030,Submittal for Beams Conc. Dim.  & RFT DWGs As-Built Drawing (B01) (Bas 01),CON-B01-BAS01-1110,CON-B01-BAS01-1110: FS,"AB-APP-B01-BAS1-1030, AB-APP-B01-BAS1-1030",,,,,,
05- relationship_file,02-delay_analysis/unified_tia_csv/05- relationship_file.csv,438,The Big -P.01-UP-20-April-26,,,,,,,,,,,,,,,,,,,,,,,,,,,,,AB-SUB-B01-BAS1-1010,Submittal for Stairs Conc. Dim.  & RFT DWGs As-Built Drawing (B01) (Bas 01),CON-B01-BAS01-1100,CON-B01-BAS01-1100: FS,"AB-APP-B01-BAS1-1010, AB-APP-B01-BAS1-1010",,,,,,
05- relationship_file,02-delay_analysis/unified_tia_csv/05- relationship_file.csv,439,The Big -P.01-UP-20-April-26,,,,,,,,,,,,,,,,,,,,,,,,,,,,,AB-SUB-B01-BAS1-1040,Submittal for Ramps Conc. Dim.  & RFT DWGs As-Built Drawing (B01) (Bas 01),CON-B01-BAS01-1130,CON-B01-BAS01-1130: FS,"AB-APP-B01-BAS1-1040, AB-APP-B01-BAS1-1040",,,,,,
05- relationship_file,02-delay_analysis/unified_tia_csv/05- relationship_file.csv,440,The Big -P.01-UP-20-April-26,,,,,,,,,,,,,,,,,,,,,,,,,,,,,AB-SUB-B04-2ND-1000,Submittal for Col. & Walls Conc. Dim.  & RFT DWGs As-Built Drawing (B04) (2nd),CON-B04-2ND-1030,CON-B04-2ND-1030: FS,"AB-APP-B04-2ND-1000, AB-APP-B04-2ND-1000",,,,,,
05- relationship_file,02-delay_analysis/unified_tia_csv/05- relationship_file.csv,441,The Big -P.01-UP-20-April-26,,,,,,,,,,,,,,,,,,,,,,,,,,,,,AB-SUB-B04-2ND-1010,Submittal for Slabs Conc. Dim.  & RFT DWGs As-Built Drawing (B04) (2nd),CON-B04-2ND-1060,CON-B04-2ND-1060: FS,"AB-APP-B04-2ND-1010, AB-APP-B04-2ND-1010",,,,,,
05- relationship_file,02-delay_analysis/unified_tia_csv/05- relationship_file.csv,442,The Big -P.01-UP-20-April-26,,,,,,,,,,,,,,,,,,,,,,,,,,,,,AB-SUB-B04-2ND-1020,Submittal for Beams Conc. Dim.  & RFT DWGs As-Built Drawing (B04) (2nd),CON-B04-2ND-1060,CON-B04-2ND-1060: FS,"AB-APP-B04-2ND-1020, AB-APP-B04-2ND-1020",,,,,,
05- relationship_file,02-delay_analysis/unified_tia_csv/05- relationship_file.csv,443,The Big -P.01-UP-20-April-26,,,,,,,,,,,,,,,,,,,,,,,,,,,,,AB-SUB-B04-2ND-1030,Submittal for Stairs Conc. Dim.  & RFT DWGs As-Built Drawing (B04) (2nd),CON-B04-2ND-1060,CON-B04-2ND-1060: FS,"AB-APP-B04-2ND-1030, AB-APP-B04-2ND-1030",,,,,,
05- relationship_file,02-delay_analysis/unified_tia_csv/05- relationship_file.csv,444,The Big -P.01-UP-20-April-26,,,,,,,,,,,,,,,,,,,,,,,,,,,,,AB-SUB-B03-2ND-1000,Submittal for Col. & Walls Conc. Dim.  & RFT DWGs As-Built Drawing (B03) (2nd),CON-B03-2ND-1030,CON-B03-2ND-1030: FS,"AB-APP-B03-2ND-1000, AB-APP-B03-2ND-1000",,,,,,
05- relationship_file,02-delay_analysis/unified_tia_csv/05- relationship_file.csv,445,The Big -P.01-UP-20-April-26,,,,,,,,,,,,,,,,,,,,,,,,,,,,,AB-SUB-B03-2ND-1010,Submittal for Slabs Conc. Dim.  & RFT DWGs As-Built Drawing (B03) (2nd),CON-B03-2ND-1060,CON-B03-2ND-1060: FS,"AB-APP-B03-2ND-1010, AB-APP-B03-2ND-1010",,,,,,
05- relationship_file,02-delay_analysis/unified_tia_csv/05- relationship_file.csv,446,The Big -P.01-UP-20-April-26,,,,,,,,,,,,,,,,,,,,,,,,,,,,,AB-SUB-B03-2ND-1020,Submittal for Beams Conc. Dim.  & RFT DWGs As-Built Drawing (B03) (2nd),CON-B03-2ND-1060,CON-B03-2ND-1060: FS,"AB-APP-B03-2ND-1020, AB-APP-B03-2ND-1020",,,,,,
05- relationship_file,02-delay_analysis/unified_tia_csv/05- relationship_file.csv,447,The Big -P.01-UP-20-April-26,,,,,,,,,,,,,,,,,,,,,,,,,,,,,AB-SUB-B03-2ND-1030,Submittal for Stairs Conc. Dim.  & RFT DWGs As-Built Drawing (B03) (2nd),CON-B03-2ND-1060,CON-B03-2ND-1060: FS,"AB-APP-B03-2ND-1030, AB-APP-B03-2ND-1030",,,,,,
05- relationship_file,02-delay_analysis/unified_tia_csv/05- relationship_file.csv,448,The Big -P.01-UP-20-April-26,,,,,,,,,,,,,,,,,,,,,,,,,,,,,AB-SUB-B02-2ND-1000,Submittal for Col. & Walls Conc. Dim.  & RFT DWGs As-Built Drawing (B02) (2nd),CON-B02-2ND-1030,CON-B02-2ND-1030: FS,"AB-APP-B02-2ND-1000, AB-APP-B02-2ND-1000",,,,,,
05- relationship_file,02-delay_analysis/unified_tia_csv/05- relationship_file.csv,449,The Big -P.01-UP-20-April-26,,,,,,,,,,,,,,,,,,,,,,,,,,,,,AB-SUB-B02-2ND-1010,Submittal for Slabs Conc. Dim.  & RFT DWGs As-Built Drawing (B02) (2nd),CON-B02-2ND-1060,CON-B02-2ND-1060: FS,"AB-APP-B02-2ND-1010, AB-APP-B02-2ND-1010",,,,,,
05- relationship_file,02-delay_analysis/unified_tia_csv/05- relationship_file.csv,450,The Big -P.01-UP-20-April-26,,,,,,,,,,,,,,,,,,,,,,,,,,,,,AB-SUB-B02-2ND-1020,Submittal for Beams Conc. Dim.  & RFT DWGs As-Built Drawing (B02) (2nd),CON-B02-2ND-1060,CON-B02-2ND-1060: FS,"AB-APP-B02-2ND-1020, AB-APP-B02-2ND-1020",,,,,,
05- relationship_file,02-delay_analysis/unified_tia_csv/05- relationship_file.csv,451,The Big -P.01-UP-20-April-26,,,,,,,,,,,,,,,,,,,,,,,,,,,,,AB-SUB-B02-2ND-1030,Submittal for Stairs Conc. Dim.  & RFT DWGs As-Built Drawing (B02) (2nd),CON-B02-2ND-1060,CON-B02-2ND-1060: FS,"AB-APP-B02-2ND-1030, AB-APP-B02-2ND-1030",,,,,,
05- relationship_file,02-delay_analysis/unified_tia_csv/05- relationship_file.csv,452,The Big -P.01-UP-20-April-26,,,,,,,,,,,,,,,,,,,,,,,,,,,,,AB-SUB-B01-2ND-1000,Submittal for Col. & Walls Conc. Dim.  & RFT DWGs As-Built Drawing (B01) (2nd),CON-B01-2ND-1030,CON-B01-2ND-1030: FS,"AB-APP-B01-2ND-1000, AB-APP-B01-2ND-1000",,,,,,
05- relationship_file,02-delay_analysis/unified_tia_csv/05- relationship_file.csv,453,The Big -P.01-UP-20-April-26,,,,,,,,,,,,,,,,,,,,,,,,,,,,,AB-SUB-B01-2ND-1010,Submittal for Slabs Conc. Dim.  & RFT DWGs As-Built Drawing (B01) (2nd),CON-B01-2ND-1060,CON-B01-2ND-1060: FS,"AB-APP-B01-2ND-1010, AB-APP-B01-2ND-1010",,,,,,
05- relationship_file,02-delay_analysis/unified_tia_csv/05- relationship_file.csv,454,The Big -P.01-UP-20-April-26,,,,,,,,,,,,,,,,,,,,,,,,,,,,,AB-SUB-B01-2ND-1020,Submittal for Beams Conc. Dim.  & RFT DWGs As-Built Drawing (B01) (2nd),CON-B01-2ND-1060,CON-B01-2ND-1060: FS,"AB-APP-B01-2ND-1020, AB-APP-B01-2ND-1020",,,,,,
05- relationship_file,02-delay_analysis/unified_tia_csv/05- relationship_file.csv,455,The Big -P.01-UP-20-April-26,,,,,,,,,,,,,,,,,,,,,,,,,,,,,AB-SUB-B01-2ND-1030,Submittal for Stairs Conc. Dim.  & RFT DWGs As-Built Drawing (B01) (2nd),CON-B01-2ND-1060,CON-B01-2ND-1060: FS,"AB-APP-B01-2ND-1030, AB-APP-B01-2ND-1030",,,,,,
05- relationship_file,02-delay_analysis/unified_tia_csv/05- relationship_file.csv,456,The Big -P.01-UP-20-April-26,,,,,,,,,,,,,,,,,,,,,,,,,,,,,AB-APP-B02-2ND-1000,Approval for Col. & Walls Conc. Dim.  & RFT DWGs As-Built Drawing (B02) (2nd),"AB-SUB-B02-2ND-1000, AB-SUB-B02-2ND-1000","AB-SUB-B02-2ND-1000: SS 12, AB-SUB-B02-2ND-1000: FF 6",HO-1050,,,,,,
05- relationship_file,02-delay_analysis/unified_tia_csv/05- relationship_file.csv,457,The Big -P.01-UP-20-April-26,,,,,,,,,,,,,,,,,,,,,,,,,,,,,AB-APP-B02-2ND-1010,Approval for Slabs Conc. Dim.  & RFT DWGs As-Built Drawing (B02) (2nd),"AB-SUB-B02-2ND-1010, AB-SUB-B02-2ND-1010","AB-SUB-B02-2ND-1010: SS 12, AB-SUB-B02-2ND-1010: FF 6",HO-1050,,,,,,
05- relationship_file,02-delay_analysis/unified_tia_csv/05- relationship_file.csv,458,The Big -P.01-UP-20-April-26,,,,,,,,,,,,,,,,,,,,,,,,,,,,,AB-APP-B02-2ND-1020,Approval for Beams Conc. Dim.  & RFT DWGs As-Built Drawing (B02) (2nd),"AB-SUB-B02-2ND-1020, AB-SUB-B02-2ND-1020","AB-SUB-B02-2ND-1020: SS 12, AB-SUB-B02-2ND-1020: FF 6",HO-1050,,,,,,
05- relationship_file,02-delay_analysis/unified_tia_csv/05- relationship_file.csv,459,The Big -P.01-UP-20-April-26,,,,,,,,,,,,,,,,,,,,,,,,,,,,,AB-APP-B02-2ND-1030,Approval for Stairs Conc. Dim.  & RFT DWGs As-Built Drawing (B02) (2nd),"AB-SUB-B02-2ND-1030, AB-SUB-B02-2ND-1030","AB-SUB-B02-2ND-1030: SS 12, AB-SUB-B02-2ND-1030: FF 6",HO-1050,,,,,,
05- relationship_file,02-delay_analysis/unified_tia_csv/05- relationship_file.csv,460,The Big -P.01-UP-20-April-26,,,,,,,,,,,,,,,,,,,,,,,,,,,,,AB-APP-B01-2ND-1000,Approval for Col. & Walls Conc. Dim.  & RFT DWGs As-Built Drawing (B01) (2nd),"AB-SUB-B01-2ND-1000, AB-SUB-B01-2ND-1000","AB-SUB-B01-2ND-1000: SS 12, AB-SUB-B01-2ND-1000: FF 6",HO-1050,,,,,,
05- relationship_file,02-delay_analysis/unified_tia_csv/05- relationship_file.csv,461,The Big -P.01-UP-20-April-26,,,,,,,,,,,,,,,,,,,,,,,,,,,,,AB-APP-B01-2ND-1010,Approval for Slabs Conc. Dim.  & RFT DWGs As-Built Drawing (B01) (2nd),"AB-SUB-B01-2ND-1010, AB-SUB-B01-2ND-1010","AB-SUB-B01-2ND-1010: SS 12, AB-SUB-B01-2ND-1010: FF 6",HO-1050,,,,,,
05- relationship_file,02-delay_analysis/unified_tia_csv/05- relationship_file.csv,462,The Big -P.01-UP-20-April-26,,,,,,,,,,,,,,,,,,,,,,,,,,,,,AB-APP-B01-2ND-1020,Approval for Beams Conc. Dim.  & RFT DWGs As-Built Drawing (B01) (2nd),"AB-SUB-B01-2ND-1020, AB-SUB-B01-2ND-1020","AB-SUB-B01-2ND-1020: SS 12, AB-SUB-B01-2ND-1020: FF 6",HO-1050,,,,,,
05- relationship_file,02-delay_analysis/unified_tia_csv/05- relationship_file.csv,463,The Big -P.01-UP-20-April-26,,,,,,,,,,,,,,,,,,,,,,,,,,,,,AB-APP-B01-2ND-1030,Approval for Stairs Conc. Dim.  & RFT DWGs As-Built Drawing (B01) (2nd),"AB-SUB-B01-2ND-1030, AB-SUB-B01-2ND-1030","AB-SUB-B01-2ND-1030: SS 12, AB-SUB-B01-2ND-1030: FF 6",HO-1050,,,,,,
05- relationship_file,02-delay_analysis/unified_tia_csv/05- relationship_file.csv,464,The Big -P.01-UP-20-April-26,,,,,,,,,,,,,,,,,,,,,,,,,,,,,AB-APP-B04-2ND-1000,Approval for Col. & Walls Conc. Dim.  & RFT DWGs As-Built Drawing (B04) (2nd),"AB-SUB-B04-2ND-1000, AB-SUB-B04-2ND-1000","AB-SUB-B04-2ND-1000: SS 12, AB-SUB-B04-2ND-1000: FF 6",HO-1050,,,,,,
05- relationship_file,02-delay_analysis/unified_tia_csv/05- relationship_file.csv,465,The Big -P.01-UP-20-April-26,,,,,,,,,,,,,,,,,,,,,,,,,,,,,AB-APP-B04-2ND-1010,Approval for Slabs Conc. Dim.  & RFT DWGs As-Built Drawing (B04) (2nd),"AB-SUB-B04-2ND-1010, AB-SUB-B04-2ND-1010","AB-SUB-B04-2ND-1010: SS 12, AB-SUB-B04-2ND-1010: FF 6",HO-1050,,,,,,
05- relationship_file,02-delay_analysis/unified_tia_csv/05- relationship_file.csv,466,The Big -P.01-UP-20-April-26,,,,,,,,,,,,,,,,,,,,,,,,,,,,,AB-APP-B04-2ND-1020,Approval for Beams Conc. Dim.  & RFT DWGs As-Built Drawing (B04) (2nd),"AB-SUB-B04-2ND-1020, AB-SUB-B04-2ND-1020","AB-SUB-B04-2ND-1020: SS 12, AB-SUB-B04-2ND-1020: FF 6",HO-1050,,,,,,
05- relationship_file,02-delay_analysis/unified_tia_csv/05- relationship_file.csv,467,The Big -P.01-UP-20-April-26,,,,,,,,,,,,,,,,,,,,,,,,,,,,,AB-APP-B04-2ND-1030,Approval for Stairs Conc. Dim.  & RFT DWGs As-Built Drawing (B04) (2nd),"AB-SUB-B04-2ND-1030, AB-SUB-B04-2ND-1030","AB-SUB-B04-2ND-1030: SS 12, AB-SUB-B04-2ND-1030: FF 6",HO-1050,,,,,,
05- relationship_file,02-delay_analysis/unified_tia_csv/05- relationship_file.csv,468,The Big -P.01-UP-20-April-26,,,,,,,,,,,,,,,,,,,,,,,,,,,,,AB-APP-B03-2ND-1000,Approval for Col. & Walls Conc. Dim.  & RFT DWGs As-Built Drawing  (B03) (2nd),"AB-SUB-B03-2ND-1000, AB-SUB-B03-2ND-1000","AB-SUB-B03-2ND-1000: SS 12, AB-SUB-B03-2ND-1000: FF 6",HO-1050,,,,,,
05- relationship_file,02-delay_analysis/unified_tia_csv/05- relationship_file.csv,469,The Big -P.01-UP-20-April-26,,,,,,,,,,,,,,,,,,,,,,,,,,,,,AB-APP-B03-2ND-1010,Approval for Slabs Conc. Dim.  & RFT DWGs As-Built Drawing  (B03) (2nd),"AB-SUB-B03-2ND-1010, AB-SUB-B03-2ND-1010","AB-SUB-B03-2ND-1010: SS 12, AB-SUB-B03-2ND-1010: FF 6",HO-1050,,,,,,
05- relationship_file,02-delay_analysis/unified_tia_csv/05- relationship_file.csv,470,The Big -P.01-UP-20-April-26,,,,,,,,,,,,,,,,,,,,,,,,,,,,,AB-APP-B03-2ND-1020,Approval for Beams Conc. Dim.  & RFT DWGs As-Built Drawing  (B03) (2nd),"AB-SUB-B03-2ND-1020, AB-SUB-B03-2ND-1020","AB-SUB-B03-2ND-1020: SS 12, AB-SUB-B03-2ND-1020: FF 6",HO-1050,,,,,,
05- relationship_file,02-delay_analysis/unified_tia_csv/05- relationship_file.csv,471,The Big -P.01-UP-20-April-26,,,,,,,,,,,,,,,,,,,,,,,,,,,,,AB-APP-B03-2ND-1030,Approval for Stairs Conc. Dim.  & RFT DWGs As-Built Drawing  (B03) (2nd),"AB-SUB-B03-2ND-1030, AB-SUB-B03-2ND-1030","AB-SUB-B03-2ND-1030: SS 12, AB-SUB-B03-2ND-1030: FF 6",HO-1050,,,,,,
05- relationship_file,02-delay_analysis/unified_tia_csv/05- relationship_file.csv,472,The Big -P.01-UP-20-April-26,,,,,,,,,,,,,,,,,,,,,,,,,,,,,E-SUB-B04-3RD-1000,Submittal for Col. & Walls Conc. Dim.  & RFT DWGs (B04) (3rd),E-DR-1000,E-DR-1000: FS 75,"E-APP-B04-2RD-1000, E-APP-B04-2RD-1000, E-SUB-B04-3RD-1010",,,,,,
05- relationship_file,02-delay_analysis/unified_tia_csv/05- relationship_file.csv,473,The Big -P.01-UP-20-April-26,,,,,,,,,,,,,,,,,,,,,,,,,,,,,E-SUB-B04-3RD-1030,Submittal for Slabs Conc. Dim.  & RFT DWGs (B04) (3rd),"E-DR-1000, E-SUB-B04-3RD-1020","E-DR-1000: FS 86, E-SUB-B04-3RD-1020: SS 3","E-APP-B04-2RD-1030, E-APP-B04-2RD-1030",,,,,,
05- relationship_file,02-delay_analysis/unified_tia_csv/05- relationship_file.csv,474,The Big -P.01-UP-20-April-26,,,,,,,,,,,,,,,,,,,,,,,,,,,,,E-SUB-B04-3RD-1020,Submittal for Beams Conc. Dim.  & RFT DWGs (B04) (3rd),"E-DR-1000, E-SUB-B04-3RD-1010","E-DR-1000: FS 83, E-SUB-B04-3RD-1010: SS 3","E-APP-B04-2RD-1020, E-APP-B04-2RD-1020, E-SUB-B04-3RD-1030",,,,,,
05- relationship_file,02-delay_analysis/unified_tia_csv/05- relationship_file.csv,475,The Big -P.01-UP-20-April-26,,,,,,,,,,,,,,,,,,,,,,,,,,,,,E-SUB-B04-3RD-1010,Submittal for Stairs Conc. Dim.  & RFT DWGs (B04) (3rd),"E-DR-1000, E-SUB-B04-3RD-1000","E-DR-1000: FS 79, E-SUB-B04-3RD-1000: SS 3","E-APP-B04-2RD-1010, E-APP-B04-2RD-1010, E-SUB-B04-3RD-1020",,,,,,
05- relationship_file,02-delay_analysis/unified_tia_csv/05- relationship_file.csv,476,The Big -P.01-UP-20-April-26,,,,,,,,,,,,,,,,,,,,,,,,,,,,,E-SUB-B03-3RD-1000,Submittal for Col. & Walls Conc. Dim.  & RFT DWGs (B03) (3rd),E-DR-1000,E-DR-1000: FS 50,"E-APP-B03-3RD-1000, E-APP-B03-3RD-1000, E-SUB-B03-3RD-1010",,,,,,
05- relationship_file,02-delay_analysis/unified_tia_csv/05- relationship_file.csv,477,The Big -P.01-UP-20-April-26,,,,,,,,,,,,,,,,,,,,,,,,,,,,,E-SUB-B03-3RD-1030,Submittal for Slabs Conc. Dim.  & RFT DWGs (B03) (3rd),"E-DR-1000, E-SUB-B03-3RD-1020","E-DR-1000: FS 62, E-SUB-B03-3RD-1020: SS 3","E-APP-B03-3RD-1030, E-APP-B03-3RD-1030",,,,,,
05- relationship_file,02-delay_analysis/unified_tia_csv/05- relationship_file.csv,478,The Big -P.01-UP-20-April-26,,,,,,,,,,,,,,,,,,,,,,,,,,,,,E-SUB-B03-3RD-1020,Submittal for Beams Conc. Dim.  & RFT DWGs (B03) (3rd),"E-DR-1000, E-SUB-B03-3RD-1010","E-DR-1000: FS 57, E-SUB-B03-3RD-1010: SS 3","E-APP-B03-3RD-1020, E-APP-B03-3RD-1020, E-SUB-B03-3RD-1030",,,,,,
05- relationship_file,02-delay_analysis/unified_tia_csv/05- relationship_file.csv,479,The Big -P.01-UP-20-April-26,,,,,,,,,,,,,,,,,,,,,,,,,,,,,E-SUB-B03-3RD-1010,Submittal for Stairs Conc. Dim.  & RFT DWGs (B03) (3rd),"E-DR-1000, E-SUB-B03-3RD-1000","E-DR-1000: FS 53, E-SUB-B03-3RD-1000: SS 3","E-APP-B03-3RD-1010, E-APP-B03-3RD-1010, E-SUB-B03-3RD-1020",,,,,,
05- relationship_file,02-delay_analysis/unified_tia_csv/05- relationship_file.csv,480,The Big -P.01-UP-20-April-26,,,,,,,,,,,,,,,,,,,,,,,,,,,,,E-SUB-B02-3RD-1000,Submittal for Col. & Walls Conc. Dim.  & RFT DWGs (B02) (3rd),E-DR-1000,E-DR-1000: FS 65,"E-APP-B02-3RD-1000, E-APP-B02-3RD-1000, E-SUB-B02-3RD-1010",,,,,,
05- relationship_file,02-delay_analysis/unified_tia_csv/05- relationship_file.csv,481,The Big -P.01-UP-20-April-26,,,,,,,,,,,,,,,,,,,,,,,,,,,,,E-SUB-B02-3RD-1030,Submittal for Slabs Conc. Dim.  & RFT DWGs (B02) (3rd),"E-DR-1000, E-SUB-B02-3RD-1020","E-DR-1000: FS 76, E-SUB-B02-3RD-1020: SS 3","E-APP-B02-3RD-1030, E-APP-B02-3RD-1030",,,,,,
05- relationship_file,02-delay_analysis/unified_tia_csv/05- relationship_file.csv,482,The Big -P.01-UP-20-April-26,,,,,,,,,,,,,,,,,,,,,,,,,,,,,E-SUB-B02-3RD-1020,Submittal for Beams Conc. Dim.  & RFT DWGs (B02) (3rd),"E-DR-1000, E-SUB-B02-3RD-1010","E-DR-1000: FS 72, E-SUB-B02-3RD-1010: SS 3","E-APP-B02-3RD-1020, E-APP-B02-3RD-1020, E-SUB-B02-3RD-1030",,,,,,
05- relationship_file,02-delay_analysis/unified_tia_csv/05- relationship_file.csv,483,The Big -P.01-UP-20-April-26,,,,,,,,,,,,,,,,,,,,,,,,,,,,,E-SUB-B02-3RD-1010,Submittal for Stairs Conc. Dim.  & RFT DWGs (B02) (3rd),"E-DR-1000, E-SUB-B02-3RD-1000","E-DR-1000: FS 69, E-SUB-B02-3RD-1000: SS 3","E-APP-B02-3RD-1010, E-APP-B02-3RD-1010, E-SUB-B02-3RD-1020",,,,,,
05- relationship_file,02-delay_analysis/unified_tia_csv/05- relationship_file.csv,484,The Big -P.01-UP-20-April-26,,,,,,,,,,,,,,,,,,,,,,,,,,,,,E-SUB-B01-3RD-1000,Submittal for Col. & Walls Conc. Dim.  & RFT DWGs (B01) (3rd),E-DR-1000,E-DR-1000: FS 50,"E-APP-B01-3ED-1000, E-APP-B01-3ED-1000, E-SUB-B01-3RD-1010",,,,,,
05- relationship_file,02-delay_analysis/unified_tia_csv/05- relationship_file.csv,485,The Big -P.01-UP-20-April-26,,,,,,,,,,,,,,,,,,,,,,,,,,,,,E-SUB-B01-3RD-1030,Submittal for Slabs Conc. Dim.  & RFT DWGs (B01) (3rd),"E-DR-1000, E-SUB-B01-3RD-1020","E-DR-1000: FS 62, E-SUB-B01-3RD-1020: SS 3","E-APP-B01-3ED-1030, E-APP-B01-3ED-1030",,,,,,
05- relationship_file,02-delay_analysis/unified_tia_csv/05- relationship_file.csv,486,The Big -P.01-UP-20-April-26,,,,,,,,,,,,,,,,,,,,,,,,,,,,,E-SUB-B01-3RD-1020,Submittal for Beams Conc. Dim.  & RFT DWGs (B01) (3rd),"E-DR-1000, E-SUB-B01-3RD-1010","E-DR-1000: FS 57, E-SUB-B01-3RD-1010: SS 3","E-APP-B01-3ED-1020, E-APP-B01-3ED-1020, E-SUB-B01-3RD-1030",,,,,,
05- relationship_file,02-delay_analysis/unified_tia_csv/05- relationship_file.csv,487,The Big -P.01-UP-20-April-26,,,,,,,,,,,,,,,,,,,,,,,,,,,,,E-SUB-B01-3RD-1010,Submittal for Stairs Conc. Dim.  & RFT DWGs (B01) (3rd),"E-DR-1000, E-SUB-B01-3RD-1000","E-DR-1000: FS 53, E-SUB-B01-3RD-1000: SS 3","E-APP-B01-3ED-1010, E-APP-B01-3ED-1010, E-SUB-B01-3RD-1020",,,,,,
05- relationship_file,02-delay_analysis/unified_tia_csv/05- relationship_file.csv,488,The Big -P.01-UP-20-April-26,,,,,,,,,,,,,,,,,,,,,,,,,,,,,E-APP-B02-3RD-1000,Approval for Col. & Walls Conc. Dim.  & RFT DWGs (B02) (3rd),"E-SUB-B02-3RD-1000, E-SUB-B02-3RD-1000","E-SUB-B02-3RD-1000: SS 12, E-SUB-B02-3RD-1000: FF 10","CON-B02-3RD-1010, CON-B02-3RD-1020",,,,,,
05- relationship_file,02-delay_analysis/unified_tia_csv/05- relationship_file.csv,489,The Big -P.01-UP-20-April-26,,,,,,,,,,,,,,,,,,,,,,,,,,,,,E-APP-B02-3RD-1030,Approval for Slabs Conc. Dim.  & RFT DWGs (B02) (3rd),"E-SUB-B02-3RD-1030, E-SUB-B02-3RD-1030","E-SUB-B02-3RD-1030: SS 12, E-SUB-B02-3RD-1030: FF 10","CON-B02-3RD-1040, CON-B02-3RD-1050",,,,,,
05- relationship_file,02-delay_analysis/unified_tia_csv/05- relationship_file.csv,490,The Big -P.01-UP-20-April-26,,,,,,,,,,,,,,,,,,,,,,,,,,,,,E-APP-B02-3RD-1020,Approval for Beams Conc. Dim.  & RFT DWGs (B02) (3rd),"E-SUB-B02-3RD-1020, E-SUB-B02-3RD-1020","E-SUB-B02-3RD-1020: SS 12, E-SUB-B02-3RD-1020: FF 10","CON-B02-3RD-1040, CON-B02-3RD-1050",,,,,,
05- relationship_file,02-delay_analysis/unified_tia_csv/05- relationship_file.csv,491,The Big -P.01-UP-20-April-26,,,,,,,,,,,,,,,,,,,,,,,,,,,,,E-APP-B02-3RD-1010,Approval for Stairs Conc. Dim.  & RFT DWGs (B02) (3rd),"E-SUB-B02-3RD-1010, E-SUB-B02-3RD-1010","E-SUB-B02-3RD-1010: SS 12, E-SUB-B02-3RD-1010: FF 10","CON-B02-3RD-1040, CON-B02-3RD-1050",,,,,,
05- relationship_file,02-delay_analysis/unified_tia_csv/05- relationship_file.csv,492,The Big -P.01-UP-20-April-26,,,,,,,,,,,,,,,,,,,,,,,,,,,,,E-APP-B01-3ED-1000,Approval for Col. & Walls Conc. Dim.  & RFT DWGs (B01) (3rd),"E-SUB-B01-3RD-1000, E-SUB-B01-3RD-1000","E-SUB-B01-3RD-1000: SS 12, E-SUB-B01-3RD-1000: FF 10","CON-B01-3RD-1010, CON-B01-3RD-1020",,,,,,
05- relationship_file,02-delay_analysis/unified_tia_csv/05- relationship_file.csv,493,The Big -P.01-UP-20-April-26,,,,,,,,,,,,,,,,,,,,,,,,,,,,,E-APP-B01-3ED-1030,Approval for Slabs Conc. Dim.  & RFT DWGs (B01) (3rd),"E-SUB-B01-3RD-1030, E-SUB-B01-3RD-1030","E-SUB-B01-3RD-1030: SS 12, E-SUB-B01-3RD-1030: FF 10","CON-B01-3RD-1040, CON-B01-3RD-1010",,,,,,
05- relationship_file,02-delay_analysis/unified_tia_csv/05- relationship_file.csv,494,The Big -P.01-UP-20-April-26,,,,,,,,,,,,,,,,,,,,,,,,,,,,,E-APP-B01-3ED-1020,Approval for Beams Conc. Dim.  & RFT DWGs (B01) (3rd),"E-SUB-B01-3RD-1020, E-SUB-B01-3RD-1020","E-SUB-B01-3RD-1020: SS 12, E-SUB-B01-3RD-1020: FF 10","CON-B01-3RD-1040, CON-B01-3RD-1010",,,,,,
05- relationship_file,02-delay_analysis/unified_tia_csv/05- relationship_file.csv,495,The Big -P.01-UP-20-April-26,,,,,,,,,,,,,,,,,,,,,,,,,,,,,E-APP-B01-3ED-1010,Approval for Stairs Conc. Dim.  & RFT DWGs (B01) (3rd),"E-SUB-B01-3RD-1010, E-SUB-B01-3RD-1010","E-SUB-B01-3RD-1010: SS 12, E-SUB-B01-3RD-1010: FF 10","CON-B01-3RD-1040, CON-B01-3RD-1010",,,,,,
05- relationship_file,02-delay_analysis/unified_tia_csv/05- relationship_file.csv,496,The Big -P.01-UP-20-April-26,,,,,,,,,,,,,,,,,,,,,,,,,,,,,E-APP-B04-2RD-1000,Approval for Col. & Walls Conc. Dim.  & RFT DWGs (B04) (3rd),"E-SUB-B04-3RD-1000, E-SUB-B04-3RD-1000","E-SUB-B04-3RD-1000: SS 12, E-SUB-B04-3RD-1000: FF 10","CON-B04-3RD-1010, CON-B04-3RD-1020",,,,,,
05- relationship_file,02-delay_analysis/unified_tia_csv/05- relationship_file.csv,497,The Big -P.01-UP-20-April-26,,,,,,,,,,,,,,,,,,,,,,,,,,,,,E-APP-B04-2RD-1030,Approval for Slabs Conc. Dim.  & RFT DWGs (B04) (3rd),"E-SUB-B04-3RD-1030, E-SUB-B04-3RD-1030","E-SUB-B04-3RD-1030: SS 12, E-SUB-B04-3RD-1030: FF 10","CON-B04-3RD-1040, CON-B04-3RD-1050",,,,,,
05- relationship_file,02-delay_analysis/unified_tia_csv/05- relationship_file.csv,498,The Big -P.01-UP-20-April-26,,,,,,,,,,,,,,,,,,,,,,,,,,,,,E-APP-B04-2RD-1020,Approval for Beams Conc. Dim.  & RFT DWGs (B04) (3rd),"E-SUB-B04-3RD-1020, E-SUB-B04-3RD-1020","E-SUB-B04-3RD-1020: SS 12, E-SUB-B04-3RD-1020: FF 10","CON-B04-3RD-1040, CON-B04-3RD-1050",,,,,,
05- relationship_file,02-delay_analysis/unified_tia_csv/05- relationship_file.csv,499,The Big -P.01-UP-20-April-26,,,,,,,,,,,,,,,,,,,,,,,,,,,,,E-APP-B04-2RD-1010,Approval for Stairs Conc. Dim.  & RFT DWGs (B04) (3rd),"E-SUB-B04-3RD-1010, E-SUB-B04-3RD-1010","E-SUB-B04-3RD-1010: SS 12, E-SUB-B04-3RD-1010: FF 10","CON-B04-3RD-1040, CON-B04-3RD-1050",,,,,,
05- relationship_file,02-delay_analysis/unified_tia_csv/05- relationship_file.csv,500,The Big -P.01-UP-20-April-26,,,,,,,,,,,,,,,,,,,,,,,,,,,,,E-APP-B03-3RD-1000,Approval for Col. & Walls Conc. Dim.  & RFT DWGs  (B03) (3rd),"E-SUB-B03-3RD-1000, E-SUB-B03-3RD-1000","E-SUB-B03-3RD-1000: SS 12, E-SUB-B03-3RD-1000: FF 10","CON-B03-3RD-1010, CON-B03-3RD-1020",,,,,,
05- relationship_file,02-delay_analysis/unified_tia_csv/05- relationship_file.csv,501,The Big -P.01-UP-20-April-26,,,,,,,,,,,,,,,,,,,,,,,,,,,,,E-APP-B03-3RD-1030,Approval for Slabs Conc. Dim.  & RFT DWGs  (B03) (3rd),"E-SUB-B03-3RD-1030, E-SUB-B03-3RD-1030","E-SUB-B03-3RD-1030: SS 12, E-SUB-B03-3RD-1030: FF 10","CON-B03-3RD-1040, CON-B03-3RD-1050",,,,,,
05- relationship_file,02-delay_analysis/unified_tia_csv/05- relationship_file.csv,502,The Big -P.01-UP-20-April-26,,,,,,,,,,,,,,,,,,,,,,,,,,,,,E-APP-B03-3RD-1020,Approval for Beams Conc. Dim.  & RFT DWGs  (B03) (3rd),"E-SUB-B03-3RD-1020, E-SUB-B03-3RD-1020","E-SUB-B03-3RD-1020: SS 12, E-SUB-B03-3RD-1020: FF 10","CON-B03-3RD-1040, CON-B03-3RD-1050",,,,,,
05- relationship_file,02-delay_analysis/unified_tia_csv/05- relationship_file.csv,503,The Big -P.01-UP-20-April-26,,,,,,,,,,,,,,,,,,,,,,,,,,,,,E-APP-B03-3RD-1010,Approval for Stairs Conc. Dim.  & RFT DWGs  (B03) (3rd),"E-SUB-B03-3RD-1010, E-SUB-B03-3RD-1010","E-SUB-B03-3RD-1010: SS 12, E-SUB-B03-3RD-1010: FF 10","CON-B03-3RD-1040, CON-B03-3RD-1050",,,,,,
05- relationship_file,02-delay_analysis/unified_tia_csv/05- relationship_file.csv,504,The Big -P.01-UP-20-April-26,,,,,,,,,,,,,,,,,,,,,,,,,,,,,AB-SUB-B04-3RD-1000,Submittal for Col. & Walls Conc. Dim.  & RFT DWGs As-Built Drawing (B04) (3rd),CON-B04-3RD-1030,CON-B04-3RD-1030: FS,"AB-APP-B04-3TH-1000, AB-APP-B04-3TH-1000",,,,,,
05- relationship_file,02-delay_analysis/unified_tia_csv/05- relationship_file.csv,505,The Big -P.01-UP-20-April-26,,,,,,,,,,,,,,,,,,,,,,,,,,,,,AB-SUB-B04-3RD-1010,Submittal for Slabs Conc. Dim.  & RFT DWGs As-Built Drawing (B04) (3rd),CON-B04-3RD-1060,CON-B04-3RD-1060: FS,"AB-APP-B04-3TH-1010, AB-APP-B04-3TH-1010",,,,,,
05- relationship_file,02-delay_analysis/unified_tia_csv/05- relationship_file.csv,506,The Big -P.01-UP-20-April-26,,,,,,,,,,,,,,,,,,,,,,,,,,,,,AB-SUB-B04-3RD-1020,Submittal for Beams Conc. Dim.  & RFT DWGs As-Built Drawing (B04) (3rd),CON-B04-3RD-1060,CON-B04-3RD-1060: FS,"AB-APP-B04-3TH-1020, AB-APP-B04-3TH-1020",,,,,,
05- relationship_file,02-delay_analysis/unified_tia_csv/05- relationship_file.csv,507,The Big -P.01-UP-20-April-26,,,,,,,,,,,,,,,,,,,,,,,,,,,,,AB-SUB-B04-3RD-1030,Submittal for Stairs Conc. Dim.  & RFT DWGs As-Built Drawing (B04) (3rd),CON-B04-3RD-1060,CON-B04-3RD-1060: FS,"AB-APP-B04-3TH-1030, AB-APP-B04-3TH-1030",,,,,,
05- relationship_file,02-delay_analysis/unified_tia_csv/05- relationship_file.csv,508,The Big -P.01-UP-20-April-26,,,,,,,,,,,,,,,,,,,,,,,,,,,,,AB-SUB-B03-3RD-1000,Submittal for Col. & Walls Conc. Dim.  & RFT DWGs As-Built Drawing (B03) (3rd),CON-B03-3RD-1030,CON-B03-3RD-1030: FS,"AB-APP-B03-3RD-1000, AB-APP-B03-3RD-1000",,,,,,
05- relationship_file,02-delay_analysis/unified_tia_csv/05- relationship_file.csv,509,The Big -P.01-UP-20-April-26,,,,,,,,,,,,,,,,,,,,,,,,,,,,,AB-SUB-B03-3RD-1010,Submittal for Slabs Conc. Dim.  & RFT DWGs As-Built Drawing (B03) (3rd),CON-B03-3RD-1060,CON-B03-3RD-1060: FS,"AB-APP-B03-3RD-1010, AB-APP-B03-3RD-1010",,,,,,
05- relationship_file,02-delay_analysis/unified_tia_csv/05- relationship_file.csv,510,The Big -P.01-UP-20-April-26,,,,,,,,,,,,,,,,,,,,,,,,,,,,,AB-SUB-B03-3RD-1020,Submittal for Beams Conc. Dim.  & RFT DWGs As-Built Drawing (B03) (3rd),CON-B03-3RD-1060,CON-B03-3RD-1060: FS,"AB-APP-B03-3RD-1020, AB-APP-B03-3RD-1020",,,,,,
05- relationship_file,02-delay_analysis/unified_tia_csv/05- relationship_file.csv,511,The Big -P.01-UP-20-April-26,,,,,,,,,,,,,,,,,,,,,,,,,,,,,AB-SUB-B03-3RD-1030,Submittal for Stairs Conc. Dim.  & RFT DWGs As-Built Drawing (B03) (3rd),CON-B03-3RD-1060,CON-B03-3RD-1060: FS,"AB-APP-B03-3RD-1030, AB-APP-B03-3RD-1030",,,,,,
05- relationship_file,02-delay_analysis/unified_tia_csv/05- relationship_file.csv,512,The Big -P.01-UP-20-April-26,,,,,,,,,,,,,,,,,,,,,,,,,,,,,AB-SUB-B02-3RD-1000,Submittal for Col. & Walls Conc. Dim.  & RFT DWGs As-Built Drawing (B02) (3rd),CON-B02-3RD-1030,CON-B02-3RD-1030: FS,"AB-APP-B02-3RD-1000, AB-APP-B02-3RD-1000",,,,,,
05- relationship_file,02-delay_analysis/unified_tia_csv/05- relationship_file.csv,513,The Big -P.01-UP-20-April-26,,,,,,,,,,,,,,,,,,,,,,,,,,,,,AB-SUB-B02-3RD-1010,Submittal for Slabs Conc. Dim.  & RFT DWGs As-Built Drawing (B02) (3rd),CON-B02-3RD-1060,CON-B02-3RD-1060: FS,"AB-APP-B02-3RD-1010, AB-APP-B02-3RD-1010",,,,,,
05- relationship_file,02-delay_analysis/unified_tia_csv/05- relationship_file.csv,514,The Big -P.01-UP-20-April-26,,,,,,,,,,,,,,,,,,,,,,,,,,,,,AB-SUB-B02-3RD-1020,Submittal for Beams Conc. Dim.  & RFT DWGs As-Built Drawing (B02) (3rd),CON-B02-3RD-1060,CON-B02-3RD-1060: FS,"AB-APP-B02-3RD-1020, AB-APP-B02-3RD-1020",,,,,,
05- relationship_file,02-delay_analysis/unified_tia_csv/05- relationship_file.csv,515,The Big -P.01-UP-20-April-26,,,,,,,,,,,,,,,,,,,,,,,,,,,,,AB-SUB-B02-3RD-1030,Submittal for Stairs Conc. Dim.  & RFT DWGs As-Built Drawing (B02) (3rd),CON-B02-3RD-1060,CON-B02-3RD-1060: FS,"AB-APP-B02-3RD-1030, AB-APP-B02-3RD-1030",,,,,,
05- relationship_file,02-delay_analysis/unified_tia_csv/05- relationship_file.csv,516,The Big -P.01-UP-20-April-26,,,,,,,,,,,,,,,,,,,,,,,,,,,,,AB-SUB-B01-3RD-1000,Submittal for Col. & Walls Conc. Dim.  & RFT DWGs As-Built Drawing (B01) (3rd),CON-B01-3RD-1030,CON-B01-3RD-1030: FS,"AB-APP-B01-3RD-1000, AB-APP-B01-3RD-1000",,,,,,
05- relationship_file,02-delay_analysis/unified_tia_csv/05- relationship_file.csv,517,The Big -P.01-UP-20-April-26,,,,,,,,,,,,,,,,,,,,,,,,,,,,,AB-SUB-B01-3RD-1010,Submittal for Slabs Conc. Dim.  & RFT DWGs As-Built Drawing (B01) (3rd),CON-B01-3RD-1060,CON-B01-3RD-1060: FS,"AB-APP-B01-3RD-1010, AB-APP-B01-3RD-1010",,,,,,
05- relationship_file,02-delay_analysis/unified_tia_csv/05- relationship_file.csv,518,The Big -P.01-UP-20-April-26,,,,,,,,,,,,,,,,,,,,,,,,,,,,,AB-SUB-B01-3RD-1020,Submittal for Beams Conc. Dim.  & RFT DWGs As-Built Drawing (B01) (3rd),CON-B01-3RD-1060,CON-B01-3RD-1060: FS,"AB-APP-B01-3RD-1020, AB-APP-B01-3RD-1020",,,,,,
05- relationship_file,02-delay_analysis/unified_tia_csv/05- relationship_file.csv,519,The Big -P.01-UP-20-April-26,,,,,,,,,,,,,,,,,,,,,,,,,,,,,AB-SUB-B01-3RD-1030,Submittal for Stairs Conc. Dim.  & RFT DWGs As-Built Drawing (B01) (3rd),CON-B01-3RD-1060,CON-B01-3RD-1060: FS,"AB-APP-B01-3RD-1030, AB-APP-B01-3RD-1030",,,,,,
05- relationship_file,02-delay_analysis/unified_tia_csv/05- relationship_file.csv,520,The Big -P.01-UP-20-April-26,,,,,,,,,,,,,,,,,,,,,,,,,,,,,AB-APP-B02-3RD-1000,Approval for Col. & Walls Conc. Dim.  & RFT DWGs As-Built Drawing (B02) (3rd),"AB-SUB-B02-3RD-1000, AB-SUB-B02-3RD-1000","AB-SUB-B02-3RD-1000: SS 12, AB-SUB-B02-3RD-1000: FF 6",HO-1050,,,,,,
05- relationship_file,02-delay_analysis/unified_tia_csv/05- relationship_file.csv,521,The Big -P.01-UP-20-April-26,,,,,,,,,,,,,,,,,,,,,,,,,,,,,AB-APP-B02-3RD-1010,Approval for Slabs Conc. Dim.  & RFT DWGs As-Built Drawing (B02) (3rd),"AB-SUB-B02-3RD-1010, AB-SUB-B02-3RD-1010","AB-SUB-B02-3RD-1010: SS 12, AB-SUB-B02-3RD-1010: FF 6",HO-1050,,,,,,
05- relationship_file,02-delay_analysis/unified_tia_csv/05- relationship_file.csv,522,The Big -P.01-UP-20-April-26,,,,,,,,,,,,,,,,,,,,,,,,,,,,,AB-APP-B02-3RD-1020,Approval for Beams Conc. Dim.  & RFT DWGs As-Built Drawing (B02) (3rd),"AB-SUB-B02-3RD-1020, AB-SUB-B02-3RD-1020","AB-SUB-B02-3RD-1020: SS 12, AB-SUB-B02-3RD-1020: FF 6",HO-1050,,,,,,
05- relationship_file,02-delay_analysis/unified_tia_csv/05- relationship_file.csv,523,The Big -P.01-UP-20-April-26,,,,,,,,,,,,,,,,,,,,,,,,,,,,,AB-APP-B02-3RD-1030,Approval for Stairs Conc. Dim.  & RFT DWGs As-Built Drawing (B02) (3rd),"AB-SUB-B02-3RD-1030, AB-SUB-B02-3RD-1030","AB-SUB-B02-3RD-1030: SS 12, AB-SUB-B02-3RD-1030: FF 6",HO-1050,,,,,,
05- relationship_file,02-delay_analysis/unified_tia_csv/05- relationship_file.csv,524,The Big -P.01-UP-20-April-26,,,,,,,,,,,,,,,,,,,,,,,,,,,,,AB-APP-B01-3RD-1000,Approval for Col. & Walls Conc. Dim.  & RFT DWGs As-Built Drawing (B01) (3rd),"AB-SUB-B01-3RD-1000, AB-SUB-B01-3RD-1000","AB-SUB-B01-3RD-1000: SS 12, AB-SUB-B01-3RD-1000: FF 6",HO-1050,,,,,,
05- relationship_file,02-delay_analysis/unified_tia_csv/05- relationship_file.csv,525,The Big -P.01-UP-20-April-26,,,,,,,,,,,,,,,,,,,,,,,,,,,,,AB-APP-B01-3RD-1010,Approval for Slabs Conc. Dim.  & RFT DWGs As-Built Drawing (B01) (3rd),"AB-SUB-B01-3RD-1010, AB-SUB-B01-3RD-1010","AB-SUB-B01-3RD-1010: SS 12, AB-SUB-B01-3RD-1010: FF 6",HO-1050,,,,,,
05- relationship_file,02-delay_analysis/unified_tia_csv/05- relationship_file.csv,526,The Big -P.01-UP-20-April-26,,,,,,,,,,,,,,,,,,,,,,,,,,,,,AB-APP-B01-3RD-1020,Approval for Beams Conc. Dim.  & RFT DWGs As-Built Drawing (B01) (3rd),"AB-SUB-B01-3RD-1020, AB-SUB-B01-3RD-1020","AB-SUB-B01-3RD-1020: SS 12, AB-SUB-B01-3RD-1020: FF 6",HO-1050,,,,,,
05- relationship_file,02-delay_analysis/unified_tia_csv/05- relationship_file.csv,527,The Big -P.01-UP-20-April-26,,,,,,,,,,,,,,,,,,,,,,,,,,,,,AB-APP-B01-3RD-1030,Approval for Stairs Conc. Dim.  & RFT DWGs As-Built Drawing (B01) (3rd),"AB-SUB-B01-3RD-1030, AB-SUB-B01-3RD-1030","AB-SUB-B01-3RD-1030: SS 12, AB-SUB-B01-3RD-1030: FF 6",HO-1050,,,,,,
05- relationship_file,02-delay_analysis/unified_tia_csv/05- relationship_file.csv,528,The Big -P.01-UP-20-April-26,,,,,,,,,,,,,,,,,,,,,,,,,,,,,AB-APP-B04-3TH-1000,Approval for Col. & Walls Conc. Dim.  & RFT DWGs As-Built Drawing (B04) (3rd),"AB-SUB-B04-3RD-1000, AB-SUB-B04-3RD-1000","AB-SUB-B04-3RD-1000: SS 12, AB-SUB-B04-3RD-1000: FF 6",HO-1050,,,,,,
05- relationship_file,02-delay_analysis/unified_tia_csv/05- relationship_file.csv,529,The Big -P.01-UP-20-April-26,,,,,,,,,,,,,,,,,,,,,,,,,,,,,AB-APP-B04-3TH-1010,Approval for Slabs Conc. Dim.  & RFT DWGs As-Built Drawing (B04) (3rd),"AB-SUB-B04-3RD-1010, AB-SUB-B04-3RD-1010","AB-SUB-B04-3RD-1010: SS 12, AB-SUB-B04-3RD-1010: FF 6",HO-1050,,,,,,
05- relationship_file,02-delay_analysis/unified_tia_csv/05- relationship_file.csv,530,The Big -P.01-UP-20-April-26,,,,,,,,,,,,,,,,,,,,,,,,,,,,,AB-APP-B04-3TH-1020,Approval for Beams Conc. Dim.  & RFT DWGs As-Built Drawing (B04) (3rd),"AB-SUB-B04-3RD-1020, AB-SUB-B04-3RD-1020","AB-SUB-B04-3RD-1020: SS 12, AB-SUB-B04-3RD-1020: FF 6",HO-1050,,,,,,
05- relationship_file,02-delay_analysis/unified_tia_csv/05- relationship_file.csv,531,The Big -P.01-UP-20-April-26,,,,,,,,,,,,,,,,,,,,,,,,,,,,,AB-APP-B04-3TH-1030,Approval for Stairs Conc. Dim.  & RFT DWGs As-Built Drawing (B04) (3rd),"AB-SUB-B04-3RD-1030, AB-SUB-B04-3RD-1030","AB-SUB-B04-3RD-1030: SS 12, AB-SUB-B04-3RD-1030: FF 6",HO-1050,,,,,,
05- relationship_file,02-delay_analysis/unified_tia_csv/05- relationship_file.csv,532,The Big -P.01-UP-20-April-26,,,,,,,,,,,,,,,,,,,,,,,,,,,,,AB-APP-B03-3RD-1000,Approval for Col. & Walls Conc. Dim.  & RFT DWGs As-Built Drawing  (B03) (3rd),"AB-SUB-B03-3RD-1000, AB-SUB-B03-3RD-1000","AB-SUB-B03-3RD-1000: SS 12, AB-SUB-B03-3RD-1000: FF 6",HO-1050,,,,,,
05- relationship_file,02-delay_analysis/unified_tia_csv/05- relationship_file.csv,533,The Big -P.01-UP-20-April-26,,,,,,,,,,,,,,,,,,,,,,,,,,,,,AB-APP-B03-3RD-1010,Approval for Slabs Conc. Dim.  & RFT DWGs As-Built Drawing  (B03) (3rd),"AB-SUB-B03-3RD-1010, AB-SUB-B03-3RD-1010","AB-SUB-B03-3RD-1010: SS 12, AB-SUB-B03-3RD-1010: FF 6",HO-1050,,,,,,
05- relationship_file,02-delay_analysis/unified_tia_csv/05- relationship_file.csv,534,The Big -P.01-UP-20-April-26,,,,,,,,,,,,,,,,,,,,,,,,,,,,,AB-APP-B03-3RD-1020,Approval for Beams Conc. Dim.  & RFT DWGs As-Built Drawing  (B03) (3rd),"AB-SUB-B03-3RD-1020, AB-SUB-B03-3RD-1020","AB-SUB-B03-3RD-1020: SS 12, AB-SUB-B03-3RD-1020: FF 6",HO-1050,,,,,,
05- relationship_file,02-delay_analysis/unified_tia_csv/05- relationship_file.csv,535,The Big -P.01-UP-20-April-26,,,,,,,,,,,,,,,,,,,,,,,,,,,,,AB-APP-B03-3RD-1030,Approval for Stairs Conc. Dim.  & RFT DWGs As-Built Drawing  (B03) (3rd),"AB-SUB-B03-3RD-1030, AB-SUB-B03-3RD-1030","AB-SUB-B03-3RD-1030: SS 12, AB-SUB-B03-3RD-1030: FF 6",HO-1050,,,,,,
05- relationship_file,02-delay_analysis/unified_tia_csv/05- relationship_file.csv,536,The Big -P.01-UP-20-April-26,,,,,,,,,,,,,,,,,,,,,,,,,,,,,E-SUB-B04-4TH-1000,Submittal for Col. & Walls Conc. Dim.  & RFT DWGs (B04) (4th),E-DR-1000,E-DR-1000: FS 90,"E-APP-B04-4TH-1000, E-APP-B04-4TH-1000, E-SUB-B04-4TH-1010",,,,,,
05- relationship_file,02-delay_analysis/unified_tia_csv/05- relationship_file.csv,537,The Big -P.01-UP-20-April-26,,,,,,,,,,,,,,,,,,,,,,,,,,,,,E-SUB-B04-4TH-1030,Submittal for Slabs Conc. Dim.  & RFT DWGs (B04) (4th),"E-DR-1000, E-SUB-B04-4TH-1020","E-DR-1000: FS 100, E-SUB-B04-4TH-1020: SS 3","E-APP-B04-4TH-1030, E-APP-B04-4TH-1030",,,,,,
05- relationship_file,02-delay_analysis/unified_tia_csv/05- relationship_file.csv,538,The Big -P.01-UP-20-April-26,,,,,,,,,,,,,,,,,,,,,,,,,,,,,E-SUB-B04-4TH-1020,Submittal for Beams Conc. Dim.  & RFT DWGs (B04) (4th),"E-DR-1000, E-SUB-B04-4TH-1010","E-DR-1000: FS 97, E-SUB-B04-4TH-1010: SS 3","E-APP-B04-4TH-1020, E-APP-B04-4TH-1020, E-SUB-B04-4TH-1030",,,,,,
05- relationship_file,02-delay_analysis/unified_tia_csv/05- relationship_file.csv,539,The Big -P.01-UP-20-April-26,,,,,,,,,,,,,,,,,,,,,,,,,,,,,E-SUB-B04-4TH-1010,Submittal for Stairs Conc. Dim.  & RFT DWGs (B04) (4th),"E-DR-1000, E-SUB-B04-4TH-1000","E-DR-1000: FS 93, E-SUB-B04-4TH-1000: SS 3","E-APP-B04-4TH-1010, E-APP-B04-4TH-1010, E-SUB-B04-4TH-1020",,,,,,
05- relationship_file,02-delay_analysis/unified_tia_csv/05- relationship_file.csv,540,The Big -P.01-UP-20-April-26,,,,,,,,,,,,,,,,,,,,,,,,,,,,,E-SUB-B03-4TH-1000,Submittal for Col. & Walls Conc. Dim.  & RFT DWGs (B03) (4th),E-DR-1000,E-DR-1000: FS 70,"E-APP-B03-4TH-1000, E-APP-B03-4TH-1000, E-SUB-B03-4TH-1010",,,,,,
05- relationship_file,02-delay_analysis/unified_tia_csv/05- relationship_file.csv,541,The Big -P.01-UP-20-April-26,,,,,,,,,,,,,,,,,,,,,,,,,,,,,E-SUB-B03-4TH-1030,Submittal for Slabs Conc. Dim.  & RFT DWGs (B03) (4th),"E-DR-1000, E-SUB-B03-4TH-1020","E-DR-1000: FS 82, E-SUB-B03-4TH-1020: SS 3","E-APP-B03-4TH-1030, E-APP-B03-4TH-1030",,,,,,
05- relationship_file,02-delay_analysis/unified_tia_csv/05- relationship_file.csv,542,The Big -P.01-UP-20-April-26,,,,,,,,,,,,,,,,,,,,,,,,,,,,,E-SUB-B03-4TH-1020,Submittal for Beams Conc. Dim.  & RFT DWGs (B03) (4th),"E-DR-1000, E-SUB-B03-4TH-1010","E-DR-1000: FS 78, E-SUB-B03-4TH-1010: SS 3","E-APP-B03-4TH-1020, E-APP-B03-4TH-1020, E-SUB-B03-4TH-1030",,,,,,
05- relationship_file,02-delay_analysis/unified_tia_csv/05- relationship_file.csv,543,The Big -P.01-UP-20-April-26,,,,,,,,,,,,,,,,,,,,,,,,,,,,,E-SUB-B03-4TH-1010,Submittal for Stairs Conc. Dim.  & RFT DWGs (B03) (4th),"E-DR-1000, E-SUB-B03-4TH-1000","E-DR-1000: FS 73, E-SUB-B03-4TH-1000: SS 3","E-APP-B03-4TH-1010, E-APP-B03-4TH-1010, E-SUB-B03-4TH-1020",,,,,,
05- relationship_file,02-delay_analysis/unified_tia_csv/05- relationship_file.csv,544,The Big -P.01-UP-20-April-26,,,,,,,,,,,,,,,,,,,,,,,,,,,,,E-SUB-B02-4TH-1000,Submittal for Col. & Walls Conc. Dim.  & RFT DWGs (B02) (4th),E-DR-1000,E-DR-1000: FS 80,"E-APP-B02-4TH-1000, E-APP-B02-4TH-1000, E-SUB-B02-4TH-1010",,,,,,
05- relationship_file,02-delay_analysis/unified_tia_csv/05- relationship_file.csv,545,The Big -P.01-UP-20-April-26,,,,,,,,,,,,,,,,,,,,,,,,,,,,,E-SUB-B02-4TH-1030,Submittal for Slabs Conc. Dim.  & RFT DWGs (B02) (4th),"E-DR-1000, E-SUB-B02-4TH-1020","E-DR-1000: FS 91, E-SUB-B02-4TH-1020: SS 3","E-APP-B02-4TH-1030, E-APP-B02-4TH-1030",,,,,,
05- relationship_file,02-delay_analysis/unified_tia_csv/05- relationship_file.csv,546,The Big -P.01-UP-20-April-26,,,,,,,,,,,,,,,,,,,,,,,,,,,,,E-SUB-B02-4TH-1020,Submittal for Beams Conc. Dim.  & RFT DWGs (B02) (4th),"E-DR-1000, E-SUB-B02-4TH-1010","E-DR-1000: FS 87, E-SUB-B02-4TH-1010: SS 3","E-APP-B02-4TH-1020, E-APP-B02-4TH-1020, E-SUB-B02-4TH-1030",,,,,,
05- relationship_file,02-delay_analysis/unified_tia_csv/05- relationship_file.csv,547,The Big -P.01-UP-20-April-26,,,,,,,,,,,,,,,,,,,,,,,,,,,,,E-SUB-B02-4TH-1010,Submittal for Stairs Conc. Dim.  & RFT DWGs (B02) (4th),"E-DR-1000, E-SUB-B02-4TH-1000","E-DR-1000: FS 84, E-SUB-B02-4TH-1000: SS 3","E-APP-B02-4TH-1010, E-APP-B02-4TH-1010, E-SUB-B02-4TH-1020",,,,,,
05- relationship_file,02-delay_analysis/unified_tia_csv/05- relationship_file.csv,548,The Big -P.01-UP-20-April-26,,,,,,,,,,,,,,,,,,,,,,,,,,,,,E-SUB-B01-4TH-1000,Submittal for Col. & Walls Conc. Dim.  & RFT DWGs (B01) (4th),E-DR-1000,E-DR-1000: FS 65,"E-APP-B01-4TH-1000, E-APP-B01-4TH-1000, E-SUB-B01-4TH-1010",,,,,,
05- relationship_file,02-delay_analysis/unified_tia_csv/05- relationship_file.csv,549,The Big -P.01-UP-20-April-26,,,,,,,,,,,,,,,,,,,,,,,,,,,,,E-SUB-B01-4TH-1030,Submittal for Slabs Conc. Dim.  & RFT DWGs (B01) (4th),"E-DR-1000, E-SUB-B01-4TH-1020","E-DR-1000: FS 77, E-SUB-B01-4TH-1020: SS 3","E-APP-B01-4TH-1030, E-APP-B01-4TH-1030",,,,,,
05- relationship_file,02-delay_analysis/unified_tia_csv/05- relationship_file.csv,550,The Big -P.01-UP-20-April-26,,,,,,,,,,,,,,,,,,,,,,,,,,,,,E-SUB-B01-4TH-1020,Submittal for Beams Conc. Dim.  & RFT DWGs (B01) (4th),"E-DR-1000, E-SUB-B01-4TH-1010","E-DR-1000: FS 72, E-SUB-B01-4TH-1010: SS 3","E-APP-B01-4TH-1020, E-APP-B01-4TH-1020, E-SUB-B01-4TH-1030",,,,,,
05- relationship_file,02-delay_analysis/unified_tia_csv/05- relationship_file.csv,551,The Big -P.01-UP-20-April-26,,,,,,,,,,,,,,,,,,,,,,,,,,,,,E-SUB-B01-4TH-1010,Submittal for Stairs Conc. Dim.  & RFT DWGs (B01) (4th),"E-DR-1000, E-SUB-B01-4TH-1000","E-DR-1000: FS 69, E-SUB-B01-4TH-1000: SS 3","E-APP-B01-4TH-1010, E-APP-B01-4TH-1010, E-SUB-B01-4TH-1020",,,,,,
05- relationship_file,02-delay_analysis/unified_tia_csv/05- relationship_file.csv,552,The Big -P.01-UP-20-April-26,,,,,,,,,,,,,,,,,,,,,,,,,,,,,E-APP-B02-4TH-1000,Approval for Col. & Walls Conc. Dim.  & RFT DWGs (B02) (4th),"E-SUB-B02-4TH-1000, E-SUB-B02-4TH-1000","E-SUB-B02-4TH-1000: SS 12, E-SUB-B02-4TH-1000: FF 10","CON-B02-4TH-1010, CON-B02-4TH-1020",,,,,,
05- relationship_file,02-delay_analysis/unified_tia_csv/05- relationship_file.csv,553,The Big -P.01-UP-20-April-26,,,,,,,,,,,,,,,,,,,,,,,,,,,,,E-APP-B02-4TH-1030,Approval for Slabs Conc. Dim.  & RFT DWGs (B02) (4th),"E-SUB-B02-4TH-1030, E-SUB-B02-4TH-1030","E-SUB-B02-4TH-1030: SS 12, E-SUB-B02-4TH-1030: FF 10","CON-B02-4TH-1040, CON-B02-4TH-1050",,,,,,
05- relationship_file,02-delay_analysis/unified_tia_csv/05- relationship_file.csv,554,The Big -P.01-UP-20-April-26,,,,,,,,,,,,,,,,,,,,,,,,,,,,,E-APP-B02-4TH-1020,Approval for Beams Conc. Dim.  & RFT DWGs (B02) (4th),"E-SUB-B02-4TH-1020, E-SUB-B02-4TH-1020","E-SUB-B02-4TH-1020: SS 12, E-SUB-B02-4TH-1020: FF 10","CON-B02-4TH-1040, CON-B02-4TH-1050",,,,,,
05- relationship_file,02-delay_analysis/unified_tia_csv/05- relationship_file.csv,555,The Big -P.01-UP-20-April-26,,,,,,,,,,,,,,,,,,,,,,,,,,,,,E-APP-B02-4TH-1010,Approval for Stairs Conc. Dim.  & RFT DWGs (B02) (4th),"E-SUB-B02-4TH-1010, E-SUB-B02-4TH-1010","E-SUB-B02-4TH-1010: SS 12, E-SUB-B02-4TH-1010: FF 10","CON-B02-4TH-1040, CON-B02-4TH-1050",,,,,,
05- relationship_file,02-delay_analysis/unified_tia_csv/05- relationship_file.csv,556,The Big -P.01-UP-20-April-26,,,,,,,,,,,,,,,,,,,,,,,,,,,,,E-APP-B01-4TH-1000,Approval for Col. & Walls Conc. Dim.  & RFT DWGs (B01) (4th),"E-SUB-B01-4TH-1000, E-SUB-B01-4TH-1000","E-SUB-B01-4TH-1000: SS 12, E-SUB-B01-4TH-1000: FF 10","CON-B01-4TH-1010, CON-B01-4TH-1020",,,,,,
05- relationship_file,02-delay_analysis/unified_tia_csv/05- relationship_file.csv,557,The Big -P.01-UP-20-April-26,,,,,,,,,,,,,,,,,,,,,,,,,,,,,E-APP-B01-4TH-1030,Approval for Slabs Conc. Dim.  & RFT DWGs (B01) (4th),"E-SUB-B01-4TH-1030, E-SUB-B01-4TH-1030","E-SUB-B01-4TH-1030: SS 12, E-SUB-B01-4TH-1030: FF 10","CON-B01-4TH-1040, CON-B01-4TH-1010",,,,,,
05- relationship_file,02-delay_analysis/unified_tia_csv/05- relationship_file.csv,558,The Big -P.01-UP-20-April-26,,,,,,,,,,,,,,,,,,,,,,,,,,,,,E-APP-B01-4TH-1020,Approval for Beams Conc. Dim.  & RFT DWGs (B01) (4th),"E-SUB-B01-4TH-1020, E-SUB-B01-4TH-1020","E-SUB-B01-4TH-1020: SS 12, E-SUB-B01-4TH-1020: FF 10","CON-B01-4TH-1040, CON-B01-4TH-1010",,,,,,
05- relationship_file,02-delay_analysis/unified_tia_csv/05- relationship_file.csv,559,The Big -P.01-UP-20-April-26,,,,,,,,,,,,,,,,,,,,,,,,,,,,,E-APP-B01-4TH-1010,Approval for Stairs Conc. Dim.  & RFT DWGs (B01) (4th),"E-SUB-B01-4TH-1010, E-SUB-B01-4TH-1010","E-SUB-B01-4TH-1010: SS 12, E-SUB-B01-4TH-1010: FF 10","CON-B01-4TH-1040, CON-B01-4TH-1010",,,,,,
05- relationship_file,02-delay_analysis/unified_tia_csv/05- relationship_file.csv,560,The Big -P.01-UP-20-April-26,,,,,,,,,,,,,,,,,,,,,,,,,,,,,E-APP-B04-4TH-1000,Approval for Col. & Walls Conc. Dim.  & RFT DWGs (B04) (4th),"E-SUB-B04-4TH-1000, E-SUB-B04-4TH-1000","E-SUB-B04-4TH-1000: SS 12, E-SUB-B04-4TH-1000: FF 10","CON-B04-4TH-1010, CON-B04-4TH-1020",,,,,,
05- relationship_file,02-delay_analysis/unified_tia_csv/05- relationship_file.csv,561,The Big -P.01-UP-20-April-26,,,,,,,,,,,,,,,,,,,,,,,,,,,,,E-APP-B04-4TH-1030,Approval for Slabs Conc. Dim.  & RFT DWGs (B04) (4th),"E-SUB-B04-4TH-1030, E-SUB-B04-4TH-1030","E-SUB-B04-4TH-1030: SS 12, E-SUB-B04-4TH-1030: FF 10","CON-B04-4TH-1040, CON-B04-4TH-1050",,,,,,
05- relationship_file,02-delay_analysis/unified_tia_csv/05- relationship_file.csv,562,The Big -P.01-UP-20-April-26,,,,,,,,,,,,,,,,,,,,,,,,,,,,,E-APP-B04-4TH-1020,Approval for Beams Conc. Dim.  & RFT DWGs (B04) (4th),"E-SUB-B04-4TH-1020, E-SUB-B04-4TH-1020","E-SUB-B04-4TH-1020: SS 12, E-SUB-B04-4TH-1020: FF 10","CON-B04-4TH-1040, CON-B04-4TH-1050",,,,,,
05- relationship_file,02-delay_analysis/unified_tia_csv/05- relationship_file.csv,563,The Big -P.01-UP-20-April-26,,,,,,,,,,,,,,,,,,,,,,,,,,,,,E-APP-B04-4TH-1010,Approval for Stairs Conc. Dim.  & RFT DWGs (B04) (4th),"E-SUB-B04-4TH-1010, E-SUB-B04-4TH-1010","E-SUB-B04-4TH-1010: SS 12, E-SUB-B04-4TH-1010: FF 10","CON-B04-4TH-1040, CON-B04-4TH-1050",,,,,,
05- relationship_file,02-delay_analysis/unified_tia_csv/05- relationship_file.csv,564,The Big -P.01-UP-20-April-26,,,,,,,,,,,,,,,,,,,,,,,,,,,,,E-APP-B03-4TH-1000,Approval for Col. & Walls Conc. Dim.  & RFT DWGs  (B03) (4th),"E-SUB-B03-4TH-1000, E-SUB-B03-4TH-1000","E-SUB-B03-4TH-1000: SS 12, E-SUB-B03-4TH-1000: FF 10","CON-B03-4TH-1010, CON-B03-4TH-1020",,,,,,
05- relationship_file,02-delay_analysis/unified_tia_csv/05- relationship_file.csv,565,The Big -P.01-UP-20-April-26,,,,,,,,,,,,,,,,,,,,,,,,,,,,,E-APP-B03-4TH-1030,Approval for Slabs Conc. Dim.  & RFT DWGs  (B03) (4th),"E-SUB-B03-4TH-1030, E-SUB-B03-4TH-1030","E-SUB-B03-4TH-1030: SS 12, E-SUB-B03-4TH-1030: FF 10","CON-B03-4TH-1040, CON-B03-4TH-1050",,,,,,
05- relationship_file,02-delay_analysis/unified_tia_csv/05- relationship_file.csv,566,The Big -P.01-UP-20-April-26,,,,,,,,,,,,,,,,,,,,,,,,,,,,,E-APP-B03-4TH-1020,Approval for Beams Conc. Dim.  & RFT DWGs  (B03) (4th),"E-SUB-B03-4TH-1020, E-SUB-B03-4TH-1020","E-SUB-B03-4TH-1020: SS 12, E-SUB-B03-4TH-1020: FF 10","CON-B03-4TH-1040, CON-B03-4TH-1050",,,,,,
05- relationship_file,02-delay_analysis/unified_tia_csv/05- relationship_file.csv,567,The Big -P.01-UP-20-April-26,,,,,,,,,,,,,,,,,,,,,,,,,,,,,E-APP-B03-4TH-1010,Approval for Stairs Conc. Dim.  & RFT DWGs  (B03) (4th),"E-SUB-B03-4TH-1010, E-SUB-B03-4TH-1010","E-SUB-B03-4TH-1010: SS 12, E-SUB-B03-4TH-1010: FF 10","CON-B03-4TH-1040, CON-B03-4TH-1050",,,,,,
05- relationship_file,02-delay_analysis/unified_tia_csv/05- relationship_file.csv,568,The Big -P.01-UP-20-April-26,,,,,,,,,,,,,,,,,,,,,,,,,,,,,AB-SUB-B04-4TH-1000,Submittal for Col. & Walls Conc. Dim.  & RFT DWGs As-Built Drawing (B04) (4th),CON-B04-4TH-1030,CON-B04-4TH-1030: FS,"AB-APP-B04-4TH-1000, AB-APP-B04-4TH-1000",,,,,,
05- relationship_file,02-delay_analysis/unified_tia_csv/05- relationship_file.csv,569,The Big -P.01-UP-20-April-26,,,,,,,,,,,,,,,,,,,,,,,,,,,,,AB-SUB-B04-4TH-1010,Submittal for Slabs Conc. Dim.  & RFT DWGs As-Built Drawing (B04) (4th),CON-B04-4TH-1060,CON-B04-4TH-1060: FS,"AB-APP-B04-4TH-1010, AB-APP-B04-4TH-1010",,,,,,
05- relationship_file,02-delay_analysis/unified_tia_csv/05- relationship_file.csv,570,The Big -P.01-UP-20-April-26,,,,,,,,,,,,,,,,,,,,,,,,,,,,,AB-SUB-B04-4TH-1020,Submittal for Beams Conc. Dim.  & RFT DWGs As-Built Drawing (B04) (4th),CON-B04-4TH-1060,CON-B04-4TH-1060: FS,"AB-APP-B04-4TH-1020, AB-APP-B04-4TH-1020",,,,,,
05- relationship_file,02-delay_analysis/unified_tia_csv/05- relationship_file.csv,571,The Big -P.01-UP-20-April-26,,,,,,,,,,,,,,,,,,,,,,,,,,,,,AB-SUB-B04-4TH-1030,Submittal for Stairs Conc. Dim.  & RFT DWGs As-Built Drawing (B04) (4th),CON-B04-4TH-1060,CON-B04-4TH-1060: FS,"AB-APP-B04-4TH-1030, AB-APP-B04-4TH-1030",,,,,,
05- relationship_file,02-delay_analysis/unified_tia_csv/05- relationship_file.csv,572,The Big -P.01-UP-20-April-26,,,,,,,,,,,,,,,,,,,,,,,,,,,,,AB-SUB-B03-4TH-1000,Submittal for Col. & Walls Conc. Dim.  & RFT DWGs As-Built Drawing (B03) (4th),CON-B03-4TH-1030,CON-B03-4TH-1030: FS,"AB-APP-B03-4TH-1000, AB-APP-B03-4TH-1000",,,,,,
05- relationship_file,02-delay_analysis/unified_tia_csv/05- relationship_file.csv,573,The Big -P.01-UP-20-April-26,,,,,,,,,,,,,,,,,,,,,,,,,,,,,AB-SUB-B03-4TH-1010,Submittal for Slabs Conc. Dim.  & RFT DWGs As-Built Drawing (B03) (4th),CON-B03-4TH-1060,CON-B03-4TH-1060: FS,"AB-APP-B03-4TH-1010, AB-APP-B03-4TH-1010",,,,,,
05- relationship_file,02-delay_analysis/unified_tia_csv/05- relationship_file.csv,574,The Big -P.01-UP-20-April-26,,,,,,,,,,,,,,,,,,,,,,,,,,,,,AB-SUB-B03-4TH-1020,Submittal for Beams Conc. Dim.  & RFT DWGs As-Built Drawing (B03) (4th),CON-B03-4TH-1060,CON-B03-4TH-1060: FS,"AB-APP-B03-4TH-1020, AB-APP-B03-4TH-1020",,,,,,
05- relationship_file,02-delay_analysis/unified_tia_csv/05- relationship_file.csv,575,The Big -P.01-UP-20-April-26,,,,,,,,,,,,,,,,,,,,,,,,,,,,,AB-SUB-B03-4TH-1030,Submittal for Stairs Conc. Dim.  & RFT DWGs As-Built Drawing (B03) (4th),CON-B03-4TH-1060,CON-B03-4TH-1060: FS,"AB-APP-B03-4TH-1030, AB-APP-B03-4TH-1030",,,,,,
05- relationship_file,02-delay_analysis/unified_tia_csv/05- relationship_file.csv,576,The Big -P.01-UP-20-April-26,,,,,,,,,,,,,,,,,,,,,,,,,,,,,AB-SUB-B02-4TH-1000,Submittal for Col. & Walls Conc. Dim.  & RFT DWGs As-Built Drawing (B02) (4th),CON-B02-4TH-1030,CON-B02-4TH-1030: FS,"AB-APP-B02-4TH-1000, AB-APP-B02-4TH-1000",,,,,,
05- relationship_file,02-delay_analysis/unified_tia_csv/05- relationship_file.csv,577,The Big -P.01-UP-20-April-26,,,,,,,,,,,,,,,,,,,,,,,,,,,,,AB-SUB-B02-4TH-1010,Submittal for Slabs Conc. Dim.  & RFT DWGs As-Built Drawing (B02) (4th),CON-B02-4TH-1060,CON-B02-4TH-1060: FS,"AB-APP-B02-4TH-1010, AB-APP-B02-4TH-1010",,,,,,
05- relationship_file,02-delay_analysis/unified_tia_csv/05- relationship_file.csv,578,The Big -P.01-UP-20-April-26,,,,,,,,,,,,,,,,,,,,,,,,,,,,,AB-SUB-B02-4TH-1020,Submittal for Beams Conc. Dim.  & RFT DWGs As-Built Drawing (B02) (4th),CON-B02-4TH-1060,CON-B02-4TH-1060: FS,"AB-APP-B02-4TH-1020, AB-APP-B02-4TH-1020",,,,,,
05- relationship_file,02-delay_analysis/unified_tia_csv/05- relationship_file.csv,579,The Big -P.01-UP-20-April-26,,,,,,,,,,,,,,,,,,,,,,,,,,,,,AB-SUB-B02-4TH-1030,Submittal for Stairs Conc. Dim.  & RFT DWGs As-Built Drawing (B02) (4th),CON-B02-4TH-1060,CON-B02-4TH-1060: FS,"AB-APP-B02-4TH-1030, AB-APP-B02-4TH-1030",,,,,,
05- relationship_file,02-delay_analysis/unified_tia_csv/05- relationship_file.csv,580,The Big -P.01-UP-20-April-26,,,,,,,,,,,,,,,,,,,,,,,,,,,,,AB-SUB-B01-4TH-1000,Submittal for Col. & Walls Conc. Dim.  & RFT DWGs As-Built Drawing (B01) (4th),CON-B01-4TH-1030,CON-B01-4TH-1030: FS,"AB-APP-B01-4TH-1000, AB-APP-B01-4TH-1000",,,,,,
05- relationship_file,02-delay_analysis/unified_tia_csv/05- relationship_file.csv,581,The Big -P.01-UP-20-April-26,,,,,,,,,,,,,,,,,,,,,,,,,,,,,AB-SUB-B01-4TH-1010,Submittal for Slabs Conc. Dim.  & RFT DWGs As-Built Drawing (B01) (4th),CON-B01-4TH-1060,CON-B01-4TH-1060: FS,"AB-APP-B01-4TH-1010, AB-APP-B01-4TH-1010",,,,,,
05- relationship_file,02-delay_analysis/unified_tia_csv/05- relationship_file.csv,582,The Big -P.01-UP-20-April-26,,,,,,,,,,,,,,,,,,,,,,,,,,,,,AB-SUB-B01-4TH-1020,Submittal for Beams Conc. Dim.  & RFT DWGs As-Built Drawing (B01) (4th),CON-B01-4TH-1060,CON-B01-4TH-1060: FS,"AB-APP-B01-4TH-1020, AB-APP-B01-4TH-1020",,,,,,
05- relationship_file,02-delay_analysis/unified_tia_csv/05- relationship_file.csv,583,The Big -P.01-UP-20-April-26,,,,,,,,,,,,,,,,,,,,,,,,,,,,,AB-SUB-B01-4TH-1030,Submittal for Stairs Conc. Dim.  & RFT DWGs As-Built Drawing (B01) (4th),CON-B01-4TH-1060,CON-B01-4TH-1060: FS,"AB-APP-B01-4TH-1030, AB-APP-B01-4TH-1030",,,,,,
05- relationship_file,02-delay_analysis/unified_tia_csv/05- relationship_file.csv,584,The Big -P.01-UP-20-April-26,,,,,,,,,,,,,,,,,,,,,,,,,,,,,AB-APP-B02-4TH-1000,Approval for Col. & Walls Conc. Dim.  & RFT DWGs As-Built Drawing (B02) (4th),"AB-SUB-B02-4TH-1000, AB-SUB-B02-4TH-1000","AB-SUB-B02-4TH-1000: SS 12, AB-SUB-B02-4TH-1000: FF 6",HO-1050,,,,,,
05- relationship_file,02-delay_analysis/unified_tia_csv/05- relationship_file.csv,585,The Big -P.01-UP-20-April-26,,,,,,,,,,,,,,,,,,,,,,,,,,,,,AB-APP-B02-4TH-1010,Approval for Slabs Conc. Dim.  & RFT DWGs As-Built Drawing (B02) (4th),"AB-SUB-B02-4TH-1010, AB-SUB-B02-4TH-1010","AB-SUB-B02-4TH-1010: SS 12, AB-SUB-B02-4TH-1010: FF 6",HO-1050,,,,,,
05- relationship_file,02-delay_analysis/unified_tia_csv/05- relationship_file.csv,586,The Big -P.01-UP-20-April-26,,,,,,,,,,,,,,,,,,,,,,,,,,,,,AB-APP-B02-4TH-1020,Approval for Beams Conc. Dim.  & RFT DWGs As-Built Drawing (B02) (4th),"AB-SUB-B02-4TH-1020, AB-SUB-B02-4TH-1020","AB-SUB-B02-4TH-1020: SS 12, AB-SUB-B02-4TH-1020: FF 6",HO-1050,,,,,,
05- relationship_file,02-delay_analysis/unified_tia_csv/05- relationship_file.csv,587,The Big -P.01-UP-20-April-26,,,,,,,,,,,,,,,,,,,,,,,,,,,,,AB-APP-B02-4TH-1030,Approval for Stairs Conc. Dim.  & RFT DWGs As-Built Drawing (B02) (4th),"AB-SUB-B02-4TH-1030, AB-SUB-B02-4TH-1030","AB-SUB-B02-4TH-1030: SS 12, AB-SUB-B02-4TH-1030: FF 6",HO-1050,,,,,,
05- relationship_file,02-delay_analysis/unified_tia_csv/05- relationship_file.csv,588,The Big -P.01-UP-20-April-26,,,,,,,,,,,,,,,,,,,,,,,,,,,,,AB-APP-B01-4TH-1000,Approval for Col. & Walls Conc. Dim.  & RFT DWGs As-Built Drawing (B01) (4th),"AB-SUB-B01-4TH-1000, AB-SUB-B01-4TH-1000","AB-SUB-B01-4TH-1000: SS 12, AB-SUB-B01-4TH-1000: FF 6",HO-1050,,,,,,
05- relationship_file,02-delay_analysis/unified_tia_csv/05- relationship_file.csv,589,The Big -P.01-UP-20-April-26,,,,,,,,,,,,,,,,,,,,,,,,,,,,,AB-APP-B01-4TH-1010,Approval for Slabs Conc. Dim.  & RFT DWGs As-Built Drawing (B01) (4th),"AB-SUB-B01-4TH-1010, AB-SUB-B01-4TH-1010","AB-SUB-B01-4TH-1010: SS 12, AB-SUB-B01-4TH-1010: FF 6",HO-1050,,,,,,
05- relationship_file,02-delay_analysis/unified_tia_csv/05- relationship_file.csv,590,The Big -P.01-UP-20-April-26,,,,,,,,,,,,,,,,,,,,,,,,,,,,,AB-APP-B01-4TH-1020,Approval for Beams Conc. Dim.  & RFT DWGs As-Built Drawing (B01) (4th),"AB-SUB-B01-4TH-1020, AB-SUB-B01-4TH-1020","AB-SUB-B01-4TH-1020: SS 12, AB-SUB-B01-4TH-1020: FF 6",HO-1050,,,,,,
05- relationship_file,02-delay_analysis/unified_tia_csv/05- relationship_file.csv,591,The Big -P.01-UP-20-April-26,,,,,,,,,,,,,,,,,,,,,,,,,,,,,AB-APP-B01-4TH-1030,Approval for Stairs Conc. Dim.  & RFT DWGs As-Built Drawing (B01) (4th),"AB-SUB-B01-4TH-1030, AB-SUB-B01-4TH-1030","AB-SUB-B01-4TH-1030: SS 12, AB-SUB-B01-4TH-1030: FF 6",HO-1050,,,,,,
05- relationship_file,02-delay_analysis/unified_tia_csv/05- relationship_file.csv,592,The Big -P.01-UP-20-April-26,,,,,,,,,,,,,,,,,,,,,,,,,,,,,AB-APP-B04-4TH-1000,Approval for Col. & Walls Conc. Dim.  & RFT DWGs As-Built Drawing (B04) (4th),"AB-SUB-B04-4TH-1000, AB-SUB-B04-4TH-1000","AB-SUB-B04-4TH-1000: SS 12, AB-SUB-B04-4TH-1000: FF 6",HO-1050,,,,,,
05- relationship_file,02-delay_analysis/unified_tia_csv/05- relationship_file.csv,593,The Big -P.01-UP-20-April-26,,,,,,,,,,,,,,,,,,,,,,,,,,,,,AB-APP-B04-4TH-1010,Approval for Slabs Conc. Dim.  & RFT DWGs As-Built Drawing (B04) (4th),"AB-SUB-B04-4TH-1010, AB-SUB-B04-4TH-1010","AB-SUB-B04-4TH-1010: SS 12, AB-SUB-B04-4TH-1010: FF 6",HO-1050,,,,,,
05- relationship_file,02-delay_analysis/unified_tia_csv/05- relationship_file.csv,594,The Big -P.01-UP-20-April-26,,,,,,,,,,,,,,,,,,,,,,,,,,,,,AB-APP-B04-4TH-1020,Approval for Beams Conc. Dim.  & RFT DWGs As-Built Drawing (B04) (4th),"AB-SUB-B04-4TH-1020, AB-SUB-B04-4TH-1020","AB-SUB-B04-4TH-1020: SS 12, AB-SUB-B04-4TH-1020: FF 6",HO-1050,,,,,,
05- relationship_file,02-delay_analysis/unified_tia_csv/05- relationship_file.csv,595,The Big -P.01-UP-20-April-26,,,,,,,,,,,,,,,,,,,,,,,,,,,,,AB-APP-B04-4TH-1030,Approval for Stairs Conc. Dim.  & RFT DWGs As-Built Drawing (B04) (4th),"AB-SUB-B04-4TH-1030, AB-SUB-B04-4TH-1030","AB-SUB-B04-4TH-1030: SS 12, AB-SUB-B04-4TH-1030: FF 6",HO-1050,,,,,,
05- relationship_file,02-delay_analysis/unified_tia_csv/05- relationship_file.csv,596,The Big -P.01-UP-20-April-26,,,,,,,,,,,,,,,,,,,,,,,,,,,,,AB-APP-B03-4TH-1000,Approval for Col. & Walls Conc. Dim.  & RFT DWGs As-Built Drawing  (B03) (4th),"AB-SUB-B03-4TH-1000, AB-SUB-B03-4TH-1000","AB-SUB-B03-4TH-1000: SS 12, AB-SUB-B03-4TH-1000: FF 6",HO-1050,,,,,,
05- relationship_file,02-delay_analysis/unified_tia_csv/05- relationship_file.csv,597,The Big -P.01-UP-20-April-26,,,,,,,,,,,,,,,,,,,,,,,,,,,,,AB-APP-B03-4TH-1010,Approval for Slabs Conc. Dim.  & RFT DWGs As-Built Drawing  (B03) (4th),"AB-SUB-B03-4TH-1010, AB-SUB-B03-4TH-1010","AB-SUB-B03-4TH-1010: SS 12, AB-SUB-B03-4TH-1010: FF 6",HO-1050,,,,,,
05- relationship_file,02-delay_analysis/unified_tia_csv/05- relationship_file.csv,598,The Big -P.01-UP-20-April-26,,,,,,,,,,,,,,,,,,,,,,,,,,,,,AB-APP-B03-4TH-1020,Approval for Beams Conc. Dim.  & RFT DWGs As-Built Drawing  (B03) (4th),"AB-SUB-B03-4TH-1020, AB-SUB-B03-4TH-1020","AB-SUB-B03-4TH-1020: SS 12, AB-SUB-B03-4TH-1020: FF 6",HO-1050,,,,,,
05- relationship_file,02-delay_analysis/unified_tia_csv/05- relationship_file.csv,599,The Big -P.01-UP-20-April-26,,,,,,,,,,,,,,,,,,,,,,,,,,,,,AB-APP-B03-4TH-1030,Approval for Stairs Conc. Dim.  & RFT DWGs As-Built Drawing  (B03) (4th),"AB-SUB-B03-4TH-1030, AB-SUB-B03-4TH-1030","AB-SUB-B03-4TH-1030: SS 12, AB-SUB-B03-4TH-1030: FF 6",HO-1050,,,,,,
05- relationship_file,02-delay_analysis/unified_tia_csv/05- relationship_file.csv,600,The Big -P.01-UP-20-April-26,,,,,,,,,,,,,,,,,,,,,,,,,,,,,E-SUB-B04-5TH-1000,Submittal for Col. & Walls Conc. Dim.  & RFT DWGs (B04) (5th),E-DR-1000,E-DR-1000: FS 110,"E-APP-B04-5TH-1000, E-APP-B04-5TH-1000, E-SUB-B04-5TH-1010",,,,,,
05- relationship_file,02-delay_analysis/unified_tia_csv/05- relationship_file.csv,601,The Big -P.01-UP-20-April-26,,,,,,,,,,,,,,,,,,,,,,,,,,,,,E-SUB-B04-5TH-1030,Submittal for Slabs Conc. Dim.  & RFT DWGs (B04) (5th),"E-DR-1000, E-SUB-B04-5TH-1020","E-DR-1000: FS 120, E-SUB-B04-5TH-1020: SS 3","E-APP-B04-5TH-1030, E-APP-B04-5TH-1030",,,,,,
05- relationship_file,02-delay_analysis/unified_tia_csv/05- relationship_file.csv,602,The Big -P.01-UP-20-April-26,,,,,,,,,,,,,,,,,,,,,,,,,,,,,E-SUB-B04-5TH-1020,Submittal for Beams Conc. Dim.  & RFT DWGs (B04) (5th),"E-DR-1000, E-SUB-B04-5TH-1010","E-DR-1000: FS 117, E-SUB-B04-5TH-1010: SS 3","E-APP-B04-5TH-1020, E-APP-B04-5TH-1020, E-SUB-B04-5TH-1030",,,,,,
05- relationship_file,02-delay_analysis/unified_tia_csv/05- relationship_file.csv,603,The Big -P.01-UP-20-April-26,,,,,,,,,,,,,,,,,,,,,,,,,,,,,E-SUB-B04-5TH-1010,Submittal for Stairs Conc. Dim.  & RFT DWGs (B04) (5th),"E-DR-1000, E-SUB-B04-5TH-1000","E-DR-1000: FS 113, E-SUB-B04-5TH-1000: SS 3","E-APP-B04-5TH-1010, E-APP-B04-5TH-1010, E-SUB-B04-5TH-1020",,,,,,
05- relationship_file,02-delay_analysis/unified_tia_csv/05- relationship_file.csv,604,The Big -P.01-UP-20-April-26,,,,,,,,,,,,,,,,,,,,,,,,,,,,,E-SUB-B01-5TH-1000,Submittal for Col. & Walls Conc. Dim.  & RFT DWGs (B01) (5th),E-DR-1000,E-DR-1000: FS 75,"E-APP-B01-5TH-1000, E-APP-B01-5TH-1000, E-SUB-B01-5TH-1010",,,,,,
05- relationship_file,02-delay_analysis/unified_tia_csv/05- relationship_file.csv,605,The Big -P.01-UP-20-April-26,,,,,,,,,,,,,,,,,,,,,,,,,,,,,E-SUB-B01-5TH-1030,Submittal for Slabs Conc. Dim.  & RFT DWGs (B01) (5th),"E-DR-1000, E-SUB-B01-5TH-1020","E-DR-1000: FS 86, E-SUB-B01-5TH-1020: SS 3","E-APP-B01-5TH-1030, E-APP-B01-5TH-1030",,,,,,
05- relationship_file,02-delay_analysis/unified_tia_csv/05- relationship_file.csv,606,The Big -P.01-UP-20-April-26,,,,,,,,,,,,,,,,,,,,,,,,,,,,,E-SUB-B01-5TH-1020,Submittal for Beams Conc. Dim.  & RFT DWGs (B01) (5th),"E-DR-1000, E-SUB-B01-5TH-1010","E-DR-1000: FS 83, E-SUB-B01-5TH-1010: SS 3","E-APP-B01-5TH-1020, E-APP-B01-5TH-1020, E-SUB-B01-5TH-1030",,,,,,
05- relationship_file,02-delay_analysis/unified_tia_csv/05- relationship_file.csv,607,The Big -P.01-UP-20-April-26,,,,,,,,,,,,,,,,,,,,,,,,,,,,,E-SUB-B01-5TH-1010,Submittal for Stairs Conc. Dim.  & RFT DWGs (B01) (5th),"E-DR-1000, E-SUB-B01-5TH-1000","E-DR-1000: FS 79, E-SUB-B01-5TH-1000: SS 3","E-APP-B01-5TH-1010, E-APP-B01-5TH-1010, E-SUB-B01-5TH-1020",,,,,,
05- relationship_file,02-delay_analysis/unified_tia_csv/05- relationship_file.csv,608,The Big -P.01-UP-20-April-26,,,,,,,,,,,,,,,,,,,,,,,,,,,,,E-APP-B01-5TH-1000,Approval for Col. & Walls Conc. Dim.  & RFT DWGs (B01) (5th),"E-SUB-B01-5TH-1000, E-SUB-B01-5TH-1000","E-SUB-B01-5TH-1000: SS 12, E-SUB-B01-5TH-1000: FF 10","CON-B01-5TH-1010, CON-B01-5TH-1020",,,,,,
05- relationship_file,02-delay_analysis/unified_tia_csv/05- relationship_file.csv,609,The Big -P.01-UP-20-April-26,,,,,,,,,,,,,,,,,,,,,,,,,,,,,E-APP-B01-5TH-1030,Approval for Slabs Conc. Dim.  & RFT DWGs (B01) (5th),"E-SUB-B01-5TH-1030, E-SUB-B01-5TH-1030","E-SUB-B01-5TH-1030: SS 12, E-SUB-B01-5TH-1030: FF 10","CON-B01-5TH-1040, CON-B01-5TH-1050",,,,,,
05- relationship_file,02-delay_analysis/unified_tia_csv/05- relationship_file.csv,610,The Big -P.01-UP-20-April-26,,,,,,,,,,,,,,,,,,,,,,,,,,,,,E-APP-B01-5TH-1020,Approval for Beams Conc. Dim.  & RFT DWGs (B01) (5th),"E-SUB-B01-5TH-1020, E-SUB-B01-5TH-1020","E-SUB-B01-5TH-1020: SS 12, E-SUB-B01-5TH-1020: FF 10","CON-B01-5TH-1040, CON-B01-5TH-1050",,,,,,
05- relationship_file,02-delay_analysis/unified_tia_csv/05- relationship_file.csv,611,The Big -P.01-UP-20-April-26,,,,,,,,,,,,,,,,,,,,,,,,,,,,,E-APP-B01-5TH-1010,Approval for Stairs Conc. Dim.  & RFT DWGs (B01) (5th),"E-SUB-B01-5TH-1010, E-SUB-B01-5TH-1010","E-SUB-B01-5TH-1010: SS 12, E-SUB-B01-5TH-1010: FF 10","CON-B01-5TH-1040, CON-B01-5TH-1050",,,,,,
05- relationship_file,02-delay_analysis/unified_tia_csv/05- relationship_file.csv,612,The Big -P.01-UP-20-April-26,,,,,,,,,,,,,,,,,,,,,,,,,,,,,E-APP-B04-5TH-1000,Approval for Col. & Walls Conc. Dim.  & RFT DWGs (B04) (5th),"E-SUB-B04-5TH-1000, E-SUB-B04-5TH-1000","E-SUB-B04-5TH-1000: SS 12, E-SUB-B04-5TH-1000: FF 10","CON-B04-5TH-1010, CON-B04-5TH-1020",,,,,,
05- relationship_file,02-delay_analysis/unified_tia_csv/05- relationship_file.csv,613,The Big -P.01-UP-20-April-26,,,,,,,,,,,,,,,,,,,,,,,,,,,,,E-APP-B04-5TH-1030,Approval for Slabs Conc. Dim.  & RFT DWGs (B04) (5th),"E-SUB-B04-5TH-1030, E-SUB-B04-5TH-1030","E-SUB-B04-5TH-1030: SS 12, E-SUB-B04-5TH-1030: FF 10","CON-B04-5TH-1040, CON-B04-5TH-1050",,,,,,
05- relationship_file,02-delay_analysis/unified_tia_csv/05- relationship_file.csv,614,The Big -P.01-UP-20-April-26,,,,,,,,,,,,,,,,,,,,,,,,,,,,,E-APP-B04-5TH-1020,Approval for Beams Conc. Dim.  & RFT DWGs (B04) (5th),"E-SUB-B04-5TH-1020, E-SUB-B04-5TH-1020","E-SUB-B04-5TH-1020: SS 12, E-SUB-B04-5TH-1020: FF 10","CON-B04-5TH-1040, CON-B04-5TH-1050",,,,,,
05- relationship_file,02-delay_analysis/unified_tia_csv/05- relationship_file.csv,615,The Big -P.01-UP-20-April-26,,,,,,,,,,,,,,,,,,,,,,,,,,,,,E-APP-B04-5TH-1010,Approval for Stairs Conc. Dim.  & RFT DWGs (B04) (5th),"E-SUB-B04-5TH-1010, E-SUB-B04-5TH-1010","E-SUB-B04-5TH-1010: SS 12, E-SUB-B04-5TH-1010: FF 10","CON-B04-5TH-1040, CON-B04-5TH-1050",,,,,,
05- relationship_file,02-delay_analysis/unified_tia_csv/05- relationship_file.csv,616,The Big -P.01-UP-20-April-26,,,,,,,,,,,,,,,,,,,,,,,,,,,,,AB-SUB-B04-5TH-1000,Submittal for Col. & Walls Conc. Dim.  & RFT DWGs As-Built Drawing (B04) (5th),CON-B04-5TH-1030,CON-B04-5TH-1030: FS,"AB-APP-B04-5TH-1000, AB-APP-B04-5TH-1000",,,,,,
05- relationship_file,02-delay_analysis/unified_tia_csv/05- relationship_file.csv,617,The Big -P.01-UP-20-April-26,,,,,,,,,,,,,,,,,,,,,,,,,,,,,AB-SUB-B04-5TH-1010,Submittal for Slabs Conc. Dim.  & RFT DWGs As-Built Drawing (B04) (5th),CON-B04-5TH-1060,CON-B04-5TH-1060: FS,"AB-APP-B04-5TH-1010, AB-APP-B04-5TH-1010",,,,,,
05- relationship_file,02-delay_analysis/unified_tia_csv/05- relationship_file.csv,618,The Big -P.01-UP-20-April-26,,,,,,,,,,,,,,,,,,,,,,,,,,,,,AB-SUB-B04-5TH-1020,Submittal for Beams Conc. Dim.  & RFT DWGs As-Built Drawing (B04) (5th),CON-B04-5TH-1060,CON-B04-5TH-1060: FS,"AB-APP-B04-5TH-1020, AB-APP-B04-5TH-1020",,,,,,
05- relationship_file,02-delay_analysis/unified_tia_csv/05- relationship_file.csv,619,The Big -P.01-UP-20-April-26,,,,,,,,,,,,,,,,,,,,,,,,,,,,,AB-SUB-B04-5TH-1030,Submittal for Stairs Conc. Dim.  & RFT DWGs As-Built Drawing (B04) (5th),CON-B04-5TH-1060,CON-B04-5TH-1060: FS,"AB-APP-B04-5TH-1030, AB-APP-B04-5TH-1030",,,,,,
05- relationship_file,02-delay_analysis/unified_tia_csv/05- relationship_file.csv,620,The Big -P.01-UP-20-April-26,,,,,,,,,,,,,,,,,,,,,,,,,,,,,AB-SUB-B01-5TH-1000,Submittal for Col. & Walls Conc. Dim.  & RFT DWGs As-Built Drawing (B01) (5th),CON-B01-5TH-1030,CON-B01-5TH-1030: FS,"AB-APP-B01-5TH-1000, AB-APP-B01-5TH-1000",,,,,,
05- relationship_file,02-delay_analysis/unified_tia_csv/05- relationship_file.csv,621,The Big -P.01-UP-20-April-26,,,,,,,,,,,,,,,,,,,,,,,,,,,,,AB-SUB-B01-5TH-1010,Submittal for Slabs Conc. Dim.  & RFT DWGs As-Built Drawing (B01) (5th),CON-B01-5TH-1060,CON-B01-5TH-1060: FS,"AB-APP-B01-5TH-1010, AB-APP-B01-5TH-1010",,,,,,
05- relationship_file,02-delay_analysis/unified_tia_csv/05- relationship_file.csv,622,The Big -P.01-UP-20-April-26,,,,,,,,,,,,,,,,,,,,,,,,,,,,,AB-SUB-B01-5TH-1020,Submittal for Beams Conc. Dim.  & RFT DWGs As-Built Drawing (B01) (5th),CON-B01-5TH-1060,CON-B01-5TH-1060: FS,"AB-APP-B01-5TH-1020, AB-APP-B01-5TH-1020",,,,,,
05- relationship_file,02-delay_analysis/unified_tia_csv/05- relationship_file.csv,623,The Big -P.01-UP-20-April-26,,,,,,,,,,,,,,,,,,,,,,,,,,,,,AB-SUB-B01-5TH-1030,Submittal for Stairs Conc. Dim.  & RFT DWGs As-Built Drawing (B01) (5th),CON-B01-5TH-1060,CON-B01-5TH-1060: FS,"AB-APP-B01-5TH-1030, AB-APP-B01-5TH-1030",,,,,,
05- relationship_file,02-delay_analysis/unified_tia_csv/05- relationship_file.csv,624,The Big -P.01-UP-20-April-26,,,,,,,,,,,,,,,,,,,,,,,,,,,,,AB-APP-B01-5TH-1000,Approval for Col. & Walls Conc. Dim.  & RFT DWGs As-Built Drawing (B01) (5th),"AB-SUB-B01-5TH-1000, AB-SUB-B01-5TH-1000","AB-SUB-B01-5TH-1000: SS 12, AB-SUB-B01-5TH-1000: FF 6",HO-1050,,,,,,
05- relationship_file,02-delay_analysis/unified_tia_csv/05- relationship_file.csv,625,The Big -P.01-UP-20-April-26,,,,,,,,,,,,,,,,,,,,,,,,,,,,,AB-APP-B01-5TH-1010,Approval for Slabs Conc. Dim.  & RFT DWGs As-Built Drawing (B01) (5th),"AB-SUB-B01-5TH-1010, AB-SUB-B01-5TH-1010","AB-SUB-B01-5TH-1010: SS 12, AB-SUB-B01-5TH-1010: FF 6",HO-1050,,,,,,
05- relationship_file,02-delay_analysis/unified_tia_csv/05- relationship_file.csv,626,The Big -P.01-UP-20-April-26,,,,,,,,,,,,,,,,,,,,,,,,,,,,,AB-APP-B01-5TH-1020,Approval for Beams Conc. Dim.  & RFT DWGs As-Built Drawing (B01) (5th),"AB-SUB-B01-5TH-1020, AB-SUB-B01-5TH-1020","AB-SUB-B01-5TH-1020: SS 12, AB-SUB-B01-5TH-1020: FF 6",HO-1050,,,,,,
05- relationship_file,02-delay_analysis/unified_tia_csv/05- relationship_file.csv,627,The Big -P.01-UP-20-April-26,,,,,,,,,,,,,,,,,,,,,,,,,,,,,AB-APP-B01-5TH-1030,Approval for Stairs Conc. Dim.  & RFT DWGs As-Built Drawing (B01) (5th),"AB-SUB-B01-5TH-1030, AB-SUB-B01-5TH-1030","AB-SUB-B01-5TH-1030: SS 12, AB-SUB-B01-5TH-1030: FF 6",HO-1050,,,,,,
05- relationship_file,02-delay_analysis/unified_tia_csv/05- relationship_file.csv,628,The Big -P.01-UP-20-April-26,,,,,,,,,,,,,,,,,,,,,,,,,,,,,AB-APP-B04-5TH-1000,Approval for Col. & Walls Conc. Dim.  & RFT DWGs As-Built Drawing (B04) (5th),"AB-SUB-B04-5TH-1000, AB-SUB-B04-5TH-1000","AB-SUB-B04-5TH-1000: SS 12, AB-SUB-B04-5TH-1000: FF 6",HO-1050,,,,,,
05- relationship_file,02-delay_analysis/unified_tia_csv/05- relationship_file.csv,629,The Big -P.01-UP-20-April-26,,,,,,,,,,,,,,,,,,,,,,,,,,,,,AB-APP-B04-5TH-1010,Approval for Slabs Conc. Dim.  & RFT DWGs As-Built Drawing (B04) (5th),"AB-SUB-B04-5TH-1010, AB-SUB-B04-5TH-1010","AB-SUB-B04-5TH-1010: SS 12, AB-SUB-B04-5TH-1010: FF 6",HO-1050,,,,,,
05- relationship_file,02-delay_analysis/unified_tia_csv/05- relationship_file.csv,630,The Big -P.01-UP-20-April-26,,,,,,,,,,,,,,,,,,,,,,,,,,,,,AB-APP-B04-5TH-1020,Approval for Beams Conc. Dim.  & RFT DWGs As-Built Drawing (B04) (5th),"AB-SUB-B04-5TH-1020, AB-SUB-B04-5TH-1020","AB-SUB-B04-5TH-1020: SS 12, AB-SUB-B04-5TH-1020: FF 6",HO-1050,,,,,,
05- relationship_file,02-delay_analysis/unified_tia_csv/05- relationship_file.csv,631,The Big -P.01-UP-20-April-26,,,,,,,,,,,,,,,,,,,,,,,,,,,,,AB-APP-B04-5TH-1030,Approval for Stairs Conc. Dim.  & RFT DWGs As-Built Drawing (B04) (5th),"AB-SUB-B04-5TH-1030, AB-SUB-B04-5TH-1030","AB-SUB-B04-5TH-1030: SS 12, AB-SUB-B04-5TH-1030: FF 6",HO-1050,,,,,,
05- relationship_file,02-delay_analysis/unified_tia_csv/05- relationship_file.csv,632,The Big -P.01-UP-20-April-26,,,,,,,,,,,,,,,,,,,,,,,,,,,,,E-SUB-B04-6TH-1000,Submittal for Col. & Walls Conc. Dim.  & RFT DWGs (B04) (6th),E-DR-1000,E-DR-1000: FS 125,"E-APP-B04-6TH-1000, E-APP-B04-6TH-1000, E-SUB-B04-6TH-1010",,,,,,
05- relationship_file,02-delay_analysis/unified_tia_csv/05- relationship_file.csv,633,The Big -P.01-UP-20-April-26,,,,,,,,,,,,,,,,,,,,,,,,,,,,,E-SUB-B04-6TH-1030,Submittal for Slabs Conc. Dim.  & RFT DWGs (B04) (6th),"E-DR-1000, E-SUB-B04-6TH-1020","E-DR-1000: FS 140, E-SUB-B04-6TH-1020: SS 3","E-APP-B04-6TH-1030, E-APP-B04-6TH-1030",,,,,,
05- relationship_file,02-delay_analysis/unified_tia_csv/05- relationship_file.csv,634,The Big -P.01-UP-20-April-26,,,,,,,,,,,,,,,,,,,,,,,,,,,,,E-SUB-B04-6TH-1020,Submittal for Beams Conc. Dim.  & RFT DWGs (B04) (6th),"E-DR-1000, E-SUB-B04-6TH-1010","E-DR-1000: FS 136, E-SUB-B04-6TH-1010: SS 3","E-APP-B04-6TH-1020, E-APP-B04-6TH-1020, E-SUB-B04-6TH-1030",,,,,,
05- relationship_file,02-delay_analysis/unified_tia_csv/05- relationship_file.csv,635,The Big -P.01-UP-20-April-26,,,,,,,,,,,,,,,,,,,,,,,,,,,,,E-SUB-B04-6TH-1010,Submittal for Stairs Conc. Dim.  & RFT DWGs (B04) (6th),"E-DR-1000, E-SUB-B04-6TH-1000","E-DR-1000: FS 133, E-SUB-B04-6TH-1000: SS 3","E-APP-B04-6TH-1010, E-APP-B04-6TH-1010, E-SUB-B04-6TH-1020",,,,,,
05- relationship_file,02-delay_analysis/unified_tia_csv/05- relationship_file.csv,636,The Big -P.01-UP-20-April-26,,,,,,,,,,,,,,,,,,,,,,,,,,,,,E-SUB-B01-6TH-1000,Submittal for Col. & Walls Conc. Dim.  & RFT DWGs (B01) (6th),E-DR-1000,E-DR-1000: FS 85,"E-APP-B01-6TH-1000, E-APP-B01-6TH-1000, E-SUB-B01-6TH-1010",,,,,,
05- relationship_file,02-delay_analysis/unified_tia_csv/05- relationship_file.csv,637,The Big -P.01-UP-20-April-26,,,,,,,,,,,,,,,,,,,,,,,,,,,,,E-SUB-B01-6TH-1030,Submittal for Slabs Conc. Dim.  & RFT DWGs (B01) (6th),"E-DR-1000, E-SUB-B01-6TH-1020","E-DR-1000: FS 96, E-SUB-B01-6TH-1020: SS 3","E-APP-B01-6TH-1030, E-APP-B01-6TH-1030",,,,,,
05- relationship_file,02-delay_analysis/unified_tia_csv/05- relationship_file.csv,638,The Big -P.01-UP-20-April-26,,,,,,,,,,,,,,,,,,,,,,,,,,,,,E-SUB-B01-6TH-1020,Submittal for Beams Conc. Dim.  & RFT DWGs (B01) (6th),"E-DR-1000, E-SUB-B01-6TH-1010","E-DR-1000: FS 92, E-SUB-B01-6TH-1010: SS 3","E-APP-B01-6TH-1020, E-APP-B01-6TH-1020, E-SUB-B01-6TH-1030",,,,,,
05- relationship_file,02-delay_analysis/unified_tia_csv/05- relationship_file.csv,639,The Big -P.01-UP-20-April-26,,,,,,,,,,,,,,,,,,,,,,,,,,,,,E-SUB-B01-6TH-1010,Submittal for Stairs Conc. Dim.  & RFT DWGs (B01) (6th),"E-DR-1000, E-SUB-B01-6TH-1000","E-DR-1000: FS 89, E-SUB-B01-6TH-1000: SS 3","E-APP-B01-6TH-1010, E-APP-B01-6TH-1010, E-SUB-B01-6TH-1020",,,,,,
05- relationship_file,02-delay_analysis/unified_tia_csv/05- relationship_file.csv,640,The Big -P.01-UP-20-April-26,,,,,,,,,,,,,,,,,,,,,,,,,,,,,E-APP-B01-6TH-1000,Approval for Col. & Walls Conc. Dim.  & RFT DWGs (B01) (6th),"E-SUB-B01-6TH-1000, E-SUB-B01-6TH-1000","E-SUB-B01-6TH-1000: SS 12, E-SUB-B01-6TH-1000: FF 10","CON-B01-6TH-1010, CON-B01-6TH-1020",,,,,,
05- relationship_file,02-delay_analysis/unified_tia_csv/05- relationship_file.csv,641,The Big -P.01-UP-20-April-26,,,,,,,,,,,,,,,,,,,,,,,,,,,,,E-APP-B01-6TH-1030,Approval for Slabs Conc. Dim.  & RFT DWGs (B01) (6th),"E-SUB-B01-6TH-1030, E-SUB-B01-6TH-1030","E-SUB-B01-6TH-1030: SS 12, E-SUB-B01-6TH-1030: FF 10","CON-B01-6TH-1040, CON-B01-6TH-1050",,,,,,
05- relationship_file,02-delay_analysis/unified_tia_csv/05- relationship_file.csv,642,The Big -P.01-UP-20-April-26,,,,,,,,,,,,,,,,,,,,,,,,,,,,,E-APP-B01-6TH-1020,Approval for Beams Conc. Dim.  & RFT DWGs (B01) (6th),"E-SUB-B01-6TH-1020, E-SUB-B01-6TH-1020","E-SUB-B01-6TH-1020: SS 12, E-SUB-B01-6TH-1020: FF 10","CON-B01-6TH-1040, CON-B01-6TH-1050",,,,,,
05- relationship_file,02-delay_analysis/unified_tia_csv/05- relationship_file.csv,643,The Big -P.01-UP-20-April-26,,,,,,,,,,,,,,,,,,,,,,,,,,,,,E-APP-B01-6TH-1010,Approval for Stairs Conc. Dim.  & RFT DWGs (B01) (6th),"E-SUB-B01-6TH-1010, E-SUB-B01-6TH-1010","E-SUB-B01-6TH-1010: SS 12, E-SUB-B01-6TH-1010: FF 10","CON-B01-6TH-1040, CON-B01-6TH-1050",,,,,,
05- relationship_file,02-delay_analysis/unified_tia_csv/05- relationship_file.csv,644,The Big -P.01-UP-20-April-26,,,,,,,,,,,,,,,,,,,,,,,,,,,,,E-APP-B04-6TH-1000,Approval for Col. & Walls Conc. Dim.  & RFT DWGs (B04) (6th),"E-SUB-B04-6TH-1000, E-SUB-B04-6TH-1000","E-SUB-B04-6TH-1000: SS 12, E-SUB-B04-6TH-1000: FF 10","CON-B04-6TH-1020, CON-B04-6TH-1010",,,,,,
05- relationship_file,02-delay_analysis/unified_tia_csv/05- relationship_file.csv,645,The Big -P.01-UP-20-April-26,,,,,,,,,,,,,,,,,,,,,,,,,,,,,E-APP-B04-6TH-1030,Approval for Slabs Conc. Dim.  & RFT DWGs (B04) (6th),"E-SUB-B04-6TH-1030, E-SUB-B04-6TH-1030","E-SUB-B04-6TH-1030: SS 12, E-SUB-B04-6TH-1030: FF 10","CON-B04-6TH-1040, CON-B04-6TH-1050",,,,,,
05- relationship_file,02-delay_analysis/unified_tia_csv/05- relationship_file.csv,646,The Big -P.01-UP-20-April-26,,,,,,,,,,,,,,,,,,,,,,,,,,,,,E-APP-B04-6TH-1020,Approval for Beams Conc. Dim.  & RFT DWGs (B04) (6th),"E-SUB-B04-6TH-1020, E-SUB-B04-6TH-1020","E-SUB-B04-6TH-1020: SS 12, E-SUB-B04-6TH-1020: FF 10","CON-B04-6TH-1040, CON-B04-6TH-1050",,,,,,
05- relationship_file,02-delay_analysis/unified_tia_csv/05- relationship_file.csv,647,The Big -P.01-UP-20-April-26,,,,,,,,,,,,,,,,,,,,,,,,,,,,,E-APP-B04-6TH-1010,Approval for Stairs Conc. Dim.  & RFT DWGs (B04) (6th),"E-SUB-B04-6TH-1010, E-SUB-B04-6TH-1010","E-SUB-B04-6TH-1010: SS 12, E-SUB-B04-6TH-1010: FF 10","CON-B04-6TH-1040, CON-B04-6TH-1050",,,,,,
05- relationship_file,02-delay_analysis/unified_tia_csv/05- relationship_file.csv,648,The Big -P.01-UP-20-April-26,,,,,,,,,,,,,,,,,,,,,,,,,,,,,AB-SUB-B04-6TH-1000,Submittal for Col. & Walls Conc. Dim.  & RFT DWGs As-Built Drawing (B04) (6th),CON-B04-6TH-1030,CON-B04-6TH-1030: FS,"AB-APP-B04-6TH-1000, AB-APP-B04-6TH-1000",,,,,,
05- relationship_file,02-delay_analysis/unified_tia_csv/05- relationship_file.csv,649,The Big -P.01-UP-20-April-26,,,,,,,,,,,,,,,,,,,,,,,,,,,,,AB-SUB-B04-6TH-1010,Submittal for Slabs Conc. Dim.  & RFT DWGs As-Built Drawing (B04) (6th),CON-B04-6TH-1060,CON-B04-6TH-1060: FS,"AB-APP-B04-6TH-1010, AB-APP-B04-6TH-1010",,,,,,
05- relationship_file,02-delay_analysis/unified_tia_csv/05- relationship_file.csv,650,The Big -P.01-UP-20-April-26,,,,,,,,,,,,,,,,,,,,,,,,,,,,,AB-SUB-B04-6TH-1020,Submittal for Beams Conc. Dim.  & RFT DWGs As-Built Drawing (B04) (6th),CON-B04-6TH-1060,CON-B04-6TH-1060: FS,"AB-APP-B04-6TH-1020, AB-APP-B04-6TH-1020",,,,,,
05- relationship_file,02-delay_analysis/unified_tia_csv/05- relationship_file.csv,651,The Big -P.01-UP-20-April-26,,,,,,,,,,,,,,,,,,,,,,,,,,,,,AB-SUB-B04-6TH-1030,Submittal for Stairs Conc. Dim.  & RFT DWGs As-Built Drawing (B04) (6th),CON-B04-6TH-1060,CON-B04-6TH-1060: FS,"AB-APP-B04-6TH-1030, AB-APP-B04-6TH-1030",,,,,,
05- relationship_file,02-delay_analysis/unified_tia_csv/05- relationship_file.csv,652,The Big -P.01-UP-20-April-26,,,,,,,,,,,,,,,,,,,,,,,,,,,,,AB-SUB-B01-6TH-1000,Submittal for Col. & Walls Conc. Dim.  & RFT DWGs As-Built Drawing (B01) (6th),CON-B01-6TH-1030,CON-B01-6TH-1030: FS,"AB-APP-B01-6TH-1000, AB-APP-B01-6TH-1000",,,,,,
05- relationship_file,02-delay_analysis/unified_tia_csv/05- relationship_file.csv,653,The Big -P.01-UP-20-April-26,,,,,,,,,,,,,,,,,,,,,,,,,,,,,AB-SUB-B01-6TH-1010,Submittal for Slabs Conc. Dim.  & RFT DWGs As-Built Drawing (B01) (6th),CON-B01-6TH-1060,CON-B01-6TH-1060: FS,"AB-APP-B01-6TH-1010, AB-APP-B01-6TH-1010",,,,,,
05- relationship_file,02-delay_analysis/unified_tia_csv/05- relationship_file.csv,654,The Big -P.01-UP-20-April-26,,,,,,,,,,,,,,,,,,,,,,,,,,,,,AB-SUB-B01-6TH-1020,Submittal for Beams Conc. Dim.  & RFT DWGs As-Built Drawing (B01) (6th),CON-B01-6TH-1060,CON-B01-6TH-1060: FS,"AB-APP-B01-6TH-1020, AB-APP-B01-6TH-1020",,,,,,
05- relationship_file,02-delay_analysis/unified_tia_csv/05- relationship_file.csv,655,The Big -P.01-UP-20-April-26,,,,,,,,,,,,,,,,,,,,,,,,,,,,,AB-SUB-B01-6TH-1030,Submittal for Stairs Conc. Dim.  & RFT DWGs As-Built Drawing (B01) (6th),CON-B01-6TH-1060,CON-B01-6TH-1060: FS,"AB-APP-B01-6TH-1030, AB-APP-B01-6TH-1030",,,,,,
05- relationship_file,02-delay_analysis/unified_tia_csv/05- relationship_file.csv,656,The Big -P.01-UP-20-April-26,,,,,,,,,,,,,,,,,,,,,,,,,,,,,AB-APP-B01-6TH-1000,Approval for Col. & Walls Conc. Dim.  & RFT DWGs As-Built Drawing (B01) (6th),"AB-SUB-B01-6TH-1000, AB-SUB-B01-6TH-1000","AB-SUB-B01-6TH-1000: SS 12, AB-SUB-B01-6TH-1000: FF 6",HO-1050,,,,,,
05- relationship_file,02-delay_analysis/unified_tia_csv/05- relationship_file.csv,657,The Big -P.01-UP-20-April-26,,,,,,,,,,,,,,,,,,,,,,,,,,,,,AB-APP-B01-6TH-1010,Approval for Slabs Conc. Dim.  & RFT DWGs As-Built Drawing (B01) (6th),"AB-SUB-B01-6TH-1010, AB-SUB-B01-6TH-1010","AB-SUB-B01-6TH-1010: SS 12, AB-SUB-B01-6TH-1010: FF 6",HO-1050,,,,,,
05- relationship_file,02-delay_analysis/unified_tia_csv/05- relationship_file.csv,658,The Big -P.01-UP-20-April-26,,,,,,,,,,,,,,,,,,,,,,,,,,,,,AB-APP-B01-6TH-1020,Approval for Beams Conc. Dim.  & RFT DWGs As-Built Drawing (B01) (6th),"AB-SUB-B01-6TH-1020, AB-SUB-B01-6TH-1020","AB-SUB-B01-6TH-1020: SS 12, AB-SUB-B01-6TH-1020: FF 6",HO-1050,,,,,,
05- relationship_file,02-delay_analysis/unified_tia_csv/05- relationship_file.csv,659,The Big -P.01-UP-20-April-26,,,,,,,,,,,,,,,,,,,,,,,,,,,,,AB-APP-B01-6TH-1030,Approval for Stairs Conc. Dim.  & RFT DWGs As-Built Drawing (B01) (6th),"AB-SUB-B01-6TH-1030, AB-SUB-B01-6TH-1030","AB-SUB-B01-6TH-1030: SS 12, AB-SUB-B01-6TH-1030: FF 6",HO-1050,,,,,,
05- relationship_file,02-delay_analysis/unified_tia_csv/05- relationship_file.csv,660,The Big -P.01-UP-20-April-26,,,,,,,,,,,,,,,,,,,,,,,,,,,,,AB-APP-B04-6TH-1000,Approval for Col. & Walls Conc. Dim.  & RFT DWGs As-Built Drawing (B04) (6th),"AB-SUB-B04-6TH-1000, AB-SUB-B04-6TH-1000","AB-SUB-B04-6TH-1000: SS 12, AB-SUB-B04-6TH-1000: FF 6",HO-1050,,,,,,
05- relationship_file,02-delay_analysis/unified_tia_csv/05- relationship_file.csv,661,The Big -P.01-UP-20-April-26,,,,,,,,,,,,,,,,,,,,,,,,,,,,,AB-APP-B04-6TH-1010,Approval for Slabs Conc. Dim.  & RFT DWGs As-Built Drawing (B04) (6th),"AB-SUB-B04-6TH-1010, AB-SUB-B04-6TH-1010","AB-SUB-B04-6TH-1010: SS 12, AB-SUB-B04-6TH-1010: FF 6",HO-1050,,,,,,
05- relationship_file,02-delay_analysis/unified_tia_csv/05- relationship_file.csv,662,The Big -P.01-UP-20-April-26,,,,,,,,,,,,,,,,,,,,,,,,,,,,,AB-APP-B04-6TH-1020,Approval for Beams Conc. Dim.  & RFT DWGs As-Built Drawing (B04) (6th),"AB-SUB-B04-6TH-1020, AB-SUB-B04-6TH-1020","AB-SUB-B04-6TH-1020: SS 12, AB-SUB-B04-6TH-1020: FF 6",HO-1050,,,,,,
05- relationship_file,02-delay_analysis/unified_tia_csv/05- relationship_file.csv,663,The Big -P.01-UP-20-April-26,,,,,,,,,,,,,,,,,,,,,,,,,,,,,AB-APP-B04-6TH-1030,Approval for Stairs Conc. Dim.  & RFT DWGs As-Built Drawing (B04) (6th),"AB-SUB-B04-6TH-1030, AB-SUB-B04-6TH-1030","AB-SUB-B04-6TH-1030: SS 6, AB-SUB-B04-6TH-1030: FF 2",HO-1050,,,,,,
05- relationship_file,02-delay_analysis/unified_tia_csv/05- relationship_file.csv,664,The Big -P.01-UP-20-April-26,,,,,,,,,,,,,,,,,,,,,,,,,,,,,CON-B01-7TH-1010,"RFT for Walls, Col. & Cores (B01) (7th)","CON-B01-7TH-1000, CON-B01-7TH-1000, E-APP-B01-7TH-1000, P-MDEL-1190","CON-B01-7TH-1000: SS 2, CON-B01-7TH-1000: FF, E-APP-B01-7TH-1000: FS, P-MDEL-1190: FS","CON-B01-7TH-1020, CON-B01-7TH-1020",,,,,,
05- relationship_file,02-delay_analysis/unified_tia_csv/05- relationship_file.csv,665,The Big -P.01-UP-20-April-26,,,,,,,,,,,,,,,,,,,,,,,,,,,,,CON-B01-7TH-1050,"RFT for Slabs, Beams & Stairs (B01) (7th)","CON-B01-7TH-1040, CON-B01-7TH-1040, E-APP-B01-7TH-1010, E-APP-B01-7TH-1020, E-APP-B01-7TH-1030, P-MDEL-1190","CON-B01-7TH-1040: SS 3, CON-B01-7TH-1040: FF, E-APP-B01-7TH-1010: FS, E-APP-B01-7TH-1020: FS, E-APP-B01-7TH-1030: FS, P-MDEL-1190: FS",CON-B01-7TH-1060,,,,,,
05- relationship_file,02-delay_analysis/unified_tia_csv/05- relationship_file.csv,666,The Big -P.01-UP-20-April-26,,,,,,,,,,,,,,,,,,,,,,,,,,,,,CON-B04-7TH-1010,"RFT for Walls, Col. & Cores (B04) (7th)","CON-B04-7TH-1000, CON-B04-7TH-1000, E-APP-B04-7TH-1000, P-MDEL-1190","CON-B04-7TH-1000: SS 3, CON-B04-7TH-1000: FF, E-APP-B04-7TH-1000: FS, P-MDEL-1190: FS","CON-B04-7TH-1020, CON-B04-7TH-1020",,,,,,
05- relationship_file,02-delay_analysis/unified_tia_csv/05- relationship_file.csv,667,The Big -P.01-UP-20-April-26,,,,,,,,,,,,,,,,,,,,,,,,,,,,,CON-B04-7TH-1050,"RFT for Slabs, Beams & Stairs (B04) (7th)","CON-B04-7TH-1040, CON-B04-7TH-1040, E-APP-B04-7TH-1010, E-APP-B04-7TH-1020, E-APP-B04-7TH-1030, P-MDEL-1190","CON-B04-7TH-1040: SS 2, CON-B04-7TH-1040: FF, E-APP-B04-7TH-1010: FS, E-APP-B04-7TH-1020: FS, E-APP-B04-7TH-1030: FS, P-MDEL-1190: FS",CON-B04-7TH-1060,,,,,,
05- relationship_file,02-delay_analysis/unified_tia_csv/05- relationship_file.csv,668,The Big -P.01-UP-20-April-26,,,,,,,,,,,,,,,,,,,,,,,,,,,,,CON-B01-8TH-1010,"RFT for Walls, Col. & Cores (B01) (8th)","CON-B01-8TH-1000, CON-B01-8TH-1000, E-APP-B01-8TH-1000, P-MDEL-1180","CON-B01-8TH-1000: SS 2, CON-B01-8TH-1000: FF, E-APP-B01-8TH-1000: FS, P-MDEL-1180: FS","CON-B01-8TH-1020, CON-B01-8TH-1020",,,,,,
05- relationship_file,02-delay_analysis/unified_tia_csv/05- relationship_file.csv,669,The Big -P.01-UP-20-April-26,,,,,,,,,,,,,,,,,,,,,,,,,,,,,CON-B01-8TH-1050,"RFT for Slabs, Beams & Stairs (B01) (8th)","CON-B01-8TH-1040, CON-B01-8TH-1040, E-APP-B01-8TH-1010, E-APP-B01-8TH-1020, E-APP-B01-8TH-1030, P-MDEL-1180","CON-B01-8TH-1040: SS 2, CON-B01-8TH-1040: FF, E-APP-B01-8TH-1010: FS, E-APP-B01-8TH-1020: FS, E-APP-B01-8TH-1030: FS, P-MDEL-1180: FS",CON-B01-8TH-1060,,,,,,
05- relationship_file,02-delay_analysis/unified_tia_csv/05- relationship_file.csv,670,The Big -P.01-UP-20-April-26,,,,,,,,,,,,,,,,,,,,,,,,,,,,,CON-B04-8TH-1010,"RFT for Walls, Col. & Cores (B04) (8th)","CON-B04-8TH-1000, CON-B04-8TH-1000, E-APP-B04-8TH-1000, P-MDEL-1180","CON-B04-8TH-1000: SS 2, CON-B04-8TH-1000: FF, E-APP-B04-8TH-1000: FS, P-MDEL-1180: FS","CON-B04-8TH-1020, CON-B04-8TH-1020",,,,,,
05- relationship_file,02-delay_analysis/unified_tia_csv/05- relationship_file.csv,671,The Big -P.01-UP-20-April-26,,,,,,,,,,,,,,,,,,,,,,,,,,,,,CON-B04-8TH-1050,"RFT for Slabs, Beams & Stairs (B04) (8th)","CON-B04-8TH-1040, CON-B04-8TH-1040, E-APP-B04-8TH-1010, E-APP-B04-8TH-1020, E-APP-B04-8TH-1030, P-MDEL-1180","CON-B04-8TH-1040: SS 2, CON-B04-8TH-1040: FF, E-APP-B04-8TH-1010: FS, E-APP-B04-8TH-1020: FS, E-APP-B04-8TH-1030: FS, P-MDEL-1180: FS",CON-B04-8TH-1060,,,,,,
05- relationship_file,02-delay_analysis/unified_tia_csv/05- relationship_file.csv,672,The Big -P.01-UP-20-April-26,,,,,,,,,,,,,,,,,,,,,,,,,,,,,E-SUB-B04-7TH-1000,Submittal for Col. & Walls Conc. Dim.  & RFT DWGs (B04) (7th),E-DR-1000,E-DR-1000: FS 145,"E-APP-B04-7TH-1000, E-APP-B04-7TH-1000, E-SUB-B04-7TH-1010",,,,,,
05- relationship_file,02-delay_analysis/unified_tia_csv/05- relationship_file.csv,673,The Big -P.01-UP-20-April-26,,,,,,,,,,,,,,,,,,,,,,,,,,,,,E-SUB-B04-7TH-1030,Submittal for Slabs Conc. Dim.  & RFT DWGs  (B04) (7th),"E-DR-1000, E-SUB-B04-7TH-1020","E-DR-1000: FS 156, E-SUB-B04-7TH-1020: SS 3","E-APP-B04-7TH-1030, E-APP-B04-7TH-1030",,,,,,
05- relationship_file,02-delay_analysis/unified_tia_csv/05- relationship_file.csv,674,The Big -P.01-UP-20-April-26,,,,,,,,,,,,,,,,,,,,,,,,,,,,,E-SUB-B04-7TH-1020,Submittal for Beams Conc. Dim.  & RFT DWGs (B04) (7th),"E-DR-1000, E-SUB-B04-7TH-1010","E-DR-1000: FS 151, E-SUB-B04-7TH-1010: SS 3","E-APP-B04-7TH-1020, E-APP-B04-7TH-1020, E-SUB-B04-7TH-1030",,,,,,
05- relationship_file,02-delay_analysis/unified_tia_csv/05- relationship_file.csv,675,The Big -P.01-UP-20-April-26,,,,,,,,,,,,,,,,,,,,,,,,,,,,,E-SUB-B04-7TH-1010,Submittal for Stairs Conc. Dim.  & RFT DWGs (B04) (7th),"E-DR-1000, E-SUB-B04-7TH-1000","E-DR-1000: FS 148, E-SUB-B04-7TH-1000: SS 3","E-APP-B04-7TH-1010, E-APP-B04-7TH-1010, E-SUB-B04-7TH-1020",,,,,,
05- relationship_file,02-delay_analysis/unified_tia_csv/05- relationship_file.csv,676,The Big -P.01-UP-20-April-26,,,,,,,,,,,,,,,,,,,,,,,,,,,,,E-SUB-B01-7TH-1000,Submittal for Col. & Walls Conc. Dim.  & RFT DWGs (B01) (7th),E-DR-1000,E-DR-1000: FS 95,"E-APP-B01-7TH-1000, E-APP-B01-7TH-1000, E-SUB-B01-7TH-1010",,,,,,
05- relationship_file,02-delay_analysis/unified_tia_csv/05- relationship_file.csv,677,The Big -P.01-UP-20-April-26,,,,,,,,,,,,,,,,,,,,,,,,,,,,,E-SUB-B01-7TH-1030,Submittal for Slabs Conc. Dim.  & RFT DWGs (B01) (7th),"E-DR-1000, E-SUB-B01-7TH-1020","E-DR-1000: FS 106, E-SUB-B01-7TH-1020: SS 3","E-APP-B01-7TH-1030, E-APP-B01-7TH-1030",,,,,,
05- relationship_file,02-delay_analysis/unified_tia_csv/05- relationship_file.csv,678,The Big -P.01-UP-20-April-26,,,,,,,,,,,,,,,,,,,,,,,,,,,,,E-SUB-B01-7TH-1020,Submittal for Beams Conc. Dim.  & RFT DWGs (B01) (7th),"E-DR-1000, E-SUB-B01-7TH-1010","E-DR-1000: FS 102, E-SUB-B01-7TH-1010: SS 3","E-APP-B01-7TH-1020, E-APP-B01-7TH-1020, E-SUB-B01-7TH-1030",,,,,,
05- relationship_file,02-delay_analysis/unified_tia_csv/05- relationship_file.csv,679,The Big -P.01-UP-20-April-26,,,,,,,,,,,,,,,,,,,,,,,,,,,,,E-SUB-B01-7TH-1010,Submittal for Stairs Conc. Dim.  & RFT DWGs (B01) (7th),"E-DR-1000, E-SUB-B01-7TH-1000","E-DR-1000: FS 99, E-SUB-B01-7TH-1000: SS 3","E-APP-B01-7TH-1010, E-APP-B01-7TH-1010, E-SUB-B01-7TH-1020",,,,,,
05- relationship_file,02-delay_analysis/unified_tia_csv/05- relationship_file.csv,680,The Big -P.01-UP-20-April-26,,,,,,,,,,,,,,,,,,,,,,,,,,,,,E-APP-B01-7TH-1000,Approval for Col. & Walls Conc. Dim.  & RFT DWGs (B01) (7th),"E-SUB-B01-7TH-1000, E-SUB-B01-7TH-1000","E-SUB-B01-7TH-1000: SS 12, E-SUB-B01-7TH-1000: FF 10","CON-B01-7TH-1010, CON-B01-7TH-1020",,,,,,
05- relationship_file,02-delay_analysis/unified_tia_csv/05- relationship_file.csv,681,The Big -P.01-UP-20-April-26,,,,,,,,,,,,,,,,,,,,,,,,,,,,,E-APP-B01-7TH-1030,Approval for Slabs Conc. Dim.  & RFT DWGs (B01) (7th),"E-SUB-B01-7TH-1030, E-SUB-B01-7TH-1030","E-SUB-B01-7TH-1030: SS 12, E-SUB-B01-7TH-1030: FF 10","CON-B01-7TH-1040, CON-B01-7TH-1050",,,,,,
05- relationship_file,02-delay_analysis/unified_tia_csv/05- relationship_file.csv,682,The Big -P.01-UP-20-April-26,,,,,,,,,,,,,,,,,,,,,,,,,,,,,E-APP-B01-7TH-1020,Approval for Beams Conc. Dim.  & RFT DWGs (B01) (7th),"E-SUB-B01-7TH-1020, E-SUB-B01-7TH-1020","E-SUB-B01-7TH-1020: SS 12, E-SUB-B01-7TH-1020: FF 10","CON-B01-7TH-1040, CON-B01-7TH-1050",,,,,,
05- relationship_file,02-delay_analysis/unified_tia_csv/05- relationship_file.csv,683,The Big -P.01-UP-20-April-26,,,,,,,,,,,,,,,,,,,,,,,,,,,,,E-APP-B01-7TH-1010,Approval for Stairs Conc. Dim.  & RFT DWGs (B01) (7th),"E-SUB-B01-7TH-1010, E-SUB-B01-7TH-1010","E-SUB-B01-7TH-1010: SS 12, E-SUB-B01-7TH-1010: FF 10","CON-B01-7TH-1040, CON-B01-7TH-1050",,,,,,
05- relationship_file,02-delay_analysis/unified_tia_csv/05- relationship_file.csv,684,The Big -P.01-UP-20-April-26,,,,,,,,,,,,,,,,,,,,,,,,,,,,,E-APP-B04-7TH-1000,Approval for Col. & Walls Conc. Dim.  & RFT DWGs (B04) (7th),"E-SUB-B04-7TH-1000, E-SUB-B04-7TH-1000","E-SUB-B04-7TH-1000: SS 12, E-SUB-B04-7TH-1000: FF 10","CON-B04-7TH-1010, CON-B04-7TH-1020",,,,,,
05- relationship_file,02-delay_analysis/unified_tia_csv/05- relationship_file.csv,685,The Big -P.01-UP-20-April-26,,,,,,,,,,,,,,,,,,,,,,,,,,,,,E-APP-B04-7TH-1030,Approval for Slabs Conc. Dim.  & RFT DWGs (B04) (7th),"E-SUB-B04-7TH-1030, E-SUB-B04-7TH-1030","E-SUB-B04-7TH-1030: SS 12, E-SUB-B04-7TH-1030: FF 10","CON-B04-7TH-1040, CON-B04-7TH-1050",,,,,,
05- relationship_file,02-delay_analysis/unified_tia_csv/05- relationship_file.csv,686,The Big -P.01-UP-20-April-26,,,,,,,,,,,,,,,,,,,,,,,,,,,,,E-APP-B04-7TH-1020,Approval for Beams Conc. Dim.  & RFT DWGs (B04) (7th),"E-SUB-B04-7TH-1020, E-SUB-B04-7TH-1020","E-SUB-B04-7TH-1020: SS 12, E-SUB-B04-7TH-1020: FF 10","CON-B04-7TH-1040, CON-B04-7TH-1050",,,,,,
05- relationship_file,02-delay_analysis/unified_tia_csv/05- relationship_file.csv,687,The Big -P.01-UP-20-April-26,,,,,,,,,,,,,,,,,,,,,,,,,,,,,E-APP-B04-7TH-1010,Approval for Stairs Conc. Dim.  & RFT DWGs (B04) (7th),"E-SUB-B04-7TH-1010, E-SUB-B04-7TH-1010","E-SUB-B04-7TH-1010: SS 12, E-SUB-B04-7TH-1010: FF 10","CON-B04-7TH-1040, CON-B04-7TH-1050",,,,,,
05- relationship_file,02-delay_analysis/unified_tia_csv/05- relationship_file.csv,688,The Big -P.01-UP-20-April-26,,,,,,,,,,,,,,,,,,,,,,,,,,,,,AB-SUB-B04-7TH-1000,Submittal for Col. & Walls Conc. Dim.  & RFT DWGs As-Built Drawing (B04) (7th),CON-B04-7TH-1030,CON-B04-7TH-1030: FS,"AB-APP-B04-7TH-1000, AB-APP-B04-7TH-1000",,,,,,
05- relationship_file,02-delay_analysis/unified_tia_csv/05- relationship_file.csv,689,The Big -P.01-UP-20-April-26,,,,,,,,,,,,,,,,,,,,,,,,,,,,,AB-SUB-B04-7TH-1010,Submittal for Slabs Conc. Dim.  & RFT DWGs As-Built Drawing  (B04) (7th),CON-B04-7TH-1060,CON-B04-7TH-1060: FS,"AB-APP-B04-7TH-1010, AB-APP-B04-7TH-1010",,,,,,
05- relationship_file,02-delay_analysis/unified_tia_csv/05- relationship_file.csv,690,The Big -P.01-UP-20-April-26,,,,,,,,,,,,,,,,,,,,,,,,,,,,,AB-SUB-B04-7TH-1020,Submittal for Beams Conc. Dim.  & RFT DWGs As-Built Drawing (B04) (7th),CON-B04-7TH-1060,CON-B04-7TH-1060: FS,"AB-APP-B04-7TH-1020, AB-APP-B04-7TH-1020",,,,,,
05- relationship_file,02-delay_analysis/unified_tia_csv/05- relationship_file.csv,691,The Big -P.01-UP-20-April-26,,,,,,,,,,,,,,,,,,,,,,,,,,,,,AB-SUB-B04-7TH-1030,Submittal for Stairs Conc. Dim.  & RFT DWGs As-Built Drawing (B04) (7th),CON-B04-7TH-1060,CON-B04-7TH-1060: FS,"AB-APP-B04-7TH-1030, AB-APP-B04-7TH-1030",,,,,,
05- relationship_file,02-delay_analysis/unified_tia_csv/05- relationship_file.csv,692,The Big -P.01-UP-20-April-26,,,,,,,,,,,,,,,,,,,,,,,,,,,,,AB-SUB-B01-7TH-1000,Submittal for Col. & Walls Conc. Dim.  & RFT DWGs As-Built Drawing (B01) (7th),CON-B01-7TH-1030,CON-B01-7TH-1030: FS,"AB-APP-B01-7TH-1000, AB-APP-B01-7TH-1000",,,,,,
05- relationship_file,02-delay_analysis/unified_tia_csv/05- relationship_file.csv,693,The Big -P.01-UP-20-April-26,,,,,,,,,,,,,,,,,,,,,,,,,,,,,AB-SUB-B01-7TH-1010,Submittal for Slabs Conc. Dim.  & RFT DWGs As-Built Drawing (B01) (7th),CON-B01-7TH-1060,CON-B01-7TH-1060: FS,"AB-APP-B01-7TH-1010, AB-APP-B01-7TH-1010",,,,,,
05- relationship_file,02-delay_analysis/unified_tia_csv/05- relationship_file.csv,694,The Big -P.01-UP-20-April-26,,,,,,,,,,,,,,,,,,,,,,,,,,,,,AB-SUB-B01-7TH-1020,Submittal for Beams Conc. Dim.  & RFT DWGs As-Built Drawing (B01) (7th),CON-B01-7TH-1060,CON-B01-7TH-1060: FS,"AB-APP-B01-7TH-1020, AB-APP-B01-7TH-1020",,,,,,
05- relationship_file,02-delay_analysis/unified_tia_csv/05- relationship_file.csv,695,The Big -P.01-UP-20-April-26,,,,,,,,,,,,,,,,,,,,,,,,,,,,,AB-SUB-B01-7TH-1030,Submittal for Stairs Conc. Dim.  & RFT DWGs As-Built Drawing (B01) (7th),CON-B01-7TH-1060,CON-B01-7TH-1060: FS,"AB-APP-B01-7TH-1030, AB-APP-B01-7TH-1030",,,,,,
05- relationship_file,02-delay_analysis/unified_tia_csv/05- relationship_file.csv,696,The Big -P.01-UP-20-April-26,,,,,,,,,,,,,,,,,,,,,,,,,,,,,AB-APP-B01-7TH-1000,Approval for Col. & Walls Conc. Dim.  & RFT DWGs As-Built Drawing (B01) (7th),"AB-SUB-B01-7TH-1000, AB-SUB-B01-7TH-1000","AB-SUB-B01-7TH-1000: SS 12, AB-SUB-B01-7TH-1000: FF 6",HO-1050,,,,,,
05- relationship_file,02-delay_analysis/unified_tia_csv/05- relationship_file.csv,697,The Big -P.01-UP-20-April-26,,,,,,,,,,,,,,,,,,,,,,,,,,,,,AB-APP-B01-7TH-1010,Approval for Slabs Conc. Dim.  & RFT DWGs As-Built Drawing (B01) (7th),"AB-SUB-B01-7TH-1010, AB-SUB-B01-7TH-1010","AB-SUB-B01-7TH-1010: SS 12, AB-SUB-B01-7TH-1010: FF 6",HO-1050,,,,,,
05- relationship_file,02-delay_analysis/unified_tia_csv/05- relationship_file.csv,698,The Big -P.01-UP-20-April-26,,,,,,,,,,,,,,,,,,,,,,,,,,,,,AB-APP-B01-7TH-1020,Approval for Beams Conc. Dim.  & RFT DWGs As-Built Drawing (B01) (7th),"AB-SUB-B01-7TH-1020, AB-SUB-B01-7TH-1020","AB-SUB-B01-7TH-1020: SS 12, AB-SUB-B01-7TH-1020: FF 6",HO-1050,,,,,,
05- relationship_file,02-delay_analysis/unified_tia_csv/05- relationship_file.csv,699,The Big -P.01-UP-20-April-26,,,,,,,,,,,,,,,,,,,,,,,,,,,,,AB-APP-B01-7TH-1030,Approval for Stairs Conc. Dim.  & RFT DWGs As-Built Drawing (B01) (7th),"AB-SUB-B01-7TH-1030, AB-SUB-B01-7TH-1030","AB-SUB-B01-7TH-1030: SS 12, AB-SUB-B01-7TH-1030: FF 6",HO-1050,,,,,,
05- relationship_file,02-delay_analysis/unified_tia_csv/05- relationship_file.csv,700,The Big -P.01-UP-20-April-26,,,,,,,,,,,,,,,,,,,,,,,,,,,,,AB-APP-B04-7TH-1000,Approval for Col. & Walls Conc. Dim.  & RFT DWGs As-Built Drawing (B04) (7th),"AB-SUB-B04-7TH-1000, AB-SUB-B04-7TH-1000","AB-SUB-B04-7TH-1000: SS 12, AB-SUB-B04-7TH-1000: FF 6",HO-1050,,,,,,
05- relationship_file,02-delay_analysis/unified_tia_csv/05- relationship_file.csv,701,The Big -P.01-UP-20-April-26,,,,,,,,,,,,,,,,,,,,,,,,,,,,,AB-APP-B04-7TH-1010,Approval for Slabs Conc. Dim.  & RFT DWGs As-Built Drawing (B04) (7th),"AB-SUB-B04-7TH-1010, AB-SUB-B04-7TH-1010","AB-SUB-B04-7TH-1010: SS 12, AB-SUB-B04-7TH-1010: FF 6",HO-1050,,,,,,
05- relationship_file,02-delay_analysis/unified_tia_csv/05- relationship_file.csv,702,The Big -P.01-UP-20-April-26,,,,,,,,,,,,,,,,,,,,,,,,,,,,,AB-APP-B04-7TH-1020,Approval for Beams Conc. Dim.  & RFT DWGs As-Built Drawing (B04) (7th),"AB-SUB-B04-7TH-1020, AB-SUB-B04-7TH-1020","AB-SUB-B04-7TH-1020: SS 12, AB-SUB-B04-7TH-1020: FF 6",HO-1050,,,,,,
05- relationship_file,02-delay_analysis/unified_tia_csv/05- relationship_file.csv,703,The Big -P.01-UP-20-April-26,,,,,,,,,,,,,,,,,,,,,,,,,,,,,AB-APP-B04-7TH-1030,Approval for Stairs Conc. Dim.  & RFT DWGs As-Built Drawing (B04) (7th),"AB-SUB-B04-7TH-1030, AB-SUB-B04-7TH-1030","AB-SUB-B04-7TH-1030: SS 12, AB-SUB-B04-7TH-1030: FF 6",HO-1050,,,,,,
05- relationship_file,02-delay_analysis/unified_tia_csv/05- relationship_file.csv,704,The Big -P.01-UP-20-April-26,,,,,,,,,,,,,,,,,,,,,,,,,,,,,E-SUB-B04-8TH-1000,Submittal for Col. & Walls Conc. Dim.  & RFT DWGs (B04) (8th),E-DR-1000,E-DR-1000: FS 160,"E-APP-B04-8TH-1000, E-APP-B04-8TH-1000, E-SUB-B04-8TH-1010",,,,,,
05- relationship_file,02-delay_analysis/unified_tia_csv/05- relationship_file.csv,705,The Big -P.01-UP-20-April-26,,,,,,,,,,,,,,,,,,,,,,,,,,,,,E-SUB-B04-8TH-1030,Submittal for Slabs Conc. Dim.  & RFT DWGs (B04) (8th),"E-DR-1000, E-SUB-B04-8TH-1020","E-DR-1000: FS 170, E-SUB-B04-8TH-1020: SS 3","E-APP-B04-8TH-1030, E-APP-B04-8TH-1030",,,,,,
05- relationship_file,02-delay_analysis/unified_tia_csv/05- relationship_file.csv,706,The Big -P.01-UP-20-April-26,,,,,,,,,,,,,,,,,,,,,,,,,,,,,E-SUB-B04-8TH-1020,Submittal for Beams Conc. Dim.  & RFT DWGs (B04) (8th),"E-DR-1000, E-SUB-B04-8TH-1010","E-DR-1000: FS 167, E-SUB-B04-8TH-1010: SS 3","E-APP-B04-8TH-1020, E-APP-B04-8TH-1020, E-SUB-B04-8TH-1030",,,,,,
05- relationship_file,02-delay_analysis/unified_tia_csv/05- relationship_file.csv,707,The Big -P.01-UP-20-April-26,,,,,,,,,,,,,,,,,,,,,,,,,,,,,E-SUB-B04-8TH-1010,Submittal for Stairs Conc. Dim.  & RFT DWGs (B04) (8th),"E-DR-1000, E-SUB-B04-8TH-1000","E-DR-1000: FS 163, E-SUB-B04-8TH-1000: SS 3","E-APP-B04-8TH-1010, E-APP-B04-8TH-1010, E-SUB-B04-8TH-1020",,,,,,
05- relationship_file,02-delay_analysis/unified_tia_csv/05- relationship_file.csv,708,The Big -P.01-UP-20-April-26,,,,,,,,,,,,,,,,,,,,,,,,,,,,,E-SUB-B01-8TH-1000,Submittal for Col. & Walls Conc. Dim.  & RFT DWGs (B01) (8th),E-DR-1000,E-DR-1000: FS 110,"E-APP-B01-8TH-1000, E-APP-B01-8TH-1000, E-SUB-B01-8TH-1010",,,,,,
05- relationship_file,02-delay_analysis/unified_tia_csv/05- relationship_file.csv,709,The Big -P.01-UP-20-April-26,,,,,,,,,,,,,,,,,,,,,,,,,,,,,E-SUB-B01-8TH-1030,Submittal for Slabs Conc. Dim.  & RFT DWGs (B01) (8th),"E-DR-1000, E-SUB-B01-8TH-1020","E-DR-1000: FS 120, E-SUB-B01-8TH-1020: SS 3","E-APP-B01-8TH-1030, E-APP-B01-8TH-1030",,,,,,
05- relationship_file,02-delay_analysis/unified_tia_csv/05- relationship_file.csv,710,The Big -P.01-UP-20-April-26,,,,,,,,,,,,,,,,,,,,,,,,,,,,,E-SUB-B01-8TH-1020,Submittal for Beams Conc. Dim.  & RFT DWGs (B01) (8th),"E-DR-1000, E-SUB-B01-8TH-1010","E-DR-1000: FS 117, E-SUB-B01-8TH-1010: SS 3","E-APP-B01-8TH-1020, E-APP-B01-8TH-1020, E-SUB-B01-8TH-1030",,,,,,
05- relationship_file,02-delay_analysis/unified_tia_csv/05- relationship_file.csv,711,The Big -P.01-UP-20-April-26,,,,,,,,,,,,,,,,,,,,,,,,,,,,,E-SUB-B01-8TH-1010,Submittal for Stairs Conc. Dim.  & RFT DWGs (B01) (8th),"E-DR-1000, E-SUB-B01-8TH-1000","E-DR-1000: FS 113, E-SUB-B01-8TH-1000: SS 3","E-APP-B01-8TH-1010, E-APP-B01-8TH-1010, E-SUB-B01-8TH-1020",,,,,,
05- relationship_file,02-delay_analysis/unified_tia_csv/05- relationship_file.csv,712,The Big -P.01-UP-20-April-26,,,,,,,,,,,,,,,,,,,,,,,,,,,,,E-APP-B01-8TH-1000,Approval for Col. & Walls Conc. Dim.  & RFT DWGs (B01) (8th),"E-SUB-B01-8TH-1000, E-SUB-B01-8TH-1000","E-SUB-B01-8TH-1000: SS 12, E-SUB-B01-8TH-1000: FF 10","CON-B01-8TH-1010, CON-B01-8TH-1020",,,,,,
05- relationship_file,02-delay_analysis/unified_tia_csv/05- relationship_file.csv,713,The Big -P.01-UP-20-April-26,,,,,,,,,,,,,,,,,,,,,,,,,,,,,E-APP-B01-8TH-1030,Approval for Slabs Conc. Dim.  & RFT DWGs (B01) (8th),"E-SUB-B01-8TH-1030, E-SUB-B01-8TH-1030","E-SUB-B01-8TH-1030: SS 12, E-SUB-B01-8TH-1030: FF 10","CON-B01-8TH-1040, CON-B01-8TH-1050",,,,,,
05- relationship_file,02-delay_analysis/unified_tia_csv/05- relationship_file.csv,714,The Big -P.01-UP-20-April-26,,,,,,,,,,,,,,,,,,,,,,,,,,,,,E-APP-B01-8TH-1020,Approval for Beams Conc. Dim.  & RFT DWGs (B01) (8th),"E-SUB-B01-8TH-1020, E-SUB-B01-8TH-1020","E-SUB-B01-8TH-1020: SS 12, E-SUB-B01-8TH-1020: FF 10","CON-B01-8TH-1040, CON-B01-8TH-1050",,,,,,
05- relationship_file,02-delay_analysis/unified_tia_csv/05- relationship_file.csv,715,The Big -P.01-UP-20-April-26,,,,,,,,,,,,,,,,,,,,,,,,,,,,,E-APP-B01-8TH-1010,Approval for Stairs Conc. Dim.  & RFT DWGs (B01) (8th),"E-SUB-B01-8TH-1010, E-SUB-B01-8TH-1010","E-SUB-B01-8TH-1010: SS 12, E-SUB-B01-8TH-1010: FF 10","CON-B01-8TH-1040, CON-B01-8TH-1050",,,,,,
05- relationship_file,02-delay_analysis/unified_tia_csv/05- relationship_file.csv,716,The Big -P.01-UP-20-April-26,,,,,,,,,,,,,,,,,,,,,,,,,,,,,E-APP-B04-8TH-1000,Approval for Col. & Walls Conc. Dim.  & RFT DWGs (B04) (8th),"E-SUB-B04-8TH-1000, E-SUB-B04-8TH-1000","E-SUB-B04-8TH-1000: SS 12, E-SUB-B04-8TH-1000: FF 10","CON-B04-8TH-1010, CON-B04-8TH-1020",,,,,,
05- relationship_file,02-delay_analysis/unified_tia_csv/05- relationship_file.csv,717,The Big -P.01-UP-20-April-26,,,,,,,,,,,,,,,,,,,,,,,,,,,,,E-APP-B04-8TH-1030,Approval for Slabs Conc. Dim.  & RFT DWGs (B04) (8th),"E-SUB-B04-8TH-1030, E-SUB-B04-8TH-1030","E-SUB-B04-8TH-1030: SS 12, E-SUB-B04-8TH-1030: FF 10","CON-B04-8TH-1040, CON-B04-8TH-1050",,,,,,
05- relationship_file,02-delay_analysis/unified_tia_csv/05- relationship_file.csv,718,The Big -P.01-UP-20-April-26,,,,,,,,,,,,,,,,,,,,,,,,,,,,,E-APP-B04-8TH-1020,Approval for Beams Conc. Dim.  & RFT DWGs (B04) (8th),"E-SUB-B04-8TH-1020, E-SUB-B04-8TH-1020","E-SUB-B04-8TH-1020: SS 12, E-SUB-B04-8TH-1020: FF 10","CON-B04-8TH-1040, CON-B04-8TH-1050",,,,,,
05- relationship_file,02-delay_analysis/unified_tia_csv/05- relationship_file.csv,719,The Big -P.01-UP-20-April-26,,,,,,,,,,,,,,,,,,,,,,,,,,,,,E-APP-B04-8TH-1010,Approval for Stairs Conc. Dim.  & RFT DWGs (B04) (8th),"E-SUB-B04-8TH-1010, E-SUB-B04-8TH-1010","E-SUB-B04-8TH-1010: SS 12, E-SUB-B04-8TH-1010: FF 10","CON-B04-8TH-1040, CON-B04-8TH-1050",,,,,,
05- relationship_file,02-delay_analysis/unified_tia_csv/05- relationship_file.csv,720,The Big -P.01-UP-20-April-26,,,,,,,,,,,,,,,,,,,,,,,,,,,,,AB-SUB-B04-8TH-1000,Submittal for Col. & Walls Conc. Dim.  & RFT DWGs As-Built Drawing (B04) (8th),CON-B04-8TH-1030,CON-B04-8TH-1030: FS,"AB-APP-B04-8TH-1000, AB-APP-B04-8TH-1000",,,,,,
05- relationship_file,02-delay_analysis/unified_tia_csv/05- relationship_file.csv,721,The Big -P.01-UP-20-April-26,,,,,,,,,,,,,,,,,,,,,,,,,,,,,AB-SUB-B04-8TH-1010,Submittal for Slabs Conc. Dim.  & RFT DWGs As-Built Drawing (B04) (8th),CON-B04-8TH-1060,CON-B04-8TH-1060: FS,"AB-APP-B04-8TH-1010, AB-APP-B04-8TH-1010",,,,,,
05- relationship_file,02-delay_analysis/unified_tia_csv/05- relationship_file.csv,722,The Big -P.01-UP-20-April-26,,,,,,,,,,,,,,,,,,,,,,,,,,,,,AB-SUB-B04-8TH-1020,Submittal for Beams Conc. Dim.  & RFT DWGs As-Built Drawing (B04) (8th),CON-B04-8TH-1060,CON-B04-8TH-1060: FS,"AB-APP-B04-8TH-1020, AB-APP-B04-8TH-1020",,,,,,
05- relationship_file,02-delay_analysis/unified_tia_csv/05- relationship_file.csv,723,The Big -P.01-UP-20-April-26,,,,,,,,,,,,,,,,,,,,,,,,,,,,,AB-SUB-B04-8TH-1030,Submittal for Stairs Conc. Dim.  & RFT DWGs As-Built Drawing (B04) (8th),CON-B04-8TH-1060,CON-B04-8TH-1060: FS,"AB-APP-B04-8TH-1030, AB-APP-B04-8TH-1030",,,,,,
05- relationship_file,02-delay_analysis/unified_tia_csv/05- relationship_file.csv,724,The Big -P.01-UP-20-April-26,,,,,,,,,,,,,,,,,,,,,,,,,,,,,AB-SUB-B01-8TH-1000,Submittal for Col. & Walls Conc. Dim.  & RFT DWGs As-Built Drawing (B01) (8th),CON-B01-8TH-1030,CON-B01-8TH-1030: FS,"AB-APP-B01-8TH-1000, AB-APP-B01-8TH-1000",,,,,,
05- relationship_file,02-delay_analysis/unified_tia_csv/05- relationship_file.csv,725,The Big -P.01-UP-20-April-26,,,,,,,,,,,,,,,,,,,,,,,,,,,,,AB-SUB-B01-8TH-1010,Submittal for Slabs Conc. Dim.  & RFT DWGs As-Built Drawing (B01) (8th),CON-B01-8TH-1060,CON-B01-8TH-1060: FS,"AB-APP-B01-8TH-1010, AB-APP-B01-8TH-1010",,,,,,
05- relationship_file,02-delay_analysis/unified_tia_csv/05- relationship_file.csv,726,The Big -P.01-UP-20-April-26,,,,,,,,,,,,,,,,,,,,,,,,,,,,,AB-SUB-B01-8TH-1020,Submittal for Beams Conc. Dim.  & RFT DWGs As-Built Drawing (B01) (8th),CON-B01-8TH-1060,CON-B01-8TH-1060: FS,"AB-APP-B01-8TH-1020, AB-APP-B01-8TH-1020",,,,,,
05- relationship_file,02-delay_analysis/unified_tia_csv/05- relationship_file.csv,727,The Big -P.01-UP-20-April-26,,,,,,,,,,,,,,,,,,,,,,,,,,,,,AB-SUB-B01-8TH-1030,Submittal for Stairs Conc. Dim.  & RFT DWGs As-Built Drawing (B01) (8th),CON-B01-8TH-1060,CON-B01-8TH-1060: FS,"AB-APP-B01-8TH-1030, AB-APP-B01-8TH-1030",,,,,,
05- relationship_file,02-delay_analysis/unified_tia_csv/05- relationship_file.csv,728,The Big -P.01-UP-20-April-26,,,,,,,,,,,,,,,,,,,,,,,,,,,,,AB-APP-B01-8TH-1000,Approval for Col. & Walls Conc. Dim.  & RFT DWGs As-Built Drawing (B01) (8th),"AB-SUB-B01-8TH-1000, AB-SUB-B01-8TH-1000","AB-SUB-B01-8TH-1000: SS 12, AB-SUB-B01-8TH-1000: FF 6",HO-1050,,,,,,
05- relationship_file,02-delay_analysis/unified_tia_csv/05- relationship_file.csv,729,The Big -P.01-UP-20-April-26,,,,,,,,,,,,,,,,,,,,,,,,,,,,,AB-APP-B01-8TH-1010,Approval for Slabs Conc. Dim.  & RFT DWGs As-Built Drawing (B01) (8th),"AB-SUB-B01-8TH-1010, AB-SUB-B01-8TH-1010","AB-SUB-B01-8TH-1010: SS 12, AB-SUB-B01-8TH-1010: FF 6",HO-1050,,,,,,
05- relationship_file,02-delay_analysis/unified_tia_csv/05- relationship_file.csv,730,The Big -P.01-UP-20-April-26,,,,,,,,,,,,,,,,,,,,,,,,,,,,,AB-APP-B01-8TH-1020,Approval for Beams Conc. Dim.  & RFT DWGs As-Built Drawing (B01) (8th),"AB-SUB-B01-8TH-1020, AB-SUB-B01-8TH-1020","AB-SUB-B01-8TH-1020: SS 12, AB-SUB-B01-8TH-1020: FF 6",HO-1050,,,,,,
05- relationship_file,02-delay_analysis/unified_tia_csv/05- relationship_file.csv,731,The Big -P.01-UP-20-April-26,,,,,,,,,,,,,,,,,,,,,,,,,,,,,AB-APP-B01-8TH-1030,Approval for Stairs Conc. Dim.  & RFT DWGs As-Built Drawing (B01) (8th),"AB-SUB-B01-8TH-1030, AB-SUB-B01-8TH-1030","AB-SUB-B01-8TH-1030: SS 12, AB-SUB-B01-8TH-1030: FF 6",HO-1050,,,,,,
05- relationship_file,02-delay_analysis/unified_tia_csv/05- relationship_file.csv,732,The Big -P.01-UP-20-April-26,,,,,,,,,,,,,,,,,,,,,,,,,,,,,AB-APP-B04-8TH-1000,Approval for Col. & Walls Conc. Dim.  & RFT DWGs As-Built Drawing (B04) (8th),"AB-SUB-B04-8TH-1000, AB-SUB-B04-8TH-1000","AB-SUB-B04-8TH-1000: SS 12, AB-SUB-B04-8TH-1000: FF 6",HO-1050,,,,,,
05- relationship_file,02-delay_analysis/unified_tia_csv/05- relationship_file.csv,733,The Big -P.01-UP-20-April-26,,,,,,,,,,,,,,,,,,,,,,,,,,,,,AB-APP-B04-8TH-1010,Approval for Slabs Conc. Dim.  & RFT DWGs As-Built Drawing (B04) (8th),"AB-SUB-B04-8TH-1010, AB-SUB-B04-8TH-1010","AB-SUB-B04-8TH-1010: SS 12, AB-SUB-B04-8TH-1010: FF 6",HO-1050,,,,,,
05- relationship_file,02-delay_analysis/unified_tia_csv/05- relationship_file.csv,734,The Big -P.01-UP-20-April-26,,,,,,,,,,,,,,,,,,,,,,,,,,,,,AB-APP-B04-8TH-1020,Approval for Beams Conc. Dim.  & RFT DWGs As-Built Drawing (B04) (8th),"AB-SUB-B04-8TH-1020, AB-SUB-B04-8TH-1020","AB-SUB-B04-8TH-1020: SS 12, AB-SUB-B04-8TH-1020: FF 6",HO-1050,,,,,,
05- relationship_file,02-delay_analysis/unified_tia_csv/05- relationship_file.csv,735,The Big -P.01-UP-20-April-26,,,,,,,,,,,,,,,,,,,,,,,,,,,,,AB-APP-B04-8TH-1030,Approval for Stairs Conc. Dim.  & RFT DWGs As-Built Drawing (B04) (8th),"AB-SUB-B04-8TH-1030, AB-SUB-B04-8TH-1030","AB-SUB-B04-8TH-1030: SS 12, AB-SUB-B04-8TH-1030: FF 6",HO-1050,,,,,,
05- relationship_file,02-delay_analysis/unified_tia_csv/05- relationship_file.csv,736,The Big -P.01-UP-20-April-26,,,,,,,,,,,,,,,,,,,,,,,,,,,,,CON-B01-9TH-1010,"RFT for Walls, Col. & Cores (B01) (RF)","CON-B01-9TH-1000, E-APP-B01-RF-1000, P-MDEL-1200","CON-B01-9TH-1000: FS, E-APP-B01-RF-1000: FS, P-MDEL-1200: FS",CON-B01-9TH-1020,,,,,,
05- relationship_file,02-delay_analysis/unified_tia_csv/05- relationship_file.csv,737,The Big -P.01-UP-20-April-26,,,,,,,,,,,,,,,,,,,,,,,,,,,,,CON-B01-9TH-1050,"RFT for Slabs, Beams  (B01) (RF)","CON-B01-9TH-1040, CON-B01-9TH-1040, E-APP-B01-RF-1010, E-APP-B01-RF-1020, P-MDEL-1200","CON-B01-9TH-1040: SS 1, CON-B01-9TH-1040: FF, E-APP-B01-RF-1010: FS, E-APP-B01-RF-1020: FS, P-MDEL-1200: FS",CON-B01-9TH-1060,,,,,,
05- relationship_file,02-delay_analysis/unified_tia_csv/05- relationship_file.csv,738,The Big -P.01-UP-20-April-26,,,,,,,,,,,,,,,,,,,,,,,,,,,,,CON-B02-RF-1010,"RFT for Walls, Col. & Cores (B02) (RF)","CON-B02-RF-1000, E-APP-B02-RF-1000, P-MDEL-1200","CON-B02-RF-1000: FS, E-APP-B02-RF-1000: FS, P-MDEL-1200: FS",CON-B02-RF-1020,,,,,,
05- relationship_file,02-delay_analysis/unified_tia_csv/05- relationship_file.csv,739,The Big -P.01-UP-20-April-26,,,,,,,,,,,,,,,,,,,,,,,,,,,,,CON-B02-RF-1050,"RFT for Slabs, Beams  (B02) (RF)","CON-B02-RF-1040, E-APP-B02-RF-1010, E-APP-B02-RF-1020, P-MDEL-1200","CON-B02-RF-1040: FS, E-APP-B02-RF-1010: FS, E-APP-B02-RF-1020: FS, P-MDEL-1200: FS",CON-B02-RF-1060,,,,,,
05- relationship_file,02-delay_analysis/unified_tia_csv/05- relationship_file.csv,740,The Big -P.01-UP-20-April-26,,,,,,,,,,,,,,,,,,,,,,,,,,,,,CON-B04-RF-1010,"RFT for Walls, Col. & Cores (B04) (RF)","CON-B04-RF-1000, E-APP-B04-RF-1000, P-MDEL-1200","CON-B04-RF-1000: FS, E-APP-B04-RF-1000: FS, P-MDEL-1200: FS",CON-B04-RF-1020,,,,,,
05- relationship_file,02-delay_analysis/unified_tia_csv/05- relationship_file.csv,741,The Big -P.01-UP-20-April-26,,,,,,,,,,,,,,,,,,,,,,,,,,,,,CON-B04-RF-1050,"RFT for Slabs, Beams  (B04) (RF)","CON-B04-RF-1040, E-APP-B04-RF-1010, E-APP-B04-RF-1020, P-MDEL-1200","CON-B04-RF-1040: FS, E-APP-B04-RF-1010: FS, E-APP-B04-RF-1020: FS, P-MDEL-1200: FS",CON-B04-RF-1060,,,,,,
05- relationship_file,02-delay_analysis/unified_tia_csv/05- relationship_file.csv,742,The Big -P.01-UP-20-April-26,,,,,,,,,,,,,,,,,,,,,,,,,,,,,CON-B03-RF-1010,"RFT for Walls, Col. & Cores (B03) (RF)","CON-B03-RF-1000, E-APP-B03-RF-1000, P-MDEL-1200","CON-B03-RF-1000: FS, E-APP-B03-RF-1000: FS, P-MDEL-1200: FS",CON-B03-RF-1020,,,,,,
05- relationship_file,02-delay_analysis/unified_tia_csv/05- relationship_file.csv,743,The Big -P.01-UP-20-April-26,,,,,,,,,,,,,,,,,,,,,,,,,,,,,CON-B03-RF-1050,"RFT for Slabs, Beams  (B03) (RF)","CON-B03-RF-1040, E-APP-B03-RF-1010, E-APP-B03-RF-1020, P-MDEL-1200","CON-B03-RF-1040: FS, E-APP-B03-RF-1010: FS, E-APP-B03-RF-1020: FS, P-MDEL-1200: FS",CON-B03-RF-1060,,,,,,
05- relationship_file,02-delay_analysis/unified_tia_csv/05- relationship_file.csv,744,The Big -P.01-UP-20-April-26,,,,,,,,,,,,,,,,,,,,,,,,,,,,,E-SUB-B04-RF-1000,Submittal for Col. & Walls Conc. Dim.  & RFT DWGs (B04) (RF),E-DR-1000,E-DR-1000: FS 165,"E-APP-B04-RF-1000, E-APP-B04-RF-1000, E-SUB-B04-RF-1010",,,,,,
05- relationship_file,02-delay_analysis/unified_tia_csv/05- relationship_file.csv,745,The Big -P.01-UP-20-April-26,,,,,,,,,,,,,,,,,,,,,,,,,,,,,E-SUB-B04-RF-1020,Submittal for Slabs Conc. Dim.  & RFT DWGs (B04) (RF),"E-DR-1000, E-SUB-B04-RF-1010","E-DR-1000: FS 173, E-SUB-B04-RF-1010: SS 3","E-APP-B04-RF-1020, E-APP-B04-RF-1020",,,,,,
05- relationship_file,02-delay_analysis/unified_tia_csv/05- relationship_file.csv,746,The Big -P.01-UP-20-April-26,,,,,,,,,,,,,,,,,,,,,,,,,,,,,E-SUB-B04-RF-1010,Submittal for Beams Conc. Dim.  & RFT DWGs (B04) (RF),"E-DR-1000, E-SUB-B04-RF-1000","E-DR-1000: FS 169, E-SUB-B04-RF-1000: SS 3","E-APP-B04-RF-1010, E-APP-B04-RF-1010, E-SUB-B04-RF-1020",,,,,,
05- relationship_file,02-delay_analysis/unified_tia_csv/05- relationship_file.csv,747,The Big -P.01-UP-20-April-26,,,,,,,,,,,,,,,,,,,,,,,,,,,,,E-SUB-B03-RF-1000,Submittal for Col. & Walls Conc. Dim.  & RFT DWGs (B03) (RF),E-DR-1000,E-DR-1000: FS 85,"E-APP-B03-RF-1000, E-APP-B03-RF-1000, E-SUB-B03-RF-1010",,,,,,
05- relationship_file,02-delay_analysis/unified_tia_csv/05- relationship_file.csv,748,The Big -P.01-UP-20-April-26,,,,,,,,,,,,,,,,,,,,,,,,,,,,,E-SUB-B03-RF-1020,Submittal for Slabs Conc. Dim.  & RFT DWGs (B03) (RF),"E-DR-1000, E-SUB-B03-RF-1010","E-DR-1000: FS 92, E-SUB-B03-RF-1010: SS 3","E-APP-B03-RF-1020, E-APP-B03-RF-1020",,,,,,
05- relationship_file,02-delay_analysis/unified_tia_csv/05- relationship_file.csv,749,The Big -P.01-UP-20-April-26,,,,,,,,,,,,,,,,,,,,,,,,,,,,,E-SUB-B03-RF-1010,Submittal for Beams Conc. Dim.  & RFT DWGs (B03) (RF),"E-DR-1000, E-SUB-B03-RF-1000","E-DR-1000: FS 89, E-SUB-B03-RF-1000: SS 3","E-APP-B03-RF-1010, E-APP-B03-RF-1010, E-SUB-B03-RF-1020",,,,,,
05- relationship_file,02-delay_analysis/unified_tia_csv/05- relationship_file.csv,750,The Big -P.01-UP-20-April-26,,,,,,,,,,,,,,,,,,,,,,,,,,,,,E-SUB-B02-RF-1000,Submittal for Col. & Walls Conc. Dim.  & RFT DWGs (B02) (RF),E-DR-1000,E-DR-1000: FS 100,"E-APP-B02-RF-1000, E-APP-B02-RF-1000, E-SUB-B02-RF-1010",,,,,,
05- relationship_file,02-delay_analysis/unified_tia_csv/05- relationship_file.csv,751,The Big -P.01-UP-20-April-26,,,,,,,,,,,,,,,,,,,,,,,,,,,,,E-SUB-B02-RF-1020,Submittal for Slabs Conc. Dim.  & RFT DWGs (B02) (RF),"E-DR-1000, E-SUB-B02-RF-1010","E-DR-1000: FS 107, E-SUB-B02-RF-1010: SS 3","E-APP-B02-RF-1020, E-APP-B02-RF-1020",,,,,,
05- relationship_file,02-delay_analysis/unified_tia_csv/05- relationship_file.csv,752,The Big -P.01-UP-20-April-26,,,,,,,,,,,,,,,,,,,,,,,,,,,,,E-SUB-B02-RF-1010,Submittal for Beams Conc. Dim.  & RFT DWGs (B02) (RF),"E-DR-1000, E-SUB-B02-RF-1000","E-DR-1000: FS 104, E-SUB-B02-RF-1000: SS 3","E-APP-B02-RF-1010, E-APP-B02-RF-1010, E-SUB-B02-RF-1020",,,,,,
05- relationship_file,02-delay_analysis/unified_tia_csv/05- relationship_file.csv,753,The Big -P.01-UP-20-April-26,,,,,,,,,,,,,,,,,,,,,,,,,,,,,E-SUB-B01-RF-1000,Submittal for Col. & Walls Conc. Dim.  & RFT DWGs (B01) (RF),E-DR-1000,E-DR-1000: FS 125,"E-APP-B01-RF-1000, E-APP-B01-RF-1000, E-SUB-B01-RF-1010",,,,,,
05- relationship_file,02-delay_analysis/unified_tia_csv/05- relationship_file.csv,754,The Big -P.01-UP-20-April-26,,,,,,,,,,,,,,,,,,,,,,,,,,,,,E-SUB-B01-RF-1010,Submittal for Slabs Conc. Dim.  & RFT DWGs (B01) (RF),"E-DR-1000, E-SUB-B01-RF-1000","E-DR-1000: FS 133, E-SUB-B01-RF-1000: SS 3","E-APP-B01-RF-1010, E-APP-B01-RF-1010",,,,,,
05- relationship_file,02-delay_analysis/unified_tia_csv/05- relationship_file.csv,755,The Big -P.01-UP-20-April-26,,,,,,,,,,,,,,,,,,,,,,,,,,,,,E-SUB-B01-RF-1020,Submittal for Beams Conc. Dim.  & RFT DWGs (B01) (RF),E-DR-1000,E-DR-1000: FS 136,"E-APP-B01-RF-1020, E-APP-B01-RF-1020",,,,,,
05- relationship_file,02-delay_analysis/unified_tia_csv/05- relationship_file.csv,756,The Big -P.01-UP-20-April-26,,,,,,,,,,,,,,,,,,,,,,,,,,,,,E-APP-B02-RF-1000,Approval for Col. & Walls Conc. Dim.  & RFT DWGs (B02) (RF),"E-SUB-B02-RF-1000, E-SUB-B02-RF-1000","E-SUB-B02-RF-1000: SS 12, E-SUB-B02-RF-1000: FF 10","CON-B02-RF-1020, CON-B02-RF-1010",,,,,,
05- relationship_file,02-delay_analysis/unified_tia_csv/05- relationship_file.csv,757,The Big -P.01-UP-20-April-26,,,,,,,,,,,,,,,,,,,,,,,,,,,,,E-APP-B02-RF-1020,Approval for Slabs Conc. Dim.  & RFT DWGs (B02) (RF),"E-SUB-B02-RF-1020, E-SUB-B02-RF-1020","E-SUB-B02-RF-1020: SS 12, E-SUB-B02-RF-1020: FF 10","CON-B02-RF-1040, CON-B02-RF-1050",,,,,,
05- relationship_file,02-delay_analysis/unified_tia_csv/05- relationship_file.csv,758,The Big -P.01-UP-20-April-26,,,,,,,,,,,,,,,,,,,,,,,,,,,,,E-APP-B02-RF-1010,Approval for Beams Conc. Dim.  & RFT DWGs (B02) (RF),"E-SUB-B02-RF-1010, E-SUB-B02-RF-1010","E-SUB-B02-RF-1010: SS 12, E-SUB-B02-RF-1010: FF 10","CON-B02-RF-1040, CON-B02-RF-1050",,,,,,
05- relationship_file,02-delay_analysis/unified_tia_csv/05- relationship_file.csv,759,The Big -P.01-UP-20-April-26,,,,,,,,,,,,,,,,,,,,,,,,,,,,,E-APP-B01-RF-1000,Approval for Col. & Walls Conc. Dim.  & RFT DWGs (B01) (RF),"E-SUB-B01-RF-1000, E-SUB-B01-RF-1000","E-SUB-B01-RF-1000: SS 12, E-SUB-B01-RF-1000: FF 10","CON-B01-9TH-1010, CON-B01-9TH-1020",,,,,,
05- relationship_file,02-delay_analysis/unified_tia_csv/05- relationship_file.csv,760,The Big -P.01-UP-20-April-26,,,,,,,,,,,,,,,,,,,,,,,,,,,,,E-APP-B01-RF-1010,Approval for Slabs Conc. Dim.  & RFT DWGs (B01) (RF),"E-SUB-B01-RF-1010, E-SUB-B01-RF-1010","E-SUB-B01-RF-1010: SS 12, E-SUB-B01-RF-1010: FF 10","CON-B01-9TH-1040, CON-B01-9TH-1050",,,,,,
05- relationship_file,02-delay_analysis/unified_tia_csv/05- relationship_file.csv,761,The Big -P.01-UP-20-April-26,,,,,,,,,,,,,,,,,,,,,,,,,,,,,E-APP-B01-RF-1020,Approval for Beams Conc. Dim.  & RFT DWGs (B01) (RF),"E-SUB-B01-RF-1020, E-SUB-B01-RF-1020","E-SUB-B01-RF-1020: SS 12, E-SUB-B01-RF-1020: FF 10","CON-B01-9TH-1040, CON-B01-9TH-1050",,,,,,
05- relationship_file,02-delay_analysis/unified_tia_csv/05- relationship_file.csv,762,The Big -P.01-UP-20-April-26,,,,,,,,,,,,,,,,,,,,,,,,,,,,,E-APP-B04-RF-1000,Approval for Col. & Walls Conc. Dim.  & RFT DWGs (B04) (RF),"E-SUB-B04-RF-1000, E-SUB-B04-RF-1000","E-SUB-B04-RF-1000: SS 12, E-SUB-B04-RF-1000: FF 10","CON-B04-RF-1010, CON-B04-RF-1020",,,,,,
05- relationship_file,02-delay_analysis/unified_tia_csv/05- relationship_file.csv,763,The Big -P.01-UP-20-April-26,,,,,,,,,,,,,,,,,,,,,,,,,,,,,E-APP-B04-RF-1020,Approval for Slabs Conc. Dim.  & RFT DWGs (B04) (RF),"E-SUB-B04-RF-1020, E-SUB-B04-RF-1020","E-SUB-B04-RF-1020: SS 12, E-SUB-B04-RF-1020: FF 10","CON-B04-RF-1040, CON-B04-RF-1050",,,,,,
05- relationship_file,02-delay_analysis/unified_tia_csv/05- relationship_file.csv,764,The Big -P.01-UP-20-April-26,,,,,,,,,,,,,,,,,,,,,,,,,,,,,E-APP-B04-RF-1010,Approval for  Beams Conc. Dim.  & RFT DWGs (B04) (RF),"E-SUB-B04-RF-1010, E-SUB-B04-RF-1010","E-SUB-B04-RF-1010: SS 12, E-SUB-B04-RF-1010: FF 10","CON-B04-RF-1040, CON-B04-RF-1050",,,,,,
05- relationship_file,02-delay_analysis/unified_tia_csv/05- relationship_file.csv,765,The Big -P.01-UP-20-April-26,,,,,,,,,,,,,,,,,,,,,,,,,,,,,E-APP-B03-RF-1000,Approval for Col. & Walls Conc. Dim.  & RFT DWGs  (B03) (RF),"E-SUB-B03-RF-1000, E-SUB-B03-RF-1000","E-SUB-B03-RF-1000: SS 12, E-SUB-B03-RF-1000: FF 10","CON-B03-RF-1020, CON-B03-RF-1010",,,,,,
05- relationship_file,02-delay_analysis/unified_tia_csv/05- relationship_file.csv,766,The Big -P.01-UP-20-April-26,,,,,,,,,,,,,,,,,,,,,,,,,,,,,E-APP-B03-RF-1020,Approval for Slabs Conc. Dim.  & RFT DWGs  (B03) (RF),"E-SUB-B03-RF-1020, E-SUB-B03-RF-1020","E-SUB-B03-RF-1020: SS 12, E-SUB-B03-RF-1020: FF 10","CON-B03-RF-1040, CON-B03-RF-1050",,,,,,
05- relationship_file,02-delay_analysis/unified_tia_csv/05- relationship_file.csv,767,The Big -P.01-UP-20-April-26,,,,,,,,,,,,,,,,,,,,,,,,,,,,,E-APP-B03-RF-1010,Approval for Beams Conc. Dim.  & RFT DWGs  (B03) (RF),"E-SUB-B03-RF-1010, E-SUB-B03-RF-1010","E-SUB-B03-RF-1010: SS 12, E-SUB-B03-RF-1010: FF 10","CON-B03-RF-1040, CON-B03-RF-1050",,,,,,
05- relationship_file,02-delay_analysis/unified_tia_csv/05- relationship_file.csv,768,The Big -P.01-UP-20-April-26,,,,,,,,,,,,,,,,,,,,,,,,,,,,,AB-SUB-B04-RF-1000,Submittal for Col. & Walls Conc. Dim.  & RFT DWGs As-Built Drawing (B04) (RF),CON-B04-RF-1030,CON-B04-RF-1030: FS,"AB-APP-B04-RF-1000, AB-APP-B04-RF-1000",,,,,,
05- relationship_file,02-delay_analysis/unified_tia_csv/05- relationship_file.csv,769,The Big -P.01-UP-20-April-26,,,,,,,,,,,,,,,,,,,,,,,,,,,,,AB-SUB-B04-RF-1010,Submittal for Slabs Conc. Dim.  & RFT DWGs As-Built Drawing (B04) (RF),CON-B04-RF-1060,CON-B04-RF-1060: FS,"AB-APP-B04-RF-1010, AB-APP-B04-RF-1010",,,,,,
05- relationship_file,02-delay_analysis/unified_tia_csv/05- relationship_file.csv,770,The Big -P.01-UP-20-April-26,,,,,,,,,,,,,,,,,,,,,,,,,,,,,AB-SUB-B04-RF-1020,Submittal for Beams Conc. Dim.  & RFT DWGs As-Built Drawing (B04) (RF),CON-B04-RF-1060,CON-B04-RF-1060: FS,"AB-APP-B04-RF-1020, AB-APP-B04-RF-1020",,,,,,
05- relationship_file,02-delay_analysis/unified_tia_csv/05- relationship_file.csv,771,The Big -P.01-UP-20-April-26,,,,,,,,,,,,,,,,,,,,,,,,,,,,,AB-SUB-B03-RF-1000,Submittal for Col. & Walls Conc. Dim.  & RFT DWGs As-Built Drawing (B03) (RF),CON-B03-RF-1030,CON-B03-RF-1030: FS,"AB-APP-B03-RF-1000, AB-APP-B03-RF-1000",,,,,,
05- relationship_file,02-delay_analysis/unified_tia_csv/05- relationship_file.csv,772,The Big -P.01-UP-20-April-26,,,,,,,,,,,,,,,,,,,,,,,,,,,,,AB-SUB-B03-RF-1010,Submittal for Slabs Conc. Dim.  & RFT DWGs As-Built Drawing (B03) (RF),CON-B03-RF-1060,CON-B03-RF-1060: FS,"AB-APP-B03-RF-1010, AB-APP-B03-RF-1010",,,,,,
05- relationship_file,02-delay_analysis/unified_tia_csv/05- relationship_file.csv,773,The Big -P.01-UP-20-April-26,,,,,,,,,,,,,,,,,,,,,,,,,,,,,AB-SUB-B03-RF-1020,Submittal for Beams Conc. Dim.  & RFT DWGs As-Built Drawing (B03) (RF),CON-B03-RF-1060,CON-B03-RF-1060: FS,"AB-APP-B03-RF-1020, AB-APP-B03-RF-1020",,,,,,
05- relationship_file,02-delay_analysis/unified_tia_csv/05- relationship_file.csv,774,The Big -P.01-UP-20-April-26,,,,,,,,,,,,,,,,,,,,,,,,,,,,,AB-SUB-B02-RF-1000,Submittal for Col. & Walls Conc. Dim.  & RFT DWGs As-Built Drawing (B02) (RF),CON-B02-RF-1030,CON-B02-RF-1030: FS,"AB-APP-B02-RF-1000, AB-APP-B02-RF-1000",,,,,,
05- relationship_file,02-delay_analysis/unified_tia_csv/05- relationship_file.csv,775,The Big -P.01-UP-20-April-26,,,,,,,,,,,,,,,,,,,,,,,,,,,,,AB-SUB-B02-RF-1010,Submittal for Slabs Conc. Dim.  & RFT DWGs As-Built Drawing (B02) (RF),CON-B02-RF-1060,CON-B02-RF-1060: FS,"AB-APP-B02-RF-1010, AB-APP-B02-RF-1010",,,,,,
05- relationship_file,02-delay_analysis/unified_tia_csv/05- relationship_file.csv,776,The Big -P.01-UP-20-April-26,,,,,,,,,,,,,,,,,,,,,,,,,,,,,AB-SUB-B02-RF-1020,Submittal for Beams Conc. Dim.  & RFT DWGs As-Built Drawing (B02) (RF),CON-B02-RF-1060,CON-B02-RF-1060: FS,"AB-APP-B02-RF-1020, AB-APP-B02-RF-1020",,,,,,
05- relationship_file,02-delay_analysis/unified_tia_csv/05- relationship_file.csv,777,The Big -P.01-UP-20-April-26,,,,,,,,,,,,,,,,,,,,,,,,,,,,,AB-SUB-B01-RF-1000,Submittal for Col. & Walls Conc. Dim.  & RFT DWGs As-Built Drawing (B01) (RF),CON-B01-9TH-1030,CON-B01-9TH-1030: FS,"AB-APP-B01-RF-1000, AB-APP-B01-RF-1000",,,,,,
05- relationship_file,02-delay_analysis/unified_tia_csv/05- relationship_file.csv,778,The Big -P.01-UP-20-April-26,,,,,,,,,,,,,,,,,,,,,,,,,,,,,AB-SUB-B01-RF-1010,Submittal for Slabs Conc. Dim.  & RFT DWGs As-Built Drawing (B01) (RF),CON-B01-9TH-1060,CON-B01-9TH-1060: FS,"AB-APP-B01-RF-1010, AB-APP-B01-RF-1010",,,,,,
05- relationship_file,02-delay_analysis/unified_tia_csv/05- relationship_file.csv,779,The Big -P.01-UP-20-April-26,,,,,,,,,,,,,,,,,,,,,,,,,,,,,AB-SUB-B01-RF-1020,Submittal for Beams Conc. Dim.  & RFT DWGs As-Built Drawing (B01) (RF),CON-B01-9TH-1060,CON-B01-9TH-1060: FS,"AB-APP-B01-RF-1020, AB-APP-B01-RF-1020",,,,,,
05- relationship_file,02-delay_analysis/unified_tia_csv/05- relationship_file.csv,780,The Big -P.01-UP-20-April-26,,,,,,,,,,,,,,,,,,,,,,,,,,,,,AB-APP-B02-RF-1000,Approval for Col. & Walls Conc. Dim.  & RFT DWGs As-Built Drawing (B02) (RF),"AB-SUB-B02-RF-1000, AB-SUB-B02-RF-1000","AB-SUB-B02-RF-1000: SS 12, AB-SUB-B02-RF-1000: FF 6",HO-1050,,,,,,
05- relationship_file,02-delay_analysis/unified_tia_csv/05- relationship_file.csv,781,The Big -P.01-UP-20-April-26,,,,,,,,,,,,,,,,,,,,,,,,,,,,,AB-APP-B02-RF-1010,Approval for Slabs Conc. Dim.  & RFT DWGs As-Built Drawing (B02) (RF),"AB-SUB-B02-RF-1010, AB-SUB-B02-RF-1010","AB-SUB-B02-RF-1010: SS 12, AB-SUB-B02-RF-1010: FF 6",HO-1050,,,,,,
05- relationship_file,02-delay_analysis/unified_tia_csv/05- relationship_file.csv,782,The Big -P.01-UP-20-April-26,,,,,,,,,,,,,,,,,,,,,,,,,,,,,AB-APP-B02-RF-1020,Approval for Beams Conc. Dim.  & RFT DWGs As-Built Drawing (B02) (RF),"AB-SUB-B02-RF-1020, AB-SUB-B02-RF-1020","AB-SUB-B02-RF-1020: SS 12, AB-SUB-B02-RF-1020: FF 6",HO-1050,,,,,,
05- relationship_file,02-delay_analysis/unified_tia_csv/05- relationship_file.csv,783,The Big -P.01-UP-20-April-26,,,,,,,,,,,,,,,,,,,,,,,,,,,,,AB-APP-B01-RF-1000,Approval for Col. & Walls Conc. Dim.  & RFT DWGs As-Built Drawing (B01) (RF),"AB-SUB-B01-RF-1000, AB-SUB-B01-RF-1000","AB-SUB-B01-RF-1000: SS 12, AB-SUB-B01-RF-1000: FF 6",HO-1050,,,,,,
05- relationship_file,02-delay_analysis/unified_tia_csv/05- relationship_file.csv,784,The Big -P.01-UP-20-April-26,,,,,,,,,,,,,,,,,,,,,,,,,,,,,AB-APP-B01-RF-1010,Approval for Slabs Conc. Dim.  & RFT DWGs As-Built Drawing (B01) (RF),"AB-SUB-B01-RF-1010, AB-SUB-B01-RF-1010","AB-SUB-B01-RF-1010: SS 12, AB-SUB-B01-RF-1010: FF 6",HO-1050,,,,,,
05- relationship_file,02-delay_analysis/unified_tia_csv/05- relationship_file.csv,785,The Big -P.01-UP-20-April-26,,,,,,,,,,,,,,,,,,,,,,,,,,,,,AB-APP-B01-RF-1020,Approval for Beams Conc. Dim.  & RFT DWGs As-Built Drawing (B01) (RF),"AB-SUB-B01-RF-1020, AB-SUB-B01-RF-1020","AB-SUB-B01-RF-1020: SS 12, AB-SUB-B01-RF-1020: FF 6",HO-1050,,,,,,
05- relationship_file,02-delay_analysis/unified_tia_csv/05- relationship_file.csv,786,The Big -P.01-UP-20-April-26,,,,,,,,,,,,,,,,,,,,,,,,,,,,,AB-APP-B04-RF-1000,Approval for Col. & Walls Conc. Dim.  & RFT DWGs As-Built Drawing (B04) (RF),"AB-SUB-B04-RF-1000, AB-SUB-B04-RF-1000","AB-SUB-B04-RF-1000: SS 12, AB-SUB-B04-RF-1000: FF 6",HO-1050,,,,,,
05- relationship_file,02-delay_analysis/unified_tia_csv/05- relationship_file.csv,787,The Big -P.01-UP-20-April-26,,,,,,,,,,,,,,,,,,,,,,,,,,,,,AB-APP-B04-RF-1010,Approval for Slabs Conc. Dim.  & RFT DWGs As-Built Drawing (B04) (RF),"AB-SUB-B04-RF-1010, AB-SUB-B04-RF-1010","AB-SUB-B04-RF-1010: SS 12, AB-SUB-B04-RF-1010: FF 6",HO-1050,,,,,,
05- relationship_file,02-delay_analysis/unified_tia_csv/05- relationship_file.csv,788,The Big -P.01-UP-20-April-26,,,,,,,,,,,,,,,,,,,,,,,,,,,,,AB-APP-B04-RF-1020,Approval for  Beams Conc. Dim.  & RFT DWGs As-Built Drawing (B04) (RF),"AB-SUB-B04-RF-1020, AB-SUB-B04-RF-1020","AB-SUB-B04-RF-1020: SS 12, AB-SUB-B04-RF-1020: FF 6",HO-1050,,,,,,
05- relationship_file,02-delay_analysis/unified_tia_csv/05- relationship_file.csv,789,The Big -P.01-UP-20-April-26,,,,,,,,,,,,,,,,,,,,,,,,,,,,,AB-APP-B03-RF-1000,Approval for Col. & Walls Conc. Dim.  & RFT DWGs As-Built Drawing  (B03) (RF),"AB-SUB-B03-RF-1000, AB-SUB-B03-RF-1000","AB-SUB-B03-RF-1000: SS 12, AB-SUB-B03-RF-1000: FF 6",HO-1050,,,,,,
05- relationship_file,02-delay_analysis/unified_tia_csv/05- relationship_file.csv,790,The Big -P.01-UP-20-April-26,,,,,,,,,,,,,,,,,,,,,,,,,,,,,AB-APP-B03-RF-1010,Approval for Slabs Conc. Dim.  & RFT DWGs As-Built Drawing  (B03) (RF),"AB-SUB-B03-RF-1010, AB-SUB-B03-RF-1010","AB-SUB-B03-RF-1010: SS 12, AB-SUB-B03-RF-1010: FF 6",HO-1050,,,,,,
05- relationship_file,02-delay_analysis/unified_tia_csv/05- relationship_file.csv,791,The Big -P.01-UP-20-April-26,,,,,,,,,,,,,,,,,,,,,,,,,,,,,AB-APP-B03-RF-1020,Approval for Beams Conc. Dim.  & RFT DWGs As-Built Drawing  (B03) (RF),"AB-SUB-B03-RF-1020, AB-SUB-B03-RF-1020","AB-SUB-B03-RF-1020: SS 12, AB-SUB-B03-RF-1020: FF 6",HO-1050,,,,,,
