source_table,source_path,row_order,project_id,activity_id,activity_name,period,BAC,AC,EV,PV,CPI,SPI,CV,SV,update_date,planned_progress,actual_progress,planned_value,earned_value,actual_cost,notes
evm,01-data/import_templates/activity_master.csv,1,The Big -P.01-UP-20-April-26,KD-MS-1000,Project Start Date,May-26,0.0,0.0,0.0,0.0,0,0.0,0,0.0,,,,,,,
evm,01-data/import_templates/activity_master.csv,2,The Big -P.01-UP-20-April-26,KD-MS-1010,Contract Agreement,May-26,0.0,0.0,0.0,0.0,0,0.0,0,0.0,,,,,,,
evm,01-data/import_templates/activity_master.csv,3,The Big -P.01-UP-20-April-26,KD-MS-1020,IFC Drawing Package,May-26,0.0,0.0,0.0,0.0,0,0.0,0,0.0,,,,,,,
evm,01-data/import_templates/activity_master.csv,8,The Big -P.01-UP-20-April-26,KD-MOB-1000,Surveying Works,17-May-26,0.0,0.0,0.0,0.0,0,0.0,0,0.0,,,,,,,
evm,01-data/import_templates/activity_master.csv,9,The Big -P.01-UP-20-April-26,KD-MOB-1010,Equipment Mobilization,17-May-26,0.0,0.0,0.0,0.0,0,0.0,0,0.0,,,,,,,
evm,01-data/import_templates/activity_master.csv,10,The Big -P.01-UP-20-April-26,KD-MOB-1020,Site Preparation,17-May-26,0.0,0.0,0.0,0.0,0,0.0,0,0.0,,,,,,,
evm,01-data/import_templates/activity_master.csv,4,The Big -P.01-UP-20-April-26,P-MS-1000,Submittal for RFT Rebar,May-26,0.0,0.0,0.0,0.0,0,0.0,0,0.0,,,,,,,
evm,01-data/import_templates/activity_master.csv,5,The Big -P.01-UP-20-April-26,E-DR-1000,Design Review,May-26,0.0,0.0,0.0,0.0,0,0.0,0,0.0,,,,,,,
evm,01-data/import_templates/activity_master.csv,6,The Big -P.01-UP-20-April-26,E-SUB-B01-REP-1000,Submittal for General Replacement Plan & Typical Sections for Replacement / Backfilling DWGs  (B01),May-26,0.0,0.0,0.0,0.0,0,0.0,0,0.0,,,,,,,
evm,01-data/import_templates/activity_master.csv,7,The Big -P.01-UP-20-April-26,E-SUB-B02-REP-1000,Submittal for General Replacement Plan & Typical Sections for Replacement / Backfilling DWGs (B02),May-26,0.0,0.0,0.0,0.0,0,0.0,0,0.0,,,,,,,
evm,01-data/import_templates/activity_master.csv,98,The Big -P.01-UP-20-April-26,E-SUB-B04-WT-1000,Submittal for PC Raft Conc. Dim. DWGs (B04) (Water Tank),17-May-26,0.0,0.0,0.0,0.0,0,0.0,0,0.0,,,,,,,
evm,01-data/import_templates/activity_master.csv,11,The Big -P.01-UP-20-April-26,P-MS-1020,Submittal for Soil Replacement,17-May-26,0.0,0.0,0.0,0.0,0,0.0,0,0.0,,,,,,,
evm,01-data/import_templates/activity_master.csv,12,The Big -P.01-UP-20-April-26,P-MS-1010,Submittal for Plain Concrete,17-May-26,0.0,0.0,0.0,0.0,0,0.0,0,0.0,,,,,,,
evm,01-data/import_templates/activity_master.csv,101,The Big -P.01-UP-20-April-26,E-SUB-B04-WT-1010,Submittal for RC Raft Conc. Dim. DWGs (B04) (Water Tank),17-May-26,0.0,0.0,0.0,0.0,0,0.0,0,0.0,,,,,,,
evm,01-data/import_templates/activity_master.csv,104,The Big -P.01-UP-20-April-26,E-SUB-B04-WT-1020,Submittal for RC Raft RFT DWGs (B04) (Water Tank),17-May-26,0.0,0.0,0.0,0.0,0,0.0,0,0.0,,,,,,,
evm,01-data/import_templates/activity_master.csv,14,The Big -P.01-UP-20-April-26,P-MS-1030,Submittal for Rc Concrete,17-May-26,0.0,0.0,0.0,0.0,0,0.0,0,0.0,,,,,,,
evm,01-data/import_templates/activity_master.csv,15,The Big -P.01-UP-20-April-26,E-SUB-B04-FOOT-1000,Submittal for  Waterproofing Layout Plan (B04),17-May-26,0.0,0.0,0.0,0.0,0,0.0,0,0.0,,,,,,,
evm,01-data/import_templates/activity_master.csv,107,The Big -P.01-UP-20-April-26,E-SUB-B04-WT-1030,Submittal for Col. & Walls DWGs (B04) (Water Tank),17-May-26,0.0,0.0,0.0,0.0,0,0.0,0,0.0,,,,,,,
evm,01-data/import_templates/activity_master.csv,19,The Big -P.01-UP-20-April-26,P-MS-1040,Submittal for Waterproofing,17-May-26,0.0,0.0,0.0,0.0,0,0.0,0,0.0,,,,,,,
evm,01-data/import_templates/activity_master.csv,20,The Big -P.01-UP-20-April-26,P-MS-1050,Submittal for cold applied damp-proofing,17-May-26,0.0,0.0,0.0,0.0,0,0.0,0,0.0,,,,,,,
evm,01-data/import_templates/activity_master.csv,18,The Big -P.01-UP-20-April-26,P-MS-1060,Submittal for cold Crystalline waterproofing for Water tank,17-May-26,0.0,0.0,0.0,0.0,0,0.0,0,0.0,,,,,,,
evm,01-data/import_templates/activity_master.csv,21,The Big -P.01-UP-20-April-26,E-APP-B02-REP-1000,Approval for General Replacement Plan & Typical Sections for Replacement / Backfilling DWGs (B02),17-May-26,0.0,0.0,0.0,0.0,0,0.0,0,0.0,,,,,,,
evm,01-data/import_templates/activity_master.csv,109,The Big -P.01-UP-20-April-26,E-SUB-B04-WT-1040,Submittal for Slabs DWGs (B04) (Water Tank),17-May-26,0.0,0.0,0.0,0.0,0,0.0,0,0.0,,,,,,,
evm,01-data/import_templates/activity_master.csv,23,The Big -P.01-UP-20-April-26,E-SUB-B03-REP-1000,Submittal for General Replacement Plan & Typical Sections for Replacement / Backfilling DWGs (B03),17-May-26,0.0,0.0,0.0,0.0,0,0.0,0,0.0,,,,,,,
evm,01-data/import_templates/activity_master.csv,13,The Big -P.01-UP-20-April-26,E-SUB-B01-FOOT-1000,Submittal for PC Raft Conc. Dim. DWGs (B01) (footing),17-May-26,0.0,0.0,0.0,0.0,0,0.0,0,0.0,,,,,,,
evm,01-data/import_templates/activity_master.csv,26,The Big -P.01-UP-20-April-26,P-MA-1000,Approval for RFT Rebar,17-May-26,0.0,0.0,0.0,0.0,0,0.0,0,0.0,,,,,,,
evm,01-data/import_templates/activity_master.csv,27,The Big -P.01-UP-20-April-26,E-APP-B01-REP-1000,Approval for General Replacement Plan & Typical Sections for Replacement / Backfilling DWGs (B01),17-May-26,0.0,0.0,0.0,0.0,0,0.0,0,0.0,,,,,,,
evm,01-data/import_templates/activity_master.csv,33,The Big -P.01-UP-20-April-26,E-APP-B04-WT-1000,Approval for PC Raft Conc. Dim. DWGs (B04) (Water Tank),17-May-26,0.0,0.0,0.0,0.0,0,0.0,0,0.0,,,,,,,
evm,01-data/import_templates/activity_master.csv,29,The Big -P.01-UP-20-April-26,E-SUB-B01-FOOT-1010,Submittal for RC Raft & Footings Conc. Dim. DWGs (B01) (footing),17-May-26,0.0,0.0,0.0,0.0,0,0.0,0,0.0,,,,,,,
evm,01-data/import_templates/activity_master.csv,30,The Big -P.01-UP-20-April-26,P-MA-1010,Approval for Soil Replacement,17-May-26,0.0,0.0,0.0,0.0,0,0.0,0,0.0,,,,,,,
evm,01-data/import_templates/activity_master.csv,31,The Big -P.01-UP-20-April-26,P-MA-1020,Approval for Plain Concrete,17-May-26,0.0,0.0,0.0,0.0,0,0.0,0,0.0,,,,,,,
evm,01-data/import_templates/activity_master.csv,34,The Big -P.01-UP-20-April-26,E-SUB-B02-FOOT-1000,Submittal for PC Raft Conc. Dim. DWGs (B02) (footing),17-May-26,0.0,0.0,0.0,0.0,0,0.0,0,0.0,,,,,,,
evm,01-data/import_templates/activity_master.csv,35,The Big -P.01-UP-20-April-26,E-APP-B03-REP-1000,Approval for General Replacement Plan & Typical Sections for Replacement / Backfilling DWGs (B03),17-May-26,0.0,0.0,0.0,0.0,0,0.0,0,0.0,,,,,,,
evm,01-data/import_templates/activity_master.csv,36,The Big -P.01-UP-20-April-26,E-SUB-B04-FOOT-1010,Submittal for PC Raft Conc. Dim. DWGs (B04) (footing),17-May-26,0.0,0.0,0.0,0.0,0,0.0,0,0.0,,,,,,,
evm,01-data/import_templates/activity_master.csv,113,The Big -P.01-UP-20-April-26,E-APP-B04-WT-1010,Approval for RC Raft Conc. Dim. DWGs (B04) (Water Tank),17-May-26,0.0,0.0,0.0,0.0,0,0.0,0,0.0,,,,,,,
evm,01-data/import_templates/activity_master.csv,37,The Big -P.01-UP-20-April-26,E-SUB-B02-FOOT-1030,Submittal for  Waterproofing Layout Plan (B02),17-May-26,0.0,0.0,0.0,0.0,0,0.0,0,0.0,,,,,,,
evm,01-data/import_templates/activity_master.csv,25,The Big -P.01-UP-20-April-26,E-SUB-B01-FOOT-1030,Submittal for  Waterproofing Layout Plan (B01),17-May-26,0.0,0.0,0.0,0.0,0,0.0,0,0.0,,,,,,,
evm,01-data/import_templates/activity_master.csv,41,The Big -P.01-UP-20-April-26,E-SUB-B02-FOOT-1010,Submittal for RC Raft & Footings Conc. Dim. DWGs (B02) (footing),17-May-26,0.0,0.0,0.0,0.0,0,0.0,0,0.0,,,,,,,
evm,01-data/import_templates/activity_master.csv,42,The Big -P.01-UP-20-April-26,E-SUB-B03-FOOT-1010,Submittal for PC Raft Conc. Dim. DWGs (B03) (footing),17-May-26,0.0,0.0,0.0,0.0,0,0.0,0,0.0,,,,,,,
evm,01-data/import_templates/activity_master.csv,44,The Big -P.01-UP-20-April-26,E-SUB-B04-FOOT-1020,Submittal for RC Raft & Footings Conc. Dim. DWGs (B04) (footing),17-May-26,0.0,0.0,0.0,0.0,0,0.0,0,0.0,,,,,,,
evm,01-data/import_templates/activity_master.csv,117,The Big -P.01-UP-20-April-26,E-APP-B04-WT-1020,Approval for RC Raft RFT DWGs (B04) (Water Tank),17-May-26,0.0,0.0,0.0,0.0,0,0.0,0,0.0,,,,,,,
evm,01-data/import_templates/activity_master.csv,45,The Big -P.01-UP-20-April-26,E-SUB-B03-FOOT-1000,Submittal for  Waterproofing Layout Plan (B03),17-May-26,0.0,0.0,0.0,0.0,0,0.0,0,0.0,,,,,,,
evm,01-data/import_templates/activity_master.csv,24,The Big -P.01-UP-20-April-26,E-SUB-B01-FOOT-1020,Submittal for RC Raft & Footings RFT DWGs (B01) (footing),17-May-26,0.0,0.0,0.0,0.0,0,0.0,0,0.0,,,,,,,
evm,01-data/import_templates/activity_master.csv,46,The Big -P.01-UP-20-April-26,P-MA-1030,Approval for Rc Concrete,17-May-26,0.0,0.0,0.0,0.0,0,0.0,0,0.0,,,,,,,
evm,01-data/import_templates/activity_master.csv,133,The Big -P.01-UP-20-April-26,E-APP-B04-FOOT-1000,Approval for  Waterproofing Layout Plan (B04),17-May-26,0.0,0.0,0.0,0.0,0,0.0,0,0.0,,,,,,,
evm,01-data/import_templates/activity_master.csv,48,The Big -P.01-UP-20-April-26,E-SUB-B02-FOOT-1020,Submittal for RC Raft & Footings RFT DWGs (B02) (footing),17-May-26,0.0,0.0,0.0,0.0,0,0.0,0,0.0,,,,,,,
evm,01-data/import_templates/activity_master.csv,49,The Big -P.01-UP-20-April-26,E-SUB-B03-FOOT-1020,Submittal for RC Raft & Footings Conc. Dim. DWGs (B03) (footing),17-May-26,0.0,0.0,0.0,0.0,0,0.0,0,0.0,,,,,,,
evm,01-data/import_templates/activity_master.csv,139,The Big -P.01-UP-20-April-26,E-APP-B04-WT-1030,Approval for Col. & Walls DWGs (B04) (Water Tank),17-May-26,0.0,0.0,0.0,0.0,0,0.0,0,0.0,,,,,,,
evm,01-data/import_templates/activity_master.csv,53,The Big -P.01-UP-20-April-26,P-MA-1040,Approval for Waterproofing,17-May-26,0.0,0.0,0.0,0.0,0,0.0,0,0.0,,,,,,,
evm,01-data/import_templates/activity_master.csv,54,The Big -P.01-UP-20-April-26,P-MA-1050,Approval for cold applied damp-proofing,17-May-26,0.0,0.0,0.0,0.0,0,0.0,0,0.0,,,,,,,
evm,01-data/import_templates/activity_master.csv,51,The Big -P.01-UP-20-April-26,P-MA-1060,Approval for cold Crystalline waterproofing for Water tank,17-May-26,0.0,0.0,0.0,0.0,0,0.0,0,0.0,,,,,,,
evm,01-data/import_templates/activity_master.csv,56,The Big -P.01-UP-20-April-26,E-SUB-B04-FOOT-1030,Submittal for RC Raft & Footings RFT DWGs (B04) (footing),17-May-26,0.0,0.0,0.0,0.0,0,0.0,0,0.0,,,,,,,
evm,01-data/import_templates/activity_master.csv,59,The Big -P.01-UP-20-April-26,E-SUB-B03-FOOT-1030,Submittal for RC Raft & Footings RFT DWGs (B03) (footing),17-May-26,0.0,0.0,0.0,0.0,0,0.0,0,0.0,,,,,,,
evm,01-data/import_templates/activity_master.csv,60,The Big -P.01-UP-20-April-26,P-MPOS-1010,P.O for  Soil Replacement,17-May-26,0.0,0.0,0.0,0.0,0,0.0,0,0.0,,,,,,,
evm,01-data/import_templates/activity_master.csv,61,The Big -P.01-UP-20-April-26,P-MPOS-1020,P.O for  Plain Concrete,17-May-26,0.0,0.0,0.0,0.0,0,0.0,0,0.0,,,,,,,
evm,01-data/import_templates/activity_master.csv,22,The Big -P.01-UP-20-April-26,P-MPOS-1000,P.O for Rebar Patch#1 (Footing & Water tank),17-May-26,0.0,0.0,0.0,0.0,0,0.0,0,0.0,,,,,,,
evm,01-data/import_templates/activity_master.csv,140,The Big -P.01-UP-20-April-26,E-APP-B04-WT-1040,Approval for Slabs DWGs (B04) (Water Tank),17-May-26,0.0,0.0,0.0,0.0,0,0.0,0,0.0,,,,,,,
evm,01-data/import_templates/activity_master.csv,55,The Big -P.01-UP-20-April-26,P-MDEL-1020,Delivery for Plain Concrete,17-May-26,0.0,0.0,0.0,0.0,0,0.0,0,0.0,,,,,,,
evm,01-data/import_templates/activity_master.csv,69,The Big -P.01-UP-20-April-26,E-SUB-B04-REP-1000,Submittal for General Replacement Plan & Typical Sections for Replacement / Backfilling DWGs (B04),17-May-26,0.0,0.0,0.0,0.0,0,0.0,0,0.0,,,,,,,
evm,01-data/import_templates/activity_master.csv,16,The Big -P.01-UP-20-April-26,E-APP-B01-FOOT-1000,Approval for PC Raft Conc. Dim. DWGs (B01) (footing),17-May-26,0.0,0.0,0.0,0.0,0,0.0,0,0.0,,,,,,,
evm,01-data/import_templates/activity_master.csv,28,The Big -P.01-UP-20-April-26,CON-B04-WT-1000,Excavation for Water Tank (+198.15) (B04) (Water Tank),17-May-26,0.0,0.0,0.0,0.0,0,0.0,0,0.0,,,,,,,
evm,01-data/import_templates/activity_master.csv,79,The Big -P.01-UP-20-April-26,P-MPOS-1030,P.O for  Rc Concrete,17-May-26,0.0,0.0,0.0,0.0,0,0.0,0,0.0,,,,,,,
evm,01-data/import_templates/activity_master.csv,47,The Big -P.01-UP-20-April-26,E-APP-B01-FOOT-1010,Approval for RC Raft & Footings Conc. Dim. DWGs (B01),17-May-26,0.0,0.0,0.0,0.0,0,0.0,0,0.0,,,,,,,
evm,01-data/import_templates/activity_master.csv,84,The Big -P.01-UP-20-April-26,P-MPOS-1040,P.O for  Waterproofing,17-May-26,0.0,0.0,0.0,0.0,0,0.0,0,0.0,,,,,,,
evm,01-data/import_templates/activity_master.csv,85,The Big -P.01-UP-20-April-26,P-MPOS-1050,P.O for cold applied damp-proofing,17-May-26,0.0,0.0,0.0,0.0,0,0.0,0,0.0,,,,,,,
evm,01-data/import_templates/activity_master.csv,57,The Big -P.01-UP-20-April-26,P-MDEL-1010,Delivery for Soil Replacement,17-May-26,0.0,0.0,0.0,0.0,0,0.0,0,0.0,,,,,,,
evm,01-data/import_templates/activity_master.csv,123,The Big -P.01-UP-20-April-26,P-MDEL-1030,Delivery for Rc Concrete,17-May-26,0.0,0.0,0.0,0.0,0,0.0,0,0.0,,,,,,,
evm,01-data/import_templates/activity_master.csv,389,The Big -P.01-UP-20-April-26,P-MPOS-1060,P.O for cold Crystalline waterproofing for Water tank,17-May-26,0.0,0.0,0.0,0.0,0,0.0,0,0.0,,,,,,,
evm,01-data/import_templates/activity_master.csv,136,The Big -P.01-UP-20-April-26,E-APP-B02-FOOT-1000,Approval for PC Raft Conc. Dim. DWGs (B02) (footing),17-May-26,0.0,0.0,0.0,0.0,0,0.0,0,0.0,,,,,,,
evm,01-data/import_templates/activity_master.csv,128,The Big -P.01-UP-20-April-26,E-APP-B04-FOOT-1010,Approval for PC Raft Conc. Dim. DWGs (B04) (footing),17-May-26,0.0,0.0,0.0,0.0,0,0.0,0,0.0,,,,,,,
evm,01-data/import_templates/activity_master.csv,131,The Big -P.01-UP-20-April-26,P-MDEL-1040,Delivery for Waterproofing,17-May-26,0.0,0.0,0.0,0.0,0,0.0,0,0.0,,,,,,,
evm,01-data/import_templates/activity_master.csv,388,The Big -P.01-UP-20-April-26,P-MDEL-1050,Delivery for cold applied damp-proofing,17-May-26,0.0,0.0,0.0,0.0,0,0.0,0,0.0,,,,,,,
evm,01-data/import_templates/activity_master.csv,141,The Big -P.01-UP-20-April-26,E-APP-B02-FOOT-1030,Approval for  Waterproofing Layout Plan (B02),17-May-26,0.0,0.0,0.0,0.0,0,0.0,0,0.0,,,,,,,
evm,01-data/import_templates/activity_master.csv,32,The Big -P.01-UP-20-April-26,E-APP-B01-FOOT-1030,Approval for  Waterproofing Layout Plan (B01),17-May-26,0.0,0.0,0.0,0.0,0,0.0,0,0.0,,,,,,,
evm,01-data/import_templates/activity_master.csv,137,The Big -P.01-UP-20-April-26,E-APP-B02-FOOT-1010,Approval for RC Raft & Footings Conc. Dim. DWGs (B02) (footing),17-May-26,0.0,0.0,0.0,0.0,0,0.0,0,0.0,,,,,,,
evm,01-data/import_templates/activity_master.csv,125,The Big -P.01-UP-20-April-26,E-APP-B03-FOOT-1010,Approval for PC Raft Conc. Dim. DWGs (B03) (footing),17-May-26,0.0,0.0,0.0,0.0,0,0.0,0,0.0,,,,,,,
evm,01-data/import_templates/activity_master.csv,86,The Big -P.01-UP-20-April-26,P-MDEL-1000,Delivery for Rebar Patch#1 (Footing & Water tank),17-May-26,0.0,0.0,0.0,0.0,0,0.0,0,0.0,,,,,,,
evm,01-data/import_templates/activity_master.csv,129,The Big -P.01-UP-20-April-26,E-APP-B04-FOOT-1020,Approval for RC Raft & Footings Conc. Dim. DWGs (B04) (footing),17-May-26,0.0,0.0,0.0,0.0,0,0.0,0,0.0,,,,,,,
evm,01-data/import_templates/activity_master.csv,132,The Big -P.01-UP-20-April-26,E-APP-B03-FOOT-1000,Approval for  Waterproofing Layout Plan (B03),17-May-26,0.0,0.0,0.0,0.0,0,0.0,0,0.0,,,,,,,
evm,01-data/import_templates/activity_master.csv,88,The Big -P.01-UP-20-April-26,CON-EW-B01-1000,Soil Replacement & Leveling & Compaction (B01),17-May-26,2379405.49,2379405.49,2379405.49,2379405.49,1,1.0,0,0.0,,,,,,,
evm,01-data/import_templates/activity_master.csv,17,The Big -P.01-UP-20-April-26,E-APP-B01-FOOT-1020,Approval for RC Raft & Footings RFT DWGs (B01),17-May-26,0.0,0.0,0.0,0.0,0,0.0,0,0.0,,,,,,,
evm,01-data/import_templates/activity_master.csv,138,The Big -P.01-UP-20-April-26,E-APP-B02-FOOT-1020,Approval for RC Raft & Footings RFT DWGs (B02) (footing),17-May-26,0.0,0.0,0.0,0.0,0,0.0,0,0.0,,,,,,,
evm,01-data/import_templates/activity_master.csv,126,The Big -P.01-UP-20-April-26,E-APP-B03-FOOT-1020,Approval for RC Raft & Footings Conc. Dim. DWGs  (B03) (footing),17-May-26,0.0,0.0,0.0,0.0,0,0.0,0,0.0,,,,,,,
evm,01-data/import_templates/activity_master.csv,38,The Big -P.01-UP-20-April-26,CON-B04-WT-1010,Compaction of Soil (B04) (Water Tank),17-May-26,0.0,0.0,0.0,0.0,0,0.0,0,0.0,,,,,,,
evm,01-data/import_templates/activity_master.csv,110,The Big -P.01-UP-20-April-26,CON-EW-B01-1010,Soil Compaction Test (B01),17-May-26,264378.39,264378.39,264378.39,264378.39,1,1.0,0,0.0,,,,,,,
evm,01-data/import_templates/activity_master.csv,130,The Big -P.01-UP-20-April-26,E-APP-B04-FOOT-1030,Approval for RC Raft & Footings RFT DWGs (B04) (footing),17-May-26,0.0,0.0,0.0,0.0,0,0.0,0,0.0,,,,,,,
evm,01-data/import_templates/activity_master.csv,127,The Big -P.01-UP-20-April-26,E-APP-B03-FOOT-1030,Approval for RC Raft & Footings RFT DWGs  (B03) (footing),17-May-26,0.0,0.0,0.0,0.0,0,0.0,0,0.0,,,,,,,
evm,01-data/import_templates/activity_master.csv,43,The Big -P.01-UP-20-April-26,CON-B04-WT-1020,Shuttering for PC Raft (B04) (Water Tank),17-May-26,138612.75,138612.75,138612.75,138612.75,1,1.0,0,0.0,,,,,,,
evm,01-data/import_templates/activity_master.csv,154,The Big -P.01-UP-20-April-26,E-SUB-B03-BAS02-1000,Submittal for Col. & Walls Conc. Dim.  & RFT DWGs (B03) (Bas 02),17-May-26,0.0,0.0,0.0,0.0,0,0.0,0,0.0,,,,,,,
evm,01-data/import_templates/activity_master.csv,155,The Big -P.01-UP-20-April-26,E-SUB-B04-BAS02-1000,Submittal for Col. & Walls Conc. Dim.  & RFT DWGs (B04) (Bas 02),17-May-26,0.0,0.0,0.0,0.0,0,0.0,0,0.0,,,,,,,
evm,01-data/import_templates/activity_master.csv,52,The Big -P.01-UP-20-April-26,E-SUB-B02-BAS02-1000,Submittal for Col. & Walls Conc. Dim.& RFT DWGs (B02) (Bas 02),17-May-26,0.0,0.0,0.0,0.0,0,0.0,0,0.0,,,,,,,
evm,01-data/import_templates/activity_master.csv,105,The Big -P.01-UP-20-April-26,E-SUB-B01-BAS02-1000,Submittal for Col. & Walls Conc. Dim.  & RFT DWGs (B01) (Bas 02),17-May-26,0.0,0.0,0.0,0.0,0,0.0,0,0.0,,,,,,,
evm,01-data/import_templates/activity_master.csv,106,The Big -P.01-UP-20-April-26,E-APP-B04-REP-1000,Approval for General Replacement Plan & Typical Sections for Replacement / Backfilling DWGs (B04),17-May-26,0.0,0.0,0.0,0.0,0,0.0,0,0.0,,,,,,,
evm,01-data/import_templates/activity_master.csv,89,The Big -P.01-UP-20-April-26,CON-EW-B02-1000,Soil Replacement & Leveling & Compaction (B02),17-May-26,1268401.09,1268401.09,1268401.09,1268401.09,1,1.0,0,0.0,,,,,,,
evm,01-data/import_templates/activity_master.csv,50,The Big -P.01-UP-20-April-26,CON-B04-WT-1030,Pouring for PC Raft (B04) (Water Tank),17-May-26,323429.75,323429.75,323429.75,323429.75,1,1.0,0,0.0,,,,,,,
evm,01-data/import_templates/activity_master.csv,194,The Big -P.01-UP-20-April-26,E-SUB-B03-BAS02-1010,Submittal for Stairs Conc. Dim.  & RFT DWGs (B03) (Bas 02),17-May-26,0.0,0.0,0.0,0.0,0,0.0,0,0.0,,,,,,,
evm,01-data/import_templates/activity_master.csv,195,The Big -P.01-UP-20-April-26,E-SUB-B04-BAS02-1010,Submittal for Stairs Conc. Dim.  & RFT DWGs (B04) (Bas 02),17-May-26,0.0,0.0,0.0,0.0,0,0.0,0,0.0,,,,,,,
evm,01-data/import_templates/activity_master.csv,62,The Big -P.01-UP-20-April-26,E-SUB-B02-BAS02-1010,Submittal for Stairs Conc. Dim.& RFT DWGs (B02) (Bas 02),17-May-26,0.0,0.0,0.0,0.0,0,0.0,0,0.0,,,,,,,
evm,01-data/import_templates/activity_master.csv,108,The Big -P.01-UP-20-April-26,E-SUB-B01-BAS02-1010,Submittal for Stairs Conc. Dim.  & RFT DWGs (B01) (Bas 02),17-May-26,0.0,0.0,0.0,0.0,0,0.0,0,0.0,,,,,,,
evm,01-data/import_templates/activity_master.csv,58,The Big -P.01-UP-20-April-26,CON-B04-WT-1040,Curing for PC Raft (B04) (Water Tank),17-May-26,0.0,0.0,0.0,0.0,0,0.0,0,0.0,,,,,,,
evm,01-data/import_templates/activity_master.csv,396,The Big -P.01-UP-20-April-26,AB-SUB-B04-WT-1000,Submittal for PC Raft Conc. Dim. DWGs As-Built Drawing (B04) (Water Tank),17-May-26,0.0,0.0,0.0,0.0,0,0.0,0,0.0,,,,,,,
evm,01-data/import_templates/activity_master.csv,111,The Big -P.01-UP-20-April-26,CON-EW-B02-1010,Soil Compaction Test (B02),17-May-26,140933.45,140933.45,140933.45,140933.45,1,1.0,0,0.0,,,,,,,
evm,01-data/import_templates/activity_master.csv,315,The Big -P.01-UP-20-April-26,E-SUB-B03-BAS02-1020,Submittal for Beams Conc. Dim.  & RFT DWGs (B03) (Bas 02),17-May-26,0.0,0.0,0.0,0.0,0,0.0,0,0.0,,,,,,,
evm,01-data/import_templates/activity_master.csv,304,The Big -P.01-UP-20-April-26,E-SUB-B04-BAS02-1020,Submittal for Ramps Conc. Dim.  & RFT DWGs (B04) (Bas 02),17-May-26,0.0,0.0,0.0,0.0,0,0.0,0,0.0,,,,,,,
evm,01-data/import_templates/activity_master.csv,70,The Big -P.01-UP-20-April-26,E-SUB-B02-BAS02-1020,Submittal for Beams Conc. Dim.& RFT DWGs (B02) (Bas 02),17-May-26,0.0,0.0,0.0,0.0,0,0.0,0,0.0,,,,,,,
evm,01-data/import_templates/activity_master.csv,112,The Big -P.01-UP-20-April-26,E-SUB-B01-BAS02-1020,Submittal for Ramps Conc. Dim.  & RFT DWGs (B01) (Bas 02),17-May-26,0.0,0.0,0.0,0.0,0,0.0,0,0.0,,,,,,,
evm,01-data/import_templates/activity_master.csv,71,The Big -P.01-UP-20-April-26,E-SUB-B01-BAS01-1000,Submittal for Col. & Walls Conc. Dim.  & RFT DWGs (B01) (Bas 01),17-May-26,0.0,0.0,0.0,0.0,0,0.0,0,0.0,,,,,,,
evm,01-data/import_templates/activity_master.csv,314,The Big -P.01-UP-20-April-26,E-SUB-B03-BAS02-1030,Submittal for Slabs Conc. Dim.  & RFT DWGs (B03) (Bas 02),17-May-26,0.0,0.0,0.0,0.0,0,0.0,0,0.0,,,,,,,
evm,01-data/import_templates/activity_master.csv,316,The Big -P.01-UP-20-April-26,E-SUB-B04-BAS02-1030,Submittal for Beams Conc. Dim.  & RFT DWGs (B04) (Bas 02),17-May-26,0.0,0.0,0.0,0.0,0,0.0,0,0.0,,,,,,,
evm,01-data/import_templates/activity_master.csv,82,The Big -P.01-UP-20-April-26,E-SUB-B02-BAS02-1030,Submittal for Slabs Conc. Dim.& RFT DWGs (B02) (Bas 02),17-May-26,0.0,0.0,0.0,0.0,0,0.0,0,0.0,,,,,,,
evm,01-data/import_templates/activity_master.csv,116,The Big -P.01-UP-20-April-26,E-SUB-B01-BAS02-1030,Submittal for Beams Conc. Dim.  & RFT DWGs (B01) (Bas 02),17-May-26,0.0,0.0,0.0,0.0,0,0.0,0,0.0,,,,,,,
evm,01-data/import_templates/activity_master.csv,156,The Big -P.01-UP-20-April-26,E-SUB-B03-BAS01-1000,Submittal for Col. & Walls Conc. Dim.  & RFT DWGs (B03) (Bas 01),17-May-26,0.0,0.0,0.0,0.0,0,0.0,0,0.0,,,,,,,
evm,01-data/import_templates/activity_master.csv,72,The Big -P.01-UP-20-April-26,E-SUB-B02-BAS01-1000,Submittal for Col. & Walls Conc. Dim.  & RFT DWGs (B02) (Bas 01),17-May-26,0.0,0.0,0.0,0.0,0,0.0,0,0.0,,,,,,,
evm,01-data/import_templates/activity_master.csv,83,The Big -P.01-UP-20-April-26,E-SUB-B01-BAS01-1010,Submittal for Stairs Conc. Dim.  & RFT DWGs (B01) (Bas 01),17-May-26,0.0,0.0,0.0,0.0,0,0.0,0,0.0,,,,,,,
evm,01-data/import_templates/activity_master.csv,80,The Big -P.01-UP-20-April-26,E-SUB-B01-GR-1000,Submittal for Col. & Walls Conc. Dim.  & RFT DWGs (B01),17-May-26,0.0,0.0,0.0,0.0,0,0.0,0,0.0,,,,,,,
evm,01-data/import_templates/activity_master.csv,300,The Big -P.01-UP-20-April-26,E-SUB-B04-BAS02-1040,Submittal for Slabs Conc. Dim.  & RFT DWGs (B04) (Bas 02),17-May-26,0.0,0.0,0.0,0.0,0,0.0,0,0.0,,,,,,,
evm,01-data/import_templates/activity_master.csv,124,The Big -P.01-UP-20-April-26,E-SUB-B01-BAS02-1040,Submittal for Slabs Conc. Dim.  & RFT DWGs (B01) (Bas 02),17-May-26,0.0,0.0,0.0,0.0,0,0.0,0,0.0,,,,,,,
evm,01-data/import_templates/activity_master.csv,236,The Big -P.01-UP-20-April-26,E-SUB-B03-BAS01-1010,Submittal for Stairs Conc. Dim.  & RFT DWGs (B03) (Bas 01),17-May-26,0.0,0.0,0.0,0.0,0,0.0,0,0.0,,,,,,,
evm,01-data/import_templates/activity_master.csv,63,The Big -P.01-UP-20-April-26,E-SUB-B02-BAS01-1010,Submittal for Stairs Conc. Dim.  & RFT DWGs (B02) (Bas 01),17-May-26,0.0,0.0,0.0,0.0,0,0.0,0,0.0,,,,,,,
evm,01-data/import_templates/activity_master.csv,87,The Big -P.01-UP-20-April-26,E-SUB-B01-BAS01-1020,Submittal for Ramps Conc. Dim.  & RFT DWGs (B01) (Bas 01),17-May-26,0.0,0.0,0.0,0.0,0,0.0,0,0.0,,,,,,,
evm,01-data/import_templates/activity_master.csv,343,The Big -P.01-UP-20-April-26,E-SUB-B01-GR-1010,Submittal for Stairs Conc. Dim.  & RFT DWGs (B01),17-May-26,0.0,0.0,0.0,0.0,0,0.0,0,0.0,,,,,,,
evm,01-data/import_templates/activity_master.csv,398,The Big -P.01-UP-20-April-26,AB-SUB-B01-REP-1000,Submittal for General Replacement Plan & Typical Sections for Replacement / Backfilling DWGs As-Built Drawing (B01),17-May-26,0.0,0.0,0.0,0.0,0,0.0,0,0.0,,,,,,,
evm,01-data/import_templates/activity_master.csv,118,The Big -P.01-UP-20-April-26,P-MPOS-1070,P.O for Rebar Patch#2  (Basement 2),17-May-26,0.0,0.0,0.0,0.0,0,0.0,0,0.0,,,,,,,
evm,01-data/import_templates/activity_master.csv,73,The Big -P.01-UP-20-April-26,E-SUB-B02-GR-1000,Submittal for Col. & Walls Conc. Dim.  & RFT DWGs (B02) (GF),17-May-26,0.0,0.0,0.0,0.0,0,0.0,0,0.0,,,,,,,
evm,01-data/import_templates/activity_master.csv,119,The Big -P.01-UP-20-April-26,CON-B01-FOOT-1000,Shuttering for PC Raft (B01) (footing),17-May-26,796713.38,796713.38,796713.38,796713.38,1,1.0,0,0.0,,,,,,,
evm,01-data/import_templates/activity_master.csv,145,The Big -P.01-UP-20-April-26,CON-B04-WT-1050,Waterproofing & Ins. Protection works (B04) (Water Tank),17-May-26,630000.0,630000.0,630000.0,630000.0,1,1.0,0,0.0,,,,,,,
evm,01-data/import_templates/activity_master.csv,403,The Big -P.01-UP-20-April-26,P-MDEL-1170,Delivery for Rebar Patch#2  (Basement 2),17-May-26,0.0,0.0,0.0,0.0,0,0.0,0,0.0,,,,,,,
evm,01-data/import_templates/activity_master.csv,121,The Big -P.01-UP-20-April-26,CON-B01-FOOT-1010,Pouring for PC Raft (B01) (footing),17-May-26,1858997.88,1858997.88,1858997.88,1858997.88,1,1.0,0,0.0,,,,,,,
evm,01-data/import_templates/activity_master.csv,321,The Big -P.01-UP-20-April-26,E-SUB-B03-BAS01-1020,Submittal for Beams Conc. Dim.  & RFT DWGs (B03) (Bas 01),17-May-26,0.0,0.0,0.0,0.0,0,0.0,0,0.0,,,,,,,
evm,01-data/import_templates/activity_master.csv,99,The Big -P.01-UP-20-April-26,E-SUB-B02-BAS01-1020,Submittal for Beams Conc. Dim.  & RFT DWGs (B02) (Bas 01),17-May-26,0.0,0.0,0.0,0.0,0,0.0,0,0.0,,,,,,,
evm,01-data/import_templates/activity_master.csv,100,The Big -P.01-UP-20-April-26,E-SUB-B01-BAS01-1030,Submittal for Beams Conc. Dim.  & RFT DWGs (B01) (Bas 01),17-May-26,0.0,0.0,0.0,0.0,0,0.0,0,0.0,,,,,,,
evm,01-data/import_templates/activity_master.csv,353,The Big -P.01-UP-20-April-26,E-SUB-B01-GR-1020,Submittal for Beams Conc. Dim.  & RFT DWGs (B01),17-May-26,0.0,0.0,0.0,0.0,0,0.0,0,0.0,,,,,,,
evm,01-data/import_templates/activity_master.csv,142,The Big -P.01-UP-20-April-26,CON-B01-FOOT-1020,Curing for PC Raft (B01) (footing),17-May-26,0.0,0.0,0.0,0.0,0,0.0,0,0.0,,,,,,,
evm,01-data/import_templates/activity_master.csv,153,The Big -P.01-UP-20-April-26,CON-B04-WT-1060,Shuttering for RC Raft (B04) (Water Tank),17-May-26,1423684.0,1423684.0,1423684.0,1423684.0,1,1.0,0,0.0,,,,,,,
evm,01-data/import_templates/activity_master.csv,64,The Big -P.01-UP-20-April-26,E-SUB-B02-GR-1010,Submittal for Stairs Conc. Dim.  & RFT DWGs (B02) (GF),17-May-26,0.0,0.0,0.0,0.0,0,0.0,0,0.0,,,,,,,
evm,01-data/import_templates/activity_master.csv,39,The Big -P.01-UP-20-April-26,CON-EW-B03-1000,Soil Replacement & Leveling & Compaction (B03),17-May-26,1375892.03,1375892.03,1375892.03,1375892.03,1,1.0,0,0.0,,,,,,,
evm,01-data/import_templates/activity_master.csv,390,The Big -P.01-UP-20-April-26,AB-SUB-B01-FOOT-1000,Submittal for PC Raft Conc. Dim. DWGs As-Built Drawing (B01) (footing),17-May-26,0.0,0.0,0.0,0.0,0,0.0,0,0.0,,,,,,,
evm,01-data/import_templates/activity_master.csv,493,The Big -P.01-UP-20-April-26,AB-APP-B04-WT-1000,Approval for PC Raft Conc. Dim. DWGs As-Built Drawing (B04) (Water Tank),17-May-26,0.0,0.0,0.0,0.0,0,0.0,0,0.0,,,,,,,
evm,01-data/import_templates/activity_master.csv,157,The Big -P.01-UP-20-April-26,E-SUB-B04-BAS01-1000,Submittal for Col. & Walls Conc. Dim.  & RFT DWGs (B04) (Bas 01),17-May-26,0.0,0.0,0.0,0.0,0,0.0,0,0.0,,,,,,,
evm,01-data/import_templates/activity_master.csv,159,The Big -P.01-UP-20-April-26,E-SUB-B03-GR-1000,Submittal for Col. & Walls Conc. Dim.  & RFT DWGs (B03) (GF),17-May-26,0.0,0.0,0.0,0.0,0,0.0,0,0.0,,,,,,,
evm,01-data/import_templates/activity_master.csv,144,The Big -P.01-UP-20-April-26,CON-B01-FOOT-1030,Waterproofing & Ins. Protection works (B01) (footing),17-May-26,1487911.54,1487911.54,1487911.54,1487911.54,1,1.0,0,0.0,,,,,,,
evm,01-data/import_templates/activity_master.csv,326,The Big -P.01-UP-20-April-26,E-SUB-B03-BAS01-1030,Submittal for Slabs Conc. Dim.  & RFT DWGs (B03) (Bas 01),17-May-26,0.0,0.0,0.0,0.0,0,0.0,0,0.0,,,,,,,
evm,01-data/import_templates/activity_master.csv,102,The Big -P.01-UP-20-April-26,E-SUB-B02-BAS01-1030,Submittal for Slabs Conc. Dim.  & RFT DWGs (B02) (Bas 01),17-May-26,0.0,0.0,0.0,0.0,0,0.0,0,0.0,,,,,,,
evm,01-data/import_templates/activity_master.csv,103,The Big -P.01-UP-20-April-26,E-SUB-B01-BAS01-1040,Submittal for Slabs Conc. Dim.  & RFT DWGs (B01) (Bas 01),17-May-26,0.0,0.0,0.0,0.0,0,0.0,0,0.0,,,,,,,
evm,01-data/import_templates/activity_master.csv,431,The Big -P.01-UP-20-April-26,E-SUB-B01-GR-1030,Submittal for Slabs Conc. Dim.  & RFT DWGs (B01),17-May-26,0.0,0.0,0.0,0.0,0,0.0,0,0.0,,,,,,,
evm,01-data/import_templates/activity_master.csv,205,The Big -P.01-UP-20-April-26,E-APP-B02-BAS02-1000,Approval for Col. & Walls Conc. Dim.  & RFT DWGs (B02) (Bas 02),17-May-26,0.0,0.0,0.0,0.0,0,0.0,0,0.0,,,,,,,
evm,01-data/import_templates/activity_master.csv,208,The Big -P.01-UP-20-April-26,E-APP-B01-BAS02-1000,Approval for Col. & Walls Conc. Dim.  & RFT DWGs (B01) (Bas 02),17-May-26,0.0,0.0,0.0,0.0,0,0.0,0,0.0,,,,,,,
evm,01-data/import_templates/activity_master.csv,175,The Big -P.01-UP-20-April-26,E-APP-B03-BAS02-1000,Approval for Col. & Walls Conc. Dim.  & RFT DWGs  (B03) (Bas 02),17-May-26,0.0,0.0,0.0,0.0,0,0.0,0,0.0,,,,,,,
evm,01-data/import_templates/activity_master.csv,235,The Big -P.01-UP-20-April-26,E-APP-B04-BAS02-1000,Approval for Col. & Walls Conc. Dim.  & RFT DWGs (B04) (Bas 02),17-May-26,0.0,0.0,0.0,0.0,0,0.0,0,0.0,,,,,,,
evm,01-data/import_templates/activity_master.csv,352,The Big -P.01-UP-20-April-26,E-SUB-B02-GR-1020,Submittal for Beams Conc. Dim.  & RFT DWGs (B02) (GF),17-May-26,0.0,0.0,0.0,0.0,0,0.0,0,0.0,,,,,,,
evm,01-data/import_templates/activity_master.csv,114,The Big -P.01-UP-20-April-26,CON-EW-B03-1010,Soil Compaction Test (B03),17-May-26,152876.89,152876.89,152876.89,152876.89,1,1.0,0,0.0,,,,,,,
evm,01-data/import_templates/activity_master.csv,286,The Big -P.01-UP-20-April-26,CON-B01-FOOT-1040,Shuttering for RC Raft & Footings (B01) (footing),17-May-26,4684300.95,4684300.95,4684300.95,4684300.95,1,1.0,0,0.0,,,,,,,
evm,01-data/import_templates/activity_master.csv,186,The Big -P.01-UP-20-April-26,CON-B04-WT-1070,RFT for RC Raft (B04) (Water Tank),17-May-26,1860691.06,1860691.06,1860691.06,1860691.06,1,1.0,0,0.0,,,,,,,
evm,01-data/import_templates/activity_master.csv,237,The Big -P.01-UP-20-April-26,E-SUB-B04-BAS01-1010,Submittal for Stairs Conc. Dim.  & RFT DWGs (B04) (Bas 01),17-May-26,0.0,0.0,0.0,0.0,0,0.0,0,0.0,,,,,,,
evm,01-data/import_templates/activity_master.csv,239,The Big -P.01-UP-20-April-26,E-SUB-B03-GR-1010,Submittal for Stairs Conc. Dim.  & RFT DWGs (B03) (GF),17-May-26,0.0,0.0,0.0,0.0,0,0.0,0,0.0,,,,,,,
evm,01-data/import_templates/activity_master.csv,624,The Big -P.01-UP-20-April-26,P-MDEL-1060,Delivery for cold Crystalline waterproofing for Water tank,17-May-26,0.0,0.0,0.0,0.0,0,0.0,0,0.0,,,,,,,
evm,01-data/import_templates/activity_master.csv,397,The Big -P.01-UP-20-April-26,AB-SUB-B04-WT-1010,Submittal for RC Raft Conc. Dim. DWGs As-Built Drawing (B04) (Water Tank),17-May-26,0.0,0.0,0.0,0.0,0,0.0,0,0.0,,,,,,,
evm,01-data/import_templates/activity_master.csv,402,The Big -P.01-UP-20-April-26,AB-SUB-B01-FOOT-1010,Submittal for  Waterproofing Layout Plan DWGs As-Built Drawing (B01),17-May-26,0.0,0.0,0.0,0.0,0,0.0,0,0.0,,,,,,,
evm,01-data/import_templates/activity_master.csv,207,The Big -P.01-UP-20-April-26,E-APP-B02-BAS02-1010,Approval for Stairs Conc. Dim.  & RFT DWGs (B02) (Bas 02),17-May-26,0.0,0.0,0.0,0.0,0,0.0,0,0.0,,,,,,,
evm,01-data/import_templates/activity_master.csv,210,The Big -P.01-UP-20-April-26,E-APP-B01-BAS02-1010,Approval for Stairs Conc. Dim.  & RFT DWGs (B01) (Bas 02),17-May-26,0.0,0.0,0.0,0.0,0,0.0,0,0.0,,,,,,,
evm,01-data/import_templates/activity_master.csv,267,The Big -P.01-UP-20-April-26,E-APP-B03-BAS02-1010,Approval for Stairs Conc. Dim.  & RFT DWGs  (B03) (Bas 02),17-May-26,0.0,0.0,0.0,0.0,0,0.0,0,0.0,,,,,,,
evm,01-data/import_templates/activity_master.csv,289,The Big -P.01-UP-20-April-26,E-APP-B04-BAS02-1010,Approval for Stairs Conc. Dim.  & RFT DWGs (B04) (Bas 02),17-May-26,0.0,0.0,0.0,0.0,0,0.0,0,0.0,,,,,,,
evm,01-data/import_templates/activity_master.csv,287,The Big -P.01-UP-20-April-26,CON-B01-FOOT-1050,RFT for RC Raft & Footings (B01) (footing),17-May-26,13016490.4,13016490.4,13016490.4,13016490.4,1,1.0,0,0.0,,,,,,,
evm,01-data/import_templates/activity_master.csv,430,The Big -P.01-UP-20-April-26,E-SUB-B02-GR-1030,Submittal for Slabs Conc. Dim.  & RFT DWGs (B02) (GF),17-May-26,0.0,0.0,0.0,0.0,0,0.0,0,0.0,,,,,,,
evm,01-data/import_templates/activity_master.csv,305,The Big -P.01-UP-20-April-26,E-SUB-B04-BAS01-1020,Submittal for Ramps Conc. Dim.  & RFT DWGs (B04) (Bas 01),17-May-26,0.0,0.0,0.0,0.0,0,0.0,0,0.0,,,,,,,
evm,01-data/import_templates/activity_master.csv,351,The Big -P.01-UP-20-April-26,E-SUB-B03-GR-1020,Submittal for Beams Conc. Dim.  & RFT DWGs (B03) (GF),17-May-26,0.0,0.0,0.0,0.0,0,0.0,0,0.0,,,,,,,
evm,01-data/import_templates/activity_master.csv,206,The Big -P.01-UP-20-April-26,E-APP-B02-BAS02-1020,Approval for Beams Conc. Dim.  & RFT DWGs (B02) (Bas 02),17-May-26,0.0,0.0,0.0,0.0,0,0.0,0,0.0,,,,,,,
evm,01-data/import_templates/activity_master.csv,307,The Big -P.01-UP-20-April-26,E-APP-B01-BAS02-1020,Approval for Ramps Conc. Dim.  & RFT DWGs (B01) (Bas 02),17-May-26,0.0,0.0,0.0,0.0,0,0.0,0,0.0,,,,,,,
evm,01-data/import_templates/activity_master.csv,255,The Big -P.01-UP-20-April-26,E-APP-B01-BAS01-1000,Approval for Col. & Walls Conc. Dim.  & RFT DWGs (B01) (Bas 01),17-May-26,0.0,0.0,0.0,0.0,0,0.0,0,0.0,,,,,,,
evm,01-data/import_templates/activity_master.csv,266,The Big -P.01-UP-20-April-26,E-APP-B03-BAS02-1020,Approval for Beams Conc. Dim.  & RFT DWGs  (B03) (Bas 02),17-May-26,0.0,0.0,0.0,0.0,0,0.0,0,0.0,,,,,,,
evm,01-data/import_templates/activity_master.csv,320,The Big -P.01-UP-20-April-26,E-APP-B04-BAS02-1020,Approval for Ramps Conc. Dim.  & RFT DWGs (B04) (Bas 02),17-May-26,0.0,0.0,0.0,0.0,0,0.0,0,0.0,,,,,,,
evm,01-data/import_templates/activity_master.csv,495,The Big -P.01-UP-20-April-26,AB-APP-B01-REP-1000,Approval for General Replacement Plan & Typical Sections for Replacement / Backfilling DWGs As-Built Drawing (B01),17-May-26,0.0,0.0,0.0,0.0,0,0.0,0,0.0,,,,,,,
evm,01-data/import_templates/activity_master.csv,311,The Big -P.01-UP-20-April-26,CON-B01-FOOT-1060,Shuttering for Columns & Walls Below SOG (B01) (footing),17-May-26,59896.2,50911.77,50911.77,59896.2,1,0.85,0,-8984.43,,,,,,,
evm,01-data/import_templates/activity_master.csv,120,The Big -P.01-UP-20-April-26,CON-B02-FOOT-1000,Shuttering for PC Raft (B02) (footing),17-May-26,424288.13,424288.13,424288.13,424288.13,1,1.0,0,0.0,,,,,,,
evm,01-data/import_templates/activity_master.csv,312,The Big -P.01-UP-20-April-26,CON-B04-WT-1080,Pouring for RC Raft (B04) (Water Tank),17-May-26,2135526.01,2135526.01,2135526.01,2135526.01,1,1.0,0,0.0,,,,,,,
evm,01-data/import_templates/activity_master.csv,414,The Big -P.01-UP-20-April-26,AB-SUB-B04-WT-1020,Submittal for RC Raft RFT DWGs As-Built Drawing (B04) (Water Tank),17-May-26,0.0,0.0,0.0,0.0,0,0.0,0,0.0,,,,,,,
evm,01-data/import_templates/activity_master.csv,399,The Big -P.01-UP-20-April-26,AB-SUB-B02-REP-1000,Submittal for General Replacement Plan & Typical Sections for Replacement / Backfilling DWGs As-Built Drawing (B02),17-May-26,0.0,0.0,0.0,0.0,0,0.0,0,0.0,,,,,,,
evm,01-data/import_templates/activity_master.csv,313,The Big -P.01-UP-20-April-26,CON-B01-FOOT-1070,RFT for Columns & Walls Below SOG (B01) (footing),17-May-26,80268.0,68227.8,68227.8,80268.0,1,0.85,0,-12040.2,,,,,,,
evm,01-data/import_templates/activity_master.csv,122,The Big -P.01-UP-20-April-26,CON-B02-FOOT-1010,Pouring for PC Raft (B02) (footing),17-May-26,990005.63,990005.63,990005.63,990005.63,1,1.0,0,0.0,,,,,,,
evm,01-data/import_templates/activity_master.csv,322,The Big -P.01-UP-20-April-26,E-SUB-B04-BAS01-1030,Submittal for Beams Conc. Dim.  & RFT DWGs (B04) (Bas 01),17-May-26,0.0,0.0,0.0,0.0,0,0.0,0,0.0,,,,,,,
evm,01-data/import_templates/activity_master.csv,429,The Big -P.01-UP-20-April-26,E-SUB-B03-GR-1030,Submittal for Slabs Conc. Dim.  & RFT DWGs (B03) (GF),17-May-26,0.0,0.0,0.0,0.0,0,0.0,0,0.0,,,,,,,
evm,01-data/import_templates/activity_master.csv,168,The Big -P.01-UP-20-April-26,E-SUB-B03-1ST-1000,Submittal for Col. & Walls Conc. Dim.  & RFT DWGs (B03) (1st),17-May-26,0.0,0.0,0.0,0.0,0,0.0,0,0.0,,,,,,,
evm,01-data/import_templates/activity_master.csv,196,The Big -P.01-UP-20-April-26,E-SUB-B01-1ST-1000,Submittal for Col. & Walls Conc. Dim.  & RFT DWGs (B01) (1st),17-May-26,0.0,0.0,0.0,0.0,0,0.0,0,0.0,,,,,,,
evm,01-data/import_templates/activity_master.csv,143,The Big -P.01-UP-20-April-26,CON-B02-FOOT-1020,Curing for PC Raft (B02) (footing),17-May-26,0.0,0.0,0.0,0.0,0,0.0,0,0.0,,,,,,,
evm,01-data/import_templates/activity_master.csv,325,The Big -P.01-UP-20-April-26,CON-B04-WT-1090,Curing & Deshuttering for RC Raft (B04) (Water Tank),17-May-26,0.0,0.0,0.0,0.0,0,0.0,0,0.0,,,,,,,
evm,01-data/import_templates/activity_master.csv,252,The Big -P.01-UP-20-April-26,E-APP-B02-BAS02-1030,Approval for Slabs Conc. Dim.  & RFT DWGs (B02) (Bas 02),17-May-26,0.0,0.0,0.0,0.0,0,0.0,0,0.0,,,,,,,
evm,01-data/import_templates/activity_master.csv,209,The Big -P.01-UP-20-April-26,E-APP-B01-BAS02-1030,Approval for Beams Conc. Dim.  & RFT DWGs (B01) (Bas 02),17-May-26,0.0,0.0,0.0,0.0,0,0.0,0,0.0,,,,,,,
evm,01-data/import_templates/activity_master.csv,211,The Big -P.01-UP-20-April-26,E-APP-B02-BAS01-1000,Approval for Col. & Walls Conc. Dim.  & RFT DWGs (B02) (Bas 01),17-May-26,0.0,0.0,0.0,0.0,0,0.0,0,0.0,,,,,,,
evm,01-data/import_templates/activity_master.csv,213,The Big -P.01-UP-20-April-26,E-APP-B01-BAS01-1010,Approval for Stairs Conc. Dim.  & RFT DWGs (B01) (Bas 01),17-May-26,0.0,0.0,0.0,0.0,0,0.0,0,0.0,,,,,,,
evm,01-data/import_templates/activity_master.csv,256,The Big -P.01-UP-20-April-26,E-APP-B01-GR-1000,Approval for Col. & Walls Conc. Dim.  & RFT DWGs (B01)  (GF),17-May-26,0.0,0.0,0.0,0.0,0,0.0,0,0.0,,,,,,,
evm,01-data/import_templates/activity_master.csv,234,The Big -P.01-UP-20-April-26,E-APP-B03-BAS02-1030,Approval for Slabs Conc. Dim.  & RFT DWGs  (B03) (Bas 02),17-May-26,0.0,0.0,0.0,0.0,0,0.0,0,0.0,,,,,,,
evm,01-data/import_templates/activity_master.csv,309,The Big -P.01-UP-20-April-26,E-APP-B04-BAS02-1030,Approval for Beams Conc. Dim.  & RFT DWGs (B04) (Bas 02),17-May-26,0.0,0.0,0.0,0.0,0,0.0,0,0.0,,,,,,,
evm,01-data/import_templates/activity_master.csv,176,The Big -P.01-UP-20-April-26,E-APP-B03-BAS01-1000,Approval for Col. & Walls Conc. Dim.  & RFT DWGs  (B03) (Bas 01),17-May-26,0.0,0.0,0.0,0.0,0,0.0,0,0.0,,,,,,,
evm,01-data/import_templates/activity_master.csv,391,The Big -P.01-UP-20-April-26,AB-SUB-B02-FOOT-1000,Submittal for PC Raft Conc. Dim. DWGs As-Built Drawing (B02) (footing),17-May-26,0.0,0.0,0.0,0.0,0,0.0,0,0.0,,,,,,,
evm,01-data/import_templates/activity_master.csv,332,The Big -P.01-UP-20-April-26,CON-B04-WT-1100,Shuttering for Walls (B04) (Water Tank),17-May-26,1256386.72,1005109.37,1005109.37,1256386.72,1,0.8,0,-251277.34,,,,,,,
evm,01-data/import_templates/activity_master.csv,333,The Big -P.01-UP-20-April-26,CON-B04-WT-1110,RFT for Walls (B04) (Water Tank),17-May-26,1653461.47,1322769.18,1322769.18,1653461.47,1,0.8,0,-330692.29,,,,,,,
evm,01-data/import_templates/activity_master.csv,487,The Big -P.01-UP-20-April-26,AB-APP-B01-FOOT-1000,Approval for PC Raft Conc. Dim. DWGs As-Built Drawing (B01) (footing),17-May-26,0.0,0.0,0.0,0.0,0,0.0,0,0.0,,,,,,,
evm,01-data/import_templates/activity_master.csv,146,The Big -P.01-UP-20-April-26,CON-B02-FOOT-1030,Waterproofing & Ins. Protection works (B02) (footing),17-May-26,793168.14,793168.14,793168.14,793168.14,1,1.0,0,0.0,,,,,,,
evm,01-data/import_templates/activity_master.csv,301,The Big -P.01-UP-20-April-26,E-SUB-B04-BAS01-1040,Submittal for Slabs Conc. Dim.  & RFT DWGs (B04) (Bas 01),17-May-26,0.0,0.0,0.0,0.0,0,0.0,0,0.0,,,,,,,
evm,01-data/import_templates/activity_master.csv,248,The Big -P.01-UP-20-April-26,E-SUB-B03-1ST-1010,Submittal for Stairs Conc. Dim.  & RFT DWGs (B03) (1st),17-May-26,0.0,0.0,0.0,0.0,0,0.0,0,0.0,,,,,,,
evm,01-data/import_templates/activity_master.csv,81,The Big -P.01-UP-20-April-26,E-SUB-B01-1ST-1010,Submittal for Stairs Conc. Dim.  & RFT DWGs (B01) (1st),17-May-26,0.0,0.0,0.0,0.0,0,0.0,0,0.0,,,,,,,
evm,01-data/import_templates/activity_master.csv,158,The Big -P.01-UP-20-April-26,E-SUB-B04-GR-1000,Submittal for Col. & Walls Conc. Dim.  & RFT DWGs (B04) (GF),17-May-26,0.0,0.0,0.0,0.0,0,0.0,0,0.0,,,,,,,
evm,01-data/import_templates/activity_master.csv,74,The Big -P.01-UP-20-April-26,E-SUB-B02-1ST-1000,Submittal for Col. & Walls Conc. Dim.  & RFT DWGs (B02) (1st),17-May-26,0.0,0.0,0.0,0.0,0,0.0,0,0.0,,,,,,,
evm,01-data/import_templates/activity_master.csv,317,The Big -P.01-UP-20-April-26,E-APP-B01-BAS02-1040,Approval for Slabs Conc. Dim.  & RFT DWGs (B01) (Bas 02),17-May-26,0.0,0.0,0.0,0.0,0,0.0,0,0.0,,,,,,,
evm,01-data/import_templates/activity_master.csv,212,The Big -P.01-UP-20-April-26,E-APP-B02-BAS01-1010,Approval for Stairs Conc. Dim.  & RFT DWGs (B02) (Bas 01),17-May-26,0.0,0.0,0.0,0.0,0,0.0,0,0.0,,,,,,,
evm,01-data/import_templates/activity_master.csv,308,The Big -P.01-UP-20-April-26,E-APP-B01-BAS01-1020,Approval for Ramps Conc. Dim.  & RFT DWGs (B01) (Bas 01),17-May-26,0.0,0.0,0.0,0.0,0,0.0,0,0.0,,,,,,,
evm,01-data/import_templates/activity_master.csv,216,The Big -P.01-UP-20-April-26,E-APP-B01-GR-1010,Approval for Stairs Conc. Dim.  & RFT DWGs (B01)  (GF),17-May-26,0.0,0.0,0.0,0.0,0,0.0,0,0.0,,,,,,,
evm,01-data/import_templates/activity_master.csv,319,The Big -P.01-UP-20-April-26,E-APP-B04-BAS02-1040,Approval for Slabs Conc. Dim.  & RFT DWGs (B04) (Bas 02),17-May-26,0.0,0.0,0.0,0.0,0,0.0,0,0.0,,,,,,,
evm,01-data/import_templates/activity_master.csv,269,The Big -P.01-UP-20-April-26,E-APP-B03-BAS01-1010,Approval for Stairs Conc. Dim.  & RFT DWGs  (B03) (Bas 01),17-May-26,0.0,0.0,0.0,0.0,0,0.0,0,0.0,,,,,,,
evm,01-data/import_templates/activity_master.csv,214,The Big -P.01-UP-20-April-26,E-APP-B02-GR-1000,Approval for Col. & Walls Conc. Dim.  & RFT DWGs (B02) (GF),17-May-26,0.0,0.0,0.0,0.0,0,0.0,0,0.0,,,,,,,
evm,01-data/import_templates/activity_master.csv,184,The Big -P.01-UP-20-April-26,CON-B02-FOOT-1040,Shuttering for RC Raft & Footings (B02) (footing),17-May-26,2271974.1,2271974.1,2271974.1,2271974.1,1,1.0,0,0.0,,,,,,,
evm,01-data/import_templates/activity_master.csv,341,The Big -P.01-UP-20-April-26,CON-B04-WT-1120,Installation for Waterstop Insulation (B04) (Water Tank),17-May-26,0.0,0.0,0.0,0.0,0,0.0,0,0.0,,,,,,,
evm,01-data/import_templates/activity_master.csv,362,The Big -P.01-UP-20-April-26,E-SUB-B03-1ST-1020,Submittal for Beams Conc. Dim.  & RFT DWGs (B03) (1st),17-May-26,0.0,0.0,0.0,0.0,0,0.0,0,0.0,,,,,,,
evm,01-data/import_templates/activity_master.csv,370,The Big -P.01-UP-20-April-26,E-SUB-B01-1ST-1020,Submittal for Beams Conc. Dim.  & RFT DWGs (B01) (1st),17-May-26,0.0,0.0,0.0,0.0,0,0.0,0,0.0,,,,,,,
evm,01-data/import_templates/activity_master.csv,494,The Big -P.01-UP-20-April-26,AB-APP-B04-WT-1010,Approval for RC Raft Conc. Dim. DWGs As-Built Drawing (B04) (Water Tank),17-May-26,0.0,0.0,0.0,0.0,0,0.0,0,0.0,,,,,,,
evm,01-data/import_templates/activity_master.csv,499,The Big -P.01-UP-20-April-26,AB-APP-B01-FOOT-1010,Approval for  Waterproofing Layout Plan DWGs As-Built Drawing (B01),17-May-26,0.0,0.0,0.0,0.0,0,0.0,0,0.0,,,,,,,
evm,01-data/import_templates/activity_master.csv,238,The Big -P.01-UP-20-April-26,E-SUB-B04-GR-1010,Submittal for Stairs Conc. Dim.  & RFT DWGs (B04) (GF),17-May-26,0.0,0.0,0.0,0.0,0,0.0,0,0.0,,,,,,,
evm,01-data/import_templates/activity_master.csv,65,The Big -P.01-UP-20-April-26,E-SUB-B02-1ST-1010,Submittal for Stairs Conc. Dim.  & RFT DWGs (B02) (1st),17-May-26,0.0,0.0,0.0,0.0,0,0.0,0,0.0,,,,,,,
evm,01-data/import_templates/activity_master.csv,254,The Big -P.01-UP-20-April-26,E-APP-B02-BAS01-1020,Approval for Beams Conc. Dim.  & RFT DWGs (B02) (Bas 01),17-May-26,0.0,0.0,0.0,0.0,0,0.0,0,0.0,,,,,,,
evm,01-data/import_templates/activity_master.csv,318,The Big -P.01-UP-20-April-26,E-APP-B01-BAS01-1030,Approval for Beams Conc. Dim.  & RFT DWGs (B01) (Bas 01),17-May-26,0.0,0.0,0.0,0.0,0,0.0,0,0.0,,,,,,,
evm,01-data/import_templates/activity_master.csv,520,The Big -P.01-UP-20-April-26,E-APP-B01-GR-1020,Approval for Beams Conc. Dim.  & RFT DWGs (B01)  (GF),17-May-26,0.0,0.0,0.0,0.0,0,0.0,0,0.0,,,,,,,
evm,01-data/import_templates/activity_master.csv,174,The Big -P.01-UP-20-April-26,E-APP-B03-BAS01-1020,Approval for Beams Conc. Dim.  & RFT DWGs  (B03) (Bas 01),17-May-26,0.0,0.0,0.0,0.0,0,0.0,0,0.0,,,,,,,
evm,01-data/import_templates/activity_master.csv,347,The Big -P.01-UP-20-April-26,CON-B01-FOOT-1080,Pouring Columns & Walls Below SOG (B01) (footing),17-May-26,139757.8,76866.79,76866.79,139757.8,1,0.55,0,-62891.01,,,,,,,
evm,01-data/import_templates/activity_master.csv,330,The Big -P.01-UP-20-April-26,CON-B01-FOOT-1090,Pouring for RC Raft & Footings (B01) (footing),17-May-26,10930035.55,10930035.55,10930035.55,10930035.55,1,1.0,0,0.0,,,,,,,
evm,01-data/import_templates/activity_master.csv,187,The Big -P.01-UP-20-April-26,CON-B02-FOOT-1050,RFT for RC Raft & Footings (B02) (footing),17-May-26,6313254.79,6313254.79,6313254.79,6313254.79,1,1.0,0,0.0,,,,,,,
evm,01-data/import_templates/activity_master.csv,169,The Big -P.01-UP-20-April-26,E-SUB-B03-2ND-1000,Submittal for Col. & Walls Conc. Dim.  & RFT DWGs (B03) (2nd),17-May-26,0.0,0.0,0.0,0.0,0,0.0,0,0.0,,,,,,,
evm,01-data/import_templates/activity_master.csv,423,The Big -P.01-UP-20-April-26,E-SUB-B01-1ST-1030,Submittal for Slabs Conc. Dim.  & RFT DWGs (B01) (1st),17-May-26,0.0,0.0,0.0,0.0,0,0.0,0,0.0,,,,,,,
evm,01-data/import_templates/activity_master.csv,197,The Big -P.01-UP-20-April-26,E-SUB-B01-2ND-1000,Submittal for Col. & Walls Conc. Dim.  & RFT DWGs (B01) (2nd),17-May-26,0.0,0.0,0.0,0.0,0,0.0,0,0.0,,,,,,,
evm,01-data/import_templates/activity_master.csv,215,The Big -P.01-UP-20-April-26,E-APP-B02-GR-1010,Approval for Stairs Conc. Dim.  & RFT DWGs (B02) (GF),17-May-26,0.0,0.0,0.0,0.0,0,0.0,0,0.0,,,,,,,
evm,01-data/import_templates/activity_master.csv,440,The Big -P.01-UP-20-April-26,E-SUB-B03-1ST-1030,Submittal for Slabs Conc. Dim.  & RFT DWGs (B03) (1st),17-May-26,0.0,0.0,0.0,0.0,0,0.0,0,0.0,,,,,,,
evm,01-data/import_templates/activity_master.csv,270,The Big -P.01-UP-20-April-26,E-APP-B04-BAS01-1000,Approval for Col. & Walls Conc. Dim.  & RFT DWGs (B04) (Bas 01),17-May-26,0.0,0.0,0.0,0.0,0,0.0,0,0.0,,,,,,,
evm,01-data/import_templates/activity_master.csv,177,The Big -P.01-UP-20-April-26,E-APP-B03-GR-1000,Approval for Col. & Walls Conc. Dim.  & RFT DWGs  (B03) (GF),17-May-26,0.0,0.0,0.0,0.0,0,0.0,0,0.0,,,,,,,
evm,01-data/import_templates/activity_master.csv,416,The Big -P.01-UP-20-April-26,CON-B01-FOOT-1100,Curing & Deshuttering for RC Raft & Footings (B01) (footing),17-May-26,0.0,0.0,0.0,0.0,0,0.0,0,0.0,,,,,,,
evm,01-data/import_templates/activity_master.csv,342,The Big -P.01-UP-20-April-26,CON-B04-WT-1130,Pouring for Walls (B04) (Water Tank),17-May-26,1884580.07,1507664.06,1507664.06,1884580.07,1,0.8,0,-376916.01,,,,,,,
evm,01-data/import_templates/activity_master.csv,415,The Big -P.01-UP-20-April-26,CON-B04-WT-1140,Curing & Deshuttering for Walls (B04) (Water Tank),17-May-26,0.0,0.0,0.0,0.0,0,0.0,0,0.0,,,,,,,
evm,01-data/import_templates/activity_master.csv,350,The Big -P.01-UP-20-April-26,E-SUB-B04-GR-1020,Submittal for Beams Conc. Dim.  & RFT DWGs (B04) (GF),17-May-26,0.0,0.0,0.0,0.0,0,0.0,0,0.0,,,,,,,
evm,01-data/import_templates/activity_master.csv,366,The Big -P.01-UP-20-April-26,E-SUB-B02-1ST-1020,Submittal for Beams Conc. Dim.  & RFT DWGs (B02) (1st),17-May-26,0.0,0.0,0.0,0.0,0,0.0,0,0.0,,,,,,,
evm,01-data/import_templates/activity_master.csv,253,The Big -P.01-UP-20-April-26,E-APP-B02-BAS01-1030,Approval for Slabs Conc. Dim.  & RFT DWGs (B02) (Bas 01),17-May-26,0.0,0.0,0.0,0.0,0,0.0,0,0.0,,,,,,,
evm,01-data/import_templates/activity_master.csv,339,The Big -P.01-UP-20-April-26,E-APP-B01-BAS01-1040,Approval for Slabs Conc. Dim.  & RFT DWGs (B01) (Bas 01),17-May-26,0.0,0.0,0.0,0.0,0,0.0,0,0.0,,,,,,,
evm,01-data/import_templates/activity_master.csv,559,The Big -P.01-UP-20-April-26,E-APP-B01-GR-1030,Approval for Slabs Conc. Dim.  & RFT DWGs (B01)  (GF),17-May-26,0.0,0.0,0.0,0.0,0,0.0,0,0.0,,,,,,,
evm,01-data/import_templates/activity_master.csv,268,The Big -P.01-UP-20-April-26,E-APP-B03-BAS01-1030,Approval for Slabs Conc. Dim.  & RFT DWGs  (B03) (Bas 01),17-May-26,0.0,0.0,0.0,0.0,0,0.0,0,0.0,,,,,,,
evm,01-data/import_templates/activity_master.csv,410,The Big -P.01-UP-20-April-26,AB-SUB-B01-FOOT-1020,Submittal for RC Raft & Footings Conc. Dim. DWGs As-Built Drawing (B01) (footing),17-May-26,0.0,0.0,0.0,0.0,0,0.0,0,0.0,,,,,,,
evm,01-data/import_templates/activity_master.csv,411,The Big -P.01-UP-20-April-26,AB-SUB-B01-FOOT-1030,Submittal for RC Raft & Footings RFT DWGs As-Built Drawing (B01) (footing),17-May-26,0.0,0.0,0.0,0.0,0,0.0,0,0.0,,,,,,,
evm,01-data/import_templates/activity_master.csv,192,The Big -P.01-UP-20-April-26,CON-B02-FOOT-1060,Shuttering for Columns & Walls Below SOG (B01) (footing),17-May-26,73546.2,73546.2,73546.2,73546.2,1,1.0,0,0.0,,,,,,,
evm,01-data/import_templates/activity_master.csv,249,The Big -P.01-UP-20-April-26,E-SUB-B03-2ND-1010,Submittal for Stairs Conc. Dim.  & RFT DWGs (B03) (2nd),17-May-26,0.0,0.0,0.0,0.0,0,0.0,0,0.0,,,,,,,
evm,01-data/import_templates/activity_master.csv,90,The Big -P.01-UP-20-April-26,E-SUB-B01-2ND-1010,Submittal for Stairs Conc. Dim.  & RFT DWGs (B01) (2nd),17-May-26,0.0,0.0,0.0,0.0,0,0.0,0,0.0,,,,,,,
evm,01-data/import_templates/activity_master.csv,519,The Big -P.01-UP-20-April-26,E-APP-B02-GR-1020,Approval for Beams Conc. Dim.  & RFT DWGs (B02) (GF),17-May-26,0.0,0.0,0.0,0.0,0,0.0,0,0.0,,,,,,,
evm,01-data/import_templates/activity_master.csv,504,The Big -P.01-UP-20-April-26,AB-APP-B04-WT-1020,Approval for RC Raft RFT DWGs As-Built Drawing (B04) (Water Tank),17-May-26,0.0,0.0,0.0,0.0,0,0.0,0,0.0,,,,,,,
evm,01-data/import_templates/activity_master.csv,496,The Big -P.01-UP-20-April-26,AB-APP-B02-REP-1000,Approval for General Replacement Plan & Typical Sections for Replacement / Backfilling DWGs As-Built Drawing (B02),17-May-26,0.0,0.0,0.0,0.0,0,0.0,0,0.0,,,,,,,
evm,01-data/import_templates/activity_master.csv,193,The Big -P.01-UP-20-April-26,CON-B02-FOOT-1070,RFT for Columns & Walls Below SOG (B02) (footing),17-May-26,98560.62,98560.62,98560.62,98560.62,1,1.0,0,0.0,,,,,,,
evm,01-data/import_templates/activity_master.csv,290,The Big -P.01-UP-20-April-26,E-APP-B04-BAS01-1010,Approval for Stairs Conc. Dim.  & RFT DWGs (B04) (Bas 01),17-May-26,0.0,0.0,0.0,0.0,0,0.0,0,0.0,,,,,,,
evm,01-data/import_templates/activity_master.csv,272,The Big -P.01-UP-20-April-26,E-APP-B03-GR-1010,Approval for Stairs Conc. Dim.  & RFT DWGs  (B03) (GF),17-May-26,0.0,0.0,0.0,0.0,0,0.0,0,0.0,,,,,,,
evm,01-data/import_templates/activity_master.csv,426,The Big -P.01-UP-20-April-26,AB-SUB-B04-WT-1030,Submittal for Col. & Walls DWGs As-Built Drawing (B04) (Water Tank),17-May-26,0.0,0.0,0.0,0.0,0,0.0,0,0.0,,,,,,,
evm,01-data/import_templates/activity_master.csv,640,The Big -P.01-UP-20-April-26,CON-B01-FOOT-1110,Bitumen Ins. for RC Raft & Footings (B01) (footing),17-May-26,238065.85,0.0,0.0,238065.85,0,0.0,0,-238065.85,,,,,,,
evm,01-data/import_templates/activity_master.csv,135,The Big -P.01-UP-20-April-26,CON-B03-FOOT-1000,Shuttering for PC Raft (B03) (footing),17-May-26,459468.75,459468.75,459468.75,459468.75,1,1.0,0,0.0,,,,,,,
evm,01-data/import_templates/activity_master.csv,464,The Big -P.01-UP-20-April-26,CON-B01-BAS02-1000,"Scaffolding works for Walls, Col. & Cores (B01) (Bas 02)",17-May-26,0.0,0.0,0.0,0.0,0,0.0,0,0.0,,,,,,,
evm,01-data/import_templates/activity_master.csv,465,The Big -P.01-UP-20-April-26,CON-B01-BAS02-1010,"RFT for Walls, Col. & Cores (B01) (Bas 02)",17-May-26,1987012.6,0.0,0.0,1987012.6,0,0.0,0,-1987012.6,,,,,,,
evm,01-data/import_templates/activity_master.csv,463,The Big -P.01-UP-20-April-26,CON-B04-WT-1150,Formwork for Top Slab (B04) (Water Tank),17-May-26,327929.28,0.0,0.0,327929.28,0,0.0,0,-327929.28,,,,,,,
evm,01-data/import_templates/activity_master.csv,428,The Big -P.01-UP-20-April-26,E-SUB-B04-GR-1030,Submittal for Slabs Conc. Dim.  & RFT DWGs (B04) (GF),17-May-26,0.0,0.0,0.0,0.0,0,0.0,0,0.0,,,,,,,
evm,01-data/import_templates/activity_master.csv,160,The Big -P.01-UP-20-April-26,E-SUB-B04-1ST-1000,Submittal for Col. & Walls Conc. Dim.  & RFT DWGs (B04) (1st),17-May-26,0.0,0.0,0.0,0.0,0,0.0,0,0.0,,,,,,,
evm,01-data/import_templates/activity_master.csv,444,The Big -P.01-UP-20-April-26,E-SUB-B02-1ST-1030,Submittal for Slabs Conc. Dim.  & RFT DWGs (B02) (1st),17-May-26,0.0,0.0,0.0,0.0,0,0.0,0,0.0,,,,,,,
evm,01-data/import_templates/activity_master.csv,75,The Big -P.01-UP-20-April-26,E-SUB-B02-2ND-1000,Submittal for Col. & Walls Conc. Dim.  & RFT DWGs (B02) (2nd),17-May-26,0.0,0.0,0.0,0.0,0,0.0,0,0.0,,,,,,,
evm,01-data/import_templates/activity_master.csv,488,The Big -P.01-UP-20-April-26,AB-APP-B02-FOOT-1000,Approval for PC Raft Conc. Dim. DWGs As-Built Drawing (B02) (footing),17-May-26,0.0,0.0,0.0,0.0,0,0.0,0,0.0,,,,,,,
evm,01-data/import_templates/activity_master.csv,400,The Big -P.01-UP-20-April-26,AB-SUB-B03-REP-1000,Submittal for General Replacement Plan & Typical Sections for Replacement / Backfilling DWGs As-Built Drawing (B03),17-May-26,0.0,0.0,0.0,0.0,0,0.0,0,0.0,,,,,,,
evm,01-data/import_templates/activity_master.csv,148,The Big -P.01-UP-20-April-26,CON-B03-FOOT-1010,Pouring for PC Raft (B03) (footing),17-May-26,1072093.75,1072093.75,1072093.75,1072093.75,1,1.0,0,0.0,,,,,,,
evm,01-data/import_templates/activity_master.csv,467,The Big -P.01-UP-20-April-26,CON-B04-WT-1160,RFT for Top Slab (B04) (Water Tank),17-May-26,447258.67,0.0,0.0,447258.67,0,0.0,0,-447258.67,,,,,,,
evm,01-data/import_templates/activity_master.csv,363,The Big -P.01-UP-20-April-26,E-SUB-B03-2ND-1020,Submittal for Beams Conc. Dim.  & RFT DWGs (B03) (2nd),17-May-26,0.0,0.0,0.0,0.0,0,0.0,0,0.0,,,,,,,
evm,01-data/import_templates/activity_master.csv,371,The Big -P.01-UP-20-April-26,E-SUB-B01-2ND-1020,Submittal for Beams Conc. Dim.  & RFT DWGs (B01) (2nd),17-May-26,0.0,0.0,0.0,0.0,0,0.0,0,0.0,,,,,,,
evm,01-data/import_templates/activity_master.csv,558,The Big -P.01-UP-20-April-26,E-APP-B02-GR-1030,Approval for Slabs Conc. Dim.  & RFT DWGs (B02) (GF),17-May-26,0.0,0.0,0.0,0.0,0,0.0,0,0.0,,,,,,,
evm,01-data/import_templates/activity_master.csv,40,The Big -P.01-UP-20-April-26,CON-EW-B04-1000,Soil Replacement & Leveling & Compaction (B04),17-May-26,1812701.4,1812701.4,1812701.4,1812701.4,1,1.0,0,0.0,,,,,,,
evm,01-data/import_templates/activity_master.csv,150,The Big -P.01-UP-20-April-26,CON-B03-FOOT-1020,Curing for PC Raft (B03) (footing),17-May-26,0.0,0.0,0.0,0.0,0,0.0,0,0.0,,,,,,,
evm,01-data/import_templates/activity_master.csv,324,The Big -P.01-UP-20-April-26,E-APP-B04-BAS01-1020,Approval for Ramps Conc. Dim.  & RFT DWGs (B04) (Bas 01),17-May-26,0.0,0.0,0.0,0.0,0,0.0,0,0.0,,,,,,,
evm,01-data/import_templates/activity_master.csv,536,The Big -P.01-UP-20-April-26,E-APP-B03-GR-1020,Approval for Beams Conc. Dim.  & RFT DWGs  (B03) (GF),17-May-26,0.0,0.0,0.0,0.0,0,0.0,0,0.0,,,,,,,
evm,01-data/import_templates/activity_master.csv,393,The Big -P.01-UP-20-April-26,AB-SUB-B03-FOOT-1000,Submittal for PC Raft Conc. Dim. DWGs As-Built Drawing (B03) (footing),17-May-26,0.0,0.0,0.0,0.0,0,0.0,0,0.0,,,,,,,
evm,01-data/import_templates/activity_master.csv,657,The Big -P.01-UP-20-April-26,CON-B01-FOOT-1120,Soil Backfilling (B01) (footing),17-May-26,620532.93,0.0,0.0,620532.93,0,0.0,0,-620532.93,,,,,,,
evm,01-data/import_templates/activity_master.csv,471,The Big -P.01-UP-20-April-26,CON-B01-BAS02-1020,"Shuttering for Walls, Col. & Cores (B01) (Bas 02)",17-May-26,1629349.68,0.0,0.0,1629349.68,0,0.0,0,-1629349.68,,,,,,,
evm,01-data/import_templates/activity_master.csv,240,The Big -P.01-UP-20-April-26,E-SUB-B04-1ST-1010,Submittal for Stairs Conc. Dim.  & RFT DWGs (B04) (1st),17-May-26,0.0,0.0,0.0,0.0,0,0.0,0,0.0,,,,,,,
evm,01-data/import_templates/activity_master.csv,66,The Big -P.01-UP-20-April-26,E-SUB-B02-2ND-1010,Submittal for Stairs Conc. Dim.  & RFT DWGs (B02) (2nd),17-May-26,0.0,0.0,0.0,0.0,0,0.0,0,0.0,,,,,,,
evm,01-data/import_templates/activity_master.csv,115,The Big -P.01-UP-20-April-26,CON-EW-B04-1010,Soil Compaction Test (B04),17-May-26,201411.27,201411.27,201411.27,201411.27,1,1.0,0,0.0,,,,,,,
evm,01-data/import_templates/activity_master.csv,392,The Big -P.01-UP-20-April-26,AB-SUB-B02-FOOT-1010,Submittal for RC Raft & Footings Conc. Dim. DWGs As-Built Drawing  (B02) (footing),17-May-26,0.0,0.0,0.0,0.0,0,0.0,0,0.0,,,,,,,
evm,01-data/import_templates/activity_master.csv,441,The Big -P.01-UP-20-April-26,E-SUB-B03-2ND-1030,Submittal for Slabs Conc. Dim.  & RFT DWGs (B03) (2nd),17-May-26,0.0,0.0,0.0,0.0,0,0.0,0,0.0,,,,,,,
evm,01-data/import_templates/activity_master.csv,170,The Big -P.01-UP-20-April-26,E-SUB-B03-3RD-1000,Submittal for Col. & Walls Conc. Dim.  & RFT DWGs (B03) (3rd),17-May-26,0.0,0.0,0.0,0.0,0,0.0,0,0.0,,,,,,,
evm,01-data/import_templates/activity_master.csv,448,The Big -P.01-UP-20-April-26,E-SUB-B01-2ND-1030,Submittal for Slabs Conc. Dim.  & RFT DWGs (B01) (2nd),17-May-26,0.0,0.0,0.0,0.0,0,0.0,0,0.0,,,,,,,
evm,01-data/import_templates/activity_master.csv,198,The Big -P.01-UP-20-April-26,E-SUB-B01-3RD-1000,Submittal for Col. & Walls Conc. Dim.  & RFT DWGs (B01) (3rd),17-May-26,0.0,0.0,0.0,0.0,0,0.0,0,0.0,,,,,,,
evm,01-data/import_templates/activity_master.csv,288,The Big -P.01-UP-20-April-26,CON-B02-FOOT-1080,Pouring Columns & Walls Below SOG (B01) (footing),17-May-26,171607.8,171607.8,171607.8,171607.8,1,1.0,0,0.0,,,,,,,
evm,01-data/import_templates/activity_master.csv,189,The Big -P.01-UP-20-April-26,CON-B02-FOOT-1090,Pouring for RC Raft & Footings (B02) (footing),17-May-26,5301272.91,5301272.91,5301272.91,5301272.91,1,1.0,0,0.0,,,,,,,
evm,01-data/import_templates/activity_master.csv,152,The Big -P.01-UP-20-April-26,CON-B03-FOOT-1030,Waterproofing & Ins. Protection works (B03) (footing),17-May-26,860385.35,860385.35,860385.35,860385.35,1,1.0,0,0.0,,,,,,,
evm,01-data/import_templates/activity_master.csv,257,The Big -P.01-UP-20-April-26,E-APP-B01-1ST-1000,Approval for Col. & Walls Conc. Dim.  & RFT DWGs (B01) (1st),17-May-26,0.0,0.0,0.0,0.0,0,0.0,0,0.0,,,,,,,
evm,01-data/import_templates/activity_master.csv,310,The Big -P.01-UP-20-April-26,E-APP-B04-BAS01-1030,Approval for Beams Conc. Dim.  & RFT DWGs (B04) (Bas 01),17-May-26,0.0,0.0,0.0,0.0,0,0.0,0,0.0,,,,,,,
evm,01-data/import_templates/activity_master.csv,573,The Big -P.01-UP-20-April-26,E-APP-B03-GR-1030,Approval for Slabs Conc. Dim.  & RFT DWGs  (B03) (GF),17-May-26,0.0,0.0,0.0,0.0,0,0.0,0,0.0,,,,,,,
evm,01-data/import_templates/activity_master.csv,178,The Big -P.01-UP-20-April-26,E-APP-B03-1ST-1000,Approval for Col. & Walls Conc. Dim.  & RFT DWGs  (B03) (1st),17-May-26,0.0,0.0,0.0,0.0,0,0.0,0,0.0,,,,,,,
evm,01-data/import_templates/activity_master.csv,354,The Big -P.01-UP-20-April-26,E-SUB-B04-1ST-1020,Submittal for Beams Conc. Dim.  & RFT DWGs (B04) (1st),17-May-26,0.0,0.0,0.0,0.0,0,0.0,0,0.0,,,,,,,
evm,01-data/import_templates/activity_master.csv,367,The Big -P.01-UP-20-April-26,E-SUB-B02-2ND-1020,Submittal for Beams Conc. Dim.  & RFT DWGs (B02) (2nd),17-May-26,0.0,0.0,0.0,0.0,0,0.0,0,0.0,,,,,,,
evm,01-data/import_templates/activity_master.csv,329,The Big -P.01-UP-20-April-26,CON-B02-FOOT-1100,Curing & Deshuttering for RC Raft & Footings (B02) (footing),17-May-26,0.0,0.0,0.0,0.0,0,0.0,0,0.0,,,,,,,
evm,01-data/import_templates/activity_master.csv,478,The Big -P.01-UP-20-April-26,CON-B04-WT-1170,Pouring for Top Slab (B04) (Water Tank),17-May-26,491893.92,0.0,0.0,491893.92,0,0.0,0,-491893.92,,,,,,,
evm,01-data/import_templates/activity_master.csv,250,The Big -P.01-UP-20-April-26,E-SUB-B03-3RD-1010,Submittal for Stairs Conc. Dim.  & RFT DWGs (B03) (3rd),17-May-26,0.0,0.0,0.0,0.0,0,0.0,0,0.0,,,,,,,
evm,01-data/import_templates/activity_master.csv,91,The Big -P.01-UP-20-April-26,E-SUB-B01-3RD-1010,Submittal for Stairs Conc. Dim.  & RFT DWGs (B01) (3rd),17-May-26,0.0,0.0,0.0,0.0,0,0.0,0,0.0,,,,,,,
evm,01-data/import_templates/activity_master.csv,412,The Big -P.01-UP-20-April-26,AB-SUB-B02-FOOT-1020,Submittal for RC Raft & Footings RFT DWGs As-Built Drawing (B02) (footing),17-May-26,0.0,0.0,0.0,0.0,0,0.0,0,0.0,,,,,,,
evm,01-data/import_templates/activity_master.csv,183,The Big -P.01-UP-20-April-26,CON-B03-FOOT-1040,Shuttering for RC Raft & Footings (B03) (footing),17-May-26,2877739.56,2877739.56,2877739.56,2877739.56,1,1.0,0,0.0,,,,,,,
evm,01-data/import_templates/activity_master.csv,480,The Big -P.01-UP-20-April-26,CON-B04-WT-1180,Curing & Desmantling Formwork for Top Slab (B04) (Water Tank),17-May-26,0.0,0.0,0.0,0.0,0,0.0,0,0.0,,,,,,,
evm,01-data/import_templates/activity_master.csv,225,The Big -P.01-UP-20-April-26,E-APP-B01-1ST-1010,Approval for Stairs Conc. Dim.  & RFT DWGs (B01) (1st),17-May-26,0.0,0.0,0.0,0.0,0,0.0,0,0.0,,,,,,,
evm,01-data/import_templates/activity_master.csv,323,The Big -P.01-UP-20-April-26,E-APP-B04-BAS01-1040,Approval for Slabs Conc. Dim.  & RFT DWGs (B04) (Bas 01),17-May-26,0.0,0.0,0.0,0.0,0,0.0,0,0.0,,,,,,,
evm,01-data/import_templates/activity_master.csv,281,The Big -P.01-UP-20-April-26,E-APP-B03-1ST-1010,Approval for Stairs Conc. Dim.  & RFT DWGs  (B03) (1st),17-May-26,0.0,0.0,0.0,0.0,0,0.0,0,0.0,,,,,,,
evm,01-data/import_templates/activity_master.csv,481,The Big -P.01-UP-20-April-26,AB-SUB-B04-WT-1040,Submittal for Slabs DWGs As-Built Drawing (B04) (Water Tank),17-May-26,0.0,0.0,0.0,0.0,0,0.0,0,0.0,,,,,,,
evm,01-data/import_templates/activity_master.csv,641,The Big -P.01-UP-20-April-26,CON-B02-FOOT-1110,Bitumen Ins. for RC Raft & Footings (B02) (footing),17-May-26,126906.9,0.0,0.0,126906.9,0,0.0,0,-126906.9,,,,,,,
evm,01-data/import_templates/activity_master.csv,185,The Big -P.01-UP-20-April-26,CON-B03-FOOT-1050,RFT for RC Raft & Footings (B03) (footing),17-May-26,7996512.12,7996512.12,7996512.12,7996512.12,1,1.0,0,0.0,,,,,,,
evm,01-data/import_templates/activity_master.csv,344,The Big -P.01-UP-20-April-26,CON-B02-BAS02-1000,"Scaffolding works for Walls, Col. & Cores (B02) (Bas 02)",17-May-26,0.0,0.0,0.0,0.0,0,0.0,0,0.0,,,,,,,
evm,01-data/import_templates/activity_master.csv,345,The Big -P.01-UP-20-April-26,CON-B02-BAS02-1010,"RFT for Walls, Col. & Cores (B02) (Bas 02)",17-May-26,856371.15,856371.15,856371.15,856371.15,1,1.0,0,0.0,,,,,,,
evm,01-data/import_templates/activity_master.csv,432,The Big -P.01-UP-20-April-26,E-SUB-B04-1ST-1030,Submittal for Slabs Conc. Dim.  & RFT DWGs (B04) (1st),17-May-26,0.0,0.0,0.0,0.0,0,0.0,0,0.0,,,,,,,
evm,01-data/import_templates/activity_master.csv,445,The Big -P.01-UP-20-April-26,E-SUB-B02-2ND-1030,Submittal for Slabs Conc. Dim.  & RFT DWGs (B02) (2nd),17-May-26,0.0,0.0,0.0,0.0,0,0.0,0,0.0,,,,,,,
evm,01-data/import_templates/activity_master.csv,217,The Big -P.01-UP-20-April-26,E-APP-B02-1ST-1000,Approval for Col. & Walls Conc. Dim.  & RFT DWGs (B02) (1st),17-May-26,0.0,0.0,0.0,0.0,0,0.0,0,0.0,,,,,,,
evm,01-data/import_templates/activity_master.csv,271,The Big -P.01-UP-20-April-26,E-APP-B04-GR-1000,Approval for Col. & Walls Conc. Dim.  & RFT DWGs (B04) (GF),17-May-26,0.0,0.0,0.0,0.0,0,0.0,0,0.0,,,,,,,
evm,01-data/import_templates/activity_master.csv,500,The Big -P.01-UP-20-April-26,AB-APP-B01-FOOT-1020,Approval for RC Raft & Footings Conc. Dim. DWGs As-Built Drawing (B01),17-May-26,0.0,0.0,0.0,0.0,0,0.0,0,0.0,,,,,,,
evm,01-data/import_templates/activity_master.csv,501,The Big -P.01-UP-20-April-26,AB-APP-B01-FOOT-1030,Approval for RC Raft & Footings RFT DWGs As-Built Drawing (B01),17-May-26,0.0,0.0,0.0,0.0,0,0.0,0,0.0,,,,,,,
evm,01-data/import_templates/activity_master.csv,404,The Big -P.01-UP-20-April-26,P-MPOS-1080,P.O for Rebar Patch#3  (Basement 1),17-May-26,0.0,0.0,0.0,0.0,0,0.0,0,0.0,,,,,,,
evm,01-data/import_templates/activity_master.csv,134,The Big -P.01-UP-20-April-26,CON-B04-FOOT-1000,Shuttering for PC Raft (B04) (footing),17-May-26,606042.0,606042.0,606042.0,606042.0,1,1.0,0,0.0,,,,,,,
evm,01-data/import_templates/activity_master.csv,364,The Big -P.01-UP-20-April-26,E-SUB-B03-3RD-1020,Submittal for Beams Conc. Dim.  & RFT DWGs (B03) (3rd),17-May-26,0.0,0.0,0.0,0.0,0,0.0,0,0.0,,,,,,,
evm,01-data/import_templates/activity_master.csv,372,The Big -P.01-UP-20-April-26,E-SUB-B01-3RD-1020,Submittal for Beams Conc. Dim.  & RFT DWGs (B01) (3rd),17-May-26,0.0,0.0,0.0,0.0,0,0.0,0,0.0,,,,,,,
evm,01-data/import_templates/activity_master.csv,401,The Big -P.01-UP-20-April-26,AB-SUB-B04-REP-1000,Submittal for General Replacement Plan & Typical Sections for Replacement / Backfilling DWGs As-Built Drawing (B04),17-May-26,0.0,0.0,0.0,0.0,0,0.0,0,0.0,,,,,,,
evm,01-data/import_templates/activity_master.csv,147,The Big -P.01-UP-20-April-26,CON-B04-FOOT-1010,Pouring for PC Raft (B04) (footing),17-May-26,1414098.0,1414098.0,1414098.0,1414098.0,1,1.0,0,0.0,,,,,,,
evm,01-data/import_templates/activity_master.csv,525,The Big -P.01-UP-20-April-26,E-APP-B01-1ST-1020,Approval for Beams Conc. Dim.  & RFT DWGs (B01) (1st),17-May-26,0.0,0.0,0.0,0.0,0,0.0,0,0.0,,,,,,,
evm,01-data/import_templates/activity_master.csv,545,The Big -P.01-UP-20-April-26,E-APP-B03-1ST-1020,Approval for Beams Conc. Dim.  & RFT DWGs  (B03) (1st),17-May-26,0.0,0.0,0.0,0.0,0,0.0,0,0.0,,,,,,,
evm,01-data/import_templates/activity_master.csv,514,The Big -P.01-UP-20-April-26,AB-APP-B04-WT-1030,Approval for Col. & Walls DWGs As-Built Drawing (B04) (Water Tank),17-May-26,0.0,0.0,0.0,0.0,0,0.0,0,0.0,,,,,,,
evm,01-data/import_templates/activity_master.csv,149,The Big -P.01-UP-20-April-26,CON-B04-FOOT-1020,Curing for PC Raft (B04) (footing),17-May-26,0.0,0.0,0.0,0.0,0,0.0,0,0.0,,,,,,,
evm,01-data/import_templates/activity_master.csv,658,The Big -P.01-UP-20-April-26,CON-B02-FOOT-1120,Soil Backfilling (B02) (footing),17-May-26,300970.72,0.0,0.0,300970.72,0,0.0,0,-300970.72,,,,,,,
evm,01-data/import_templates/activity_master.csv,346,The Big -P.01-UP-20-April-26,CON-B02-BAS02-1020,"Shuttering for Walls, Col. & Cores (B02) (Bas 02)",17-May-26,125115.8,125115.8,125115.8,125115.8,1,1.0,0,0.0,,,,,,,
evm,01-data/import_templates/activity_master.csv,161,The Big -P.01-UP-20-April-26,E-SUB-B04-2ND-1000,Submittal for Col. & Walls Conc. Dim.  & RFT DWGs (B04) (2nd),17-May-26,0.0,0.0,0.0,0.0,0,0.0,0,0.0,,,,,,,
evm,01-data/import_templates/activity_master.csv,218,The Big -P.01-UP-20-April-26,E-APP-B02-1ST-1010,Approval for Stairs Conc. Dim.  & RFT DWGs (B02) (1st),17-May-26,0.0,0.0,0.0,0.0,0,0.0,0,0.0,,,,,,,
evm,01-data/import_templates/activity_master.csv,291,The Big -P.01-UP-20-April-26,E-APP-B04-GR-1010,Approval for Stairs Conc. Dim.  & RFT DWGs (B04) (GF),17-May-26,0.0,0.0,0.0,0.0,0,0.0,0,0.0,,,,,,,
evm,01-data/import_templates/activity_master.csv,395,The Big -P.01-UP-20-April-26,AB-SUB-B04-FOOT-1000,Submittal for PC Raft Conc. Dim. DWGs As-Built Drawing (B04) (footing),17-May-26,0.0,0.0,0.0,0.0,0,0.0,0,0.0,,,,,,,
evm,01-data/import_templates/activity_master.csv,497,The Big -P.01-UP-20-April-26,AB-APP-B03-REP-1000,Approval for General Replacement Plan & Typical Sections for Replacement / Backfilling DWGs As-Built Drawing (B03),17-May-26,0.0,0.0,0.0,0.0,0,0.0,0,0.0,,,,,,,
evm,01-data/import_templates/activity_master.csv,665,The Big -P.01-UP-20-April-26,AB-SUB-B02-FOOT-1030,Submittal for  Waterproofing Layout Plan DWGs As-Built Drawing (B02),17-May-26,0.0,0.0,0.0,0.0,0,0.0,0,0.0,,,,,,,
evm,01-data/import_templates/activity_master.csv,190,The Big -P.01-UP-20-April-26,CON-B03-FOOT-1060,Shuttering for Columns & Walls Below SOG (B01) (footing),17-May-26,44307.9,44307.9,44307.9,44307.9,1,1.0,0,0.0,,,,,,,
evm,01-data/import_templates/activity_master.csv,507,The Big -P.01-UP-20-April-26,CON-B04-WT-1190,Clearing Surface & Insulation for Inner Side (B04) (Water Tank),17-May-26,283500.0,0.0,0.0,283500.0,0,0.0,0,-283500.0,,,,,,,
evm,01-data/import_templates/activity_master.csv,442,The Big -P.01-UP-20-April-26,E-SUB-B03-3RD-1030,Submittal for Slabs Conc. Dim.  & RFT DWGs (B03) (3rd),17-May-26,0.0,0.0,0.0,0.0,0,0.0,0,0.0,,,,,,,
evm,01-data/import_templates/activity_master.csv,449,The Big -P.01-UP-20-April-26,E-SUB-B01-3RD-1030,Submittal for Slabs Conc. Dim.  & RFT DWGs (B01) (3rd),17-May-26,0.0,0.0,0.0,0.0,0,0.0,0,0.0,,,,,,,
evm,01-data/import_templates/activity_master.csv,555,The Big -P.01-UP-20-April-26,E-APP-B01-1ST-1030,Approval for Slabs Conc. Dim.  & RFT DWGs (B01) (1st),17-May-26,0.0,0.0,0.0,0.0,0,0.0,0,0.0,,,,,,,
evm,01-data/import_templates/activity_master.csv,258,The Big -P.01-UP-20-April-26,E-APP-B01-2ND-1000,Approval for Col. & Walls Conc. Dim.  & RFT DWGs (B01) (2nd),17-May-26,0.0,0.0,0.0,0.0,0,0.0,0,0.0,,,,,,,
evm,01-data/import_templates/activity_master.csv,179,The Big -P.01-UP-20-April-26,E-APP-B03-2ND-1000,Approval for Col. & Walls Conc. Dim.  & RFT DWGs  (B03) (2nd),17-May-26,0.0,0.0,0.0,0.0,0,0.0,0,0.0,,,,,,,
evm,01-data/import_templates/activity_master.csv,151,The Big -P.01-UP-20-April-26,CON-B04-FOOT-1030,Waterproofing & Ins. Protection works (B04) (footing),17-May-26,1133534.97,1133534.97,1133534.97,1133534.97,1,1.0,0,0.0,,,,,,,
evm,01-data/import_templates/activity_master.csv,582,The Big -P.01-UP-20-April-26,E-APP-B03-1ST-1030,Approval for Slabs Conc. Dim.  & RFT DWGs  (B03) (1st),17-May-26,0.0,0.0,0.0,0.0,0,0.0,0,0.0,,,,,,,
evm,01-data/import_templates/activity_master.csv,490,The Big -P.01-UP-20-April-26,AB-APP-B03-FOOT-1000,Approval for PC Raft Conc. Dim. DWGs As-Built Drawing (B03) (footing),17-May-26,0.0,0.0,0.0,0.0,0,0.0,0,0.0,,,,,,,
evm,01-data/import_templates/activity_master.csv,191,The Big -P.01-UP-20-April-26,CON-B03-FOOT-1070,RFT for Columns & Walls Below SOG (B03) (footing),17-May-26,59377.83,59377.83,59377.83,59377.83,1,1.0,0,0.0,,,,,,,
evm,01-data/import_templates/activity_master.csv,468,The Big -P.01-UP-20-April-26,P-MDEL-1160,Delivery for Rebar Patch#3  (Basement 1),17-May-26,0.0,0.0,0.0,0.0,0,0.0,0,0.0,,,,,,,
evm,01-data/import_templates/activity_master.csv,241,The Big -P.01-UP-20-April-26,E-SUB-B04-2ND-1010,Submittal for Stairs Conc. Dim.  & RFT DWGs (B04) (2nd),17-May-26,0.0,0.0,0.0,0.0,0,0.0,0,0.0,,,,,,,
evm,01-data/import_templates/activity_master.csv,521,The Big -P.01-UP-20-April-26,E-APP-B02-1ST-1020,Approval for Beams Conc. Dim.  & RFT DWGs (B02) (1st),17-May-26,0.0,0.0,0.0,0.0,0,0.0,0,0.0,,,,,,,
evm,01-data/import_templates/activity_master.csv,535,The Big -P.01-UP-20-April-26,E-APP-B04-GR-1020,Approval for Beams Conc. Dim.  & RFT DWGs (B04) (GF),17-May-26,0.0,0.0,0.0,0.0,0,0.0,0,0.0,,,,,,,
evm,01-data/import_templates/activity_master.csv,489,The Big -P.01-UP-20-April-26,AB-APP-B02-FOOT-1010,Approval for RC Raft & Footings Conc. Dim. DWGs As-Built Drawing (B02) (footing),17-May-26,0.0,0.0,0.0,0.0,0,0.0,0,0.0,,,,,,,
evm,01-data/import_templates/activity_master.csv,334,The Big -P.01-UP-20-April-26,CON-B04-FOOT-1040,Shuttering for RC Raft & Footings (B04) (footing),17-May-26,4333635.39,2816863.0,2816863.0,4333635.39,1,0.65,0,-1516772.39,,,,,,,
evm,01-data/import_templates/activity_master.csv,76,The Big -P.01-UP-20-April-26,E-SUB-B02-3RD-1000,Submittal for Col. & Walls Conc. Dim.  & RFT DWGs (B02) (3rd),17-May-26,0.0,0.0,0.0,0.0,0,0.0,0,0.0,,,,,,,
evm,01-data/import_templates/activity_master.csv,199,The Big -P.01-UP-20-April-26,E-SUB-B01-4TH-1000,Submittal for Col. & Walls Conc. Dim.  & RFT DWGs (B01) (4th),17-May-26,0.0,0.0,0.0,0.0,0,0.0,0,0.0,,,,,,,
evm,01-data/import_templates/activity_master.csv,226,The Big -P.01-UP-20-April-26,E-APP-B01-2ND-1010,Approval for Stairs Conc. Dim.  & RFT DWGs (B01) (2nd),17-May-26,0.0,0.0,0.0,0.0,0,0.0,0,0.0,,,,,,,
evm,01-data/import_templates/activity_master.csv,282,The Big -P.01-UP-20-April-26,E-APP-B03-2ND-1010,Approval for Stairs Conc. Dim.  & RFT DWGs  (B03) (2nd),17-May-26,0.0,0.0,0.0,0.0,0,0.0,0,0.0,,,,,,,
evm,01-data/import_templates/activity_master.csv,335,The Big -P.01-UP-20-April-26,CON-B04-FOOT-1050,RFT for RC Raft & Footings (B04) (footing),17-May-26,12042079.29,7827351.54,7827351.54,12042079.29,1,0.65,0,-4214727.75,,,,,,,
evm,01-data/import_templates/activity_master.csv,590,The Big -P.01-UP-20-April-26,CON-B01-BAS02-1030,"Pouring for Walls, Col. & Cores (B01) (Bas 02)",17-May-26,2444024.52,0.0,0.0,2444024.52,0,0.0,0,-2444024.52,,,,,,,
evm,01-data/import_templates/activity_master.csv,355,The Big -P.01-UP-20-April-26,E-SUB-B04-2ND-1020,Submittal for Beams Conc. Dim.  & RFT DWGs (B04) (2nd),17-May-26,0.0,0.0,0.0,0.0,0,0.0,0,0.0,,,,,,,
evm,01-data/import_templates/activity_master.csv,560,The Big -P.01-UP-20-April-26,E-APP-B02-1ST-1030,Approval for Slabs Conc. Dim.  & RFT DWGs (B02) (1st),17-May-26,0.0,0.0,0.0,0.0,0,0.0,0,0.0,,,,,,,
evm,01-data/import_templates/activity_master.csv,219,The Big -P.01-UP-20-April-26,E-APP-B02-2ND-1000,Approval for Col. & Walls Conc. Dim.  & RFT DWGs (B02) (2nd),17-May-26,0.0,0.0,0.0,0.0,0,0.0,0,0.0,,,,,,,
evm,01-data/import_templates/activity_master.csv,572,The Big -P.01-UP-20-April-26,E-APP-B04-GR-1030,Approval for Slabs Conc. Dim.  & RFT DWGs (B04) (GF),17-May-26,0.0,0.0,0.0,0.0,0,0.0,0,0.0,,,,,,,
evm,01-data/import_templates/activity_master.csv,273,The Big -P.01-UP-20-April-26,E-APP-B04-1ST-1000,Approval for Col. & Walls Conc. Dim.  & RFT DWGs (B04) (1st),17-May-26,0.0,0.0,0.0,0.0,0,0.0,0,0.0,,,,,,,
evm,01-data/import_templates/activity_master.csv,394,The Big -P.01-UP-20-April-26,AB-SUB-B03-FOOT-1010,Submittal for RC Raft & Footings Conc. Dim. DWGs As-Built Drawing (B03) (footing),17-May-26,0.0,0.0,0.0,0.0,0,0.0,0,0.0,,,,,,,
evm,01-data/import_templates/activity_master.csv,188,The Big -P.01-UP-20-April-26,CON-B03-FOOT-1080,Pouring for RC Raft & Footings (B03) (footing),17-May-26,6714725.63,6714725.63,6714725.63,6714725.63,1,1.0,0,0.0,,,,,,,
evm,01-data/import_templates/activity_master.csv,67,The Big -P.01-UP-20-April-26,E-SUB-B02-3RD-1010,Submittal for Stairs Conc. Dim.  & RFT DWGs (B02) (3rd),17-May-26,0.0,0.0,0.0,0.0,0,0.0,0,0.0,,,,,,,
evm,01-data/import_templates/activity_master.csv,92,The Big -P.01-UP-20-April-26,E-SUB-B01-4TH-1010,Submittal for Stairs Conc. Dim.  & RFT DWGs (B01) (4th),17-May-26,0.0,0.0,0.0,0.0,0,0.0,0,0.0,,,,,,,
evm,01-data/import_templates/activity_master.csv,526,The Big -P.01-UP-20-April-26,E-APP-B01-2ND-1020,Approval for Beams Conc. Dim.  & RFT DWGs (B01) (2nd),17-May-26,0.0,0.0,0.0,0.0,0,0.0,0,0.0,,,,,,,
evm,01-data/import_templates/activity_master.csv,546,The Big -P.01-UP-20-April-26,E-APP-B03-2ND-1020,Approval for Beams Conc. Dim.  & RFT DWGs  (B03) (2nd),17-May-26,0.0,0.0,0.0,0.0,0,0.0,0,0.0,,,,,,,
evm,01-data/import_templates/activity_master.csv,502,The Big -P.01-UP-20-April-26,AB-APP-B02-FOOT-1020,Approval for RC Raft & Footings RFT DWGs As-Built Drawing (B02) (footing),17-May-26,0.0,0.0,0.0,0.0,0,0.0,0,0.0,,,,,,,
evm,01-data/import_templates/activity_master.csv,327,The Big -P.01-UP-20-April-26,CON-B03-FOOT-1090,Pouring Columns & Walls Below SOG (B01) (footing),17-May-26,103385.1,103385.1,103385.1,103385.1,1,1.0,0,0.0,,,,,,,
evm,01-data/import_templates/activity_master.csv,409,The Big -P.01-UP-20-April-26,CON-B03-FOOT-1100,Curing & Deshuttering for RC Raft & Footings (B03) (footing),17-May-26,0.0,0.0,0.0,0.0,0,0.0,0,0.0,,,,,,,
evm,01-data/import_templates/activity_master.csv,595,The Big -P.01-UP-20-April-26,CON-B01-BAS02-1040,Shuttering for Slabs & Beams (B01) (Bas 02),17-May-26,2150349.87,0.0,0.0,2150349.87,0,0.0,0,-2150349.87,,,,,,,
evm,01-data/import_templates/activity_master.csv,171,The Big -P.01-UP-20-April-26,E-SUB-B03-4TH-1000,Submittal for Col. & Walls Conc. Dim.  & RFT DWGs (B03) (4th),17-May-26,0.0,0.0,0.0,0.0,0,0.0,0,0.0,,,,,,,
evm,01-data/import_templates/activity_master.csv,413,The Big -P.01-UP-20-April-26,AB-SUB-B03-FOOT-1020,Submittal for RC Raft & Footings RFT DWGs As-Built Drawing (B03) (footing),17-May-26,0.0,0.0,0.0,0.0,0,0.0,0,0.0,,,,,,,
evm,01-data/import_templates/activity_master.csv,596,The Big -P.01-UP-20-April-26,AB-SUB-B01-BAS2-1000,Submittal for Col. & Walls Conc. Dim.  & RFT DWGs As-Built Drawing (B01) (Bas 02),17-May-26,0.0,0.0,0.0,0.0,0,0.0,0,0.0,,,,,,,
evm,01-data/import_templates/activity_master.csv,594,The Big -P.01-UP-20-April-26,AB-APP-B04-WT-1040,Approval for Slabs DWGs As-Built Drawing (B04) (Water Tank),17-May-26,0.0,0.0,0.0,0.0,0,0.0,0,0.0,,,,,,,
evm,01-data/import_templates/activity_master.csv,433,The Big -P.01-UP-20-April-26,E-SUB-B04-2ND-1030,Submittal for Slabs Conc. Dim.  & RFT DWGs (B04) (2nd),17-May-26,0.0,0.0,0.0,0.0,0,0.0,0,0.0,,,,,,,
evm,01-data/import_templates/activity_master.csv,220,The Big -P.01-UP-20-April-26,E-APP-B02-2ND-1010,Approval for Stairs Conc. Dim.  & RFT DWGs (B02) (2nd),17-May-26,0.0,0.0,0.0,0.0,0,0.0,0,0.0,,,,,,,
evm,01-data/import_templates/activity_master.csv,292,The Big -P.01-UP-20-April-26,E-APP-B04-1ST-1010,Approval for Stairs Conc. Dim.  & RFT DWGs (B04) (1st),17-May-26,0.0,0.0,0.0,0.0,0,0.0,0,0.0,,,,,,,
evm,01-data/import_templates/activity_master.csv,336,The Big -P.01-UP-20-April-26,CON-B04-FOOT-1060,Shuttering for Columns & Walls Below SOG (B01) (footing),17-May-26,95249.7,61912.31,61912.31,95249.7,1,0.65,0,-33337.39,,,,,,,
evm,01-data/import_templates/activity_master.csv,603,The Big -P.01-UP-20-April-26,CON-B01-BAS02-1050,Shuttering for Stairs  (B01) (Bas 02),17-May-26,16099.2,0.0,0.0,16099.2,0,0.0,0,-16099.2,,,,,,,
evm,01-data/import_templates/activity_master.csv,368,The Big -P.01-UP-20-April-26,E-SUB-B02-3RD-1020,Submittal for Beams Conc. Dim.  & RFT DWGs (B02) (3rd),17-May-26,0.0,0.0,0.0,0.0,0,0.0,0,0.0,,,,,,,
evm,01-data/import_templates/activity_master.csv,373,The Big -P.01-UP-20-April-26,E-SUB-B01-4TH-1020,Submittal for Beams Conc. Dim.  & RFT DWGs (B01) (4th),17-May-26,0.0,0.0,0.0,0.0,0,0.0,0,0.0,,,,,,,
evm,01-data/import_templates/activity_master.csv,564,The Big -P.01-UP-20-April-26,E-APP-B01-2ND-1030,Approval for Slabs Conc. Dim.  & RFT DWGs (B01) (2nd),17-May-26,0.0,0.0,0.0,0.0,0,0.0,0,0.0,,,,,,,
evm,01-data/import_templates/activity_master.csv,259,The Big -P.01-UP-20-April-26,E-APP-B01-3ED-1000,Approval for Col. & Walls Conc. Dim.  & RFT DWGs (B01) (3rd),17-May-26,0.0,0.0,0.0,0.0,0,0.0,0,0.0,,,,,,,
evm,01-data/import_templates/activity_master.csv,583,The Big -P.01-UP-20-April-26,E-APP-B03-2ND-1030,Approval for Slabs Conc. Dim.  & RFT DWGs  (B03) (2nd),17-May-26,0.0,0.0,0.0,0.0,0,0.0,0,0.0,,,,,,,
evm,01-data/import_templates/activity_master.csv,180,The Big -P.01-UP-20-April-26,E-APP-B03-3RD-1000,Approval for Col. & Walls Conc. Dim.  & RFT DWGs  (B03) (3rd),17-May-26,0.0,0.0,0.0,0.0,0,0.0,0,0.0,,,,,,,
evm,01-data/import_templates/activity_master.csv,604,The Big -P.01-UP-20-April-26,CON-B01-BAS02-1060,Shuttering for  Ramps (B01) (Bas 02),17-May-26,527474.8,0.0,0.0,527474.8,0,0.0,0,-527474.8,,,,,,,
evm,01-data/import_templates/activity_master.csv,498,The Big -P.01-UP-20-April-26,AB-APP-B04-REP-1000,Approval for General Replacement Plan & Typical Sections for Replacement / Backfilling DWGs As-Built Drawing (B04),17-May-26,0.0,0.0,0.0,0.0,0,0.0,0,0.0,,,,,,,
evm,01-data/import_templates/activity_master.csv,337,The Big -P.01-UP-20-April-26,CON-B04-FOOT-1070,RFT for Columns & Walls Below SOG (B04) (footing),17-May-26,127645.88,82969.82,82969.82,127645.88,1,0.65,0,-44676.06,,,,,,,
evm,01-data/import_templates/activity_master.csv,643,The Big -P.01-UP-20-April-26,CON-B03-FOOT-1110,Bitumen Ins. for RC Raft & Footings (B03) (footing),17-May-26,137661.66,0.0,0.0,137661.66,0,0.0,0,-137661.66,,,,,,,
evm,01-data/import_templates/activity_master.csv,610,The Big -P.01-UP-20-April-26,CON-B01-BAS02-1070,RFT for Slabs & Beams (B01) (Bas 02),17-May-26,3160336.76,0.0,0.0,3160336.76,0,0.0,0,-3160336.76,,,,,,,
evm,01-data/import_templates/activity_master.csv,303,The Big -P.01-UP-20-April-26,CON-B03-BAS02-1000,"Scaffolding works for Walls, Col. & Cores (B03) (Bas 02)",17-May-26,0.0,0.0,0.0,0.0,0,0.0,0,0.0,,,,,,,
evm,01-data/import_templates/activity_master.csv,328,The Big -P.01-UP-20-April-26,CON-B03-BAS02-1010,"RFT for Walls, Col. & Cores (B03) (Bas 02)",17-May-26,1145012.81,1145012.81,1145012.81,1145012.81,1,1.0,0,0.0,,,,,,,
evm,01-data/import_templates/activity_master.csv,251,The Big -P.01-UP-20-April-26,E-SUB-B03-4TH-1010,Submittal for Stairs Conc. Dim.  & RFT DWGs (B03) (4th),17-May-26,0.0,0.0,0.0,0.0,0,0.0,0,0.0,,,,,,,
evm,01-data/import_templates/activity_master.csv,613,The Big -P.01-UP-20-April-26,CON-B01-BAS02-1080,RFT for Stairs (B01) (Bas 02),17-May-26,32613.8,0.0,0.0,32613.8,0,0.0,0,-32613.8,,,,,,,
evm,01-data/import_templates/activity_master.csv,349,The Big -P.01-UP-20-April-26,CON-B02-BAS02-1030,"Pouring for Walls, Col. & Cores (B02) (Bas 02)",17-May-26,187673.71,187673.71,187673.71,187673.71,1,1.0,0,0.0,,,,,,,
evm,01-data/import_templates/activity_master.csv,162,The Big -P.01-UP-20-April-26,E-SUB-B04-3RD-1000,Submittal for Col. & Walls Conc. Dim.  & RFT DWGs (B04) (3rd),17-May-26,0.0,0.0,0.0,0.0,0,0.0,0,0.0,,,,,,,
evm,01-data/import_templates/activity_master.csv,200,The Big -P.01-UP-20-April-26,E-SUB-B01-5TH-1000,Submittal for Col. & Walls Conc. Dim.  & RFT DWGs (B01) (5th),17-May-26,0.0,0.0,0.0,0.0,0,0.0,0,0.0,,,,,,,
evm,01-data/import_templates/activity_master.csv,522,The Big -P.01-UP-20-April-26,E-APP-B02-2ND-1020,Approval for Beams Conc. Dim.  & RFT DWGs (B02) (2nd),17-May-26,0.0,0.0,0.0,0.0,0,0.0,0,0.0,,,,,,,
evm,01-data/import_templates/activity_master.csv,537,The Big -P.01-UP-20-April-26,E-APP-B04-1ST-1020,Approval for Beams Conc. Dim.  & RFT DWGs (B04) (1st),17-May-26,0.0,0.0,0.0,0.0,0,0.0,0,0.0,,,,,,,
evm,01-data/import_templates/activity_master.csv,614,The Big -P.01-UP-20-April-26,CON-B01-BAS02-1090,RFT for Ramps (B01) (Bas 02),17-May-26,1075623.24,0.0,0.0,1075623.24,0,0.0,0,-1075623.24,,,,,,,
evm,01-data/import_templates/activity_master.csv,427,The Big -P.01-UP-20-April-26,AB-SUB-B04-FOOT-1010,Submittal for RC Raft & Footings Conc. Dim. DWGs As-Built Drawing (B04) (footing),17-May-26,0.0,0.0,0.0,0.0,0,0.0,0,0.0,,,,,,,
evm,01-data/import_templates/activity_master.csv,492,The Big -P.01-UP-20-April-26,AB-APP-B04-FOOT-1000,Approval for PC Raft Conc. Dim. Conc. Dim.  & RFT DWGs As-Built Drawing  (B04) (footing),17-May-26,0.0,0.0,0.0,0.0,0,0.0,0,0.0,,,,,,,
evm,01-data/import_templates/activity_master.csv,701,The Big -P.01-UP-20-April-26,AB-APP-B02-FOOT-1030,Approval for  Waterproofing Layout Plan DWGs As-Built Drawing  (B02),17-May-26,0.0,0.0,0.0,0.0,0,0.0,0,0.0,,,,,,,
evm,01-data/import_templates/activity_master.csv,338,The Big -P.01-UP-20-April-26,CON-B04-FOOT-1080,Pouring for RC Raft & Footings (B04) (footing),17-May-26,10111815.91,6572680.34,6572680.34,10111815.91,1,0.65,0,-3539135.57,,,,,,,
evm,01-data/import_templates/activity_master.csv,446,The Big -P.01-UP-20-April-26,E-SUB-B02-3RD-1030,Submittal for Slabs Conc. Dim.  & RFT DWGs (B02) (3rd),17-May-26,0.0,0.0,0.0,0.0,0,0.0,0,0.0,,,,,,,
evm,01-data/import_templates/activity_master.csv,450,The Big -P.01-UP-20-April-26,E-SUB-B01-4TH-1030,Submittal for Slabs Conc. Dim.  & RFT DWGs (B01) (4th),17-May-26,0.0,0.0,0.0,0.0,0,0.0,0,0.0,,,,,,,
evm,01-data/import_templates/activity_master.csv,227,The Big -P.01-UP-20-April-26,E-APP-B01-3ED-1010,Approval for Stairs Conc. Dim.  & RFT DWGs (B01) (3rd),17-May-26,0.0,0.0,0.0,0.0,0,0.0,0,0.0,,,,,,,
evm,01-data/import_templates/activity_master.csv,283,The Big -P.01-UP-20-April-26,E-APP-B03-3RD-1010,Approval for Stairs Conc. Dim.  & RFT DWGs  (B03) (3rd),17-May-26,0.0,0.0,0.0,0.0,0,0.0,0,0.0,,,,,,,
evm,01-data/import_templates/activity_master.csv,660,The Big -P.01-UP-20-April-26,CON-B03-FOOT-1120,Soil Backfilling (B03) (footing),17-May-26,381216.36,0.0,0.0,381216.36,0,0.0,0,-381216.36,,,,,,,
evm,01-data/import_templates/activity_master.csv,348,The Big -P.01-UP-20-April-26,CON-B02-BAS02-1040,Shuttering for Slabs & Beams (B02) (Bas 02),17-May-26,1971584.22,394316.84,394316.84,1971584.22,1,0.2,0,-1577267.38,,,,,,,
evm,01-data/import_templates/activity_master.csv,331,The Big -P.01-UP-20-April-26,CON-B03-BAS02-1020,"Shuttering for Walls, Col. & Cores (B03) (Bas 02)",17-May-26,928590.39,928590.39,928590.39,928590.39,1,1.0,0,0.0,,,,,,,
evm,01-data/import_templates/activity_master.csv,365,The Big -P.01-UP-20-April-26,E-SUB-B03-4TH-1020,Submittal for Beams Conc. Dim.  & RFT DWGs (B03) (4th),17-May-26,0.0,0.0,0.0,0.0,0,0.0,0,0.0,,,,,,,
evm,01-data/import_templates/activity_master.csv,424,The Big -P.01-UP-20-April-26,AB-SUB-B02-BAS2-1000,Submittal for Col. & Walls Conc. Dim.& RFT DWGs As-Built Drawing (B02) (Bas 02),17-May-26,0.0,0.0,0.0,0.0,0,0.0,0,0.0,,,,,,,
evm,01-data/import_templates/activity_master.csv,666,The Big -P.01-UP-20-April-26,AB-SUB-B03-FOOT-1030,Submittal for  Waterproofing Layout Plan DWGs As-Built Drawing (B03),17-May-26,0.0,0.0,0.0,0.0,0,0.0,0,0.0,,,,,,,
evm,01-data/import_templates/activity_master.csv,242,The Big -P.01-UP-20-April-26,E-SUB-B04-3RD-1010,Submittal for Stairs Conc. Dim.  & RFT DWGs (B04) (3rd),17-May-26,0.0,0.0,0.0,0.0,0,0.0,0,0.0,,,,,,,
evm,01-data/import_templates/activity_master.csv,93,The Big -P.01-UP-20-April-26,E-SUB-B01-5TH-1010,Submittal for Stairs Conc. Dim.  & RFT DWGs (B01) (5th),17-May-26,0.0,0.0,0.0,0.0,0,0.0,0,0.0,,,,,,,
evm,01-data/import_templates/activity_master.csv,561,The Big -P.01-UP-20-April-26,E-APP-B02-2ND-1030,Approval for Slabs Conc. Dim.  & RFT DWGs (B02) (2nd),17-May-26,0.0,0.0,0.0,0.0,0,0.0,0,0.0,,,,,,,
evm,01-data/import_templates/activity_master.csv,574,The Big -P.01-UP-20-April-26,E-APP-B04-1ST-1030,Approval for Slabs Conc. Dim.  & RFT DWGs (B04) (1st),17-May-26,0.0,0.0,0.0,0.0,0,0.0,0,0.0,,,,,,,
evm,01-data/import_templates/activity_master.csv,462,The Big -P.01-UP-20-April-26,AB-SUB-B04-FOOT-1020,Submittal for RC Raft & Footings RFT DWGs As-Built Drawing (B04) (footing),17-May-26,0.0,0.0,0.0,0.0,0,0.0,0,0.0,,,,,,,
evm,01-data/import_templates/activity_master.csv,417,The Big -P.01-UP-20-April-26,CON-B04-FOOT-1090,Pouring Columns & Walls Below SOG (B01) (footing),17-May-26,222249.3,0.0,0.0,222249.3,0,0.0,0,-222249.3,,,,,,,
evm,01-data/import_templates/activity_master.csv,461,The Big -P.01-UP-20-April-26,CON-B04-FOOT-1100,Curing & Deshuttering for RC Raft & Footings (B04) (footing),17-May-26,0.0,0.0,0.0,0.0,0,0.0,0,0.0,,,,,,,
evm,01-data/import_templates/activity_master.csv,421,The Big -P.01-UP-20-April-26,CON-B02-BAS02-1050,Shuttering for Stairs (B02) (Bas 02),17-May-26,16436.16,0.0,0.0,16436.16,0,0.0,0,-16436.16,,,,,,,
evm,01-data/import_templates/activity_master.csv,422,The Big -P.01-UP-20-April-26,CON-B02-BAS02-1060,RFT for Slabs & Beams (B02) (Bas 02),17-May-26,1930616.77,0.0,0.0,1930616.77,0,0.0,0,-1930616.77,,,,,,,
evm,01-data/import_templates/activity_master.csv,77,The Big -P.01-UP-20-April-26,E-SUB-B02-4TH-1000,Submittal for Col. & Walls Conc. Dim.  & RFT DWGs (B02) (4th),17-May-26,0.0,0.0,0.0,0.0,0,0.0,0,0.0,,,,,,,
evm,01-data/import_templates/activity_master.csv,527,The Big -P.01-UP-20-April-26,E-APP-B01-3ED-1020,Approval for Beams Conc. Dim.  & RFT DWGs (B01) (3rd),17-May-26,0.0,0.0,0.0,0.0,0,0.0,0,0.0,,,,,,,
evm,01-data/import_templates/activity_master.csv,547,The Big -P.01-UP-20-April-26,E-APP-B03-3RD-1020,Approval for Beams Conc. Dim.  & RFT DWGs  (B03) (3rd),17-May-26,0.0,0.0,0.0,0.0,0,0.0,0,0.0,,,,,,,
evm,01-data/import_templates/activity_master.csv,384,The Big -P.01-UP-20-April-26,E-SUB-B03-SOG-1000,Submittal for S.O.G Conc. Dim. DWGs (B03) (Sog),17-May-26,0.0,0.0,0.0,0.0,0,0.0,0,0.0,,,,,,,
evm,01-data/import_templates/activity_master.csv,443,The Big -P.01-UP-20-April-26,E-SUB-B03-4TH-1030,Submittal for Slabs Conc. Dim.  & RFT DWGs (B03) (4th),17-May-26,0.0,0.0,0.0,0.0,0,0.0,0,0.0,,,,,,,
evm,01-data/import_templates/activity_master.csv,642,The Big -P.01-UP-20-April-26,CON-B04-FOOT-1110,Bitumen Ins. for RC Raft & Footings (B04) (footing),17-May-26,181365.6,0.0,0.0,181365.6,0,0.0,0,-181365.6,,,,,,,
evm,01-data/import_templates/activity_master.csv,628,The Big -P.01-UP-20-April-26,CON-B01-BAS02-1100,Pouring for Stairs (B01) (Bas 02),17-May-26,24148.8,0.0,0.0,24148.8,0,0.0,0,-24148.8,,,,,,,
evm,01-data/import_templates/activity_master.csv,466,The Big -P.01-UP-20-April-26,CON-B02-BAS02-1070,RFT for Stairs  (B02) (Bas 02),17-May-26,30854.95,0.0,0.0,30854.95,0,0.0,0,-30854.95,,,,,,,
evm,01-data/import_templates/activity_master.csv,356,The Big -P.01-UP-20-April-26,E-SUB-B04-3RD-1020,Submittal for Beams Conc. Dim.  & RFT DWGs (B04) (3rd),17-May-26,0.0,0.0,0.0,0.0,0,0.0,0,0.0,,,,,,,
evm,01-data/import_templates/activity_master.csv,374,The Big -P.01-UP-20-April-26,E-SUB-B01-5TH-1020,Submittal for Beams Conc. Dim.  & RFT DWGs (B01) (5th),17-May-26,0.0,0.0,0.0,0.0,0,0.0,0,0.0,,,,,,,
evm,01-data/import_templates/activity_master.csv,274,The Big -P.01-UP-20-April-26,E-APP-B04-2ND-1000,Approval for Col. & Walls Conc. Dim.  & RFT DWGs (B04) (2nd),17-May-26,0.0,0.0,0.0,0.0,0,0.0,0,0.0,,,,,,,
evm,01-data/import_templates/activity_master.csv,469,The Big -P.01-UP-20-April-26,CON-B04-BAS02-1000,"Scaffolding works for Walls, Col. & Cores (B04) (Bas 02)",17-May-26,0.0,0.0,0.0,0.0,0,0.0,0,0.0,,,,,,,
evm,01-data/import_templates/activity_master.csv,470,The Big -P.01-UP-20-April-26,CON-B04-BAS02-1010,"RFT for Walls, Col. & Cores (B04) (Bas 02)",17-May-26,1998244.03,0.0,0.0,1998244.03,0,0.0,0,-1998244.03,,,,,,,
evm,01-data/import_templates/activity_master.csv,491,The Big -P.01-UP-20-April-26,AB-APP-B03-FOOT-1010,Approval for RC Raft & Footings Conc. Dim. DWGs  (B03) (footing),17-May-26,0.0,0.0,0.0,0.0,0,0.0,0,0.0,,,,,,,
evm,01-data/import_templates/activity_master.csv,68,The Big -P.01-UP-20-April-26,E-SUB-B02-4TH-1010,Submittal for Stairs Conc. Dim.  & RFT DWGs (B02) (4th),17-May-26,0.0,0.0,0.0,0.0,0,0.0,0,0.0,,,,,,,
evm,01-data/import_templates/activity_master.csv,565,The Big -P.01-UP-20-April-26,E-APP-B01-3ED-1030,Approval for Slabs Conc. Dim.  & RFT DWGs (B01) (3rd),17-May-26,0.0,0.0,0.0,0.0,0,0.0,0,0.0,,,,,,,
evm,01-data/import_templates/activity_master.csv,584,The Big -P.01-UP-20-April-26,E-APP-B03-3RD-1030,Approval for Slabs Conc. Dim.  & RFT DWGs  (B03) (3rd),17-May-26,0.0,0.0,0.0,0.0,0,0.0,0,0.0,,,,,,,
evm,01-data/import_templates/activity_master.csv,459,The Big -P.01-UP-20-April-26,E-SUB-B03-SOG-1010,Submittal for S.O.G RFT DWGs (B03) (Sog),17-May-26,0.0,0.0,0.0,0.0,0,0.0,0,0.0,,,,,,,
evm,01-data/import_templates/activity_master.csv,201,The Big -P.01-UP-20-April-26,E-SUB-B01-6TH-1000,Submittal for Col. & Walls Conc. Dim.  & RFT DWGs (B01) (6th),17-May-26,0.0,0.0,0.0,0.0,0,0.0,0,0.0,,,,,,,
evm,01-data/import_templates/activity_master.csv,173,The Big -P.01-UP-20-April-26,E-SUB-B03-RF-1000,Submittal for Col. & Walls Conc. Dim.  & RFT DWGs (B03) (RF),17-May-26,0.0,0.0,0.0,0.0,0,0.0,0,0.0,,,,,,,
evm,01-data/import_templates/activity_master.csv,633,The Big -P.01-UP-20-April-26,CON-B01-BAS02-1110,Pouring for  Ramps (B01) (Bas 02),17-May-26,791212.2,0.0,0.0,791212.2,0,0.0,0,-791212.2,,,,,,,
evm,01-data/import_templates/activity_master.csv,634,The Big -P.01-UP-20-April-26,AB-SUB-B01-BAS2-1010,Submittal for Stairs Conc. Dim.  & RFT DWGs As-Built Drawing (B01) (Bas 02),17-May-26,0.0,0.0,0.0,0.0,0,0.0,0,0.0,,,,,,,
evm,01-data/import_templates/activity_master.csv,635,The Big -P.01-UP-20-April-26,AB-APP-B01-BAS2-1000,Approval for Col. & Walls Conc. Dim.  & RFT DWGs As-Built Drawing (B01) (Bas 02),17-May-26,0.0,0.0,0.0,0.0,0,0.0,0,0.0,,,,,,,
evm,01-data/import_templates/activity_master.csv,503,The Big -P.01-UP-20-April-26,AB-APP-B03-FOOT-1020,Approval for RC Raft & Footings RFT DWGs As-Built Drawing  (B03) (footing),17-May-26,0.0,0.0,0.0,0.0,0,0.0,0,0.0,,,,,,,
evm,01-data/import_templates/activity_master.csv,659,The Big -P.01-UP-20-April-26,CON-B04-FOOT-1120,Soil Backfilling (B04) (footing),17-May-26,574080.0,0.0,0.0,574080.0,0,0.0,0,-574080.0,,,,,,,
evm,01-data/import_templates/activity_master.csv,639,The Big -P.01-UP-20-April-26,CON-B01-BAS02-1130,Pouring for Slabs & Beams (B01) (Bas 02),17-May-26,3225524.8,0.0,0.0,3225524.8,0,0.0,0,-3225524.8,,,,,,,
evm,01-data/import_templates/activity_master.csv,434,The Big -P.01-UP-20-April-26,E-SUB-B04-3RD-1030,Submittal for Slabs Conc. Dim.  & RFT DWGs (B04) (3rd),17-May-26,0.0,0.0,0.0,0.0,0,0.0,0,0.0,,,,,,,
evm,01-data/import_templates/activity_master.csv,451,The Big -P.01-UP-20-April-26,E-SUB-B01-5TH-1030,Submittal for Slabs Conc. Dim.  & RFT DWGs (B01) (5th),17-May-26,0.0,0.0,0.0,0.0,0,0.0,0,0.0,,,,,,,
evm,01-data/import_templates/activity_master.csv,293,The Big -P.01-UP-20-April-26,E-APP-B04-2ND-1010,Approval for Stairs Conc. Dim.  & RFT DWGs (B04) (2nd),17-May-26,0.0,0.0,0.0,0.0,0,0.0,0,0.0,,,,,,,
evm,01-data/import_templates/activity_master.csv,667,The Big -P.01-UP-20-April-26,AB-SUB-B04-FOOT-1030,Submittal for  Waterproofing Layout Plan DWGs As-Built Drawing (B04),17-May-26,0.0,0.0,0.0,0.0,0,0.0,0,0.0,,,,,,,
evm,01-data/import_templates/activity_master.csv,369,The Big -P.01-UP-20-April-26,E-SUB-B02-4TH-1020,Submittal for Beams Conc. Dim.  & RFT DWGs (B02) (4th),17-May-26,0.0,0.0,0.0,0.0,0,0.0,0,0.0,,,,,,,
evm,01-data/import_templates/activity_master.csv,221,The Big -P.01-UP-20-April-26,E-APP-B02-3RD-1000,Approval for Col. & Walls Conc. Dim.  & RFT DWGs (B02) (3rd),17-May-26,0.0,0.0,0.0,0.0,0,0.0,0,0.0,,,,,,,
evm,01-data/import_templates/activity_master.csv,260,The Big -P.01-UP-20-April-26,E-APP-B01-4TH-1000,Approval for Col. & Walls Conc. Dim.  & RFT DWGs (B01) (4th),17-May-26,0.0,0.0,0.0,0.0,0,0.0,0,0.0,,,,,,,
evm,01-data/import_templates/activity_master.csv,644,The Big -P.01-UP-20-April-26,AB-SUB-B01-BAS2-1020,Submittal for Ramps Conc. Dim.  & RFT DWGs As-Built Drawing (B01) (Bas 02),17-May-26,0.0,0.0,0.0,0.0,0,0.0,0,0.0,,,,,,,
evm,01-data/import_templates/activity_master.csv,645,The Big -P.01-UP-20-April-26,123456,Curing for Ramps & Stairs (B01) (Bas 02),17-May-26,0.0,0.0,0.0,0.0,0,0.0,0,0.0,,,,,,,
evm,01-data/import_templates/activity_master.csv,652,The Big -P.01-UP-20-April-26,CON-B01-BAS02-1120,"Curing for Slabs, Beams, Ramps & Stairs (B01) (Bas 02)",17-May-26,0.0,0.0,0.0,0.0,0,0.0,0,0.0,,,,,,,
evm,01-data/import_templates/activity_master.csv,94,The Big -P.01-UP-20-April-26,E-SUB-B01-6TH-1010,Submittal for Stairs Conc. Dim.  & RFT DWGs (B01) (6th),17-May-26,0.0,0.0,0.0,0.0,0,0.0,0,0.0,,,,,,,
evm,01-data/import_templates/activity_master.csv,379,The Big -P.01-UP-20-April-26,E-SUB-B03-RF-1010,Submittal for Beams Conc. Dim.  & RFT DWGs (B03) (RF),17-May-26,0.0,0.0,0.0,0.0,0,0.0,0,0.0,,,,,,,
evm,01-data/import_templates/activity_master.csv,653,The Big -P.01-UP-20-April-26,AB-SUB-B01-BAS2-1030,Submittal for Slabs Conc. Dim.  & RFT DWGs As-Built Drawing (B01) (Bas 02),17-May-26,0.0,0.0,0.0,0.0,0,0.0,0,0.0,,,,,,,
evm,01-data/import_templates/activity_master.csv,654,The Big -P.01-UP-20-April-26,AB-SUB-B01-BAS2-1040,Submittal for Beams Conc. Dim.  & RFT DWGs As-Built Drawing (B01) (Bas 02),17-May-26,0.0,0.0,0.0,0.0,0,0.0,0,0.0,,,,,,,
evm,01-data/import_templates/activity_master.csv,508,The Big -P.01-UP-20-April-26,CON-B04-WT-1200,Insulation for Outer Side (B04) (Water Tank),17-May-26,283500.0,0.0,0.0,283500.0,0,0.0,0,-283500.0,,,,,,,
evm,01-data/import_templates/activity_master.csv,475,The Big -P.01-UP-20-April-26,CON-B02-BAS02-1080,Pouring for Stairs  (B02) (Bas 02),17-May-26,24654.24,0.0,0.0,24654.24,0,0.0,0,-24654.24,,,,,,,
evm,01-data/import_templates/activity_master.csv,163,The Big -P.01-UP-20-April-26,E-SUB-B04-4TH-1000,Submittal for Col. & Walls Conc. Dim.  & RFT DWGs (B04) (4th),17-May-26,0.0,0.0,0.0,0.0,0,0.0,0,0.0,,,,,,,
evm,01-data/import_templates/activity_master.csv,538,The Big -P.01-UP-20-April-26,E-APP-B04-2ND-1020,Approval for Beams Conc. Dim.  & RFT DWGs (B04) (2nd),17-May-26,0.0,0.0,0.0,0.0,0,0.0,0,0.0,,,,,,,
evm,01-data/import_templates/activity_master.csv,506,The Big -P.01-UP-20-April-26,CON-B04-BAS02-1020,"Shuttering for Walls, Col. & Cores (B04) (Bas 02)",17-May-26,1639957.83,0.0,0.0,1639957.83,0,0.0,0,-1639957.83,,,,,,,
evm,01-data/import_templates/activity_master.csv,476,The Big -P.01-UP-20-April-26,AB-SUB-B02-BAS2-1010,Submittal for Stairs Conc. Dim.& RFT DWGs As-Built Drawing (B02) (Bas 02),17-May-26,0.0,0.0,0.0,0.0,0,0.0,0,0.0,,,,,,,
evm,01-data/import_templates/activity_master.csv,515,The Big -P.01-UP-20-April-26,AB-APP-B04-FOOT-1010,Approval for RC Raft & Footings Conc. Dim. Conc. Dim.  & RFT DWGs As-Built Drawing (B04) (footing),17-May-26,0.0,0.0,0.0,0.0,0,0.0,0,0.0,,,,,,,
evm,01-data/import_templates/activity_master.csv,668,The Big -P.01-UP-20-April-26,CON-B01-BAS01-1000,"Scaffolding works for Walls, Col. & Cores (B01) (Bas 01)",17-May-26,0.0,0.0,0.0,0.0,0,0.0,0,0.0,,,,,,,
evm,01-data/import_templates/activity_master.csv,669,The Big -P.01-UP-20-April-26,CON-B01-BAS01-1010,"RFT for Walls, Col. & Cores (B01) (Bas 01)",17-May-26,1859559.23,0.0,0.0,1859559.23,0,0.0,0,-1859559.23,,,,,,,
evm,01-data/import_templates/activity_master.csv,447,The Big -P.01-UP-20-April-26,E-SUB-B02-4TH-1030,Submittal for Slabs Conc. Dim.  & RFT DWGs (B02) (4th),17-May-26,0.0,0.0,0.0,0.0,0,0.0,0,0.0,,,,,,,
evm,01-data/import_templates/activity_master.csv,222,The Big -P.01-UP-20-April-26,E-APP-B02-3RD-1010,Approval for Stairs Conc. Dim.  & RFT DWGs (B02) (3rd),17-May-26,0.0,0.0,0.0,0.0,0,0.0,0,0.0,,,,,,,
evm,01-data/import_templates/activity_master.csv,228,The Big -P.01-UP-20-April-26,E-APP-B01-4TH-1010,Approval for Stairs Conc. Dim.  & RFT DWGs (B01) (4th),17-May-26,0.0,0.0,0.0,0.0,0,0.0,0,0.0,,,,,,,
evm,01-data/import_templates/activity_master.csv,483,The Big -P.01-UP-20-April-26,CON-B02-BAS02-1100,Pouring for Slabs & Beams (B02) (Bas 02),17-May-26,1314389.48,0.0,0.0,1314389.48,0,0.0,0,-1314389.48,,,,,,,
evm,01-data/import_templates/activity_master.csv,482,The Big -P.01-UP-20-April-26,CON-B02-BAS02-1090,"Curing for Slabs, Beams & Stairs (B02) (Bas 02)",17-May-26,0.0,0.0,0.0,0.0,0,0.0,0,0.0,,,,,,,
evm,01-data/import_templates/activity_master.csv,340,The Big -P.01-UP-20-April-26,CON-B03-BAS02-1030,"Pouring for Walls, Col. & Cores (B03) (Bas 02)",17-May-26,1392885.58,1392885.58,1392885.58,1392885.58,1,1.0,0,0.0,,,,,,,
evm,01-data/import_templates/activity_master.csv,375,The Big -P.01-UP-20-April-26,E-SUB-B01-6TH-1020,Submittal for Beams Conc. Dim.  & RFT DWGs (B01) (6th),17-May-26,0.0,0.0,0.0,0.0,0,0.0,0,0.0,,,,,,,
evm,01-data/import_templates/activity_master.csv,456,The Big -P.01-UP-20-April-26,E-SUB-B03-RF-1020,Submittal for Slabs Conc. Dim.  & RFT DWGs (B03) (RF),17-May-26,0.0,0.0,0.0,0.0,0,0.0,0,0.0,,,,,,,
evm,01-data/import_templates/activity_master.csv,181,The Big -P.01-UP-20-April-26,E-APP-B03-4TH-1000,Approval for Col. & Walls Conc. Dim.  & RFT DWGs  (B03) (4th),17-May-26,0.0,0.0,0.0,0.0,0,0.0,0,0.0,,,,,,,
evm,01-data/import_templates/activity_master.csv,512,The Big -P.01-UP-20-April-26,AB-APP-B02-BAS2-1000,Approval for Col. & Walls Conc. Dim.  & RFT DWGs As-Built Drawing (B02) (Bas 02),17-May-26,0.0,0.0,0.0,0.0,0,0.0,0,0.0,,,,,,,
evm,01-data/import_templates/activity_master.csv,699,The Big -P.01-UP-20-April-26,AB-APP-B03-FOOT-1030,Approval for  Waterproofing Layout Plan  DWGs As-Built Drawing(B03),17-May-26,0.0,0.0,0.0,0.0,0,0.0,0,0.0,,,,,,,
evm,01-data/import_templates/activity_master.csv,243,The Big -P.01-UP-20-April-26,E-SUB-B04-4TH-1010,Submittal for Stairs Conc. Dim.  & RFT DWGs (B04) (4th),17-May-26,0.0,0.0,0.0,0.0,0,0.0,0,0.0,,,,,,,
evm,01-data/import_templates/activity_master.csv,575,The Big -P.01-UP-20-April-26,E-APP-B04-2ND-1030,Approval for Slabs Conc. Dim.  & RFT DWGs (B04) (2nd),17-May-26,0.0,0.0,0.0,0.0,0,0.0,0,0.0,,,,,,,
evm,01-data/import_templates/activity_master.csv,516,The Big -P.01-UP-20-April-26,AB-APP-B04-FOOT-1020,Approval for RC Raft & Footings RFT Conc. Dim.  & RFT DWGs As-Built Drawing (B04) (footing),17-May-26,0.0,0.0,0.0,0.0,0,0.0,0,0.0,,,,,,,
evm,01-data/import_templates/activity_master.csv,473,The Big -P.01-UP-20-April-26,CON-B03-BAS02-1040,Shuttering for Slabs & Beams (B03) (Bas 02),17-May-26,1703595.99,0.0,0.0,1703595.99,0,0.0,0,-1703595.99,,,,,,,
evm,01-data/import_templates/activity_master.csv,676,The Big -P.01-UP-20-April-26,CON-B01-BAS01-1020,"Shuttering for Walls, Col. & Cores (B01) (Bas 01)",17-May-26,1525620.61,0.0,0.0,1525620.61,0,0.0,0,-1525620.61,,,,,,,
evm,01-data/import_templates/activity_master.csv,523,The Big -P.01-UP-20-April-26,E-APP-B02-3RD-1020,Approval for Beams Conc. Dim.  & RFT DWGs (B02) (3rd),17-May-26,0.0,0.0,0.0,0.0,0,0.0,0,0.0,,,,,,,
evm,01-data/import_templates/activity_master.csv,528,The Big -P.01-UP-20-April-26,E-APP-B01-4TH-1020,Approval for Beams Conc. Dim.  & RFT DWGs (B01) (4th),17-May-26,0.0,0.0,0.0,0.0,0,0.0,0,0.0,,,,,,,
evm,01-data/import_templates/activity_master.csv,425,The Big -P.01-UP-20-April-26,AB-SUB-B03-BAS2-1000,Submittal for Col. & Walls Conc. Dim.  & RFT DWGs As-Built Drawing (B03) (Bas 02),17-May-26,0.0,0.0,0.0,0.0,0,0.0,0,0.0,,,,,,,
evm,01-data/import_templates/activity_master.csv,517,The Big -P.01-UP-20-April-26,AB-SUB-B04-BAS2-1000,Submittal for Col. & Walls Conc. Dim.  & RFT DWGs As-Built Drawing (B04) (Bas 02),17-May-26,0.0,0.0,0.0,0.0,0,0.0,0,0.0,,,,,,,
evm,01-data/import_templates/activity_master.csv,510,The Big -P.01-UP-20-April-26,AB-SUB-B02-BAS2-1020,Submittal for Slabs Conc. Dim.& RFT DWGs As-Built Drawing (B02) (Bas 02),17-May-26,0.0,0.0,0.0,0.0,0,0.0,0,0.0,,,,,,,
evm,01-data/import_templates/activity_master.csv,511,The Big -P.01-UP-20-April-26,AB-SUB-B02-BAS2-1030,Submittal for Beams Conc. Dim.& RFT DWGs As-Built Drawing (B02) (Bas 02),17-May-26,0.0,0.0,0.0,0.0,0,0.0,0,0.0,,,,,,,
evm,01-data/import_templates/activity_master.csv,452,The Big -P.01-UP-20-April-26,E-SUB-B01-6TH-1030,Submittal for Slabs Conc. Dim.  & RFT DWGs (B01) (6th),17-May-26,0.0,0.0,0.0,0.0,0,0.0,0,0.0,,,,,,,
evm,01-data/import_templates/activity_master.csv,202,The Big -P.01-UP-20-April-26,E-SUB-B01-7TH-1000,Submittal for Col. & Walls Conc. Dim.  & RFT DWGs (B01) (7th),17-May-26,0.0,0.0,0.0,0.0,0,0.0,0,0.0,,,,,,,
evm,01-data/import_templates/activity_master.csv,284,The Big -P.01-UP-20-April-26,E-APP-B03-4TH-1010,Approval for Stairs Conc. Dim.  & RFT DWGs  (B03) (4th),17-May-26,0.0,0.0,0.0,0.0,0,0.0,0,0.0,,,,,,,
evm,01-data/import_templates/activity_master.csv,554,The Big -P.01-UP-20-April-26,CON-B04-WT-1210,Backfilling works (B04) (Water Tank),17-May-26,0.0,0.0,0.0,0.0,0,0.0,0,0.0,,,,,,,
evm,01-data/import_templates/activity_master.csv,477,The Big -P.01-UP-20-April-26,CON-B03-BAS02-1050,Shuttering for Stairs (B03) (Bas 02),17-May-26,17372.16,0.0,0.0,17372.16,0,0.0,0,-17372.16,,,,,,,
evm,01-data/import_templates/activity_master.csv,484,The Big -P.01-UP-20-April-26,CON-B03-BAS02-1060,RFT for Slabs & Beams (B03) (Bas 02),17-May-26,1730165.79,0.0,0.0,1730165.79,0,0.0,0,-1730165.79,,,,,,,
evm,01-data/import_templates/activity_master.csv,485,The Big -P.01-UP-20-April-26,CON-B02-BAS01-1000,"Scaffolding works for Walls, Col. & Cores (B02) (Bas 01)",17-May-26,0.0,0.0,0.0,0.0,0,0.0,0,0.0,,,,,,,
evm,01-data/import_templates/activity_master.csv,486,The Big -P.01-UP-20-April-26,CON-B02-BAS01-1010,"RFT for Walls, Col. & Cores (B02) (Bas 01)",17-May-26,660501.51,0.0,0.0,660501.51,0,0.0,0,-660501.51,,,,,,,
evm,01-data/import_templates/activity_master.csv,357,The Big -P.01-UP-20-April-26,E-SUB-B04-4TH-1020,Submittal for Beams Conc. Dim.  & RFT DWGs (B04) (4th),17-May-26,0.0,0.0,0.0,0.0,0,0.0,0,0.0,,,,,,,
evm,01-data/import_templates/activity_master.csv,261,The Big -P.01-UP-20-April-26,E-APP-B01-5TH-1000,Approval for Col. & Walls Conc. Dim.  & RFT DWGs (B01) (5th),17-May-26,0.0,0.0,0.0,0.0,0,0.0,0,0.0,,,,,,,
evm,01-data/import_templates/activity_master.csv,275,The Big -P.01-UP-20-April-26,E-APP-B04-2RD-1000,Approval for Col. & Walls Conc. Dim.  & RFT DWGs (B04) (3rd),17-May-26,0.0,0.0,0.0,0.0,0,0.0,0,0.0,,,,,,,
evm,01-data/import_templates/activity_master.csv,562,The Big -P.01-UP-20-April-26,E-APP-B02-3RD-1030,Approval for Slabs Conc. Dim.  & RFT DWGs (B02) (3rd),17-May-26,0.0,0.0,0.0,0.0,0,0.0,0,0.0,,,,,,,
evm,01-data/import_templates/activity_master.csv,566,The Big -P.01-UP-20-April-26,E-APP-B01-4TH-1030,Approval for Slabs Conc. Dim.  & RFT DWGs (B01) (4th),17-May-26,0.0,0.0,0.0,0.0,0,0.0,0,0.0,,,,,,,
evm,01-data/import_templates/activity_master.csv,505,The Big -P.01-UP-20-April-26,CON-B03-BAS02-1070,RFT for Stairs  (B03) (Bas 02),17-May-26,32613.8,0.0,0.0,32613.8,0,0.0,0,-32613.8,,,,,,,
evm,01-data/import_templates/activity_master.csv,509,The Big -P.01-UP-20-April-26,CON-B02-BAS01-1020,"Shuttering for Walls, Col. & Cores (B02) (Bas 01)",17-May-26,96472.91,0.0,0.0,96472.91,0,0.0,0,-96472.91,,,,,,,
evm,01-data/import_templates/activity_master.csv,95,The Big -P.01-UP-20-April-26,E-SUB-B01-7TH-1010,Submittal for Stairs Conc. Dim.  & RFT DWGs (B01) (7th),17-May-26,0.0,0.0,0.0,0.0,0,0.0,0,0.0,,,,,,,
evm,01-data/import_templates/activity_master.csv,548,The Big -P.01-UP-20-April-26,E-APP-B03-4TH-1020,Approval for Beams Conc. Dim.  & RFT DWGs  (B03) (4th),17-May-26,0.0,0.0,0.0,0.0,0,0.0,0,0.0,,,,,,,
evm,01-data/import_templates/activity_master.csv,685,The Big -P.01-UP-20-April-26,AB-APP-B01-BAS2-1010,Approval for Stairs Conc. Dim.  & RFT DWGs As-Built Drawing (B01) (Bas 02),17-May-26,0.0,0.0,0.0,0.0,0,0.0,0,0.0,,,,,,,
evm,01-data/import_templates/activity_master.csv,435,The Big -P.01-UP-20-April-26,E-SUB-B04-4TH-1030,Submittal for Slabs Conc. Dim.  & RFT DWGs (B04) (4th),17-May-26,0.0,0.0,0.0,0.0,0,0.0,0,0.0,,,,,,,
evm,01-data/import_templates/activity_master.csv,78,The Big -P.01-UP-20-April-26,E-SUB-B02-RF-1000,Submittal for Col. & Walls Conc. Dim.  & RFT DWGs (B02) (RF),17-May-26,0.0,0.0,0.0,0.0,0,0.0,0,0.0,,,,,,,
evm,01-data/import_templates/activity_master.csv,229,The Big -P.01-UP-20-April-26,E-APP-B01-5TH-1010,Approval for Stairs Conc. Dim.  & RFT DWGs (B01) (5th),17-May-26,0.0,0.0,0.0,0.0,0,0.0,0,0.0,,,,,,,
evm,01-data/import_templates/activity_master.csv,294,The Big -P.01-UP-20-April-26,E-APP-B04-2RD-1010,Approval for Stairs Conc. Dim.  & RFT DWGs (B04) (3rd),17-May-26,0.0,0.0,0.0,0.0,0,0.0,0,0.0,,,,,,,
evm,01-data/import_templates/activity_master.csv,700,The Big -P.01-UP-20-April-26,AB-APP-B04-FOOT-1030,Approval for  Waterproofing Layout Plan (B04),17-May-26,0.0,0.0,0.0,0.0,0,0.0,0,0.0,,,,,,,
evm,01-data/import_templates/activity_master.csv,223,The Big -P.01-UP-20-April-26,E-APP-B02-4TH-1000,Approval for Col. & Walls Conc. Dim.  & RFT DWGs (B02) (4th),17-May-26,0.0,0.0,0.0,0.0,0,0.0,0,0.0,,,,,,,
evm,01-data/import_templates/activity_master.csv,593,The Big -P.01-UP-20-April-26,CON-B04-BAS02-1030,"Pouring for Walls, Col. & Cores (B04) (Bas 02)",17-May-26,2459936.74,0.0,0.0,2459936.74,0,0.0,0,-2459936.74,,,,,,,
evm,01-data/import_templates/activity_master.csv,552,The Big -P.01-UP-20-April-26,E-APP-B03-SOG-1000,Approval for S.O.G Conc. Dim. DWGs  (B03) (Sog),17-May-26,0.0,0.0,0.0,0.0,0,0.0,0,0.0,,,,,,,
evm,01-data/import_templates/activity_master.csv,688,The Big -P.01-UP-20-April-26,AB-APP-B01-BAS2-1020,Approval for Ramps Conc. Dim.  & RFT DWGs As-Built Drawing (B01) (Bas 02),17-May-26,0.0,0.0,0.0,0.0,0,0.0,0,0.0,,,,,,,
evm,01-data/import_templates/activity_master.csv,376,The Big -P.01-UP-20-April-26,E-SUB-B01-7TH-1020,Submittal for Beams Conc. Dim.  & RFT DWGs (B01) (7th),17-May-26,0.0,0.0,0.0,0.0,0,0.0,0,0.0,,,,,,,
evm,01-data/import_templates/activity_master.csv,585,The Big -P.01-UP-20-April-26,E-APP-B03-4TH-1030,Approval for Slabs Conc. Dim.  & RFT DWGs  (B03) (4th),17-May-26,0.0,0.0,0.0,0.0,0,0.0,0,0.0,,,,,,,
evm,01-data/import_templates/activity_master.csv,694,The Big -P.01-UP-20-April-26,AB-APP-B01-BAS2-1030,Approval for Slabs Conc. Dim.  & RFT DWGs As-Built Drawing (B01) (Bas 02),17-May-26,0.0,0.0,0.0,0.0,0,0.0,0,0.0,,,,,,,
evm,01-data/import_templates/activity_master.csv,695,The Big -P.01-UP-20-April-26,AB-APP-B01-BAS2-1040,Approval for Beams Conc. Dim.  & RFT DWGs As-Built Drawing (B01) (Bas 02),17-May-26,0.0,0.0,0.0,0.0,0,0.0,0,0.0,,,,,,,
evm,01-data/import_templates/activity_master.csv,380,The Big -P.01-UP-20-April-26,E-SUB-B02-RF-1010,Submittal for Beams Conc. Dim.  & RFT DWGs (B02) (RF),17-May-26,0.0,0.0,0.0,0.0,0,0.0,0,0.0,,,,,,,
evm,01-data/import_templates/activity_master.csv,529,The Big -P.01-UP-20-April-26,E-APP-B01-5TH-1020,Approval for Beams Conc. Dim.  & RFT DWGs (B01) (5th),17-May-26,0.0,0.0,0.0,0.0,0,0.0,0,0.0,,,,,,,
evm,01-data/import_templates/activity_master.csv,539,The Big -P.01-UP-20-April-26,E-APP-B04-2RD-1020,Approval for Beams Conc. Dim.  & RFT DWGs (B04) (3rd),17-May-26,0.0,0.0,0.0,0.0,0,0.0,0,0.0,,,,,,,
evm,01-data/import_templates/activity_master.csv,601,The Big -P.01-UP-20-April-26,CON-B04-BAS02-1040,Shuttering for Slabs & Beams (B04) (Bas 02),17-May-26,2076088.44,0.0,0.0,2076088.44,0,0.0,0,-2076088.44,,,,,,,
evm,01-data/import_templates/activity_master.csv,592,The Big -P.01-UP-20-April-26,AB-APP-B02-BAS2-1010,Approval for Stairs Conc. Dim.  & RFT DWGs As-Built Drawing (B02) (Bas 02),17-May-26,0.0,0.0,0.0,0.0,0,0.0,0,0.0,,,,,,,
evm,01-data/import_templates/activity_master.csv,703,The Big -P.01-UP-20-April-26,CON-B01-BAS02-1140,Dismantling Formwork (B01) (Bas 02),17-May-26,0.0,0.0,0.0,0.0,0,0.0,0,0.0,,,,,,,
evm,01-data/import_templates/activity_master.csv,224,The Big -P.01-UP-20-April-26,E-APP-B02-4TH-1010,Approval for Stairs Conc. Dim.  & RFT DWGs (B02) (4th),17-May-26,0.0,0.0,0.0,0.0,0,0.0,0,0.0,,,,,,,
evm,01-data/import_templates/activity_master.csv,602,The Big -P.01-UP-20-April-26,CON-B04-BAS02-1050,Shuttering for Stairs  (B04) (Bas 02),17-May-26,17372.16,0.0,0.0,17372.16,0,0.0,0,-17372.16,,,,,,,
evm,01-data/import_templates/activity_master.csv,589,The Big -P.01-UP-20-April-26,E-APP-B03-SOG-1010,Approval for S.O.G RFT DWGs  (B03) (Sog),17-May-26,0.0,0.0,0.0,0.0,0,0.0,0,0.0,,,,,,,
evm,01-data/import_templates/activity_master.csv,405,The Big -P.01-UP-20-April-26,P-MPOS-1090,P.O for Rebar Patch#4  (SOG),17-May-26,0.0,0.0,0.0,0.0,0,0.0,0,0.0,,,,,,,
evm,01-data/import_templates/activity_master.csv,553,The Big -P.01-UP-20-April-26,CON-B03-BAS02-1080,Pouring for Stairs  (B03) (Bas 02),17-May-26,26058.24,0.0,0.0,26058.24,0,0.0,0,-26058.24,,,,,,,
evm,01-data/import_templates/activity_master.csv,453,The Big -P.01-UP-20-April-26,E-SUB-B01-7TH-1030,Submittal for Slabs Conc. Dim.  & RFT DWGs (B01) (7th),17-May-26,0.0,0.0,0.0,0.0,0,0.0,0,0.0,,,,,,,
evm,01-data/import_templates/activity_master.csv,262,The Big -P.01-UP-20-April-26,E-APP-B01-6TH-1000,Approval for Col. & Walls Conc. Dim.  & RFT DWGs (B01) (6th),17-May-26,0.0,0.0,0.0,0.0,0,0.0,0,0.0,,,,,,,
evm,01-data/import_templates/activity_master.csv,182,The Big -P.01-UP-20-April-26,E-APP-B03-RF-1000,Approval for Col. & Walls Conc. Dim.  & RFT DWGs  (B03) (RF),17-May-26,0.0,0.0,0.0,0.0,0,0.0,0,0.0,,,,,,,
evm,01-data/import_templates/activity_master.csv,608,The Big -P.01-UP-20-April-26,CON-B04-BAS02-1060,RFT for Slabs & Beams (B04) (Bas 02),17-May-26,3266944.59,0.0,0.0,3266944.59,0,0.0,0,-3266944.59,,,,,,,
evm,01-data/import_templates/activity_master.csv,609,The Big -P.01-UP-20-April-26,CON-B04-BAS02-1070,Shuttering for  Ramps (B04) (Bas 02),17-May-26,527474.8,0.0,0.0,527474.8,0,0.0,0,-527474.8,,,,,,,
evm,01-data/import_templates/activity_master.csv,457,The Big -P.01-UP-20-April-26,E-SUB-B02-RF-1020,Submittal for Slabs Conc. Dim.  & RFT DWGs (B02) (RF),17-May-26,0.0,0.0,0.0,0.0,0,0.0,0,0.0,,,,,,,
evm,01-data/import_templates/activity_master.csv,567,The Big -P.01-UP-20-April-26,E-APP-B01-5TH-1030,Approval for Slabs Conc. Dim.  & RFT DWGs (B01) (5th),17-May-26,0.0,0.0,0.0,0.0,0,0.0,0,0.0,,,,,,,
evm,01-data/import_templates/activity_master.csv,576,The Big -P.01-UP-20-April-26,E-APP-B04-2RD-1030,Approval for Slabs Conc. Dim.  & RFT DWGs (B04) (3rd),17-May-26,0.0,0.0,0.0,0.0,0,0.0,0,0.0,,,,,,,
evm,01-data/import_templates/activity_master.csv,612,The Big -P.01-UP-20-April-26,CON-B04-BAS02-1080,RFT for Stairs  (B04) (Bas 02),17-May-26,21800.21,0.0,0.0,21800.21,0,0.0,0,-21800.21,,,,,,,
evm,01-data/import_templates/activity_master.csv,420,The Big -P.01-UP-20-April-26,P-MDEL-1150,Delivery for Rebar Patch#4  (SOG),17-May-26,0.0,0.0,0.0,0.0,0,0.0,0,0.0,,,,,,,
evm,01-data/import_templates/activity_master.csv,591,The Big -P.01-UP-20-April-26,CON-B03-BAS02-1100,Pouring for Slabs & Beams B03) (Bas 02),17-May-26,1135730.66,0.0,0.0,1135730.66,0,0.0,0,-1135730.66,,,,,,,
evm,01-data/import_templates/activity_master.csv,556,The Big -P.01-UP-20-April-26,CON-B03-BAS02-1090,"Curing for Slabs, Beams & Stairs (B03) (Bas 02)",17-May-26,0.0,0.0,0.0,0.0,0,0.0,0,0.0,,,,,,,
evm,01-data/import_templates/activity_master.csv,716,The Big -P.01-UP-20-April-26,CON-B01-BAS01-1030,"Pouring for Walls, Col. & Cores (B01) (Bas 01)",17-May-26,2288430.92,0.0,0.0,2288430.92,0,0.0,0,-2288430.92,,,,,,,
evm,01-data/import_templates/activity_master.csv,524,The Big -P.01-UP-20-April-26,E-APP-B02-4TH-1020,Approval for Beams Conc. Dim.  & RFT DWGs (B02) (4th),17-May-26,0.0,0.0,0.0,0.0,0,0.0,0,0.0,,,,,,,
evm,01-data/import_templates/activity_master.csv,618,The Big -P.01-UP-20-April-26,CON-B04-BAS02-1090,RFT for Ramps (B04) (Bas 02),17-May-26,1075623.24,0.0,0.0,1075623.24,0,0.0,0,-1075623.24,,,,,,,
evm,01-data/import_templates/activity_master.csv,557,The Big -P.01-UP-20-April-26,AB-SUB-B03-BAS2-1010,Submittal for Stairs Conc. Dim.  & RFT DWGs As-Built Drawing (B03) (Bas 02),17-May-26,0.0,0.0,0.0,0.0,0,0.0,0,0.0,,,,,,,
evm,01-data/import_templates/activity_master.csv,606,The Big -P.01-UP-20-April-26,AB-APP-B02-BAS2-1020,Approval for Slabs Conc. Dim.  & RFT DWGs As-Built Drawing (B02) (Bas 02),17-May-26,0.0,0.0,0.0,0.0,0,0.0,0,0.0,,,,,,,
evm,01-data/import_templates/activity_master.csv,607,The Big -P.01-UP-20-April-26,AB-APP-B02-BAS2-1030,Approval for Beams Conc. Dim.  & RFT DWGs As-Built Drawing (B02) (Bas 02),17-May-26,0.0,0.0,0.0,0.0,0,0.0,0,0.0,,,,,,,
evm,01-data/import_templates/activity_master.csv,513,The Big -P.01-UP-20-April-26,AB-APP-B03-BAS2-1000,Approval for Col. & Walls Conc. Dim.  & RFT DWGs As-Built Drawing  (B03) (Bas 02),17-May-26,0.0,0.0,0.0,0.0,0,0.0,0,0.0,,,,,,,
evm,01-data/import_templates/activity_master.csv,619,The Big -P.01-UP-20-April-26,AB-APP-B04-BAS2-1000,Approval for Col. & Walls Conc. Dim.  & RFT DWGs As-Built Drawing (B04) (Bas 02),17-May-26,0.0,0.0,0.0,0.0,0,0.0,0,0.0,,,,,,,
evm,01-data/import_templates/activity_master.csv,164,The Big -P.01-UP-20-April-26,E-SUB-B04-5TH-1000,Submittal for Col. & Walls Conc. Dim.  & RFT DWGs (B04) (5th),17-May-26,0.0,0.0,0.0,0.0,0,0.0,0,0.0,,,,,,,
evm,01-data/import_templates/activity_master.csv,203,The Big -P.01-UP-20-April-26,E-SUB-B01-8TH-1000,Submittal for Col. & Walls Conc. Dim.  & RFT DWGs (B01) (8th),17-May-26,0.0,0.0,0.0,0.0,0,0.0,0,0.0,,,,,,,
evm,01-data/import_templates/activity_master.csv,230,The Big -P.01-UP-20-April-26,E-APP-B01-6TH-1010,Approval for Stairs Conc. Dim.  & RFT DWGs (B01) (6th),17-May-26,0.0,0.0,0.0,0.0,0,0.0,0,0.0,,,,,,,
evm,01-data/import_templates/activity_master.csv,550,The Big -P.01-UP-20-April-26,E-APP-B03-RF-1010,Approval for Beams Conc. Dim.  & RFT DWGs  (B03) (RF),17-May-26,0.0,0.0,0.0,0.0,0,0.0,0,0.0,,,,,,,
evm,01-data/import_templates/activity_master.csv,615,The Big -P.01-UP-20-April-26,CON-B02-BAS02-1110,Dismantling Formwork (B02) (Bas 02),17-May-26,0.0,0.0,0.0,0.0,0,0.0,0,0.0,,,,,,,
evm,01-data/import_templates/activity_master.csv,721,The Big -P.01-UP-20-April-26,CON-B01-BAS01-1040,Shuttering for Slabs & Beams (B01) (Bas 01),17-May-26,2342696.03,0.0,0.0,2342696.03,0,0.0,0,-2342696.03,,,,,,,
evm,01-data/import_templates/activity_master.csv,597,The Big -P.01-UP-20-April-26,CON-B03-BAS01-1000,"Scaffolding works for Walls, Col. & Cores (B03) (Bas 01)",17-May-26,0.0,0.0,0.0,0.0,0,0.0,0,0.0,,,,,,,
evm,01-data/import_templates/activity_master.csv,598,The Big -P.01-UP-20-April-26,CON-B03-BAS01-1010,"RFT for Walls, Col. & Cores (B03) (Bas 01)",17-May-26,882883.82,0.0,0.0,882883.82,0,0.0,0,-882883.82,,,,,,,
evm,01-data/import_templates/activity_master.csv,276,The Big -P.01-UP-20-April-26,E-APP-B04-4TH-1000,Approval for Col. & Walls Conc. Dim.  & RFT DWGs (B04) (4th),17-May-26,0.0,0.0,0.0,0.0,0,0.0,0,0.0,,,,,,,
evm,01-data/import_templates/activity_master.csv,599,The Big -P.01-UP-20-April-26,AB-SUB-B03-BAS2-1020,Submittal for Slabs Conc. Dim.  & RFT DWGs As-Built Drawing (B03) (Bas 02),17-May-26,0.0,0.0,0.0,0.0,0,0.0,0,0.0,,,,,,,
evm,01-data/import_templates/activity_master.csv,600,The Big -P.01-UP-20-April-26,AB-SUB-B03-BAS2-1030,Submittal for Beams Conc. Dim.  & RFT DWGs As-Built Drawing (B03) (Bas 02),17-May-26,0.0,0.0,0.0,0.0,0,0.0,0,0.0,,,,,,,
evm,01-data/import_templates/activity_master.csv,722,The Big -P.01-UP-20-April-26,AB-SUB-B01-BAS1-1000,Submittal for Col. & Walls Conc. Dim.  & RFT DWGs As-Built Drawing (B01) (Bas 01),17-May-26,0.0,0.0,0.0,0.0,0,0.0,0,0.0,,,,,,,
evm,01-data/import_templates/activity_master.csv,563,The Big -P.01-UP-20-April-26,E-APP-B02-4TH-1030,Approval for Slabs Conc. Dim.  & RFT DWGs (B02) (4th),17-May-26,0.0,0.0,0.0,0.0,0,0.0,0,0.0,,,,,,,
evm,01-data/import_templates/activity_master.csv,726,The Big -P.01-UP-20-April-26,CON-B01-BAS01-1050,Shuttering for Stairs  (B01) (Bas 01),17-May-26,16099.2,0.0,0.0,16099.2,0,0.0,0,-16099.2,,,,,,,
evm,01-data/import_templates/activity_master.csv,727,The Big -P.01-UP-20-April-26,CON-B01-BAS01-1060,RFT for Slabs & Beams (B01) (Bas 01),17-May-26,3436647.26,0.0,0.0,3436647.26,0,0.0,0,-3436647.26,,,,,,,
evm,01-data/import_templates/activity_master.csv,605,The Big -P.01-UP-20-April-26,CON-B02-BAS01-1030,"Pouring for Walls, Col. & Cores (B02) (Bas 01)",17-May-26,144709.37,0.0,0.0,144709.37,0,0.0,0,-144709.37,,,,,,,
evm,01-data/import_templates/activity_master.csv,244,The Big -P.01-UP-20-April-26,E-SUB-B04-5TH-1010,Submittal for Stairs Conc. Dim.  & RFT DWGs (B04) (5th),17-May-26,0.0,0.0,0.0,0.0,0,0.0,0,0.0,,,,,,,
evm,01-data/import_templates/activity_master.csv,96,The Big -P.01-UP-20-April-26,E-SUB-B01-8TH-1010,Submittal for Stairs Conc. Dim.  & RFT DWGs (B01) (8th),17-May-26,0.0,0.0,0.0,0.0,0,0.0,0,0.0,,,,,,,
evm,01-data/import_templates/activity_master.csv,530,The Big -P.01-UP-20-April-26,E-APP-B01-6TH-1020,Approval for Beams Conc. Dim.  & RFT DWGs (B01) (6th),17-May-26,0.0,0.0,0.0,0.0,0,0.0,0,0.0,,,,,,,
evm,01-data/import_templates/activity_master.csv,587,The Big -P.01-UP-20-April-26,E-APP-B03-RF-1020,Approval for Slabs Conc. Dim.  & RFT DWGs  (B03) (RF),17-May-26,0.0,0.0,0.0,0.0,0,0.0,0,0.0,,,,,,,
evm,01-data/import_templates/activity_master.csv,626,The Big -P.01-UP-20-April-26,CON-B04-BAS02-1100,Pouring for Stairs  (B04) (Bas 02),17-May-26,26058.24,0.0,0.0,26058.24,0,0.0,0,-26058.24,,,,,,,
evm,01-data/import_templates/activity_master.csv,611,The Big -P.01-UP-20-April-26,CON-B03-BAS01-1020,"Shuttering for Walls, Col. & Cores (B03) (Bas 01)",17-May-26,716427.39,0.0,0.0,716427.39,0,0.0,0,-716427.39,,,,,,,
evm,01-data/import_templates/activity_master.csv,295,The Big -P.01-UP-20-April-26,E-APP-B04-4TH-1010,Approval for Stairs Conc. Dim.  & RFT DWGs (B04) (4th),17-May-26,0.0,0.0,0.0,0.0,0,0.0,0,0.0,,,,,,,
evm,01-data/import_templates/activity_master.csv,728,The Big -P.01-UP-20-April-26,CON-B01-BAS01-1070,Shuttering for  Ramps (B01) (Bas 01),17-May-26,527474.8,0.0,0.0,527474.8,0,0.0,0,-527474.8,,,,,,,
evm,01-data/import_templates/activity_master.csv,627,The Big -P.01-UP-20-April-26,CON-B04-BAS02-1110,Pouring for Ramps (B04) (Bas 02),17-May-26,791212.2,0.0,0.0,791212.2,0,0.0,0,-791212.2,,,,,,,
evm,01-data/import_templates/activity_master.csv,616,The Big -P.01-UP-20-April-26,CON-B02-BAS01-1040,Shuttering for Slabs & Beams (B02) (Bas 01),17-May-26,2270472.81,0.0,0.0,2270472.81,0,0.0,0,-2270472.81,,,,,,,
evm,01-data/import_templates/activity_master.csv,629,The Big -P.01-UP-20-April-26,AB-SUB-B04-BAS2-1010,Submittal for Stairs Conc. Dim.  & RFT DWGs As-Built Drawing (B04) (Bas 02),17-May-26,0.0,0.0,0.0,0.0,0,0.0,0,0.0,,,,,,,
evm,01-data/import_templates/activity_master.csv,617,The Big -P.01-UP-20-April-26,AB-SUB-B02-BAS1-1000,Submittal for Col. & Walls Conc. Dim.  & RFT DWGs As-Built Drawing (B02) (Bas 01),17-May-26,0.0,0.0,0.0,0.0,0,0.0,0,0.0,,,,,,,
evm,01-data/import_templates/activity_master.csv,632,The Big -P.01-UP-20-April-26,CON-B04-BAS02-1150,Curing for  Ramps & Stairs (B04) (Bas 02),17-May-26,0.0,0.0,0.0,0.0,0,0.0,0,0.0,,,,,,,
evm,01-data/import_templates/activity_master.csv,736,The Big -P.01-UP-20-April-26,CON-B01-BAS01-1080,RFT for Stairs  (B01) (Bas 01),17-May-26,32613.8,0.0,0.0,32613.8,0,0.0,0,-32613.8,,,,,,,
evm,01-data/import_templates/activity_master.csv,358,The Big -P.01-UP-20-April-26,E-SUB-B04-5TH-1020,Submittal for Beams Conc. Dim.  & RFT DWGs (B04) (5th),17-May-26,0.0,0.0,0.0,0.0,0,0.0,0,0.0,,,,,,,
evm,01-data/import_templates/activity_master.csv,377,The Big -P.01-UP-20-April-26,E-SUB-B01-8TH-1020,Submittal for Beams Conc. Dim.  & RFT DWGs (B01) (8th),17-May-26,0.0,0.0,0.0,0.0,0,0.0,0,0.0,,,,,,,
evm,01-data/import_templates/activity_master.csv,568,The Big -P.01-UP-20-April-26,E-APP-B01-6TH-1030,Approval for Slabs Conc. Dim.  & RFT DWGs (B01) (6th),17-May-26,0.0,0.0,0.0,0.0,0,0.0,0,0.0,,,,,,,
evm,01-data/import_templates/activity_master.csv,263,The Big -P.01-UP-20-April-26,E-APP-B01-7TH-1000,Approval for Col. & Walls Conc. Dim.  & RFT DWGs (B01) (7th),17-May-26,0.0,0.0,0.0,0.0,0,0.0,0,0.0,,,,,,,
evm,01-data/import_templates/activity_master.csv,737,The Big -P.01-UP-20-April-26,CON-B01-BAS01-1090,RFT for  Ramps (B01) (Bas 01),17-May-26,1075623.24,0.0,0.0,1075623.24,0,0.0,0,-1075623.24,,,,,,,
evm,01-data/import_templates/activity_master.csv,631,The Big -P.01-UP-20-April-26,AB-SUB-B04-BAS2-1020,Submittal for Ramps Conc. Dim.  & RFT DWGs As-Built Drawing (B04) (Bas 02),17-May-26,0.0,0.0,0.0,0.0,0,0.0,0,0.0,,,,,,,
evm,01-data/import_templates/activity_master.csv,406,The Big -P.01-UP-20-April-26,P-MPOS-1100,P.O for Rebar Patch#5  (Ground floor),17-May-26,0.0,0.0,0.0,0.0,0,0.0,0,0.0,,,,,,,
evm,01-data/import_templates/activity_master.csv,620,The Big -P.01-UP-20-April-26,CON-B02-BAS01-1050,Shuttering for Stairs (B02) (Bas 01),17-May-26,16436.16,0.0,0.0,16436.16,0,0.0,0,-16436.16,,,,,,,
evm,01-data/import_templates/activity_master.csv,621,The Big -P.01-UP-20-April-26,CON-B02-BAS01-1060,RFT for Slabs & Beams (B02) (Bas 01),17-May-26,2217753.89,0.0,0.0,2217753.89,0,0.0,0,-2217753.89,,,,,,,
evm,01-data/import_templates/activity_master.csv,540,The Big -P.01-UP-20-April-26,E-APP-B04-4TH-1020,Approval for Beams Conc. Dim.  & RFT DWGs (B04) (4th),17-May-26,0.0,0.0,0.0,0.0,0,0.0,0,0.0,,,,,,,
evm,01-data/import_templates/activity_master.csv,638,The Big -P.01-UP-20-April-26,CON-B04-BAS02-1130,Pouring for Slabs & Beams (B04) (Bas 02),17-May-26,3114132.67,0.0,0.0,3114132.67,0,0.0,0,-3114132.67,,,,,,,
evm,01-data/import_templates/activity_master.csv,419,The Big -P.01-UP-20-April-26,P-MDEL-1130,Delivery for Rebar Patch#5  (Ground floor),17-May-26,0.0,0.0,0.0,0.0,0,0.0,0,0.0,,,,,,,
evm,01-data/import_templates/activity_master.csv,622,The Big -P.01-UP-20-April-26,CON-B03-BAS02-1110,Dismantling Formwork (B03) (Bas 02),17-May-26,0.0,0.0,0.0,0.0,0,0.0,0,0.0,,,,,,,
evm,01-data/import_templates/activity_master.csv,623,The Big -P.01-UP-20-April-26,CON-B02-BAS01-1070,RFT for Stairs  (B02) (Bas 01),17-May-26,30854.95,0.0,0.0,30854.95,0,0.0,0,-30854.95,,,,,,,
evm,01-data/import_templates/activity_master.csv,647,The Big -P.01-UP-20-April-26,CON-B04-BAS01-1000,"Scaffolding works for Walls, Col. & Cores (B04) (Bas 01)",17-May-26,0.0,0.0,0.0,0.0,0,0.0,0,0.0,,,,,,,
evm,01-data/import_templates/activity_master.csv,648,The Big -P.01-UP-20-April-26,CON-B04-BAS01-1010,"RFT for Walls, Col. & Cores (B04) (Bas 01)",17-May-26,1868166.61,0.0,0.0,1868166.61,0,0.0,0,-1868166.61,,,,,,,
evm,01-data/import_templates/activity_master.csv,436,The Big -P.01-UP-20-April-26,E-SUB-B04-5TH-1030,Submittal for Slabs Conc. Dim.  & RFT DWGs (B04) (5th),17-May-26,0.0,0.0,0.0,0.0,0,0.0,0,0.0,,,,,,,
evm,01-data/import_templates/activity_master.csv,454,The Big -P.01-UP-20-April-26,E-SUB-B01-8TH-1030,Submittal for Slabs Conc. Dim.  & RFT DWGs (B01) (8th),17-May-26,0.0,0.0,0.0,0.0,0,0.0,0,0.0,,,,,,,
evm,01-data/import_templates/activity_master.csv,231,The Big -P.01-UP-20-April-26,E-APP-B01-7TH-1010,Approval for Stairs Conc. Dim.  & RFT DWGs (B01) (7th),17-May-26,0.0,0.0,0.0,0.0,0,0.0,0,0.0,,,,,,,
evm,01-data/import_templates/activity_master.csv,649,The Big -P.01-UP-20-April-26,CON-B04-BAS02-1120,"Curing for Slabs, Beams (B04) (Bas 02)",17-May-26,0.0,0.0,0.0,0.0,0,0.0,0,0.0,,,,,,,
evm,01-data/import_templates/activity_master.csv,302,The Big -P.01-UP-20-April-26,E-SUB-B01-SOG-1000,Submittal for S.O.G Conc. Dim. DWGs (B01) (Sog),17-May-26,0.0,0.0,0.0,0.0,0,0.0,0,0.0,,,,,,,
evm,01-data/import_templates/activity_master.csv,650,The Big -P.01-UP-20-April-26,AB-SUB-B04-BAS2-1030,Submittal for Slabs Conc. Dim.  & RFT DWGs As-Built Drawing (B04) (Bas 02),17-May-26,0.0,0.0,0.0,0.0,0,0.0,0,0.0,,,,,,,
evm,01-data/import_templates/activity_master.csv,651,The Big -P.01-UP-20-April-26,AB-SUB-B04-BAS2-1040,Submittal for Beams Conc. Dim.  & RFT DWGs As-Built Drawing (B04) (Bas 02),17-May-26,0.0,0.0,0.0,0.0,0,0.0,0,0.0,,,,,,,
evm,01-data/import_templates/activity_master.csv,678,The Big -P.01-UP-20-April-26,CON-B03-SOG-1000,Soil Backfilling & Compaction (B03) (sog),17-May-26,228729.82,0.0,0.0,228729.82,0,0.0,0,-228729.82,,,,,,,
evm,01-data/import_templates/activity_master.csv,233,The Big -P.01-UP-20-April-26,E-APP-B02-RF-1000,Approval for Col. & Walls Conc. Dim.  & RFT DWGs (B02) (RF),17-May-26,0.0,0.0,0.0,0.0,0,0.0,0,0.0,,,,,,,
evm,01-data/import_templates/activity_master.csv,577,The Big -P.01-UP-20-April-26,E-APP-B04-4TH-1030,Approval for Slabs Conc. Dim.  & RFT DWGs (B04) (4th),17-May-26,0.0,0.0,0.0,0.0,0,0.0,0,0.0,,,,,,,
evm,01-data/import_templates/activity_master.csv,625,The Big -P.01-UP-20-April-26,AB-APP-B03-BAS2-1010,Approval for Stairs Conc. Dim.  & RFT DWGs As-Built Drawing  (B03) (Bas 02),17-May-26,0.0,0.0,0.0,0.0,0,0.0,0,0.0,,,,,,,
evm,01-data/import_templates/activity_master.csv,760,The Big -P.01-UP-20-April-26,CON-B01-BAS01-1100,Pouring for Stairs  (B01) (Bas 01),17-May-26,24148.8,0.0,0.0,24148.8,0,0.0,0,-24148.8,,,,,,,
evm,01-data/import_templates/activity_master.csv,531,The Big -P.01-UP-20-April-26,E-APP-B01-7TH-1020,Approval for Beams Conc. Dim.  & RFT DWGs (B01) (7th),17-May-26,0.0,0.0,0.0,0.0,0,0.0,0,0.0,,,,,,,
evm,01-data/import_templates/activity_master.csv,306,The Big -P.01-UP-20-April-26,E-SUB-B01-SOG-1010,Submittal for S.O.G RFT DWGs (B01) (Sog),17-May-26,0.0,0.0,0.0,0.0,0,0.0,0,0.0,,,,,,,
evm,01-data/import_templates/activity_master.csv,763,The Big -P.01-UP-20-April-26,CON-B01-BAS01-1110,Pouring for Slabs & Beams (B01) (Bas 01),17-May-26,3514044.05,0.0,0.0,3514044.05,0,0.0,0,-3514044.05,,,,,,,
evm,01-data/import_templates/activity_master.csv,674,The Big -P.01-UP-20-April-26,CON-B04-BAS01-1020,"Shuttering for Walls, Col. & Cores (B04) (Bas 01)",17-May-26,1532278.45,0.0,0.0,1532278.45,0,0.0,0,-1532278.45,,,,,,,
evm,01-data/import_templates/activity_master.csv,165,The Big -P.01-UP-20-April-26,E-SUB-B04-6TH-1000,Submittal for Col. & Walls Conc. Dim.  & RFT DWGs (B04) (6th),17-May-26,0.0,0.0,0.0,0.0,0,0.0,0,0.0,,,,,,,
evm,01-data/import_templates/activity_master.csv,204,The Big -P.01-UP-20-April-26,E-SUB-B01-RF-1000,Submittal for Col. & Walls Conc. Dim.  & RFT DWGs (B01) (RF),17-May-26,0.0,0.0,0.0,0.0,0,0.0,0,0.0,,,,,,,
evm,01-data/import_templates/activity_master.csv,533,The Big -P.01-UP-20-April-26,E-APP-B02-RF-1010,Approval for Beams Conc. Dim.  & RFT DWGs (B02) (RF),17-May-26,0.0,0.0,0.0,0.0,0,0.0,0,0.0,,,,,,,
evm,01-data/import_templates/activity_master.csv,385,The Big -P.01-UP-20-April-26,E-SUB-B02-SOG-1000,Submittal for S.O.G Conc. Dim. DWGs (B02) (Sog),17-May-26,0.0,0.0,0.0,0.0,0,0.0,0,0.0,,,,,,,
evm,01-data/import_templates/activity_master.csv,764,The Big -P.01-UP-20-April-26,AB-APP-B01-BAS1-1000,Approval for Col. & Walls Conc. Dim.  & RFT DWGs As-Built Drawing (B01) (Bas 01),17-May-26,0.0,0.0,0.0,0.0,0,0.0,0,0.0,,,,,,,
evm,01-data/import_templates/activity_master.csv,636,The Big -P.01-UP-20-April-26,AB-APP-B03-BAS2-1020,Approval for Slabs Conc. Dim.  & RFT DWGs As-Built Drawing  (B03) (Bas 02),17-May-26,0.0,0.0,0.0,0.0,0,0.0,0,0.0,,,,,,,
evm,01-data/import_templates/activity_master.csv,637,The Big -P.01-UP-20-April-26,AB-APP-B03-BAS2-1030,Approval for Beams Conc. Dim.  & RFT DWGs As-Built Drawing  (B03) (Bas 02),17-May-26,0.0,0.0,0.0,0.0,0,0.0,0,0.0,,,,,,,
evm,01-data/import_templates/activity_master.csv,766,The Big -P.01-UP-20-April-26,CON-B01-BAS01-1120,"Curing for Slabs, Beams (B01) (Bas 01)",17-May-26,0.0,0.0,0.0,0.0,0,0.0,0,0.0,,,,,,,
evm,01-data/import_templates/activity_master.csv,767,The Big -P.01-UP-20-April-26,CON-B01-BAS01-1130,Pouring for  Ramps (B01) (Bas 01),17-May-26,791212.2,0.0,0.0,791212.2,0,0.0,0,-791212.2,,,,,,,
evm,01-data/import_templates/activity_master.csv,768,The Big -P.01-UP-20-April-26,AB-SUB-B01-BAS1-1010,Submittal for Stairs Conc. Dim.  & RFT DWGs As-Built Drawing (B01) (Bas 01),17-May-26,0.0,0.0,0.0,0.0,0,0.0,0,0.0,,,,,,,
evm,01-data/import_templates/activity_master.csv,646,The Big -P.01-UP-20-April-26,CON-B02-BAS01-1080,Pouring for Stairs  (B02) (Bas 01),17-May-26,24654.24,0.0,0.0,24654.24,0,0.0,0,-24654.24,,,,,,,
evm,01-data/import_templates/activity_master.csv,771,The Big -P.01-UP-20-April-26,CON-B01-GR-1000,"Scaffolding works for Walls, Col. & Cores (B01) (GR)",17-May-26,0.0,0.0,0.0,0.0,0,0.0,0,0.0,,,,,,,
evm,01-data/import_templates/activity_master.csv,772,The Big -P.01-UP-20-April-26,CON-B01-GR-1010,"RFT for Walls, Col. & Cores (B01) (GR)",17-May-26,856330.53,0.0,0.0,856330.53,0,0.0,0,-856330.53,,,,,,,
evm,01-data/import_templates/activity_master.csv,569,The Big -P.01-UP-20-April-26,E-APP-B01-7TH-1030,Approval for Slabs Conc. Dim.  & RFT DWGs (B01) (7th),17-May-26,0.0,0.0,0.0,0.0,0,0.0,0,0.0,,,,,,,
evm,01-data/import_templates/activity_master.csv,773,The Big -P.01-UP-20-April-26,AB-SUB-B01-BAS1-1020,Submittal for Slabs Conc. Dim.  & RFT DWGs As-Built Drawing (B01) (Bas 01),17-May-26,0.0,0.0,0.0,0.0,0,0.0,0,0.0,,,,,,,
evm,01-data/import_templates/activity_master.csv,774,The Big -P.01-UP-20-April-26,AB-SUB-B01-BAS1-1030,Submittal for Beams Conc. Dim.  & RFT DWGs As-Built Drawing (B01) (Bas 01),17-May-26,0.0,0.0,0.0,0.0,0,0.0,0,0.0,,,,,,,
evm,01-data/import_templates/activity_master.csv,655,The Big -P.01-UP-20-April-26,CON-B03-BAS01-1030,"Pouring for Walls, Col. & Cores (B03) (Bas 01)",17-May-26,1074641.09,0.0,0.0,1074641.09,0,0.0,0,-1074641.09,,,,,,,
evm,01-data/import_templates/activity_master.csv,245,The Big -P.01-UP-20-April-26,E-SUB-B04-6TH-1010,Submittal for Stairs Conc. Dim.  & RFT DWGs (B04) (6th),17-May-26,0.0,0.0,0.0,0.0,0,0.0,0,0.0,,,,,,,
evm,01-data/import_templates/activity_master.csv,381,The Big -P.01-UP-20-April-26,E-SUB-B01-RF-1010,Submittal for Slabs Conc. Dim.  & RFT DWGs (B01) (RF),17-May-26,0.0,0.0,0.0,0.0,0,0.0,0,0.0,,,,,,,
evm,01-data/import_templates/activity_master.csv,571,The Big -P.01-UP-20-April-26,E-APP-B02-RF-1020,Approval for Slabs Conc. Dim.  & RFT DWGs (B02) (RF),17-May-26,0.0,0.0,0.0,0.0,0,0.0,0,0.0,,,,,,,
evm,01-data/import_templates/activity_master.csv,460,The Big -P.01-UP-20-April-26,E-SUB-B02-SOG-1010,Submittal for S.O.G RFT DWGs (B02) (Sog),17-May-26,0.0,0.0,0.0,0.0,0,0.0,0,0.0,,,,,,,
evm,01-data/import_templates/activity_master.csv,777,The Big -P.01-UP-20-April-26,AB-SUB-B01-BAS1-1040,Submittal for Ramps Conc. Dim.  & RFT DWGs As-Built Drawing (B01) (Bas 01),17-May-26,0.0,0.0,0.0,0.0,0,0.0,0,0.0,,,,,,,
evm,01-data/import_templates/activity_master.csv,778,The Big -P.01-UP-20-April-26,CON-B01-BAS01-1150,Curing for  Ramps & Stairs (B01) (Bas 01),17-May-26,0.0,0.0,0.0,0.0,0,0.0,0,0.0,,,,,,,
evm,01-data/import_templates/activity_master.csv,661,The Big -P.01-UP-20-April-26,CON-B02-BAS01-1090,Pouring for Slabs & Beams (B02) (Bas 01),17-May-26,1513648.54,0.0,0.0,1513648.54,0,0.0,0,-1513648.54,,,,,,,
evm,01-data/import_templates/activity_master.csv,662,The Big -P.01-UP-20-April-26,CON-B02-BAS01-1100,"Curing for Slabs, Beams Stairs (B02) (Bas 01)",17-May-26,0.0,0.0,0.0,0.0,0,0.0,0,0.0,,,,,,,
evm,01-data/import_templates/activity_master.csv,696,The Big -P.01-UP-20-April-26,CON-B03-SOG-1010,Soil Compaction Test (B03) (sog),17-May-26,25414.42,0.0,0.0,25414.42,0,0.0,0,-25414.42,,,,,,,
evm,01-data/import_templates/activity_master.csv,783,The Big -P.01-UP-20-April-26,CON-B01-GR-1020,"Shuttering for Walls, Col. & Cores (B01) (GR)",17-May-26,467957.0,0.0,0.0,467957.0,0,0.0,0,-467957.0,,,,,,,
evm,01-data/import_templates/activity_master.csv,663,The Big -P.01-UP-20-April-26,AB-SUB-B02-BAS1-1010,Submittal for Stairs Conc. Dim.  & RFT DWGs As-Built Drawing (B02) (Bas 01),17-May-26,0.0,0.0,0.0,0.0,0,0.0,0,0.0,,,,,,,
evm,01-data/import_templates/activity_master.csv,664,The Big -P.01-UP-20-April-26,AB-APP-B02-BAS1-1000,Approval for Col. & Walls Conc. Dim.  & RFT DWGs As-Built Drawing (B02) (Bas 01),17-May-26,0.0,0.0,0.0,0.0,0,0.0,0,0.0,,,,,,,
evm,01-data/import_templates/activity_master.csv,682,The Big -P.01-UP-20-April-26,AB-APP-B04-BAS2-1010,Approval for Stairs Conc. Dim.  & RFT DWGs As-Built Drawing (B04) (Bas 02),17-May-26,0.0,0.0,0.0,0.0,0,0.0,0,0.0,,,,,,,
evm,01-data/import_templates/activity_master.csv,670,The Big -P.01-UP-20-April-26,CON-B03-BAS01-1040,Shuttering for Slabs & Beams (B03) (Bas 01),17-May-26,1268962.7,0.0,0.0,1268962.7,0,0.0,0,-1268962.7,,,,,,,
evm,01-data/import_templates/activity_master.csv,264,The Big -P.01-UP-20-April-26,E-APP-B01-8TH-1000,Approval for Col. & Walls Conc. Dim.  & RFT DWGs (B01) (8th),17-May-26,0.0,0.0,0.0,0.0,0,0.0,0,0.0,,,,,,,
evm,01-data/import_templates/activity_master.csv,277,The Big -P.01-UP-20-April-26,E-APP-B04-5TH-1000,Approval for Col. & Walls Conc. Dim.  & RFT DWGs (B04) (5th),17-May-26,0.0,0.0,0.0,0.0,0,0.0,0,0.0,,,,,,,
evm,01-data/import_templates/activity_master.csv,383,The Big -P.01-UP-20-April-26,E-SUB-B04-SOG-1000,Submittal for S.O.G Conc. Dim. DWGs (B04) (Sog),17-May-26,0.0,0.0,0.0,0.0,0,0.0,0,0.0,,,,,,,
evm,01-data/import_templates/activity_master.csv,671,The Big -P.01-UP-20-April-26,AB-SUB-B03-BAS1-1000,Submittal for Col. & Walls Conc. Dim.  & RFT DWGs As-Built Drawing (B03) (Bas 01),17-May-26,0.0,0.0,0.0,0.0,0,0.0,0,0.0,,,,,,,
evm,01-data/import_templates/activity_master.csv,684,The Big -P.01-UP-20-April-26,AB-APP-B04-BAS2-1020,Approval for Ramps Conc. Dim.  & RFT DWGs As-Built Drawing (B04) (Bas 02),17-May-26,0.0,0.0,0.0,0.0,0,0.0,0,0.0,,,,,,,
evm,01-data/import_templates/activity_master.csv,686,The Big -P.01-UP-20-April-26,CON-B04-BAS01-1030,"Pouring for Walls, Col. & Cores (B04) (Bas 01)",17-May-26,2298417.67,0.0,0.0,2298417.67,0,0.0,0,-2298417.67,,,,,,,
evm,01-data/import_templates/activity_master.csv,705,The Big -P.01-UP-20-April-26,CON-B03-SOG-1020,DPM Layer works (B03) (sog),17-May-26,115955.2,0.0,0.0,115955.2,0,0.0,0,-115955.2,,,,,,,
evm,01-data/import_templates/activity_master.csv,359,The Big -P.01-UP-20-April-26,E-SUB-B04-6TH-1020,Submittal for Beams Conc. Dim.  & RFT DWGs (B04) (6th),17-May-26,0.0,0.0,0.0,0.0,0,0.0,0,0.0,,,,,,,
evm,01-data/import_templates/activity_master.csv,97,The Big -P.01-UP-20-April-26,E-SUB-B01-RF-1020,Submittal for Beams Conc. Dim.  & RFT DWGs (B01) (RF),17-May-26,0.0,0.0,0.0,0.0,0,0.0,0,0.0,,,,,,,
evm,01-data/import_templates/activity_master.csv,687,The Big -P.01-UP-20-April-26,CON-B04-BAS02-1140,Dismantling Formwork (B04) (Bas 02),17-May-26,0.0,0.0,0.0,0.0,0,0.0,0,0.0,,,,,,,
evm,01-data/import_templates/activity_master.csv,672,The Big -P.01-UP-20-April-26,AB-SUB-B02-BAS1-1020,Submittal for Slabs Conc. Dim.  & RFT DWGs As-Built Drawing (B02) (Bas 01),17-May-26,0.0,0.0,0.0,0.0,0,0.0,0,0.0,,,,,,,
evm,01-data/import_templates/activity_master.csv,673,The Big -P.01-UP-20-April-26,AB-SUB-B02-BAS1-1030,Submittal for Beams Conc. Dim.  & RFT DWGs As-Built Drawing (B02) (Bas 01),17-May-26,0.0,0.0,0.0,0.0,0,0.0,0,0.0,,,,,,,
evm,01-data/import_templates/activity_master.csv,675,The Big -P.01-UP-20-April-26,CON-B03-BAS01-1050,RFT for Slabs & Beams (B03) (Bas 01),17-May-26,1863491.47,0.0,0.0,1863491.47,0,0.0,0,-1863491.47,,,,,,,
evm,01-data/import_templates/activity_master.csv,708,The Big -P.01-UP-20-April-26,CON-B04-SOG-1000,Soil Backfilling & Compaction (B04) (Sog),17-May-26,344448.0,0.0,0.0,344448.0,0,0.0,0,-344448.0,,,,,,,
evm,01-data/import_templates/activity_master.csv,689,The Big -P.01-UP-20-April-26,CON-B04-BAS01-1040,Shuttering for Slabs & Beams (B04) (Bas 01),17-May-26,2326995.01,0.0,0.0,2326995.01,0,0.0,0,-2326995.01,,,,,,,
evm,01-data/import_templates/activity_master.csv,677,The Big -P.01-UP-20-April-26,CON-B03-BAS01-1060,Shuttering for Stairs (B03) (Bas 01),17-May-26,17372.16,0.0,0.0,17372.16,0,0.0,0,-17372.16,,,,,,,
evm,01-data/import_templates/activity_master.csv,232,The Big -P.01-UP-20-April-26,E-APP-B01-8TH-1010,Approval for Stairs Conc. Dim.  & RFT DWGs (B01) (8th),17-May-26,0.0,0.0,0.0,0.0,0,0.0,0,0.0,,,,,,,
evm,01-data/import_templates/activity_master.csv,296,The Big -P.01-UP-20-April-26,E-APP-B04-5TH-1010,Approval for Stairs Conc. Dim.  & RFT DWGs (B04) (5th),17-May-26,0.0,0.0,0.0,0.0,0,0.0,0,0.0,,,,,,,
evm,01-data/import_templates/activity_master.csv,458,The Big -P.01-UP-20-April-26,E-SUB-B04-SOG-1010,Submittal for S.O.G RFT DWGs (B04) (Sog),17-May-26,0.0,0.0,0.0,0.0,0,0.0,0,0.0,,,,,,,
evm,01-data/import_templates/activity_master.csv,690,The Big -P.01-UP-20-April-26,CON-B04-BAS01-1050,Shuttering for Ramps (B04) (Bas 01),17-May-26,527474.8,0.0,0.0,527474.8,0,0.0,0,-527474.8,,,,,,,
evm,01-data/import_templates/activity_master.csv,691,The Big -P.01-UP-20-April-26,AB-SUB-B04-BAS1-1000,Submittal for Col. & Walls Conc. Dim.  & RFT DWGs As-Built Drawing (B04) (Bas 01),17-May-26,0.0,0.0,0.0,0.0,0,0.0,0,0.0,,,,,,,
evm,01-data/import_templates/activity_master.csv,692,The Big -P.01-UP-20-April-26,AB-APP-B04-BAS2-1030,Approval for Slabs Conc. Dim.  & RFT DWGs As-Built Drawing (B04) (Bas 02),17-May-26,0.0,0.0,0.0,0.0,0,0.0,0,0.0,,,,,,,
evm,01-data/import_templates/activity_master.csv,693,The Big -P.01-UP-20-April-26,AB-APP-B04-BAS2-1040,Approval for Beams Conc. Dim.  & RFT DWGs As-Built Drawing (B04) (Bas 02),17-May-26,0.0,0.0,0.0,0.0,0,0.0,0,0.0,,,,,,,
evm,01-data/import_templates/activity_master.csv,437,The Big -P.01-UP-20-April-26,E-SUB-B04-6TH-1030,Submittal for Slabs Conc. Dim.  & RFT DWGs (B04) (6th),17-May-26,0.0,0.0,0.0,0.0,0,0.0,0,0.0,,,,,,,
evm,01-data/import_templates/activity_master.csv,679,The Big -P.01-UP-20-April-26,CON-B02-GR-1000,"Scaffolding works for Walls, Col. & Cores (B02) (GR)",17-May-26,0.0,0.0,0.0,0.0,0,0.0,0,0.0,,,,,,,
evm,01-data/import_templates/activity_master.csv,680,The Big -P.01-UP-20-April-26,CON-B02-GR-1010,"RFT for Walls, Col. & Cores (B02) (GR)",17-May-26,491156.73,0.0,0.0,491156.73,0,0.0,0,-491156.73,,,,,,,
evm,01-data/import_templates/activity_master.csv,702,The Big -P.01-UP-20-April-26,CON-B04-BAS01-1060,Shuttering for Stairs  (B04) (Bas 01),17-May-26,17372.16,0.0,0.0,17372.16,0,0.0,0,-17372.16,,,,,,,
evm,01-data/import_templates/activity_master.csv,681,The Big -P.01-UP-20-April-26,CON-B03-BAS01-1070,RFT for Stairs (B03) (Bas 01),17-May-26,32613.8,0.0,0.0,32613.8,0,0.0,0,-32613.8,,,,,,,
evm,01-data/import_templates/activity_master.csv,723,The Big -P.01-UP-20-April-26,CON-B03-SOG-1030,Blinding Concrete works (B03) (sog),17-May-26,231910.41,0.0,0.0,231910.41,0,0.0,0,-231910.41,,,,,,,
evm,01-data/import_templates/activity_master.csv,683,The Big -P.01-UP-20-April-26,CON-B02-GR-1020,"Shuttering for Walls, Col. & Cores (B02) (GR)",17-May-26,71724.85,0.0,0.0,71724.85,0,0.0,0,-71724.85,,,,,,,
evm,01-data/import_templates/activity_master.csv,532,The Big -P.01-UP-20-April-26,E-APP-B01-8TH-1020,Approval for Beams Conc. Dim.  & RFT DWGs (B01) (8th),17-May-26,0.0,0.0,0.0,0.0,0,0.0,0,0.0,,,,,,,
evm,01-data/import_templates/activity_master.csv,541,The Big -P.01-UP-20-April-26,E-APP-B04-5TH-1020,Approval for Beams Conc. Dim.  & RFT DWGs (B04) (5th),17-May-26,0.0,0.0,0.0,0.0,0,0.0,0,0.0,,,,,,,
evm,01-data/import_templates/activity_master.csv,712,The Big -P.01-UP-20-April-26,CON-B04-BAS01-1070,RFT for Slabs & Beams (B04) (Bas 01),17-May-26,3546754.6,0.0,0.0,3546754.6,0,0.0,0,-3546754.6,,,,,,,
evm,01-data/import_templates/activity_master.csv,166,The Big -P.01-UP-20-April-26,E-SUB-B04-7TH-1000,Submittal for Col. & Walls Conc. Dim.  & RFT DWGs (B04) (7th),17-May-26,0.0,0.0,0.0,0.0,0,0.0,0,0.0,,,,,,,
evm,01-data/import_templates/activity_master.csv,472,The Big -P.01-UP-20-April-26,E-APP-B04-SOG-1000,Approval for S.O.G Conc. Dim. DWGs (B04) (Sog),17-May-26,0.0,0.0,0.0,0.0,0,0.0,0,0.0,,,,,,,
evm,01-data/import_templates/activity_master.csv,715,The Big -P.01-UP-20-April-26,CON-B04-BAS01-1080,RFT for  Ramps (B04) (Bas 01),17-May-26,1075623.24,0.0,0.0,1075623.24,0,0.0,0,-1075623.24,,,,,,,
evm,01-data/import_templates/activity_master.csv,810,The Big -P.01-UP-20-April-26,AB-APP-B01-BAS1-1010,Approval for Stairs Conc. Dim.  & RFT DWGs As-Built Drawing (B01) (Bas 01),17-May-26,0.0,0.0,0.0,0.0,0,0.0,0,0.0,,,,,,,
evm,01-data/import_templates/activity_master.csv,407,The Big -P.01-UP-20-April-26,P-MPOS-1110,P.O for Rebar Patch#6  (1st floor),17-May-26,0.0,0.0,0.0,0.0,0,0.0,0,0.0,,,,,,,
evm,01-data/import_templates/activity_master.csv,729,The Big -P.01-UP-20-April-26,CON-B04-SOG-1010,Soil Compaction Test (B04) (Sog),17-May-26,38272.0,0.0,0.0,38272.0,0,0.0,0,-38272.0,,,,,,,
evm,01-data/import_templates/activity_master.csv,811,The Big -P.01-UP-20-April-26,CON-B01-GR-1030,"Pouring for Walls, Col. & Cores (B01) (GR)",17-May-26,701935.51,0.0,0.0,701935.51,0,0.0,0,-701935.51,,,,,,,
evm,01-data/import_templates/activity_master.csv,570,The Big -P.01-UP-20-April-26,E-APP-B01-8TH-1030,Approval for Slabs Conc. Dim.  & RFT DWGs (B01) (8th),17-May-26,0.0,0.0,0.0,0.0,0,0.0,0,0.0,,,,,,,
evm,01-data/import_templates/activity_master.csv,578,The Big -P.01-UP-20-April-26,E-APP-B04-5TH-1030,Approval for Slabs Conc. Dim.  & RFT DWGs (B04) (5th),17-May-26,0.0,0.0,0.0,0.0,0,0.0,0,0.0,,,,,,,
evm,01-data/import_templates/activity_master.csv,386,The Big -P.01-UP-20-April-26,E-APP-B01-SOG-1000,Approval for S.O.G Conc. Dim.DWGs (B01) (Sog),17-May-26,0.0,0.0,0.0,0.0,0,0.0,0,0.0,,,,,,,
evm,01-data/import_templates/activity_master.csv,812,The Big -P.01-UP-20-April-26,AB-APP-B01-BAS1-1020,Approval for Slabs Conc. Dim.  & RFT DWGs As-Built Drawing (B01) (Bas 01),17-May-26,0.0,0.0,0.0,0.0,0,0.0,0,0.0,,,,,,,
evm,01-data/import_templates/activity_master.csv,813,The Big -P.01-UP-20-April-26,AB-APP-B01-BAS1-1030,Approval for Beams Conc. Dim.  & RFT DWGs As-Built Drawing (B01) (Bas 01),17-May-26,0.0,0.0,0.0,0.0,0,0.0,0,0.0,,,,,,,
evm,01-data/import_templates/activity_master.csv,720,The Big -P.01-UP-20-April-26,CON-B04-BAS01-1090,RFT for Stairs  (B04) (Bas 01),17-May-26,21800.21,0.0,0.0,21800.21,0,0.0,0,-21800.21,,,,,,,
evm,01-data/import_templates/activity_master.csv,814,The Big -P.01-UP-20-April-26,AB-APP-B01-BAS1-1040,Approval for Ramps Conc. Dim.  & RFT DWGs As-Built Drawing (B01) (Bas 01),17-May-26,0.0,0.0,0.0,0.0,0,0.0,0,0.0,,,,,,,
evm,01-data/import_templates/activity_master.csv,418,The Big -P.01-UP-20-April-26,P-MDEL-1120,Delivery for Rebar Patch#6  (1st floor),17-May-26,0.0,0.0,0.0,0.0,0,0.0,0,0.0,,,,,,,
evm,01-data/import_templates/activity_master.csv,818,The Big -P.01-UP-20-April-26,CON-B01-BAS01-1140,Dismantling Formwork (B01) (Bas 01),17-May-26,0.0,0.0,0.0,0.0,0,0.0,0,0.0,,,,,,,
evm,01-data/import_templates/activity_master.csv,697,The Big -P.01-UP-20-April-26,CON-B03-BAS01-1080,Pouring for Stairs (B03) (Bas 01),17-May-26,26058.24,0.0,0.0,26058.24,0,0.0,0,-26058.24,,,,,,,
evm,01-data/import_templates/activity_master.csv,738,The Big -P.01-UP-20-April-26,CON-B04-SOG-1020,DPM Layer works (B04) (Sog),17-May-26,225054.09,0.0,0.0,225054.09,0,0.0,0,-225054.09,,,,,,,
evm,01-data/import_templates/activity_master.csv,739,The Big -P.01-UP-20-April-26,CON-B03-SOG-1040,Shuttering & RFT for S.O.G (B03) (sog),17-May-26,347865.61,0.0,0.0,347865.61,0,0.0,0,-347865.61,,,,,,,
evm,01-data/import_templates/activity_master.csv,246,The Big -P.01-UP-20-April-26,E-SUB-B04-7TH-1010,Submittal for Stairs Conc. Dim.  & RFT DWGs (B04) (7th),17-May-26,0.0,0.0,0.0,0.0,0,0.0,0,0.0,,,,,,,
evm,01-data/import_templates/activity_master.csv,479,The Big -P.01-UP-20-April-26,E-APP-B04-SOG-1010,Approval for S.O.G RFT DWGs (B04) (Sog),17-May-26,0.0,0.0,0.0,0.0,0,0.0,0,0.0,,,,,,,
evm,01-data/import_templates/activity_master.csv,819,The Big -P.01-UP-20-April-26,AB-SUB-B01-GR-1000,Submittal for Col. & Walls Conc. Dim.  & RFT DWGs As-Built Drawing (B01),17-May-26,0.0,0.0,0.0,0.0,0,0.0,0,0.0,,,,,,,
evm,01-data/import_templates/activity_master.csv,698,The Big -P.01-UP-20-April-26,AB-APP-B02-BAS1-1010,Approval for Stairs Conc. Dim.  & RFT DWGs As-Built Drawing (B02) (Bas 01),17-May-26,0.0,0.0,0.0,0.0,0,0.0,0,0.0,,,,,,,
evm,01-data/import_templates/activity_master.csv,704,The Big -P.01-UP-20-April-26,CON-B03-BAS01-1090,Pouring for Slabs & Beams (B03) (Bas 01),17-May-26,1903444.06,0.0,0.0,1903444.06,0,0.0,0,-1903444.06,,,,,,,
evm,01-data/import_templates/activity_master.csv,387,The Big -P.01-UP-20-April-26,E-APP-B01-SOG-1010,Approval for S.O.G RFT DWGs (B01) (Sog),17-May-26,0.0,0.0,0.0,0.0,0,0.0,0,0.0,,,,,,,
evm,01-data/import_templates/activity_master.csv,706,The Big -P.01-UP-20-April-26,AB-APP-B03-BAS1-1000,Approval for Col. & Walls Conc. Dim.  & RFT DWGs As-Built Drawing  (B03) (Bas 01),17-May-26,0.0,0.0,0.0,0.0,0,0.0,0,0.0,,,,,,,
evm,01-data/import_templates/activity_master.csv,707,The Big -P.01-UP-20-April-26,CON-B03-BAS01-1100,"Curing for Slabs, Beams & Stairs (B03) (Bas 01)",17-May-26,0.0,0.0,0.0,0.0,0,0.0,0,0.0,,,,,,,
evm,01-data/import_templates/activity_master.csv,825,The Big -P.01-UP-20-April-26,CON-B01-GR-1050,Shuttering for Stairs  (B01) (GR),17-May-26,32198.4,0.0,0.0,32198.4,0,0.0,0,-32198.4,,,,,,,
evm,01-data/import_templates/activity_master.csv,265,The Big -P.01-UP-20-April-26,E-APP-B01-RF-1000,Approval for Col. & Walls Conc. Dim.  & RFT DWGs (B01) (RF),17-May-26,0.0,0.0,0.0,0.0,0,0.0,0,0.0,,,,,,,
evm,01-data/import_templates/activity_master.csv,278,The Big -P.01-UP-20-April-26,E-APP-B04-6TH-1000,Approval for Col. & Walls Conc. Dim.  & RFT DWGs (B04) (6th),17-May-26,0.0,0.0,0.0,0.0,0,0.0,0,0.0,,,,,,,
evm,01-data/import_templates/activity_master.csv,551,The Big -P.01-UP-20-April-26,E-APP-B02-SOG-1000,Approval for S.O.G Conc. Dim. DWGs (B02) (Sog),17-May-26,0.0,0.0,0.0,0.0,0,0.0,0,0.0,,,,,,,
evm,01-data/import_templates/activity_master.csv,709,The Big -P.01-UP-20-April-26,AB-SUB-B03-BAS1-1010,Submittal for Stairs Conc. Dim.  & RFT DWGs As-Built Drawing (B03) (Bas 01),17-May-26,0.0,0.0,0.0,0.0,0,0.0,0,0.0,,,,,,,
evm,01-data/import_templates/activity_master.csv,710,The Big -P.01-UP-20-April-26,AB-APP-B02-BAS1-1020,Approval for Slabs Conc. Dim.  & RFT DWGs As-Built Drawing (B02) (Bas 01),17-May-26,0.0,0.0,0.0,0.0,0,0.0,0,0.0,,,,,,,
evm,01-data/import_templates/activity_master.csv,711,The Big -P.01-UP-20-April-26,AB-APP-B02-BAS1-1030,Approval for Beams Conc. Dim.  & RFT DWGs As-Built Drawing (B02) (Bas 01),17-May-26,0.0,0.0,0.0,0.0,0,0.0,0,0.0,,,,,,,
evm,01-data/import_templates/activity_master.csv,360,The Big -P.01-UP-20-April-26,E-SUB-B04-7TH-1020,Submittal for Beams Conc. Dim.  & RFT DWGs (B04) (7th),17-May-26,0.0,0.0,0.0,0.0,0,0.0,0,0.0,,,,,,,
evm,01-data/import_templates/activity_master.csv,713,The Big -P.01-UP-20-April-26,AB-SUB-B03-BAS1-1020,Submittal for Slabs Conc. Dim.  & RFT DWGs As-Built Drawing (B03) (Bas 01),17-May-26,0.0,0.0,0.0,0.0,0,0.0,0,0.0,,,,,,,
evm,01-data/import_templates/activity_master.csv,714,The Big -P.01-UP-20-April-26,AB-SUB-B03-BAS1-1030,Submittal for Beams Conc. Dim.  & RFT DWGs As-Built Drawing (B03) (Bas 01),17-May-26,0.0,0.0,0.0,0.0,0,0.0,0,0.0,,,,,,,
evm,01-data/import_templates/activity_master.csv,717,The Big -P.01-UP-20-April-26,CON-B02-BAS01-1110,Dismantling Formwork (B02) (Bas 01),17-May-26,0.0,0.0,0.0,0.0,0,0.0,0,0.0,,,,,,,
evm,01-data/import_templates/activity_master.csv,732,The Big -P.01-UP-20-April-26,CON-B04-BAS01-1120,Pouring for Slabs & Beams (B04) (Bas 01),17-May-26,3490492.52,0.0,0.0,3490492.52,0,0.0,0,-3490492.52,,,,,,,
evm,01-data/import_templates/activity_master.csv,733,The Big -P.01-UP-20-April-26,CON-B04-BAS01-1100,Pouring for Stairs  (B04) (Bas 01),17-May-26,26058.24,0.0,0.0,26058.24,0,0.0,0,-26058.24,,,,,,,
evm,01-data/import_templates/activity_master.csv,831,The Big -P.01-UP-20-April-26,CON-B01-GR-1070,RFT for Stairs  (B01) (GR),17-May-26,65227.6,0.0,0.0,65227.6,0,0.0,0,-65227.6,,,,,,,
evm,01-data/import_templates/activity_master.csv,832,The Big -P.01-UP-20-April-26,CON-B01-GR-1040,Shuttering for Slabs & Beams (B01) (GR),17-May-26,1017207.72,0.0,0.0,1017207.72,0,0.0,0,-1017207.72,,,,,,,
evm,01-data/import_templates/activity_master.csv,734,The Big -P.01-UP-20-April-26,CON-B04-BAS01-1110,Pouring for  Ramps (B04) (Bas 01),17-May-26,791212.2,0.0,0.0,791212.2,0,0.0,0,-791212.2,,,,,,,
evm,01-data/import_templates/activity_master.csv,735,The Big -P.01-UP-20-April-26,AB-APP-B04-BAS1-1000,Approval for Col. & Walls Conc. Dim.  & RFT DWGs As-Built Drawing (B04) (Bas 01),17-May-26,0.0,0.0,0.0,0.0,0,0.0,0,0.0,,,,,,,
evm,01-data/import_templates/activity_master.csv,758,The Big -P.01-UP-20-April-26,CON-B04-SOG-1030,Blinding Concrete works (B04) (Sog),17-May-26,450108.17,0.0,0.0,450108.17,0,0.0,0,-450108.17,,,,,,,
evm,01-data/import_templates/activity_master.csv,718,The Big -P.01-UP-20-April-26,CON-B03-GR-1000,"Scaffolding works for Walls, Col. & Cores (B03) (GR)",17-May-26,0.0,0.0,0.0,0.0,0,0.0,0,0.0,,,,,,,
evm,01-data/import_templates/activity_master.csv,719,The Big -P.01-UP-20-April-26,CON-B03-GR-1010,"RFT for Walls, Col. & Cores (B03) (GR)",17-May-26,656398.89,0.0,0.0,656398.89,0,0.0,0,-656398.89,,,,,,,
evm,01-data/import_templates/activity_master.csv,534,The Big -P.01-UP-20-April-26,E-APP-B01-RF-1010,Approval for Slabs Conc. Dim.  & RFT DWGs (B01) (RF),17-May-26,0.0,0.0,0.0,0.0,0,0.0,0,0.0,,,,,,,
evm,01-data/import_templates/activity_master.csv,297,The Big -P.01-UP-20-April-26,E-APP-B04-6TH-1010,Approval for Stairs Conc. Dim.  & RFT DWGs (B04) (6th),17-May-26,0.0,0.0,0.0,0.0,0,0.0,0,0.0,,,,,,,
evm,01-data/import_templates/activity_master.csv,588,The Big -P.01-UP-20-April-26,E-APP-B02-SOG-1010,Approval for S.O.G RFT DWGs (B02) (Sog),17-May-26,0.0,0.0,0.0,0.0,0,0.0,0,0.0,,,,,,,
evm,01-data/import_templates/activity_master.csv,842,The Big -P.01-UP-20-April-26,CON-B01-SOG-1000,Soil Backfilling & Compaction (B01) (Sog),17-May-26,372319.76,0.0,0.0,372319.76,0,0.0,0,-372319.76,,,,,,,
evm,01-data/import_templates/activity_master.csv,743,The Big -P.01-UP-20-April-26,CON-B04-BAS01-1130,"Curing for Slabs, Beams (B04) (Bas 01)",17-May-26,0.0,0.0,0.0,0.0,0,0.0,0,0.0,,,,,,,
evm,01-data/import_templates/activity_master.csv,438,The Big -P.01-UP-20-April-26,E-SUB-B04-7TH-1030,Submittal for Slabs Conc. Dim.  & RFT DWGs  (B04) (7th),17-May-26,0.0,0.0,0.0,0.0,0,0.0,0,0.0,,,,,,,
evm,01-data/import_templates/activity_master.csv,838,The Big -P.01-UP-20-April-26,CON-B01-GR-1060,RFT for Slabs & Beams (B01) (GR),17-May-26,1485376.19,0.0,0.0,1485376.19,0,0.0,0,-1485376.19,,,,,,,
evm,01-data/import_templates/activity_master.csv,744,The Big -P.01-UP-20-April-26,CON-B04-GR-1000,"Scaffolding works for Walls, Col. & Cores (B04) (GR)",17-May-26,0.0,0.0,0.0,0.0,0,0.0,0,0.0,,,,,,,
evm,01-data/import_templates/activity_master.csv,745,The Big -P.01-UP-20-April-26,AB-SUB-B04-BAS1-1030,Submittal for Slabs Conc. Dim.  & RFT DWGs As-Built Drawing (B04) (Bas 01),17-May-26,0.0,0.0,0.0,0.0,0,0.0,0,0.0,,,,,,,
evm,01-data/import_templates/activity_master.csv,746,The Big -P.01-UP-20-April-26,AB-SUB-B04-BAS1-1040,Submittal for Beams Conc. Dim.  & RFT DWGs As-Built Drawing (B04) (Bas 01),17-May-26,0.0,0.0,0.0,0.0,0,0.0,0,0.0,,,,,,,
evm,01-data/import_templates/activity_master.csv,747,The Big -P.01-UP-20-April-26,AB-SUB-B04-BAS1-1010,Submittal for Stairs Conc. Dim.  & RFT DWGs As-Built Drawing (B04) (Bas 01),17-May-26,0.0,0.0,0.0,0.0,0,0.0,0,0.0,,,,,,,
evm,01-data/import_templates/activity_master.csv,748,The Big -P.01-UP-20-April-26,AB-SUB-B04-BAS1-1020,Submittal for Ramps Conc. Dim.  & RFT DWGs As-Built Drawing (B04) (Bas 01),17-May-26,0.0,0.0,0.0,0.0,0,0.0,0,0.0,,,,,,,
evm,01-data/import_templates/activity_master.csv,749,The Big -P.01-UP-20-April-26,CON-B04-BAS01-1150,Curing for  Ramps & Stairs (B04) (Bas 01),17-May-26,0.0,0.0,0.0,0.0,0,0.0,0,0.0,,,,,,,
evm,01-data/import_templates/activity_master.csv,765,The Big -P.01-UP-20-April-26,CON-B03-SOG-1050,Pouring for S.O.G (B03) (sog),17-May-26,463820.82,0.0,0.0,463820.82,0,0.0,0,-463820.82,,,,,,,
evm,01-data/import_templates/activity_master.csv,724,The Big -P.01-UP-20-April-26,CON-B02-GR-1030,"Pouring for Walls, Col. & Cores (B02) (GR)",17-May-26,107587.28,0.0,0.0,107587.28,0,0.0,0,-107587.28,,,,,,,
evm,01-data/import_templates/activity_master.csv,725,The Big -P.01-UP-20-April-26,CON-B03-GR-1020,"Shuttering for Walls, Col. & Cores (B03) (GR)",17-May-26,355173.29,0.0,0.0,355173.29,0,0.0,0,-355173.29,,,,,,,
evm,01-data/import_templates/activity_master.csv,769,The Big -P.01-UP-20-April-26,CON-B03-SOG-1060,Curing & Smoothing Surface for S.O.G (B03) (sog),17-May-26,0.0,0.0,0.0,0.0,0,0.0,0,0.0,,,,,,,
evm,01-data/import_templates/activity_master.csv,843,The Big -P.01-UP-20-April-26,CON-B01-SOG-1010,Soil Compaction Test (B01) (Sog),17-May-26,41368.86,0.0,0.0,41368.86,0,0.0,0,-41368.86,,,,,,,
evm,01-data/import_templates/activity_master.csv,753,The Big -P.01-UP-20-April-26,CON-B04-GR-1010,"RFT for Walls, Col. & Cores (B04) (GR)",17-May-26,860550.95,0.0,0.0,860550.95,0,0.0,0,-860550.95,,,,,,,
evm,01-data/import_templates/activity_master.csv,382,The Big -P.01-UP-20-April-26,E-APP-B01-RF-1020,Approval for Beams Conc. Dim.  & RFT DWGs (B01) (RF),17-May-26,0.0,0.0,0.0,0.0,0,0.0,0,0.0,,,,,,,
evm,01-data/import_templates/activity_master.csv,542,The Big -P.01-UP-20-April-26,E-APP-B04-6TH-1020,Approval for Beams Conc. Dim.  & RFT DWGs (B04) (6th),17-May-26,0.0,0.0,0.0,0.0,0,0.0,0,0.0,,,,,,,
evm,01-data/import_templates/activity_master.csv,167,The Big -P.01-UP-20-April-26,E-SUB-B04-8TH-1000,Submittal for Col. & Walls Conc. Dim.  & RFT DWGs (B04) (8th),17-May-26,0.0,0.0,0.0,0.0,0,0.0,0,0.0,,,,,,,
evm,01-data/import_templates/activity_master.csv,730,The Big -P.01-UP-20-April-26,AB-SUB-B02-GR-1000,Submittal for Col. & Walls Conc. Dim.  & RFT DWGs As-Built Drawing (B02) (GF),17-May-26,0.0,0.0,0.0,0.0,0,0.0,0,0.0,,,,,,,
evm,01-data/import_templates/activity_master.csv,779,The Big -P.01-UP-20-April-26,CON-B04-SOG-1040,Shuttering & RFT for S.O.G (B04) (Sog),17-May-26,675162.26,0.0,0.0,675162.26,0,0.0,0,-675162.26,,,,,,,
evm,01-data/import_templates/activity_master.csv,731,The Big -P.01-UP-20-April-26,CON-B02-GR-1050,Shuttering for Stairs  (B02) (GR),17-May-26,32872.32,0.0,0.0,32872.32,0,0.0,0,-32872.32,,,,,,,
evm,01-data/import_templates/activity_master.csv,759,The Big -P.01-UP-20-April-26,CON-B04-GR-1020,"Shuttering for Walls, Col. & Cores (B04) (GR)",17-May-26,469909.97,0.0,0.0,469909.97,0,0.0,0,-469909.97,,,,,,,
evm,01-data/import_templates/activity_master.csv,782,The Big -P.01-UP-20-April-26,AB-SUB-B03-SOG-1000,Submittal for S.O.G Conc. Dim. DWGs As-Built Drawing (B03) (Sog),17-May-26,0.0,0.0,0.0,0.0,0,0.0,0,0.0,,,,,,,
evm,01-data/import_templates/activity_master.csv,579,The Big -P.01-UP-20-April-26,E-APP-B04-6TH-1030,Approval for Slabs Conc. Dim.  & RFT DWGs (B04) (6th),17-May-26,0.0,0.0,0.0,0.0,0,0.0,0,0.0,,,,,,,
evm,01-data/import_templates/activity_master.csv,740,The Big -P.01-UP-20-April-26,CON-B03-BAS01-1110,Dismantling Formwork (B03) (Bas 01),17-May-26,0.0,0.0,0.0,0.0,0,0.0,0,0.0,,,,,,,
evm,01-data/import_templates/activity_master.csv,247,The Big -P.01-UP-20-April-26,E-SUB-B04-8TH-1010,Submittal for Stairs Conc. Dim.  & RFT DWGs (B04) (8th),17-May-26,0.0,0.0,0.0,0.0,0,0.0,0,0.0,,,,,,,
evm,01-data/import_templates/activity_master.csv,847,The Big -P.01-UP-20-April-26,CON-B01-GR-1080,Pouring for Stairs  (B01) (GR),17-May-26,48297.6,0.0,0.0,48297.6,0,0.0,0,-48297.6,,,,,,,
evm,01-data/import_templates/activity_master.csv,742,The Big -P.01-UP-20-April-26,CON-B02-GR-1070,RFT for Stairs  (B02) (GR),17-May-26,61713.97,0.0,0.0,61713.97,0,0.0,0,-61713.97,,,,,,,
evm,01-data/import_templates/activity_master.csv,848,The Big -P.01-UP-20-April-26,AB-APP-B01-GR-1000,Approval for Col. & Walls Conc. Dim.  & RFT DWGs As-Built Drawing (B01)  (GF),17-May-26,0.0,0.0,0.0,0.0,0,0.0,0,0.0,,,,,,,
evm,01-data/import_templates/activity_master.csv,859,The Big -P.01-UP-20-April-26,CON-B02-SOG-1000,Soil Backfilling & Compaction (B02) (Sog),17-May-26,180582.43,0.0,0.0,180582.43,0,0.0,0,-180582.43,,,,,,,
evm,01-data/import_templates/activity_master.csv,741,The Big -P.01-UP-20-April-26,CON-B02-GR-1040,Shuttering for Slabs & Beams (B02) (GR),17-May-26,1785340.2,0.0,0.0,1785340.2,0,0.0,0,-1785340.2,,,,,,,
evm,01-data/import_templates/activity_master.csv,852,The Big -P.01-UP-20-April-26,CON-B01-GR-1100,"Curing for Slabs, Beams & Stairs (B01) (GR)",17-May-26,0.0,0.0,0.0,0.0,0,0.0,0,0.0,,,,,,,
evm,01-data/import_templates/activity_master.csv,172,The Big -P.01-UP-20-April-26,E-SUB-B04-RF-1000,Submittal for Col. & Walls Conc. Dim.  & RFT DWGs (B04) (RF),17-May-26,0.0,0.0,0.0,0.0,0,0.0,0,0.0,,,,,,,
evm,01-data/import_templates/activity_master.csv,853,The Big -P.01-UP-20-April-26,AB-SUB-B01-GR-1010,Submittal for Stairs Conc. Dim.  & RFT DWGs As-Built Drawing (B01),17-May-26,0.0,0.0,0.0,0.0,0,0.0,0,0.0,,,,,,,
evm,01-data/import_templates/activity_master.csv,751,The Big -P.01-UP-20-April-26,AB-APP-B03-BAS1-1010,Approval for Stairs Conc. Dim.  & RFT DWGs As-Built Drawing  (B03) (Bas 01),17-May-26,0.0,0.0,0.0,0.0,0,0.0,0,0.0,,,,,,,
evm,01-data/import_templates/activity_master.csv,794,The Big -P.01-UP-20-April-26,AB-SUB-B03-SOG-1010,Submittal for S.O.G RFT DWGs As-Built Drawing (B03) (Sog),17-May-26,0.0,0.0,0.0,0.0,0,0.0,0,0.0,,,,,,,
evm,01-data/import_templates/activity_master.csv,861,The Big -P.01-UP-20-April-26,CON-B01-SOG-1020,DPM Layer works (B01) (Sog),17-May-26,492186.35,0.0,0.0,492186.35,0,0.0,0,-492186.35,,,,,,,
evm,01-data/import_templates/activity_master.csv,797,The Big -P.01-UP-20-April-26,CON-B04-SOG-1050,Pouring for S.O.G (B04) (Sog),17-May-26,900216.35,0.0,0.0,900216.35,0,0.0,0,-900216.35,,,,,,,
evm,01-data/import_templates/activity_master.csv,361,The Big -P.01-UP-20-April-26,E-SUB-B04-8TH-1020,Submittal for Beams Conc. Dim.  & RFT DWGs (B04) (8th),17-May-26,0.0,0.0,0.0,0.0,0,0.0,0,0.0,,,,,,,
evm,01-data/import_templates/activity_master.csv,750,The Big -P.01-UP-20-April-26,CON-B02-GR-1060,RFT for Slabs & Beams (B02) (GR),17-May-26,1887885.37,0.0,0.0,1887885.37,0,0.0,0,-1887885.37,,,,,,,
evm,01-data/import_templates/activity_master.csv,754,The Big -P.01-UP-20-April-26,CON-B03-GR-1030,"Pouring for Walls, Col. & Cores (B03) (GR)",17-May-26,532759.93,0.0,0.0,532759.93,0,0.0,0,-532759.93,,,,,,,
evm,01-data/import_templates/activity_master.csv,279,The Big -P.01-UP-20-April-26,E-APP-B04-7TH-1000,Approval for Col. & Walls Conc. Dim.  & RFT DWGs (B04) (7th),17-May-26,0.0,0.0,0.0,0.0,0,0.0,0,0.0,,,,,,,
evm,01-data/import_templates/activity_master.csv,755,The Big -P.01-UP-20-April-26,AB-APP-B03-BAS1-1020,Approval for Slabs Conc. Dim.  & RFT DWGs As-Built Drawing  (B03) (Bas 01),17-May-26,0.0,0.0,0.0,0.0,0,0.0,0,0.0,,,,,,,
evm,01-data/import_templates/activity_master.csv,756,The Big -P.01-UP-20-April-26,AB-APP-B03-BAS1-1030,Approval for Beams Conc. Dim.  & RFT DWGs As-Built Drawing  (B03) (Bas 01),17-May-26,0.0,0.0,0.0,0.0,0,0.0,0,0.0,,,,,,,
evm,01-data/import_templates/activity_master.csv,804,The Big -P.01-UP-20-April-26,CON-B04-SOG-1060,Curing & Smoothing Surface for S.O.G (B04) (Sog),17-May-26,0.0,0.0,0.0,0.0,0,0.0,0,0.0,,,,,,,
evm,01-data/import_templates/activity_master.csv,860,The Big -P.01-UP-20-April-26,CON-B01-GR-1090,Pouring for Slabs & Beams (B01) (GR),17-May-26,1525811.58,0.0,0.0,1525811.58,0,0.0,0,-1525811.58,,,,,,,
evm,01-data/import_templates/activity_master.csv,378,The Big -P.01-UP-20-April-26,E-SUB-B04-RF-1010,Submittal for Beams Conc. Dim.  & RFT DWGs (B04) (RF),17-May-26,0.0,0.0,0.0,0.0,0,0.0,0,0.0,,,,,,,
evm,01-data/import_templates/activity_master.csv,786,The Big -P.01-UP-20-April-26,CON-B04-GR-1030,"Pouring for Walls, Col. & Cores (B04) (GR)",17-May-26,704864.95,0.0,0.0,704864.95,0,0.0,0,-704864.95,,,,,,,
evm,01-data/import_templates/activity_master.csv,761,The Big -P.01-UP-20-April-26,CON-B03-GR-1040,Shuttering for Slabs & Beams (B03) (GR),17-May-26,858317.45,0.0,0.0,858317.45,0,0.0,0,-858317.45,,,,,,,
evm,01-data/import_templates/activity_master.csv,762,The Big -P.01-UP-20-April-26,AB-SUB-B03-GR-1000,Submittal for Col. & Walls Conc. Dim.  & RFT DWGs As-Built Drawing (B03) (GF),17-May-26,0.0,0.0,0.0,0.0,0,0.0,0,0.0,,,,,,,
evm,01-data/import_templates/activity_master.csv,787,The Big -P.01-UP-20-April-26,CON-B04-BAS01-1140,Dismantling Formwork (B04) (Bas 01),17-May-26,0.0,0.0,0.0,0.0,0,0.0,0,0.0,,,,,,,
evm,01-data/import_templates/activity_master.csv,439,The Big -P.01-UP-20-April-26,E-SUB-B04-8TH-1030,Submittal for Slabs Conc. Dim.  & RFT DWGs (B04) (8th),17-May-26,0.0,0.0,0.0,0.0,0,0.0,0,0.0,,,,,,,
evm,01-data/import_templates/activity_master.csv,862,The Big -P.01-UP-20-April-26,CON-B01-1ST-1000,"Scaffolding works for Walls, Col. & Cores (B01) (1st)",17-May-26,0.0,0.0,0.0,0.0,0,0.0,0,0.0,,,,,,,
evm,01-data/import_templates/activity_master.csv,298,The Big -P.01-UP-20-April-26,E-APP-B04-7TH-1010,Approval for Stairs Conc. Dim.  & RFT DWGs (B04) (7th),17-May-26,0.0,0.0,0.0,0.0,0,0.0,0,0.0,,,,,,,
evm,01-data/import_templates/activity_master.csv,866,The Big -P.01-UP-20-April-26,AB-SUB-B01-GR-1020,Submittal for Slabs Conc. Dim.  & RFT DWGs As-Built Drawing (B01),17-May-26,0.0,0.0,0.0,0.0,0,0.0,0,0.0,,,,,,,
evm,01-data/import_templates/activity_master.csv,867,The Big -P.01-UP-20-April-26,AB-SUB-B01-GR-1030,Submittal for Beams Conc. Dim.  & RFT DWGs As-Built Drawing (B01),17-May-26,0.0,0.0,0.0,0.0,0,0.0,0,0.0,,,,,,,
evm,01-data/import_templates/activity_master.csv,788,The Big -P.01-UP-20-April-26,AB-APP-B04-BAS1-1030,Approval for Slabs Conc. Dim.  & RFT DWGs As-Built Drawing (B04) (Bas 01),17-May-26,0.0,0.0,0.0,0.0,0,0.0,0,0.0,,,,,,,
evm,01-data/import_templates/activity_master.csv,789,The Big -P.01-UP-20-April-26,AB-APP-B04-BAS1-1040,Approval for Beams Conc. Dim.  & RFT DWGs As-Built Drawing (B04) (Bas 01),17-May-26,0.0,0.0,0.0,0.0,0,0.0,0,0.0,,,,,,,
evm,01-data/import_templates/activity_master.csv,790,The Big -P.01-UP-20-April-26,AB-APP-B04-BAS1-1010,Approval for Stairs Conc. Dim.  & RFT DWGs As-Built Drawing (B04) (Bas 01),17-May-26,0.0,0.0,0.0,0.0,0,0.0,0,0.0,,,,,,,
evm,01-data/import_templates/activity_master.csv,791,The Big -P.01-UP-20-April-26,AB-APP-B04-BAS1-1020,Approval for Ramps Conc. Dim.  & RFT DWGs As-Built Drawing (B04) (Bas 01),17-May-26,0.0,0.0,0.0,0.0,0,0.0,0,0.0,,,,,,,
evm,01-data/import_templates/activity_master.csv,795,The Big -P.01-UP-20-April-26,CON-B04-GR-1040,Shuttering for Slabs & Beams (B04) (GR),17-May-26,1192564.74,0.0,0.0,1192564.74,0,0.0,0,-1192564.74,,,,,,,
evm,01-data/import_templates/activity_master.csv,770,The Big -P.01-UP-20-April-26,CON-B03-GR-1050,Shuttering for Stairs  (B03) (GR),17-May-26,34744.32,0.0,0.0,34744.32,0,0.0,0,-34744.32,,,,,,,
evm,01-data/import_templates/activity_master.csv,796,The Big -P.01-UP-20-April-26,AB-SUB-B04-GR-1000,Submittal for Col. & Walls Conc. Dim.  & RFT DWGs As-Built Drawing (B04) (GF),17-May-26,0.0,0.0,0.0,0.0,0,0.0,0,0.0,,,,,,,
evm,01-data/import_templates/activity_master.csv,870,The Big -P.01-UP-20-April-26,CON-B02-SOG-1010,Soil Compaction Test (B02) (Sog),17-May-26,20064.71,0.0,0.0,20064.71,0,0.0,0,-20064.71,,,,,,,
evm,01-data/import_templates/activity_master.csv,871,The Big -P.01-UP-20-April-26,CON-B01-SOG-1030,Blinding Concrete works (B01) (Sog),17-May-26,984372.71,0.0,0.0,820310.59,0,0.0,0,-820310.59,,,,,,,
evm,01-data/import_templates/activity_master.csv,455,The Big -P.01-UP-20-April-26,E-SUB-B04-RF-1020,Submittal for Slabs Conc. Dim.  & RFT DWGs (B04) (RF),17-May-26,0.0,0.0,0.0,0.0,0,0.0,0,0.0,,,,,,,
evm,01-data/import_templates/activity_master.csv,775,The Big -P.01-UP-20-April-26,CON-B02-GR-1080,Pouring for Stairs  (B02) (GR),17-May-26,49308.48,0.0,0.0,49308.48,0,0.0,0,-49308.48,,,,,,,
evm,01-data/import_templates/activity_master.csv,776,The Big -P.01-UP-20-April-26,CON-B03-GR-1060,RFT for Slabs & Beams (B03) (GR),17-May-26,1321990.03,0.0,0.0,1321990.03,0,0.0,0,-1321990.03,,,,,,,
evm,01-data/import_templates/activity_master.csv,803,The Big -P.01-UP-20-April-26,CON-B04-GR-1050,Shuttering for Stairs (B04) (GR),17-May-26,34744.32,0.0,0.0,34744.32,0,0.0,0,-34744.32,,,,,,,
evm,01-data/import_templates/activity_master.csv,780,The Big -P.01-UP-20-April-26,CON-B03-GR-1070,RFT for Stairs  (B03) (GR),17-May-26,65227.6,0.0,0.0,65227.6,0,0.0,0,-65227.6,,,,,,,
evm,01-data/import_templates/activity_master.csv,868,The Big -P.01-UP-20-April-26,CON-B01-1ST-1010,"RFT for Walls, Col. & Cores (B01) (1st)",17-May-26,549617.03,0.0,0.0,549617.03,0,0.0,0,-549617.03,,,,,,,
evm,01-data/import_templates/activity_master.csv,543,The Big -P.01-UP-20-April-26,E-APP-B04-7TH-1020,Approval for Beams Conc. Dim.  & RFT DWGs (B04) (7th),17-May-26,0.0,0.0,0.0,0.0,0,0.0,0,0.0,,,,,,,
evm,01-data/import_templates/activity_master.csv,781,The Big -P.01-UP-20-April-26,AB-APP-B02-GR-1000,Approval for Col. & Walls Conc. Dim.  & RFT DWGs As-Built Drawing (B02) (GF),17-May-26,0.0,0.0,0.0,0.0,0,0.0,0,0.0,,,,,,,
evm,01-data/import_templates/activity_master.csv,875,The Big -P.01-UP-20-April-26,CON-B02-SOG-1020,DPM Layer works (B02) (Sog),17-May-26,259766.35,0.0,0.0,138542.06,0,0.0,0,-138542.06,,,,,,,
evm,01-data/import_templates/activity_master.csv,784,The Big -P.01-UP-20-April-26,CON-B02-GR-1090,"Curing for Slabs, Beams Stairs (B02) (GR)",17-May-26,0.0,0.0,0.0,0.0,0,0.0,0,0.0,,,,,,,
evm,01-data/import_templates/activity_master.csv,807,The Big -P.01-UP-20-April-26,CON-B04-GR-1060,RFT for Slabs & Beams (B04) (GR),17-May-26,1765214.97,0.0,0.0,1765214.97,0,0.0,0,-1765214.97,,,,,,,
evm,01-data/import_templates/activity_master.csv,785,The Big -P.01-UP-20-April-26,AB-SUB-B02-GR-1010,Submittal for Stairs Conc. Dim.  & RFT DWGs As-Built Drawing (B02) (GF),17-May-26,0.0,0.0,0.0,0.0,0,0.0,0,0.0,,,,,,,
evm,01-data/import_templates/activity_master.csv,815,The Big -P.01-UP-20-April-26,AB-APP-B03-SOG-1000,Approval for S.O.G Conc. Dim. DWGs As-Built Drawing  (B03) (Sog),17-May-26,0.0,0.0,0.0,0.0,0,0.0,0,0.0,,,,,,,
evm,01-data/import_templates/activity_master.csv,809,The Big -P.01-UP-20-April-26,CON-B04-GR-1070,RFT for Stairs  (B04) (GR),17-May-26,43600.41,0.0,0.0,43600.41,0,0.0,0,-43600.41,,,,,,,
evm,01-data/import_templates/activity_master.csv,872,The Big -P.01-UP-20-April-26,CON-B01-1ST-1020,"Shuttering for Walls, Col. & Cores (B01) (1st)",17-May-26,300623.43,0.0,0.0,257677.22,0,0.0,0,-257677.22,,,,,,,
evm,01-data/import_templates/activity_master.csv,580,The Big -P.01-UP-20-April-26,E-APP-B04-7TH-1030,Approval for Slabs Conc. Dim.  & RFT DWGs (B04) (7th),17-May-26,0.0,0.0,0.0,0.0,0,0.0,0,0.0,,,,,,,
evm,01-data/import_templates/activity_master.csv,879,The Big -P.01-UP-20-April-26,CON-B01-SOG-1040,Shuttering & RFT for S.O.G (B01) (Sog),17-May-26,1476559.06,0.0,0.0,492186.35,0,0.0,0,-492186.35,,,,,,,
evm,01-data/import_templates/activity_master.csv,792,The Big -P.01-UP-20-April-26,CON-B03-GR-1080,Pouring for Slabs & Beams (B03) (GR),17-May-26,1287476.18,0.0,0.0,1287476.18,0,0.0,0,-1287476.18,,,,,,,
evm,01-data/import_templates/activity_master.csv,793,The Big -P.01-UP-20-April-26,CON-B03-GR-1090,Pouring for Stairs  (B03) (GR),17-May-26,52116.48,0.0,0.0,52116.48,0,0.0,0,-52116.48,,,,,,,
evm,01-data/import_templates/activity_master.csv,826,The Big -P.01-UP-20-April-26,AB-SUB-B04-SOG-1000,Submittal for S.O.G Conc. Dim. DWGs As-Built Drawing (B04) (Sog),17-May-26,0.0,0.0,0.0,0.0,0,0.0,0,0.0,,,,,,,
evm,01-data/import_templates/activity_master.csv,827,The Big -P.01-UP-20-April-26,AB-SUB-B04-SOG-1010,Submittal for S.O.G RFT DWGs As-Built Drawing (B04) (Sog),17-May-26,0.0,0.0,0.0,0.0,0,0.0,0,0.0,,,,,,,
evm,01-data/import_templates/activity_master.csv,876,The Big -P.01-UP-20-April-26,AB-APP-B01-GR-1010,Approval for Stairs Conc. Dim.  & RFT DWGs As-Built Drawing (B01)  (GF),17-May-26,0.0,0.0,0.0,0.0,0,0.0,0,0.0,,,,,,,
evm,01-data/import_templates/activity_master.csv,828,The Big -P.01-UP-20-April-26,AB-APP-B03-SOG-1010,Approval for S.O.G RFT DWGs As-Built Drawing  (B03) (Sog),17-May-26,0.0,0.0,0.0,0.0,0,0.0,0,0.0,,,,,,,
evm,01-data/import_templates/activity_master.csv,798,The Big -P.01-UP-20-April-26,CON-B02-GR-1100,Pouring for Slabs & Beams (B02) (GR),17-May-26,1190226.8,0.0,0.0,1190226.8,0,0.0,0,-1190226.8,,,,,,,
evm,01-data/import_templates/activity_master.csv,816,The Big -P.01-UP-20-April-26,CON-B04-GR-1080,Pouring for Slabs & Beams (B04) (GR),17-May-26,1788847.1,0.0,0.0,1788847.1,0,0.0,0,-1788847.1,,,,,,,
evm,01-data/import_templates/activity_master.csv,817,The Big -P.01-UP-20-April-26,CON-B04-GR-1090,Pouring for Stairs (B04) (GR),17-May-26,52116.48,0.0,0.0,52116.48,0,0.0,0,-52116.48,,,,,,,
evm,01-data/import_templates/activity_master.csv,799,The Big -P.01-UP-20-April-26,CON-B03-GR-1100,"Curing for Slabs, Beams & Stairs (B03) (GR)",17-May-26,0.0,0.0,0.0,0.0,0,0.0,0,0.0,,,,,,,
evm,01-data/import_templates/activity_master.csv,280,The Big -P.01-UP-20-April-26,E-APP-B04-8TH-1000,Approval for Col. & Walls Conc. Dim.  & RFT DWGs (B04) (8th),17-May-26,0.0,0.0,0.0,0.0,0,0.0,0,0.0,,,,,,,
evm,01-data/import_templates/activity_master.csv,800,The Big -P.01-UP-20-April-26,AB-SUB-B03-GR-1010,Submittal for Slabs Conc. Dim.  & RFT DWGs As-Built Drawing (B03) (GF),17-May-26,0.0,0.0,0.0,0.0,0,0.0,0,0.0,,,,,,,
evm,01-data/import_templates/activity_master.csv,801,The Big -P.01-UP-20-April-26,AB-SUB-B03-GR-1020,Submittal for Beams Conc. Dim.  & RFT DWGs As-Built Drawing (B03) (GF),17-May-26,0.0,0.0,0.0,0.0,0,0.0,0,0.0,,,,,,,
evm,01-data/import_templates/activity_master.csv,802,The Big -P.01-UP-20-April-26,AB-SUB-B03-GR-1030,Submittal for Stairs Conc. Dim.  & RFT DWGs As-Built Drawing (B03) (GF),17-May-26,0.0,0.0,0.0,0.0,0,0.0,0,0.0,,,,,,,
evm,01-data/import_templates/activity_master.csv,408,The Big -P.01-UP-20-April-26,P-MPOS-1120,P.O for Rebar Patch#7  (2nd floor),17-May-26,0.0,0.0,0.0,0.0,0,0.0,0,0.0,,,,,,,
evm,01-data/import_templates/activity_master.csv,864,The Big -P.01-UP-20-April-26,KD-MS-1040,Ground Works Finish Date,17-May-26,0.0,0.0,0.0,0.0,0,0.0,0,0.0,,,,,,,
evm,01-data/import_templates/activity_master.csv,821,The Big -P.01-UP-20-April-26,CON-B04-GR-1100,"Curing for Slabs, Beams & Stairs (B04) (GR)",17-May-26,0.0,0.0,0.0,0.0,0,0.0,0,0.0,,,,,,,
evm,01-data/import_templates/activity_master.csv,822,The Big -P.01-UP-20-April-26,AB-SUB-B04-GR-1010,Submittal for Slabs Conc. Dim.  & RFT DWGs As-Built Drawing (B04) (GF),17-May-26,0.0,0.0,0.0,0.0,0,0.0,0,0.0,,,,,,,
evm,01-data/import_templates/activity_master.csv,823,The Big -P.01-UP-20-April-26,AB-SUB-B04-GR-1020,Submittal for Beams Conc. Dim.  & RFT DWGs As-Built Drawing (B04) (GF),17-May-26,0.0,0.0,0.0,0.0,0,0.0,0,0.0,,,,,,,
evm,01-data/import_templates/activity_master.csv,824,The Big -P.01-UP-20-April-26,AB-SUB-B04-GR-1030,Submittal for Stairs Conc. Dim.  & RFT DWGs As-Built Drawing (B04) (GF),17-May-26,0.0,0.0,0.0,0.0,0,0.0,0,0.0,,,,,,,
evm,01-data/import_templates/activity_master.csv,805,The Big -P.01-UP-20-April-26,AB-SUB-B02-GR-1020,Submittal for Slabs Conc. Dim.  & RFT DWGs As-Built Drawing (B02) (GF),17-May-26,0.0,0.0,0.0,0.0,0,0.0,0,0.0,,,,,,,
evm,01-data/import_templates/activity_master.csv,806,The Big -P.01-UP-20-April-26,AB-SUB-B02-GR-1030,Submittal for Beams Conc. Dim.  & RFT DWGs As-Built Drawing (B02) (GF),17-May-26,0.0,0.0,0.0,0.0,0,0.0,0,0.0,,,,,,,
evm,01-data/import_templates/activity_master.csv,808,The Big -P.01-UP-20-April-26,AB-APP-B03-GR-1000,Approval for Col. & Walls Conc. Dim.  & RFT DWGs As-Built Drawing  (B03) (GF),17-May-26,0.0,0.0,0.0,0.0,0,0.0,0,0.0,,,,,,,
evm,01-data/import_templates/activity_master.csv,299,The Big -P.01-UP-20-April-26,E-APP-B04-8TH-1010,Approval for Stairs Conc. Dim.  & RFT DWGs (B04) (8th),17-May-26,0.0,0.0,0.0,0.0,0,0.0,0,0.0,,,,,,,
evm,01-data/import_templates/activity_master.csv,884,The Big -P.01-UP-20-April-26,AB-APP-B01-GR-1020,Approval for Slabs Conc. Dim.  & RFT DWGs As-Built Drawing (B01)  (GF),17-May-26,0.0,0.0,0.0,0.0,0,0.0,0,0.0,,,,,,,
evm,01-data/import_templates/activity_master.csv,885,The Big -P.01-UP-20-April-26,AB-APP-B01-GR-1030,Approval for Beams Conc. Dim.  & RFT DWGs As-Built Drawing (B01)  (GF),17-May-26,0.0,0.0,0.0,0.0,0,0.0,0,0.0,,,,,,,
evm,01-data/import_templates/activity_master.csv,883,The Big -P.01-UP-20-April-26,CON-B01-1ST-1030,"Pouring for Walls, Col. & Cores (B01) (1st)",17-May-26,450935.14,0.0,0.0,0.0,0,0.0,0,0.0,,,,,,,
evm,01-data/import_templates/activity_master.csv,830,The Big -P.01-UP-20-April-26,AB-APP-B04-GR-1000,Approval for Col. & Walls Conc. Dim.  & RFT DWGs As-Built Drawing (B04) (GF),17-May-26,0.0,0.0,0.0,0.0,0,0.0,0,0.0,,,,,,,
evm,01-data/import_templates/activity_master.csv,891,The Big -P.01-UP-20-April-26,CON-B01-GR-1110,Dismantling Formwork (B01) (GR),17-May-26,0.0,0.0,0.0,0.0,0,0.0,0,0.0,,,,,,,
evm,01-data/import_templates/activity_master.csv,894,The Big -P.01-UP-20-April-26,CON-B02-SOG-1030,Blinding Concrete works (B02) (Sog),17-May-26,519532.71,0.0,0.0,0.0,0,0.0,0,0.0,,,,,,,
evm,01-data/import_templates/activity_master.csv,895,The Big -P.01-UP-20-April-26,CON-B01-SOG-1050,Pouring for S.O.G (B01) (Sog),17-May-26,1968745.42,0.0,0.0,0.0,0,0.0,0,0.0,,,,,,,
evm,01-data/import_templates/activity_master.csv,865,The Big -P.01-UP-20-April-26,CON-B04-1ST-1000,"Scaffolding works for Walls, Col. & Cores (B04) (1st)",17-May-26,0.0,0.0,0.0,0.0,0,0.0,0,0.0,,,,,,,
evm,01-data/import_templates/activity_master.csv,285,The Big -P.01-UP-20-April-26,E-APP-B04-RF-1000,Approval for Col. & Walls Conc. Dim.  & RFT DWGs (B04) (RF),17-May-26,0.0,0.0,0.0,0.0,0,0.0,0,0.0,,,,,,,
evm,01-data/import_templates/activity_master.csv,893,The Big -P.01-UP-20-April-26,CON-B01-1ST-1040,"Shuttering for Slabs, Beams & Stairs (B01) (1st)",17-May-26,1049406.12,0.0,0.0,0.0,0,0.0,0,0.0,,,,,,,
evm,01-data/import_templates/activity_master.csv,544,The Big -P.01-UP-20-April-26,E-APP-B04-8TH-1020,Approval for Beams Conc. Dim.  & RFT DWGs (B04) (8th),17-May-26,0.0,0.0,0.0,0.0,0,0.0,0,0.0,,,,,,,
evm,01-data/import_templates/activity_master.csv,892,The Big -P.01-UP-20-April-26,AB-SUB-B01-1ST-1000,Submittal for Col. & Walls Conc. Dim.  & RFT DWGs As-Built Drawing (B01) (1st),17-May-26,0.0,0.0,0.0,0.0,0,0.0,0,0.0,,,,,,,
evm,01-data/import_templates/activity_master.csv,820,The Big -P.01-UP-20-April-26,AB-APP-B02-GR-1010,Approval for Stairs Conc. Dim.  & RFT DWGs As-Built Drawing (B02) (GF),17-May-26,0.0,0.0,0.0,0.0,0,0.0,0,0.0,,,,,,,
evm,01-data/import_templates/activity_master.csv,869,The Big -P.01-UP-20-April-26,CON-B04-1ST-1010,"RFT for Walls, Col. & Cores (B04) (1st)",17-May-26,552281.71,0.0,0.0,0.0,0,0.0,0,0.0,,,,,,,
evm,01-data/import_templates/activity_master.csv,549,The Big -P.01-UP-20-April-26,E-APP-B04-RF-1010,Approval for  Beams Conc. Dim.  & RFT DWGs (B04) (RF),17-May-26,0.0,0.0,0.0,0.0,0,0.0,0,0.0,,,,,,,
evm,01-data/import_templates/activity_master.csv,581,The Big -P.01-UP-20-April-26,E-APP-B04-8TH-1030,Approval for Slabs Conc. Dim.  & RFT DWGs (B04) (8th),17-May-26,0.0,0.0,0.0,0.0,0,0.0,0,0.0,,,,,,,
evm,01-data/import_templates/activity_master.csv,474,The Big -P.01-UP-20-April-26,P-MDEL-1110,Delivery for Rebar Patch#7  (2nd floor),17-May-26,0.0,0.0,0.0,0.0,0,0.0,0,0.0,,,,,,,
evm,01-data/import_templates/activity_master.csv,899,The Big -P.01-UP-20-April-26,CON-B01-1ST-1050,"RFT for Slabs, Beams & Stairs(B01) (1st)",17-May-26,1550603.78,0.0,0.0,0.0,0,0.0,0,0.0,,,,,,,
evm,01-data/import_templates/activity_master.csv,873,The Big -P.01-UP-20-April-26,CON-B04-1ST-1020,"Shuttering for Walls, Col. & Cores (B04) (1st)",17-May-26,302176.92,0.0,0.0,0.0,0,0.0,0,0.0,,,,,,,
evm,01-data/import_templates/activity_master.csv,856,The Big -P.01-UP-20-April-26,AB-APP-B04-SOG-1000,Approval for S.O.G Conc. Dim. DWGs As-Built Drawing (B04) (Sog),17-May-26,0.0,0.0,0.0,0.0,0,0.0,0,0.0,,,,,,,
evm,01-data/import_templates/activity_master.csv,857,The Big -P.01-UP-20-April-26,AB-APP-B04-SOG-1010,Approval for S.O.G RFT DWGs As-Built Drawing (B04) (Sog),17-May-26,0.0,0.0,0.0,0.0,0,0.0,0,0.0,,,,,,,
evm,01-data/import_templates/activity_master.csv,898,The Big -P.01-UP-20-April-26,CON-B01-SOG-1060,Curing & Smoothing Surface for S.O.G (B01) (Sog),17-May-26,0.0,0.0,0.0,0.0,0,0.0,0,0.0,,,,,,,
evm,01-data/import_templates/activity_master.csv,586,The Big -P.01-UP-20-April-26,E-APP-B04-RF-1020,Approval for Slabs Conc. Dim.  & RFT DWGs (B04) (RF),17-May-26,0.0,0.0,0.0,0.0,0,0.0,0,0.0,,,,,,,
evm,01-data/import_templates/activity_master.csv,846,The Big -P.01-UP-20-April-26,CON-B04-GR-1110,Dismantling Formwork (B04) (GR),17-May-26,0.0,0.0,0.0,0.0,0,0.0,0,0.0,,,,,,,
evm,01-data/import_templates/activity_master.csv,833,The Big -P.01-UP-20-April-26,AB-APP-B03-GR-1010,Approval for Slabs Conc. Dim.  & RFT DWGs As-Built Drawing  (B03) (GF),17-May-26,0.0,0.0,0.0,0.0,0,0.0,0,0.0,,,,,,,
evm,01-data/import_templates/activity_master.csv,834,The Big -P.01-UP-20-April-26,AB-APP-B03-GR-1020,Approval for Beams Conc. Dim.  & RFT DWGs As-Built Drawing  (B03) (GF),17-May-26,0.0,0.0,0.0,0.0,0,0.0,0,0.0,,,,,,,
evm,01-data/import_templates/activity_master.csv,835,The Big -P.01-UP-20-April-26,AB-APP-B03-GR-1030,Approval for Stairs Conc. Dim.  & RFT DWGs As-Built Drawing  (B03) (GF),17-May-26,0.0,0.0,0.0,0.0,0,0.0,0,0.0,,,,,,,
evm,01-data/import_templates/activity_master.csv,902,The Big -P.01-UP-20-April-26,CON-B02-SOG-1040,Shuttering & RFT for S.O.G (B02) (Sog),17-May-26,779299.06,0.0,0.0,0.0,0,0.0,0,0.0,,,,,,,
evm,01-data/import_templates/activity_master.csv,903,The Big -P.01-UP-20-April-26,AB-SUB-B01-SOG-1000,Submittal for S.O.G Conc. Dim. DWGs As-Built Drawing (B01) (Sog),17-May-26,0.0,0.0,0.0,0.0,0,0.0,0,0.0,,,,,,,
evm,01-data/import_templates/activity_master.csv,839,The Big -P.01-UP-20-April-26,CON-B03-GR-1110,Dismantling Formwork (B03) (GR),17-May-26,0.0,0.0,0.0,0.0,0,0.0,0,0.0,,,,,,,
evm,01-data/import_templates/activity_master.csv,836,The Big -P.01-UP-20-April-26,AB-APP-B02-GR-1020,Approval for Slabs Conc. Dim.  & RFT DWGs As-Built Drawing (B02) (GF),17-May-26,0.0,0.0,0.0,0.0,0,0.0,0,0.0,,,,,,,
evm,01-data/import_templates/activity_master.csv,837,The Big -P.01-UP-20-April-26,AB-APP-B02-GR-1030,Approval for Beams Conc. Dim.  & RFT DWGs As-Built Drawing (B02) (GF),17-May-26,0.0,0.0,0.0,0.0,0,0.0,0,0.0,,,,,,,
evm,01-data/import_templates/activity_master.csv,849,The Big -P.01-UP-20-April-26,AB-APP-B04-GR-1010,Approval for Slabs Conc. Dim.  & RFT DWGs As-Built Drawing (B04) (GF),17-May-26,0.0,0.0,0.0,0.0,0,0.0,0,0.0,,,,,,,
evm,01-data/import_templates/activity_master.csv,850,The Big -P.01-UP-20-April-26,AB-APP-B04-GR-1020,Approval for Beams Conc. Dim.  & RFT DWGs As-Built Drawing (B04) (GF),17-May-26,0.0,0.0,0.0,0.0,0,0.0,0,0.0,,,,,,,
evm,01-data/import_templates/activity_master.csv,851,The Big -P.01-UP-20-April-26,AB-APP-B04-GR-1030,Approval for Stairs Conc. Dim.  & RFT DWGs As-Built Drawing (B04) (GF),17-May-26,0.0,0.0,0.0,0.0,0,0.0,0,0.0,,,,,,,
evm,01-data/import_templates/activity_master.csv,841,The Big -P.01-UP-20-April-26,CON-B02-1ST-1000,"Scaffolding works for Walls, Col. & Cores (B02) (1st)",17-May-26,0.0,0.0,0.0,0.0,0,0.0,0,0.0,,,,,,,
evm,01-data/import_templates/activity_master.csv,840,The Big -P.01-UP-20-April-26,CON-B02-GR-1110,Dismantling Formwork (B02) (GR),17-May-26,0.0,0.0,0.0,0.0,0,0.0,0,0.0,,,,,,,
evm,01-data/import_templates/activity_master.csv,845,The Big -P.01-UP-20-April-26,CON-B03-1ST-1000,"Scaffolding works for Walls, Col. & Cores (B03) (1st)",17-May-26,0.0,0.0,0.0,0.0,0,0.0,0,0.0,,,,,,,
evm,01-data/import_templates/activity_master.csv,880,The Big -P.01-UP-20-April-26,CON-B04-1ST-1030,"Pouring for Walls, Col. & Cores (B04) (1st)",17-May-26,453265.38,0.0,0.0,0.0,0,0.0,0,0.0,,,,,,,
evm,01-data/import_templates/activity_master.csv,913,The Big -P.01-UP-20-April-26,AB-SUB-B01-SOG-1010,Submittal for S.O.G RFT DWGs As-Built Drawing (B01) (Sog),17-May-26,0.0,0.0,0.0,0.0,0,0.0,0,0.0,,,,,,,
evm,01-data/import_templates/activity_master.csv,844,The Big -P.01-UP-20-April-26,CON-B02-1ST-1010,"RFT for Walls, Col. & Cores (B02) (1st)",17-May-26,290453.31,0.0,0.0,0.0,0,0.0,0,0.0,,,,,,,
evm,01-data/import_templates/activity_master.csv,887,The Big -P.01-UP-20-April-26,CON-B04-1ST-1040,"Shuttering for Slabs, Beams & Stairs (B04) (1st)",17-May-26,1003883.55,0.0,0.0,0.0,0,0.0,0,0.0,,,,,,,
evm,01-data/import_templates/activity_master.csv,888,The Big -P.01-UP-20-April-26,AB-SUB-B04-1ST-1000,Submittal for Col. & Walls Conc. Dim.  & RFT DWGs As-Built Drawing (B04) (1st),17-May-26,0.0,0.0,0.0,0.0,0,0.0,0,0.0,,,,,,,
evm,01-data/import_templates/activity_master.csv,907,The Big -P.01-UP-20-April-26,AB-APP-B01-1ST-1000,Approval for Col. & Walls Conc. Dim.  & RFT DWGs As-Built Drawing (B01) (1st),17-May-26,0.0,0.0,0.0,0.0,0,0.0,0,0.0,,,,,,,
evm,01-data/import_templates/activity_master.csv,855,The Big -P.01-UP-20-April-26,CON-B03-1ST-1010,"RFT for Walls, Col. & Cores (B03) (1st)",17-May-26,388168.78,0.0,0.0,0.0,0,0.0,0,0.0,,,,,,,
evm,01-data/import_templates/activity_master.csv,918,The Big -P.01-UP-20-April-26,CON-B02-SOG-1050,Pouring for S.O.G (B02) (Sog),17-May-26,1039065.42,0.0,0.0,0.0,0,0.0,0,0.0,,,,,,,
evm,01-data/import_templates/activity_master.csv,518,The Big -P.01-UP-20-April-26,P-MPOS-1130,P.O for Rebar Patch#8  (3rd floor),15-Apr-26,0.0,0.0,0.0,0.0,0,0.0,0,0.0,,,,,,,
evm,01-data/import_templates/activity_master.csv,854,The Big -P.01-UP-20-April-26,CON-B02-1ST-1020,"Shuttering for Walls, Col. & Cores (B02) (1st)",17-May-26,42415.29,0.0,0.0,0.0,0,0.0,0,0.0,,,,,,,
evm,01-data/import_templates/activity_master.csv,919,The Big -P.01-UP-20-April-26,CON-B01-1ST-1060,"Pouring for Slabs, Beams & Stairs (B01) (1st)",17-May-26,1574109.18,0.0,0.0,0.0,0,0.0,0,0.0,,,,,,,
evm,01-data/import_templates/activity_master.csv,896,The Big -P.01-UP-20-April-26,CON-B04-1ST-1050,"RFT for Slabs, Beams & Stairs (B04) (1st)",17-May-26,1487994.98,0.0,0.0,0.0,0,0.0,0,0.0,,,,,,,
evm,01-data/import_templates/activity_master.csv,863,The Big -P.01-UP-20-April-26,CON-B03-1ST-1020,"Shuttering for Walls, Col. & Cores (B03) (1st)",17-May-26,209943.72,0.0,0.0,0.0,0,0.0,0,0.0,,,,,,,
evm,01-data/import_templates/activity_master.csv,923,The Big -P.01-UP-20-April-26,CON-B02-SOG-1060,Curing & Smoothing Surface for S.O.G (B02) (Sog),17-May-26,0.0,0.0,0.0,0.0,0,0.0,0,0.0,,,,,,,
evm,01-data/import_templates/activity_master.csv,924,The Big -P.01-UP-20-April-26,CON-B01-1ST-1070,"Curing for Slabs, Beams & Stairs (B01) (1st)",17-May-26,0.0,0.0,0.0,0.0,0,0.0,0,0.0,,,,,,,
evm,01-data/import_templates/activity_master.csv,925,The Big -P.01-UP-20-April-26,AB-SUB-B01-1ST-1010,Submittal for Slabs Conc. Dim.  & RFT DWGs As-Built Drawing (B01) (1st),17-May-26,0.0,0.0,0.0,0.0,0,0.0,0,0.0,,,,,,,
evm,01-data/import_templates/activity_master.csv,926,The Big -P.01-UP-20-April-26,AB-SUB-B01-1ST-1020,Submittal for Beams Conc. Dim.  & RFT DWGs As-Built Drawing (B01) (1st),17-May-26,0.0,0.0,0.0,0.0,0,0.0,0,0.0,,,,,,,
evm,01-data/import_templates/activity_master.csv,927,The Big -P.01-UP-20-April-26,AB-SUB-B01-1ST-1030,Submittal for Stairs Conc. Dim.  & RFT DWGs As-Built Drawing (B01) (1st),17-May-26,0.0,0.0,0.0,0.0,0,0.0,0,0.0,,,,,,,
evm,01-data/import_templates/activity_master.csv,934,The Big -P.01-UP-20-April-26,AB-APP-B01-SOG-1000,Approval for S.O.G Conc. Dim.DWGs As-Built Drawing (B01) (Sog),17-May-26,0.0,0.0,0.0,0.0,0,0.0,0,0.0,,,,,,,
evm,01-data/import_templates/activity_master.csv,928,The Big -P.01-UP-20-April-26,CON-B01-2ND-1000,"Scaffolding works for Walls, Col. & Cores (B01) (2nd)",17-May-26,0.0,0.0,0.0,0.0,0,0.0,0,0.0,,,,,,,
evm,01-data/import_templates/activity_master.csv,936,The Big -P.01-UP-20-April-26,CON-B01-2ND-1010,"RFT for Walls, Col. & Cores (B01) (2nd)",17-May-26,547183.9,0.0,0.0,0.0,0,0.0,0,0.0,,,,,,,
evm,01-data/import_templates/activity_master.csv,945,The Big -P.01-UP-20-April-26,AB-APP-B01-SOG-1010,Approval for S.O.G RFT DWGs As-Built Drawing (B01) (Sog),17-May-26,0.0,0.0,0.0,0.0,0,0.0,0,0.0,,,,,,,
evm,01-data/import_templates/activity_master.csv,905,The Big -P.01-UP-20-April-26,AB-APP-B04-1ST-1000,Approval for Col. & Walls Conc. Dim.  & RFT DWGs As-Built Drawing (B04) (1st),17-May-26,0.0,0.0,0.0,0.0,0,0.0,0,0.0,,,,,,,
evm,01-data/import_templates/activity_master.csv,943,The Big -P.01-UP-20-April-26,CON-B01-2ND-1020,"Shuttering for Walls, Col. & Cores (B01) (2nd)",17-May-26,299336.25,0.0,0.0,0.0,0,0.0,0,0.0,,,,,,,
evm,01-data/import_templates/activity_master.csv,874,The Big -P.01-UP-20-April-26,CON-B02-1ST-1030,"Pouring for Walls, Col. & Cores (B02) (1st)",17-May-26,63622.93,0.0,0.0,0.0,0,0.0,0,0.0,,,,,,,
evm,01-data/import_templates/activity_master.csv,912,The Big -P.01-UP-20-April-26,CON-B04-1ST-1060,"Pouring for Slabs, Beams & Stairs (B04) (1st)",17-May-26,1505825.33,0.0,0.0,0.0,0,0.0,0,0.0,,,,,,,
evm,01-data/import_templates/activity_master.csv,950,The Big -P.01-UP-20-April-26,AB-SUB-B02-SOG-1000,Submittal for S.O.G Conc. Dim. DWGs As-Built Drawing (B02) (Sog),17-May-26,0.0,0.0,0.0,0.0,0,0.0,0,0.0,,,,,,,
evm,01-data/import_templates/activity_master.csv,951,The Big -P.01-UP-20-April-26,AB-SUB-B02-SOG-1010,Submittal for S.O.G RFT DWGs As-Built Drawing (B02) (Sog),17-May-26,0.0,0.0,0.0,0.0,0,0.0,0,0.0,,,,,,,
evm,01-data/import_templates/activity_master.csv,877,The Big -P.01-UP-20-April-26,CON-B02-1ST-1040,"Shuttering for Slabs, Beams & Stairs (B02) (1st)",17-May-26,1552420.74,0.0,0.0,0.0,0,0.0,0,0.0,,,,,,,
evm,01-data/import_templates/activity_master.csv,878,The Big -P.01-UP-20-April-26,AB-SUB-B02-1ST-1000,Submittal for Col. & Walls Conc. Dim.  & RFT DWGs As-Built Drawing (B02) (1st),17-May-26,0.0,0.0,0.0,0.0,0,0.0,0,0.0,,,,,,,
evm,01-data/import_templates/activity_master.csv,882,The Big -P.01-UP-20-April-26,CON-B03-1ST-1030,"Pouring for Walls, Col. & Cores (B03) (1st)",17-May-26,314915.58,0.0,0.0,0.0,0,0.0,0,0.0,,,,,,,
evm,01-data/import_templates/activity_master.csv,914,The Big -P.01-UP-20-April-26,CON-B04-1ST-1070,"Curing for Slabs, Beams & Stairs (B04) (1st)",17-May-26,0.0,0.0,0.0,0.0,0,0.0,0,0.0,,,,,,,
evm,01-data/import_templates/activity_master.csv,915,The Big -P.01-UP-20-April-26,AB-SUB-B04-1ST-1010,Submittal for Slabs Conc. Dim.  & RFT DWGs As-Built Drawing (B04) (1st),17-May-26,0.0,0.0,0.0,0.0,0,0.0,0,0.0,,,,,,,
evm,01-data/import_templates/activity_master.csv,916,The Big -P.01-UP-20-April-26,AB-SUB-B04-1ST-1020,Submittal for Beams Conc. Dim.  & RFT DWGs As-Built Drawing (B04) (1st),17-May-26,0.0,0.0,0.0,0.0,0,0.0,0,0.0,,,,,,,
evm,01-data/import_templates/activity_master.csv,917,The Big -P.01-UP-20-April-26,AB-SUB-B04-1ST-1030,Submittal for Stairs Conc. Dim.  & RFT DWGs As-Built Drawing (B04) (1st),17-May-26,0.0,0.0,0.0,0.0,0,0.0,0,0.0,,,,,,,
evm,01-data/import_templates/activity_master.csv,953,The Big -P.01-UP-20-April-26,CON-B01-1ST-1080,Dismantling Formwork (B01) (1st),17-May-26,0.0,0.0,0.0,0.0,0,0.0,0,0.0,,,,,,,
evm,01-data/import_templates/activity_master.csv,881,The Big -P.01-UP-20-April-26,CON-B02-1ST-1050,"RFT for Slabs, Beams & Stairs (B02) (1st)",17-May-26,1677255.18,0.0,0.0,0.0,0,0.0,0,0.0,,,,,,,
evm,01-data/import_templates/activity_master.csv,889,The Big -P.01-UP-20-April-26,CON-B03-1ST-1040,"Shuttering for Slabs, Beams & Stairs (B03) (1st)",17-May-26,945063.75,0.0,0.0,0.0,0,0.0,0,0.0,,,,,,,
evm,01-data/import_templates/activity_master.csv,922,The Big -P.01-UP-20-April-26,CON-B04-2ND-1000,"Scaffolding works for Walls, Col. & Cores (B04) (2nd)",17-May-26,0.0,0.0,0.0,0.0,0,0.0,0,0.0,,,,,,,
evm,01-data/import_templates/activity_master.csv,890,The Big -P.01-UP-20-April-26,AB-SUB-B03-1ST-1000,Submittal for Col. & Walls Conc. Dim.  & RFT DWGs As-Built Drawing (B03) (1st),17-May-26,0.0,0.0,0.0,0.0,0,0.0,0,0.0,,,,,,,
evm,01-data/import_templates/activity_master.csv,954,The Big -P.01-UP-20-April-26,AB-APP-B01-1ST-1010,Approval for Slabs Conc. Dim.  & RFT DWGs As-Built Drawing (B01) (1st),17-May-26,0.0,0.0,0.0,0.0,0,0.0,0,0.0,,,,,,,
evm,01-data/import_templates/activity_master.csv,955,The Big -P.01-UP-20-April-26,AB-APP-B01-1ST-1020,Approval for Beams Conc. Dim.  & RFT DWGs As-Built Drawing (B01) (1st),17-May-26,0.0,0.0,0.0,0.0,0,0.0,0,0.0,,,,,,,
evm,01-data/import_templates/activity_master.csv,956,The Big -P.01-UP-20-April-26,AB-APP-B01-1ST-1030,Approval for Stairs Conc. Dim.  & RFT DWGs As-Built Drawing (B01) (1st),17-May-26,0.0,0.0,0.0,0.0,0,0.0,0,0.0,,,,,,,
evm,01-data/import_templates/activity_master.csv,957,The Big -P.01-UP-20-April-26,CON-B01-2ND-1030,"Pouring for Walls, Col. & Cores (B01) (2nd)",17-May-26,449004.37,0.0,0.0,0.0,0,0.0,0,0.0,,,,,,,
evm,01-data/import_templates/activity_master.csv,630,The Big -P.01-UP-20-April-26,P-MDEL-1100,Delivery for Rebar Patch#8  (3rd floor),17-May-26,0.0,0.0,0.0,0.0,0,0.0,0,0.0,,,,,,,
evm,01-data/import_templates/activity_master.csv,965,The Big -P.01-UP-20-April-26,CON-B01-2ND-1040,"Shuttering for Slabs, Beams & Stairs (B01) (2nd)",17-May-26,1045604.81,0.0,0.0,0.0,0,0.0,0,0.0,,,,,,,
evm,01-data/import_templates/activity_master.csv,933,The Big -P.01-UP-20-April-26,CON-B04-2ND-1010,"RFT for Walls, Col. & Cores (B04) (2nd)",17-May-26,549836.38,0.0,0.0,0.0,0,0.0,0,0.0,,,,,,,
evm,01-data/import_templates/activity_master.csv,966,The Big -P.01-UP-20-April-26,AB-SUB-B01-2ND-1000,Submittal for Col. & Walls Conc. Dim.  & RFT DWGs As-Built Drawing (B01) (2nd),17-May-26,0.0,0.0,0.0,0.0,0,0.0,0,0.0,,,,,,,
evm,01-data/import_templates/activity_master.csv,897,The Big -P.01-UP-20-April-26,CON-B03-1ST-1050,"RFT for Slabs, Beams & Stairs (B03) (1st)",17-May-26,1396338.34,0.0,0.0,0.0,0,0.0,0,0.0,,,,,,,
evm,01-data/import_templates/activity_master.csv,656,The Big -P.01-UP-20-April-26,P-MPOS-1140,P.O for Rebar Patch#9  (4th floor),15-Apr-26,0.0,0.0,0.0,0.0,0,0.0,0,0.0,,,,,,,
evm,01-data/import_templates/activity_master.csv,941,The Big -P.01-UP-20-April-26,CON-B04-2ND-1020,"Shuttering for Walls, Col. & Cores (B04) (2nd)",17-May-26,300845.35,0.0,0.0,0.0,0,0.0,0,0.0,,,,,,,
evm,01-data/import_templates/activity_master.csv,969,The Big -P.01-UP-20-April-26,CON-B01-2ND-1050,"RFT for Slabs, Beams & Stairs (B01) (2nd)",17-May-26,1544246.42,0.0,0.0,0.0,0,0.0,0,0.0,,,,,,,
evm,01-data/import_templates/activity_master.csv,972,The Big -P.01-UP-20-April-26,AB-APP-B02-SOG-1000,Approval for S.O.G Conc. Dim. DWGs As-Built Drawing (B02) (Sog),17-May-26,0.0,0.0,0.0,0.0,0,0.0,0,0.0,,,,,,,
evm,01-data/import_templates/activity_master.csv,973,The Big -P.01-UP-20-April-26,AB-APP-B02-SOG-1010,Approval for S.O.G RFT DWGs As-Built Drawing (B02) (Sog),17-May-26,0.0,0.0,0.0,0.0,0,0.0,0,0.0,,,,,,,
evm,01-data/import_templates/activity_master.csv,944,The Big -P.01-UP-20-April-26,CON-B04-1ST-1080,Dismantling Formwork (B04) (1st),17-May-26,0.0,0.0,0.0,0.0,0,0.0,0,0.0,,,,,,,
evm,01-data/import_templates/activity_master.csv,900,The Big -P.01-UP-20-April-26,AB-APP-B02-1ST-1000,Approval for Col. & Walls Conc. Dim.  & RFT DWGs As-Built Drawing (B02) (1st),17-May-26,0.0,0.0,0.0,0.0,0,0.0,0,0.0,,,,,,,
evm,01-data/import_templates/activity_master.csv,946,The Big -P.01-UP-20-April-26,AB-APP-B04-1ST-1010,Approval for Slabs Conc. Dim.  & RFT DWGs As-Built Drawing (B04) (1st),17-May-26,0.0,0.0,0.0,0.0,0,0.0,0,0.0,,,,,,,
evm,01-data/import_templates/activity_master.csv,947,The Big -P.01-UP-20-April-26,AB-APP-B04-1ST-1020,Approval for Beams Conc. Dim.  & RFT DWGs As-Built Drawing (B04) (1st),17-May-26,0.0,0.0,0.0,0.0,0,0.0,0,0.0,,,,,,,
evm,01-data/import_templates/activity_master.csv,948,The Big -P.01-UP-20-April-26,AB-APP-B04-1ST-1030,Approval for Stairs Conc. Dim.  & RFT DWGs As-Built Drawing (B04) (1st),17-May-26,0.0,0.0,0.0,0.0,0,0.0,0,0.0,,,,,,,
evm,01-data/import_templates/activity_master.csv,901,The Big -P.01-UP-20-April-26,CON-B02-1ST-1060,"Pouring for Slabs, Beams & Stairs (B02) (1st)",17-May-26,1034947.16,0.0,0.0,0.0,0,0.0,0,0.0,,,,,,,
evm,01-data/import_templates/activity_master.csv,906,The Big -P.01-UP-20-April-26,AB-APP-B03-1ST-1000,Approval for Col. & Walls Conc. Dim.  & RFT DWGs As-Built Drawing  (B03) (1st),17-May-26,0.0,0.0,0.0,0.0,0,0.0,0,0.0,,,,,,,
evm,01-data/import_templates/activity_master.csv,958,The Big -P.01-UP-20-April-26,CON-B04-2ND-1030,"Pouring for Walls, Col. & Cores (B04) (2nd)",17-May-26,451268.03,0.0,0.0,0.0,0,0.0,0,0.0,,,,,,,
evm,01-data/import_templates/activity_master.csv,980,The Big -P.01-UP-20-April-26,CON-B01-2ND-1060,"Pouring for Slabs, Beams & Stairs (B01) (2nd)",17-May-26,1568407.21,0.0,0.0,0.0,0,0.0,0,0.0,,,,,,,
evm,01-data/import_templates/activity_master.csv,908,The Big -P.01-UP-20-April-26,CON-B02-1ST-1070,"Curing for Slabs, Beams & Stairs (B02) (1st)",17-May-26,0.0,0.0,0.0,0.0,0,0.0,0,0.0,,,,,,,
evm,01-data/import_templates/activity_master.csv,962,The Big -P.01-UP-20-April-26,CON-B04-2ND-1040,"Shuttering for Slabs, Beams & Stairs (B04) (2nd)",17-May-26,982426.22,0.0,0.0,0.0,0,0.0,0,0.0,,,,,,,
evm,01-data/import_templates/activity_master.csv,963,The Big -P.01-UP-20-April-26,AB-SUB-B04-2ND-1000,Submittal for Col. & Walls Conc. Dim.  & RFT DWGs As-Built Drawing (B04) (2nd),17-May-26,0.0,0.0,0.0,0.0,0,0.0,0,0.0,,,,,,,
evm,01-data/import_templates/activity_master.csv,909,The Big -P.01-UP-20-April-26,AB-SUB-B02-1ST-1010,Submittal for Slabs Conc. Dim.  & RFT DWGs As-Built Drawing (B02) (1st),17-May-26,0.0,0.0,0.0,0.0,0,0.0,0,0.0,,,,,,,
evm,01-data/import_templates/activity_master.csv,910,The Big -P.01-UP-20-April-26,AB-SUB-B02-1ST-1020,Submittal for Beams Conc. Dim.  & RFT DWGs As-Built Drawing (B02) (1st),17-May-26,0.0,0.0,0.0,0.0,0,0.0,0,0.0,,,,,,,
evm,01-data/import_templates/activity_master.csv,911,The Big -P.01-UP-20-April-26,AB-SUB-B02-1ST-1030,Submittal for Stairs Conc. Dim.  & RFT DWGs As-Built Drawing (B02) (1st),17-May-26,0.0,0.0,0.0,0.0,0,0.0,0,0.0,,,,,,,
evm,01-data/import_templates/activity_master.csv,981,The Big -P.01-UP-20-April-26,AB-APP-B01-2ND-1000,Approval for Col. & Walls Conc. Dim.  & RFT DWGs As-Built Drawing (B01) (2nd),17-May-26,0.0,0.0,0.0,0.0,0,0.0,0,0.0,,,,,,,
evm,01-data/import_templates/activity_master.csv,983,The Big -P.01-UP-20-April-26,CON-B01-2ND-1070,"Curing for Slabs, Beams & Stairs (B01) (2nd)",17-May-26,0.0,0.0,0.0,0.0,0,0.0,0,0.0,,,,,,,
evm,01-data/import_templates/activity_master.csv,984,The Big -P.01-UP-20-April-26,AB-SUB-B01-2ND-1010,Submittal for Slabs Conc. Dim.  & RFT DWGs As-Built Drawing (B01) (2nd),17-May-26,0.0,0.0,0.0,0.0,0,0.0,0,0.0,,,,,,,
evm,01-data/import_templates/activity_master.csv,985,The Big -P.01-UP-20-April-26,AB-SUB-B01-2ND-1020,Submittal for Beams Conc. Dim.  & RFT DWGs As-Built Drawing (B01) (2nd),17-May-26,0.0,0.0,0.0,0.0,0,0.0,0,0.0,,,,,,,
evm,01-data/import_templates/activity_master.csv,986,The Big -P.01-UP-20-April-26,AB-SUB-B01-2ND-1030,Submittal for Stairs Conc. Dim.  & RFT DWGs As-Built Drawing (B01) (2nd),17-May-26,0.0,0.0,0.0,0.0,0,0.0,0,0.0,,,,,,,
evm,01-data/import_templates/activity_master.csv,987,The Big -P.01-UP-20-April-26,CON-B01-3RD-1000,"Scaffolding works for Walls, Col. & Cores (B01) (3rd)",17-May-26,0.0,0.0,0.0,0.0,0,0.0,0,0.0,,,,,,,
evm,01-data/import_templates/activity_master.csv,920,The Big -P.01-UP-20-April-26,CON-B03-1ST-1060,"Pouring for Slabs, Beams & Stairs (B03) (1st)",17-May-26,1417595.63,0.0,0.0,0.0,0,0.0,0,0.0,,,,,,,
evm,01-data/import_templates/activity_master.csv,968,The Big -P.01-UP-20-April-26,CON-B04-2ND-1050,"RFT for Slabs, Beams & Stairs (B04) (2nd)",17-May-26,1425382.16,0.0,0.0,0.0,0,0.0,0,0.0,,,,,,,
evm,01-data/import_templates/activity_master.csv,929,The Big -P.01-UP-20-April-26,CON-B03-1ST-1070,"Curing for Slabs, Beams & Stairs (B03) (1st)",17-May-26,0.0,0.0,0.0,0.0,0,0.0,0,0.0,,,,,,,
evm,01-data/import_templates/activity_master.csv,993,The Big -P.01-UP-20-April-26,CON-B01-3RD-1010,"RFT for Walls, Col. & Cores (B01) (3rd)",17-May-26,460777.03,0.0,0.0,0.0,0,0.0,0,0.0,,,,,,,
evm,01-data/import_templates/activity_master.csv,930,The Big -P.01-UP-20-April-26,AB-SUB-B03-1ST-1010,Submittal for Slabs Conc. Dim.  & RFT DWGs As-Built Drawing (B03) (1st),17-May-26,0.0,0.0,0.0,0.0,0,0.0,0,0.0,,,,,,,
evm,01-data/import_templates/activity_master.csv,931,The Big -P.01-UP-20-April-26,AB-SUB-B03-1ST-1020,Submittal for Beams Conc. Dim.  & RFT DWGs As-Built Drawing (B03) (1st),17-May-26,0.0,0.0,0.0,0.0,0,0.0,0,0.0,,,,,,,
evm,01-data/import_templates/activity_master.csv,932,The Big -P.01-UP-20-April-26,AB-SUB-B03-1ST-1030,Submittal for Stairs Conc. Dim.  & RFT DWGs As-Built Drawing (B03) (1st),17-May-26,0.0,0.0,0.0,0.0,0,0.0,0,0.0,,,,,,,
evm,01-data/import_templates/activity_master.csv,998,The Big -P.01-UP-20-April-26,CON-B01-3RD-1020,"Shuttering for Walls, Col. & Cores (B01) (3rd)",17-May-26,252110.01,0.0,0.0,0.0,0,0.0,0,0.0,,,,,,,
evm,01-data/import_templates/activity_master.csv,935,The Big -P.01-UP-20-April-26,CON-B02-1ST-1080,Dismantling Formwork (B02) (1st),17-May-26,0.0,0.0,0.0,0.0,0,0.0,0,0.0,,,,,,,
evm,01-data/import_templates/activity_master.csv,937,The Big -P.01-UP-20-April-26,CON-B02-2ND-1000,"Scaffolding works for Walls, Col. & Cores (B02) (2nd)",17-May-26,0.0,0.0,0.0,0.0,0,0.0,0,0.0,,,,,,,
evm,01-data/import_templates/activity_master.csv,942,The Big -P.01-UP-20-April-26,CON-B02-2ND-1010,"RFT for Walls, Col. & Cores (B02) (2nd)",17-May-26,290453.31,0.0,0.0,0.0,0,0.0,0,0.0,,,,,,,
evm,01-data/import_templates/activity_master.csv,938,The Big -P.01-UP-20-April-26,AB-APP-B02-1ST-1010,Approval for Slabs Conc. Dim.  & RFT DWGs As-Built Drawing (B02) (1st),17-May-26,0.0,0.0,0.0,0.0,0,0.0,0,0.0,,,,,,,
evm,01-data/import_templates/activity_master.csv,939,The Big -P.01-UP-20-April-26,AB-APP-B02-1ST-1020,Approval for Beams Conc. Dim.  & RFT DWGs As-Built Drawing (B02) (1st),17-May-26,0.0,0.0,0.0,0.0,0,0.0,0,0.0,,,,,,,
evm,01-data/import_templates/activity_master.csv,940,The Big -P.01-UP-20-April-26,AB-APP-B02-1ST-1030,Approval for Stairs Conc. Dim.  & RFT DWGs As-Built Drawing (B02) (1st),17-May-26,0.0,0.0,0.0,0.0,0,0.0,0,0.0,,,,,,,
evm,01-data/import_templates/activity_master.csv,978,The Big -P.01-UP-20-April-26,AB-APP-B04-2ND-1000,Approval for Col. & Walls Conc. Dim.  & RFT DWGs As-Built Drawing (B04) (2nd),17-May-26,0.0,0.0,0.0,0.0,0,0.0,0,0.0,,,,,,,
evm,01-data/import_templates/activity_master.csv,1001,The Big -P.01-UP-20-April-26,CON-B01-2ND-1080,Dismantling Formwork (B01) (2nd),17-May-26,0.0,0.0,0.0,0.0,0,0.0,0,0.0,,,,,,,
evm,01-data/import_templates/activity_master.csv,982,The Big -P.01-UP-20-April-26,CON-B04-2ND-1060,"Pouring for Slabs, Beams & Stairs (B04) (2nd)",17-May-26,1473639.33,0.0,0.0,0.0,0,0.0,0,0.0,,,,,,,
evm,01-data/import_templates/activity_master.csv,949,The Big -P.01-UP-20-April-26,CON-B02-2ND-1020,"Shuttering for Walls, Col. & Cores (B02) (2nd)",17-May-26,42415.29,0.0,0.0,0.0,0,0.0,0,0.0,,,,,,,
evm,01-data/import_templates/activity_master.csv,1005,The Big -P.01-UP-20-April-26,AB-APP-B01-2ND-1010,Approval for Slabs Conc. Dim.  & RFT DWGs As-Built Drawing (B01) (2nd),17-May-26,0.0,0.0,0.0,0.0,0,0.0,0,0.0,,,,,,,
evm,01-data/import_templates/activity_master.csv,1006,The Big -P.01-UP-20-April-26,AB-APP-B01-2ND-1020,Approval for Beams Conc. Dim.  & RFT DWGs As-Built Drawing (B01) (2nd),17-May-26,0.0,0.0,0.0,0.0,0,0.0,0,0.0,,,,,,,
evm,01-data/import_templates/activity_master.csv,1007,The Big -P.01-UP-20-April-26,AB-APP-B01-2ND-1030,Approval for Stairs Conc. Dim.  & RFT DWGs As-Built Drawing (B01) (2nd),17-May-26,0.0,0.0,0.0,0.0,0,0.0,0,0.0,,,,,,,
evm,01-data/import_templates/activity_master.csv,1011,The Big -P.01-UP-20-April-26,CON-B01-3RD-1030,"Pouring for Walls, Col. & Cores (B01) (3rd)",17-May-26,378165.01,0.0,0.0,0.0,0,0.0,0,0.0,,,,,,,
evm,01-data/import_templates/activity_master.csv,952,The Big -P.01-UP-20-April-26,CON-B03-1ST-1080,Dismantling Formwork (B03) (1st),17-May-26,0.0,0.0,0.0,0.0,0,0.0,0,0.0,,,,,,,
evm,01-data/import_templates/activity_master.csv,988,The Big -P.01-UP-20-April-26,CON-B04-2ND-1070,"Curing for Slabs, Beams & Stairs (B04) (2nd)",17-May-26,0.0,0.0,0.0,0.0,0,0.0,0,0.0,,,,,,,
evm,01-data/import_templates/activity_master.csv,989,The Big -P.01-UP-20-April-26,AB-SUB-B04-2ND-1010,Submittal for Slabs Conc. Dim.  & RFT DWGs As-Built Drawing (B04) (2nd),17-May-26,0.0,0.0,0.0,0.0,0,0.0,0,0.0,,,,,,,
evm,01-data/import_templates/activity_master.csv,990,The Big -P.01-UP-20-April-26,AB-SUB-B04-2ND-1020,Submittal for Beams Conc. Dim.  & RFT DWGs As-Built Drawing (B04) (2nd),17-May-26,0.0,0.0,0.0,0.0,0,0.0,0,0.0,,,,,,,
evm,01-data/import_templates/activity_master.csv,991,The Big -P.01-UP-20-April-26,AB-SUB-B04-2ND-1030,Submittal for Stairs Conc. Dim.  & RFT DWGs As-Built Drawing (B04) (2nd),17-May-26,0.0,0.0,0.0,0.0,0,0.0,0,0.0,,,,,,,
evm,01-data/import_templates/activity_master.csv,752,The Big -P.01-UP-20-April-26,P-MDEL-1090,Delivery for Rebar Patch#9  (4th floor),17-May-26,0.0,0.0,0.0,0.0,0,0.0,0,0.0,,,,,,,
evm,01-data/import_templates/activity_master.csv,757,The Big -P.01-UP-20-April-26,P-MPOS-1150,P.O for Rebar Patch#10  (5th floor),15-Apr-26,0.0,0.0,0.0,0.0,0,0.0,0,0.0,,,,,,,
evm,01-data/import_templates/activity_master.csv,1016,The Big -P.01-UP-20-April-26,CON-B01-3RD-1040,"Shuttering for Slabs, Beams & Stairs (B01) (3rd)",17-May-26,839870.68,0.0,0.0,0.0,0,0.0,0,0.0,,,,,,,
evm,01-data/import_templates/activity_master.csv,964,The Big -P.01-UP-20-April-26,CON-B03-2ND-1000,"Scaffolding works for Walls, Col. & Cores (B03) (2nd)",17-May-26,0.0,0.0,0.0,0.0,0,0.0,0,0.0,,,,,,,
evm,01-data/import_templates/activity_master.csv,994,The Big -P.01-UP-20-April-26,CON-B04-3RD-1000,"Scaffolding works for Walls, Col. & Cores (B04) (3rd)",17-May-26,0.0,0.0,0.0,0.0,0,0.0,0,0.0,,,,,,,
evm,01-data/import_templates/activity_master.csv,1017,The Big -P.01-UP-20-April-26,AB-SUB-B01-3RD-1000,Submittal for Col. & Walls Conc. Dim.  & RFT DWGs As-Built Drawing (B01) (3rd),17-May-26,0.0,0.0,0.0,0.0,0,0.0,0,0.0,,,,,,,
evm,01-data/import_templates/activity_master.csv,959,The Big -P.01-UP-20-April-26,AB-APP-B03-1ST-1010,Approval for Slabs Conc. Dim.  & RFT DWGs As-Built Drawing  (B03) (1st),17-May-26,0.0,0.0,0.0,0.0,0,0.0,0,0.0,,,,,,,
evm,01-data/import_templates/activity_master.csv,960,The Big -P.01-UP-20-April-26,AB-APP-B03-1ST-1020,Approval for Beams Conc. Dim.  & RFT DWGs As-Built Drawing  (B03) (1st),17-May-26,0.0,0.0,0.0,0.0,0,0.0,0,0.0,,,,,,,
evm,01-data/import_templates/activity_master.csv,961,The Big -P.01-UP-20-April-26,AB-APP-B03-1ST-1030,Approval for Stairs Conc. Dim.  & RFT DWGs As-Built Drawing  (B03) (1st),17-May-26,0.0,0.0,0.0,0.0,0,0.0,0,0.0,,,,,,,
evm,01-data/import_templates/activity_master.csv,967,The Big -P.01-UP-20-April-26,CON-B03-2ND-1010,"RFT for Walls, Col. & Cores (B03) (2nd)",17-May-26,388168.78,0.0,0.0,0.0,0,0.0,0,0.0,,,,,,,
evm,01-data/import_templates/activity_master.csv,999,The Big -P.01-UP-20-April-26,CON-B04-3RD-1010,"RFT for Walls, Col. & Cores (B04) (3rd)",17-May-26,463096.43,0.0,0.0,0.0,0,0.0,0,0.0,,,,,,,
evm,01-data/import_templates/activity_master.csv,1023,The Big -P.01-UP-20-April-26,CON-B01-3RD-1050,"RFT for Slabs, Beams & Stairs (B01) (3rd)",17-May-26,1251398.38,0.0,0.0,0.0,0,0.0,0,0.0,,,,,,,
evm,01-data/import_templates/activity_master.csv,1002,The Big -P.01-UP-20-April-26,CON-B04-3RD-1020,"Shuttering for Walls, Col. & Cores (B04) (3rd)",17-May-26,253264.03,0.0,0.0,0.0,0,0.0,0,0.0,,,,,,,
evm,01-data/import_templates/activity_master.csv,974,The Big -P.01-UP-20-April-26,CON-B03-2ND-1020,"Shuttering for Walls, Col. & Cores (B03) (2nd)",17-May-26,209943.72,0.0,0.0,0.0,0,0.0,0,0.0,,,,,,,
evm,01-data/import_templates/activity_master.csv,971,The Big -P.01-UP-20-April-26,CON-B02-2ND-1030,"Pouring for Walls, Col. & Cores (B02) (2nd)",17-May-26,63622.93,0.0,0.0,0.0,0,0.0,0,0.0,,,,,,,
evm,01-data/import_templates/activity_master.csv,1003,The Big -P.01-UP-20-April-26,CON-B04-2ND-1080,Dismantling Formwork (B04) (2nd),17-May-26,0.0,0.0,0.0,0.0,0,0.0,0,0.0,,,,,,,
evm,01-data/import_templates/activity_master.csv,975,The Big -P.01-UP-20-April-26,CON-B02-2ND-1040,"Shuttering for Slabs, Beams & Stairs (B02) (2nd)",17-May-26,1538338.14,0.0,0.0,0.0,0,0.0,0,0.0,,,,,,,
evm,01-data/import_templates/activity_master.csv,976,The Big -P.01-UP-20-April-26,AB-SUB-B02-2ND-1000,Submittal for Col. & Walls Conc. Dim.  & RFT DWGs As-Built Drawing (B02) (2nd),17-May-26,0.0,0.0,0.0,0.0,0,0.0,0,0.0,,,,,,,
evm,01-data/import_templates/activity_master.csv,1008,The Big -P.01-UP-20-April-26,AB-APP-B04-2ND-1010,Approval for Slabs Conc. Dim.  & RFT DWGs As-Built Drawing (B04) (2nd),17-May-26,0.0,0.0,0.0,0.0,0,0.0,0,0.0,,,,,,,
evm,01-data/import_templates/activity_master.csv,1009,The Big -P.01-UP-20-April-26,AB-APP-B04-2ND-1020,Approval for Beams Conc. Dim.  & RFT DWGs As-Built Drawing (B04) (2nd),17-May-26,0.0,0.0,0.0,0.0,0,0.0,0,0.0,,,,,,,
evm,01-data/import_templates/activity_master.csv,1010,The Big -P.01-UP-20-April-26,AB-APP-B04-2ND-1030,Approval for Stairs Conc. Dim.  & RFT DWGs As-Built Drawing (B04) (2nd),17-May-26,0.0,0.0,0.0,0.0,0,0.0,0,0.0,,,,,,,
evm,01-data/import_templates/activity_master.csv,1036,The Big -P.01-UP-20-April-26,AB-APP-B01-3RD-1000,Approval for Col. & Walls Conc. Dim.  & RFT DWGs As-Built Drawing (B01) (3rd),17-May-26,0.0,0.0,0.0,0.0,0,0.0,0,0.0,,,,,,,
evm,01-data/import_templates/activity_master.csv,1037,The Big -P.01-UP-20-April-26,CON-B01-3RD-1060,"Pouring for Slabs, Beams & Stairs (B01) (3rd)",17-May-26,1259806.02,0.0,0.0,0.0,0,0.0,0,0.0,,,,,,,
evm,01-data/import_templates/activity_master.csv,979,The Big -P.01-UP-20-April-26,CON-B02-2ND-1050,"RFT for Slabs, Beams & Stairs (B02) (2nd)",17-May-26,1663672.33,0.0,0.0,0.0,0,0.0,0,0.0,,,,,,,
evm,01-data/import_templates/activity_master.csv,1019,The Big -P.01-UP-20-April-26,CON-B04-3RD-1030,"Pouring for Walls, Col. & Cores (B04) (3rd)",17-May-26,379896.04,0.0,0.0,0.0,0,0.0,0,0.0,,,,,,,
evm,01-data/import_templates/activity_master.csv,1021,The Big -P.01-UP-20-April-26,CON-B04-3RD-1040,"Shuttering for Slabs, Beams & Stairs (B04) (3rd)",17-May-26,703251.92,0.0,0.0,0.0,0,0.0,0,0.0,,,,,,,
evm,01-data/import_templates/activity_master.csv,1022,The Big -P.01-UP-20-April-26,AB-SUB-B04-3RD-1000,Submittal for Col. & Walls Conc. Dim.  & RFT DWGs As-Built Drawing (B04) (3rd),17-May-26,0.0,0.0,0.0,0.0,0,0.0,0,0.0,,,,,,,
evm,01-data/import_templates/activity_master.csv,1040,The Big -P.01-UP-20-April-26,CON-B01-3RD-1070,"Curing for Slabs, Beams & Stairs(B01) (3rd)",17-May-26,0.0,0.0,0.0,0.0,0,0.0,0,0.0,,,,,,,
evm,01-data/import_templates/activity_master.csv,1042,The Big -P.01-UP-20-April-26,AB-SUB-B01-3RD-1010,Submittal for Slabs Conc. Dim.  & RFT DWGs As-Built Drawing (B01) (3rd),17-May-26,0.0,0.0,0.0,0.0,0,0.0,0,0.0,,,,,,,
evm,01-data/import_templates/activity_master.csv,1043,The Big -P.01-UP-20-April-26,AB-SUB-B01-3RD-1020,Submittal for Beams Conc. Dim.  & RFT DWGs As-Built Drawing (B01) (3rd),17-May-26,0.0,0.0,0.0,0.0,0,0.0,0,0.0,,,,,,,
evm,01-data/import_templates/activity_master.csv,1044,The Big -P.01-UP-20-April-26,AB-SUB-B01-3RD-1030,Submittal for Stairs Conc. Dim.  & RFT DWGs As-Built Drawing (B01) (3rd),17-May-26,0.0,0.0,0.0,0.0,0,0.0,0,0.0,,,,,,,
evm,01-data/import_templates/activity_master.csv,1045,The Big -P.01-UP-20-April-26,CON-B01-4TH-1000,"Scaffolding works for Walls, Col. & Cores (B01) (4th)",17-May-26,0.0,0.0,0.0,0.0,0,0.0,0,0.0,,,,,,,
evm,01-data/import_templates/activity_master.csv,992,The Big -P.01-UP-20-April-26,CON-B03-2ND-1030,"Pouring for Walls, Col. & Cores (B03) (2nd)",17-May-26,314915.58,0.0,0.0,0.0,0,0.0,0,0.0,,,,,,,
evm,01-data/import_templates/activity_master.csv,1024,The Big -P.01-UP-20-April-26,CON-B04-3RD-1050,"RFT for Slabs, Beams & Stairs (B04) (3rd)",17-May-26,1024574.26,0.0,0.0,0.0,0,0.0,0,0.0,,,,,,,
evm,01-data/import_templates/activity_master.csv,1052,The Big -P.01-UP-20-April-26,CON-B01-4TH-1010,"RFT for Walls, Col. & Cores (B01) (4th)",17-May-26,460777.03,0.0,0.0,0.0,0,0.0,0,0.0,,,,,,,
evm,01-data/import_templates/activity_master.csv,996,The Big -P.01-UP-20-April-26,CON-B03-2ND-1040,"Shuttering for Slabs, Beams & Stairs (B03) (2nd)",17-May-26,946707.68,0.0,0.0,0.0,0,0.0,0,0.0,,,,,,,
evm,01-data/import_templates/activity_master.csv,997,The Big -P.01-UP-20-April-26,AB-SUB-B03-2ND-1000,Submittal for Col. & Walls Conc. Dim.  & RFT DWGs As-Built Drawing (B03) (2nd),17-May-26,0.0,0.0,0.0,0.0,0,0.0,0,0.0,,,,,,,
evm,01-data/import_templates/activity_master.csv,829,The Big -P.01-UP-20-April-26,P-MPOS-1160,P.O for Rebar Patch#11  (6th floor),15-Apr-26,0.0,0.0,0.0,0.0,0,0.0,0,0.0,,,,,,,
evm,01-data/import_templates/activity_master.csv,995,The Big -P.01-UP-20-April-26,AB-APP-B02-2ND-1000,Approval for Col. & Walls Conc. Dim.  & RFT DWGs As-Built Drawing (B02) (2nd),17-May-26,0.0,0.0,0.0,0.0,0,0.0,0,0.0,,,,,,,
evm,01-data/import_templates/activity_master.csv,1059,The Big -P.01-UP-20-April-26,CON-B01-4TH-1020,"Shuttering for Walls, Col. & Cores (B01) (4th)",17-May-26,252110.01,0.0,0.0,0.0,0,0.0,0,0.0,,,,,,,
evm,01-data/import_templates/activity_master.csv,1000,The Big -P.01-UP-20-April-26,CON-B03-2ND-1050,"RFT for Slabs, Beams & Stairs(B03) (2nd)",17-May-26,1398716.72,0.0,0.0,0.0,0,0.0,0,0.0,,,,,,,
evm,01-data/import_templates/activity_master.csv,1063,The Big -P.01-UP-20-April-26,CON-B01-3RD-1080,Dismantling Formwork (B01) (3rd),17-May-26,0.0,0.0,0.0,0.0,0,0.0,0,0.0,,,,,,,
evm,01-data/import_templates/activity_master.csv,1039,The Big -P.01-UP-20-April-26,AB-APP-B04-3TH-1000,Approval for Col. & Walls Conc. Dim.  & RFT DWGs As-Built Drawing (B04) (3rd),17-May-26,0.0,0.0,0.0,0.0,0,0.0,0,0.0,,,,,,,
evm,01-data/import_templates/activity_master.csv,1004,The Big -P.01-UP-20-April-26,CON-B02-2ND-1060,"Pouring for Slabs, Beams & Stairs (B02) (2nd)",17-May-26,1025558.76,0.0,0.0,0.0,0,0.0,0,0.0,,,,,,,
evm,01-data/import_templates/activity_master.csv,1041,The Big -P.01-UP-20-April-26,CON-B04-3RD-1060,"Pouring for Slabs, Beams & Stairs (B04) (3rd)",17-May-26,1054877.87,0.0,0.0,0.0,0,0.0,0,0.0,,,,,,,
evm,01-data/import_templates/activity_master.csv,1067,The Big -P.01-UP-20-April-26,AB-APP-B01-3RD-1010,Approval for Slabs Conc. Dim.  & RFT DWGs As-Built Drawing (B01) (3rd),17-May-26,0.0,0.0,0.0,0.0,0,0.0,0,0.0,,,,,,,
evm,01-data/import_templates/activity_master.csv,1068,The Big -P.01-UP-20-April-26,AB-APP-B01-3RD-1020,Approval for Beams Conc. Dim.  & RFT DWGs As-Built Drawing (B01) (3rd),17-May-26,0.0,0.0,0.0,0.0,0,0.0,0,0.0,,,,,,,
evm,01-data/import_templates/activity_master.csv,1069,The Big -P.01-UP-20-April-26,AB-APP-B01-3RD-1030,Approval for Stairs Conc. Dim.  & RFT DWGs As-Built Drawing (B01) (3rd),17-May-26,0.0,0.0,0.0,0.0,0,0.0,0,0.0,,,,,,,
evm,01-data/import_templates/activity_master.csv,1071,The Big -P.01-UP-20-April-26,CON-B01-4TH-1030,"Pouring for Walls, Col. & Cores (B01) (4th)",17-May-26,378165.01,0.0,0.0,0.0,0,0.0,0,0.0,,,,,,,
evm,01-data/import_templates/activity_master.csv,1012,The Big -P.01-UP-20-April-26,CON-B02-2ND-1070,"Curing for Slabs, Beams & Stairs (B02) (2nd)",17-May-26,0.0,0.0,0.0,0.0,0,0.0,0,0.0,,,,,,,
evm,01-data/import_templates/activity_master.csv,1047,The Big -P.01-UP-20-April-26,CON-B04-3RD-1070,"Curing for Slabs, Beams & Stairs (B04) (3rd)",17-May-26,0.0,0.0,0.0,0.0,0,0.0,0,0.0,,,,,,,
evm,01-data/import_templates/activity_master.csv,1048,The Big -P.01-UP-20-April-26,CON-B04-4TH-1000,"Scaffolding works for Walls, Col. & Cores (B04) (4th)",17-May-26,0.0,0.0,0.0,0.0,0,0.0,0,0.0,,,,,,,
evm,01-data/import_templates/activity_master.csv,1049,The Big -P.01-UP-20-April-26,AB-SUB-B04-3RD-1010,Submittal for Slabs Conc. Dim.  & RFT DWGs As-Built Drawing (B04) (3rd),17-May-26,0.0,0.0,0.0,0.0,0,0.0,0,0.0,,,,,,,
evm,01-data/import_templates/activity_master.csv,1050,The Big -P.01-UP-20-April-26,AB-SUB-B04-3RD-1020,Submittal for Beams Conc. Dim.  & RFT DWGs As-Built Drawing (B04) (3rd),17-May-26,0.0,0.0,0.0,0.0,0,0.0,0,0.0,,,,,,,
evm,01-data/import_templates/activity_master.csv,1051,The Big -P.01-UP-20-April-26,AB-SUB-B04-3RD-1030,Submittal for Stairs Conc. Dim.  & RFT DWGs As-Built Drawing (B04) (3rd),17-May-26,0.0,0.0,0.0,0.0,0,0.0,0,0.0,,,,,,,
evm,01-data/import_templates/activity_master.csv,1013,The Big -P.01-UP-20-April-26,AB-SUB-B02-2ND-1010,Submittal for Slabs Conc. Dim.  & RFT DWGs As-Built Drawing (B02) (2nd),17-May-26,0.0,0.0,0.0,0.0,0,0.0,0,0.0,,,,,,,
evm,01-data/import_templates/activity_master.csv,1014,The Big -P.01-UP-20-April-26,AB-SUB-B02-2ND-1020,Submittal for Beams Conc. Dim.  & RFT DWGs As-Built Drawing (B02) (2nd),17-May-26,0.0,0.0,0.0,0.0,0,0.0,0,0.0,,,,,,,
evm,01-data/import_templates/activity_master.csv,1015,The Big -P.01-UP-20-April-26,AB-SUB-B02-2ND-1030,Submittal for Stairs Conc. Dim.  & RFT DWGs As-Built Drawing (B02) (2nd),17-May-26,0.0,0.0,0.0,0.0,0,0.0,0,0.0,,,,,,,
evm,01-data/import_templates/activity_master.csv,1076,The Big -P.01-UP-20-April-26,CON-B01-4TH-1040,"Shuttering for Slabs, Beams & Stairs (B01) (4th)",17-May-26,840564.27,0.0,0.0,0.0,0,0.0,0,0.0,,,,,,,
evm,01-data/import_templates/activity_master.csv,1077,The Big -P.01-UP-20-April-26,AB-SUB-B01-4TH-1000,Submittal for Col. & Walls Conc. Dim.  & RFT DWGs As-Built Drawing (B01) (4th),17-May-26,0.0,0.0,0.0,0.0,0,0.0,0,0.0,,,,,,,
evm,01-data/import_templates/activity_master.csv,1018,The Big -P.01-UP-20-April-26,AB-APP-B03-2ND-1000,Approval for Col. & Walls Conc. Dim.  & RFT DWGs As-Built Drawing  (B03) (2nd),17-May-26,0.0,0.0,0.0,0.0,0,0.0,0,0.0,,,,,,,
evm,01-data/import_templates/activity_master.csv,858,The Big -P.01-UP-20-April-26,P-MDEL-1080,Delivery for Rebar Patch#10  (5th floor),17-May-26,0.0,0.0,0.0,0.0,0,0.0,0,0.0,,,,,,,
evm,01-data/import_templates/activity_master.csv,1055,The Big -P.01-UP-20-April-26,CON-B04-4TH-1010,"RFT for Walls, Col. & Cores (B04) (4th)",17-May-26,463096.43,0.0,0.0,0.0,0,0.0,0,0.0,,,,,,,
evm,01-data/import_templates/activity_master.csv,1081,The Big -P.01-UP-20-April-26,CON-B01-4TH-1050,"RFT for Slabs, Beams & Stairs (B01) (4th)",17-May-26,1252401.85,0.0,0.0,0.0,0,0.0,0,0.0,,,,,,,
evm,01-data/import_templates/activity_master.csv,1061,The Big -P.01-UP-20-April-26,CON-B04-4TH-1020,"Shuttering for Walls, Col. & Cores (B04) (4th)",17-May-26,253264.03,0.0,0.0,0.0,0,0.0,0,0.0,,,,,,,
evm,01-data/import_templates/activity_master.csv,1026,The Big -P.01-UP-20-April-26,CON-B03-2ND-1060,"Pouring for Slabs, Beams & Stairs (B03) (2nd)",17-May-26,1420061.52,0.0,0.0,0.0,0,0.0,0,0.0,,,,,,,
evm,01-data/import_templates/activity_master.csv,1025,The Big -P.01-UP-20-April-26,CON-B02-2ND-1080,Dismantling Formwork (B02) (2nd),17-May-26,0.0,0.0,0.0,0.0,0,0.0,0,0.0,,,,,,,
evm,01-data/import_templates/activity_master.csv,1070,The Big -P.01-UP-20-April-26,CON-B04-3RD-1080,Dismantling Formwork (B04) (3rd),17-May-26,0.0,0.0,0.0,0.0,0,0.0,0,0.0,,,,,,,
evm,01-data/import_templates/activity_master.csv,1027,The Big -P.01-UP-20-April-26,CON-B02-3RD-1000,"Scaffolding works for Walls, Col. & Cores (B02) (3rd)",17-May-26,0.0,0.0,0.0,0.0,0,0.0,0,0.0,,,,,,,
evm,01-data/import_templates/activity_master.csv,1032,The Big -P.01-UP-20-April-26,CON-B03-2ND-1070,"Curing for Slabs, Beams & Stairs (B03) (2nd)",17-May-26,0.0,0.0,0.0,0.0,0,0.0,0,0.0,,,,,,,
evm,01-data/import_templates/activity_master.csv,1033,The Big -P.01-UP-20-April-26,AB-SUB-B03-2ND-1010,Submittal for Slabs Conc. Dim.  & RFT DWGs As-Built Drawing (B03) (2nd),17-May-26,0.0,0.0,0.0,0.0,0,0.0,0,0.0,,,,,,,
evm,01-data/import_templates/activity_master.csv,1034,The Big -P.01-UP-20-April-26,AB-SUB-B03-2ND-1020,Submittal for Beams Conc. Dim.  & RFT DWGs As-Built Drawing (B03) (2nd),17-May-26,0.0,0.0,0.0,0.0,0,0.0,0,0.0,,,,,,,
evm,01-data/import_templates/activity_master.csv,1035,The Big -P.01-UP-20-April-26,AB-SUB-B03-2ND-1030,Submittal for Stairs Conc. Dim.  & RFT DWGs As-Built Drawing (B03) (2nd),17-May-26,0.0,0.0,0.0,0.0,0,0.0,0,0.0,,,,,,,
evm,01-data/import_templates/activity_master.csv,1028,The Big -P.01-UP-20-April-26,AB-APP-B02-2ND-1010,Approval for Slabs Conc. Dim.  & RFT DWGs As-Built Drawing (B02) (2nd),17-May-26,0.0,0.0,0.0,0.0,0,0.0,0,0.0,,,,,,,
evm,01-data/import_templates/activity_master.csv,1029,The Big -P.01-UP-20-April-26,AB-APP-B02-2ND-1020,Approval for Beams Conc. Dim.  & RFT DWGs As-Built Drawing (B02) (2nd),17-May-26,0.0,0.0,0.0,0.0,0,0.0,0,0.0,,,,,,,
evm,01-data/import_templates/activity_master.csv,1030,The Big -P.01-UP-20-April-26,AB-APP-B02-2ND-1030,Approval for Stairs Conc. Dim.  & RFT DWGs As-Built Drawing (B02) (2nd),17-May-26,0.0,0.0,0.0,0.0,0,0.0,0,0.0,,,,,,,
evm,01-data/import_templates/activity_master.csv,1072,The Big -P.01-UP-20-April-26,AB-APP-B04-3TH-1010,Approval for Slabs Conc. Dim.  & RFT DWGs As-Built Drawing (B04) (3rd),17-May-26,0.0,0.0,0.0,0.0,0,0.0,0,0.0,,,,,,,
evm,01-data/import_templates/activity_master.csv,1073,The Big -P.01-UP-20-April-26,AB-APP-B04-3TH-1020,Approval for Beams Conc. Dim.  & RFT DWGs As-Built Drawing (B04) (3rd),17-May-26,0.0,0.0,0.0,0.0,0,0.0,0,0.0,,,,,,,
evm,01-data/import_templates/activity_master.csv,1074,The Big -P.01-UP-20-April-26,AB-APP-B04-3TH-1030,Approval for Stairs Conc. Dim.  & RFT DWGs As-Built Drawing (B04) (3rd),17-May-26,0.0,0.0,0.0,0.0,0,0.0,0,0.0,,,,,,,
evm,01-data/import_templates/activity_master.csv,1031,The Big -P.01-UP-20-April-26,CON-B02-3RD-1010,"RFT for Walls, Col. & Cores (B02) (3rd)",17-May-26,287345.88,0.0,0.0,0.0,0,0.0,0,0.0,,,,,,,
evm,01-data/import_templates/activity_master.csv,1087,The Big -P.01-UP-20-April-26,AB-APP-B01-4TH-1000,Approval for Col. & Walls Conc. Dim.  & RFT DWGs As-Built Drawing (B01) (4th),17-May-26,0.0,0.0,0.0,0.0,0,0.0,0,0.0,,,,,,,
evm,01-data/import_templates/activity_master.csv,1078,The Big -P.01-UP-20-April-26,CON-B04-4TH-1030,"Pouring for Walls, Col. & Cores (B04) (4th)",17-May-26,379896.04,0.0,0.0,0.0,0,0.0,0,0.0,,,,,,,
evm,01-data/import_templates/activity_master.csv,1079,The Big -P.01-UP-20-April-26,CON-B04-4TH-1040,"Shuttering for Slabs, Beams & Stairs (B04) (4th)",17-May-26,701981.29,0.0,0.0,0.0,0,0.0,0,0.0,,,,,,,
evm,01-data/import_templates/activity_master.csv,1080,The Big -P.01-UP-20-April-26,AB-SUB-B04-4TH-1000,Submittal for Col. & Walls Conc. Dim.  & RFT DWGs As-Built Drawing (B04) (4th),17-May-26,0.0,0.0,0.0,0.0,0,0.0,0,0.0,,,,,,,
evm,01-data/import_templates/activity_master.csv,1038,The Big -P.01-UP-20-April-26,CON-B02-3RD-1020,"Shuttering for Walls, Col. & Cores (B02) (3rd)",17-May-26,41962.11,0.0,0.0,0.0,0,0.0,0,0.0,,,,,,,
evm,01-data/import_templates/activity_master.csv,1091,The Big -P.01-UP-20-April-26,CON-B01-4TH-1060,"Pouring for Slabs, Beams & Stairs (B01) (4th)",17-May-26,1260846.41,0.0,0.0,0.0,0,0.0,0,0.0,,,,,,,
evm,01-data/import_templates/activity_master.csv,886,The Big -P.01-UP-20-April-26,P-MPOS-1170,P.O for Rebar Patch#12  (7th floor),15-Apr-26,0.0,0.0,0.0,0.0,0,0.0,0,0.0,,,,,,,
evm,01-data/import_templates/activity_master.csv,1082,The Big -P.01-UP-20-April-26,CON-B04-4TH-1050,"RFT for Slabs, Beams & Stairs (B04) (4th)",17-May-26,1023093.85,0.0,0.0,0.0,0,0.0,0,0.0,,,,,,,
evm,01-data/import_templates/activity_master.csv,1101,The Big -P.01-UP-20-April-26,CON-B01-4TH-1070,"Curing for Slabs, Beams & Stairs (B01) (4th)",17-May-26,0.0,0.0,0.0,0.0,0,0.0,0,0.0,,,,,,,
evm,01-data/import_templates/activity_master.csv,1102,The Big -P.01-UP-20-April-26,AB-SUB-B01-4TH-1010,Submittal for Slabs Conc. Dim.  & RFT DWGs As-Built Drawing (B01) (4th),17-May-26,0.0,0.0,0.0,0.0,0,0.0,0,0.0,,,,,,,
evm,01-data/import_templates/activity_master.csv,1103,The Big -P.01-UP-20-April-26,AB-SUB-B01-4TH-1020,Submittal for Beams Conc. Dim.  & RFT DWGs As-Built Drawing (B01) (4th),17-May-26,0.0,0.0,0.0,0.0,0,0.0,0,0.0,,,,,,,
evm,01-data/import_templates/activity_master.csv,1104,The Big -P.01-UP-20-April-26,AB-SUB-B01-4TH-1030,Submittal for Stairs Conc. Dim.  & RFT DWGs As-Built Drawing (B01) (4th),17-May-26,0.0,0.0,0.0,0.0,0,0.0,0,0.0,,,,,,,
evm,01-data/import_templates/activity_master.csv,1105,The Big -P.01-UP-20-April-26,CON-B01-5TH-1000,"Scaffolding works for Walls, Col. & Cores (B01) (5th)",17-May-26,0.0,0.0,0.0,0.0,0,0.0,0,0.0,,,,,,,
evm,01-data/import_templates/activity_master.csv,1053,The Big -P.01-UP-20-April-26,CON-B03-2ND-1080,Dismantling Formwork (B03) (2nd),17-May-26,0.0,0.0,0.0,0.0,0,0.0,0,0.0,,,,,,,
evm,01-data/import_templates/activity_master.csv,1054,The Big -P.01-UP-20-April-26,CON-B03-3RD-1000,"Scaffolding works for Walls, Col. & Cores (B03) (3rd)",17-May-26,0.0,0.0,0.0,0.0,0,0.0,0,0.0,,,,,,,
evm,01-data/import_templates/activity_master.csv,1056,The Big -P.01-UP-20-April-26,AB-APP-B03-2ND-1010,Approval for Slabs Conc. Dim.  & RFT DWGs As-Built Drawing  (B03) (2nd),17-May-26,0.0,0.0,0.0,0.0,0,0.0,0,0.0,,,,,,,
evm,01-data/import_templates/activity_master.csv,1057,The Big -P.01-UP-20-April-26,AB-APP-B03-2ND-1020,Approval for Beams Conc. Dim.  & RFT DWGs As-Built Drawing  (B03) (2nd),17-May-26,0.0,0.0,0.0,0.0,0,0.0,0,0.0,,,,,,,
evm,01-data/import_templates/activity_master.csv,1058,The Big -P.01-UP-20-April-26,AB-APP-B03-2ND-1030,Approval for Stairs Conc. Dim.  & RFT DWGs As-Built Drawing  (B03) (2nd),17-May-26,0.0,0.0,0.0,0.0,0,0.0,0,0.0,,,,,,,
evm,01-data/import_templates/activity_master.csv,1108,The Big -P.01-UP-20-April-26,CON-B01-5TH-1010,"RFT for Walls, Col. & Cores (B01) (5th)",17-May-26,460777.03,0.0,0.0,0.0,0,0.0,0,0.0,,,,,,,
evm,01-data/import_templates/activity_master.csv,1060,The Big -P.01-UP-20-April-26,CON-B03-3RD-1010,"RFT for Walls, Col. & Cores (B03) (3rd)",17-May-26,384021.48,0.0,0.0,0.0,0,0.0,0,0.0,,,,,,,
evm,01-data/import_templates/activity_master.csv,1111,The Big -P.01-UP-20-April-26,CON-B01-5TH-1020,"Shuttering for Walls, Col. & Cores (B01) (5th)",17-May-26,252110.01,0.0,0.0,0.0,0,0.0,0,0.0,,,,,,,
evm,01-data/import_templates/activity_master.csv,1089,The Big -P.01-UP-20-April-26,AB-APP-B04-4TH-1000,Approval for Col. & Walls Conc. Dim.  & RFT DWGs As-Built Drawing (B04) (4th),17-May-26,0.0,0.0,0.0,0.0,0,0.0,0,0.0,,,,,,,
evm,01-data/import_templates/activity_master.csv,1062,The Big -P.01-UP-20-April-26,CON-B02-3RD-1030,"Pouring for Walls, Col. & Cores (B02) (3rd)",17-May-26,62943.17,0.0,0.0,0.0,0,0.0,0,0.0,,,,,,,
evm,01-data/import_templates/activity_master.csv,1065,The Big -P.01-UP-20-April-26,CON-B03-3RD-1020,"Shuttering for Walls, Col. & Cores (B03) (3rd)",17-May-26,207990.75,0.0,0.0,0.0,0,0.0,0,0.0,,,,,,,
evm,01-data/import_templates/activity_master.csv,1092,The Big -P.01-UP-20-April-26,CON-B04-4TH-1060,"Pouring for Slabs, Beams & Stairs (B04) (4th)",17-May-26,1052971.93,0.0,0.0,0.0,0,0.0,0,0.0,,,,,,,
evm,01-data/import_templates/activity_master.csv,904,The Big -P.01-UP-20-April-26,P-MDEL-1070,Delivery for Rebar Patch#11  (6th floor),17-May-26,0.0,0.0,0.0,0.0,0,0.0,0,0.0,,,,,,,
evm,01-data/import_templates/activity_master.csv,1064,The Big -P.01-UP-20-April-26,CON-B02-3RD-1040,"Shuttering for Slabs, Beams & Stairs(B02) (3rd)",17-May-26,1411527.0,0.0,0.0,0.0,0,0.0,0,0.0,,,,,,,
evm,01-data/import_templates/activity_master.csv,1066,The Big -P.01-UP-20-April-26,AB-SUB-B02-3RD-1000,Submittal for Col. & Walls Conc. Dim.  & RFT DWGs As-Built Drawing (B02) (3rd),17-May-26,0.0,0.0,0.0,0.0,0,0.0,0,0.0,,,,,,,
evm,01-data/import_templates/activity_master.csv,1116,The Big -P.01-UP-20-April-26,CON-B01-4TH-1080,Dismantling Formwork (B01) (4th),17-May-26,0.0,0.0,0.0,0.0,0,0.0,0,0.0,,,,,,,
evm,01-data/import_templates/activity_master.csv,1097,The Big -P.01-UP-20-April-26,CON-B04-4TH-1070,"Curing for Slabs, Beams & Stairs (B04) (4th)",17-May-26,0.0,0.0,0.0,0.0,0,0.0,0,0.0,,,,,,,
evm,01-data/import_templates/activity_master.csv,1098,The Big -P.01-UP-20-April-26,AB-SUB-B04-4TH-1010,Submittal for Slabs Conc. Dim.  & RFT DWGs As-Built Drawing (B04) (4th),17-May-26,0.0,0.0,0.0,0.0,0,0.0,0,0.0,,,,,,,
evm,01-data/import_templates/activity_master.csv,1099,The Big -P.01-UP-20-April-26,AB-SUB-B04-4TH-1020,Submittal for Beams Conc. Dim.  & RFT DWGs As-Built Drawing (B04) (4th),17-May-26,0.0,0.0,0.0,0.0,0,0.0,0,0.0,,,,,,,
evm,01-data/import_templates/activity_master.csv,1100,The Big -P.01-UP-20-April-26,AB-SUB-B04-4TH-1030,Submittal for Stairs Conc. Dim.  & RFT DWGs As-Built Drawing (B04) (4th),17-May-26,0.0,0.0,0.0,0.0,0,0.0,0,0.0,,,,,,,
evm,01-data/import_templates/activity_master.csv,1124,The Big -P.01-UP-20-April-26,AB-APP-B01-4TH-1010,Approval for Slabs Conc. Dim.  & RFT DWGs As-Built Drawing (B01) (4th),17-May-26,0.0,0.0,0.0,0.0,0,0.0,0,0.0,,,,,,,
evm,01-data/import_templates/activity_master.csv,1125,The Big -P.01-UP-20-April-26,AB-APP-B01-4TH-1020,Approval for Beams Conc. Dim.  & RFT DWGs As-Built Drawing (B01) (4th),17-May-26,0.0,0.0,0.0,0.0,0,0.0,0,0.0,,,,,,,
evm,01-data/import_templates/activity_master.csv,1126,The Big -P.01-UP-20-April-26,AB-APP-B01-4TH-1030,Approval for Stairs Conc. Dim.  & RFT DWGs As-Built Drawing (B01) (4th),17-May-26,0.0,0.0,0.0,0.0,0,0.0,0,0.0,,,,,,,
evm,01-data/import_templates/activity_master.csv,1131,The Big -P.01-UP-20-April-26,CON-B01-5TH-1030,"Pouring for Walls, Col. & Cores (B01) (5th)",17-May-26,378165.01,0.0,0.0,0.0,0,0.0,0,0.0,,,,,,,
evm,01-data/import_templates/activity_master.csv,1106,The Big -P.01-UP-20-April-26,CON-B04-5TH-1000,"Scaffolding works for Walls, Col. & Cores (B04) (5th)",17-May-26,0.0,0.0,0.0,0.0,0,0.0,0,0.0,,,,,,,
evm,01-data/import_templates/activity_master.csv,1075,The Big -P.01-UP-20-April-26,CON-B02-3RD-1050,"RFT for Slabs, Beams & Stairs (B02) (3rd)",17-May-26,1375590.95,0.0,0.0,0.0,0,0.0,0,0.0,,,,,,,
evm,01-data/import_templates/activity_master.csv,1134,The Big -P.01-UP-20-April-26,CON-B01-5TH-1040,"Shuttering for Slabs, Beams & Stairs (B01) (5th)",17-May-26,839983.77,0.0,0.0,0.0,0,0.0,0,0.0,,,,,,,
evm,01-data/import_templates/activity_master.csv,1135,The Big -P.01-UP-20-April-26,AB-SUB-B01-5TH-1000,Submittal for Col. & Walls Conc. Dim.  & RFT DWGs As-Built Drawing (B01) (5th),17-May-26,0.0,0.0,0.0,0.0,0,0.0,0,0.0,,,,,,,
evm,01-data/import_templates/activity_master.csv,1109,The Big -P.01-UP-20-April-26,CON-B04-5TH-1010,"RFT for Walls, Col. & Cores (B04) (5th)",17-May-26,463096.43,0.0,0.0,0.0,0,0.0,0,0.0,,,,,,,
evm,01-data/import_templates/activity_master.csv,921,The Big -P.01-UP-20-April-26,P-MPOS-1180,P.O for Rebar Patch#13  (8th floor),15-Apr-26,0.0,0.0,0.0,0.0,0,0.0,0,0.0,,,,,,,
evm,01-data/import_templates/activity_master.csv,1110,The Big -P.01-UP-20-April-26,CON-B04-5TH-1020,"Shuttering for Walls, Col. & Cores (B04) (5th)",17-May-26,253264.03,0.0,0.0,0.0,0,0.0,0,0.0,,,,,,,
evm,01-data/import_templates/activity_master.csv,1139,The Big -P.01-UP-20-April-26,CON-B01-5TH-1050,"RFT for Slabs, Beams & Stairs (B01) (5th)",17-May-26,1250273.36,0.0,0.0,0.0,0,0.0,0,0.0,,,,,,,
evm,01-data/import_templates/activity_master.csv,1083,The Big -P.01-UP-20-April-26,CON-B03-3RD-1030,"Pouring for Walls, Col. & Cores (B03) (3rd)",17-May-26,311986.13,0.0,0.0,0.0,0,0.0,0,0.0,,,,,,,
evm,01-data/import_templates/activity_master.csv,1113,The Big -P.01-UP-20-April-26,CON-B04-4TH-1080,Dismantling Formwork (B04) (4th),17-May-26,0.0,0.0,0.0,0.0,0,0.0,0,0.0,,,,,,,
evm,01-data/import_templates/activity_master.csv,1085,The Big -P.01-UP-20-April-26,CON-B03-3RD-1040,"Shuttering for Slabs, Beams & Stairs (B03) (3rd)",17-May-26,943408.33,0.0,0.0,0.0,0,0.0,0,0.0,,,,,,,
evm,01-data/import_templates/activity_master.csv,1086,The Big -P.01-UP-20-April-26,AB-SUB-B03-3RD-1000,Submittal for Col. & Walls Conc. Dim.  & RFT DWGs As-Built Drawing (B03) (3rd),17-May-26,0.0,0.0,0.0,0.0,0,0.0,0,0.0,,,,,,,
evm,01-data/import_templates/activity_master.csv,1084,The Big -P.01-UP-20-April-26,AB-APP-B02-3RD-1000,Approval for Col. & Walls Conc. Dim.  & RFT DWGs As-Built Drawing (B02) (3rd),17-May-26,0.0,0.0,0.0,0.0,0,0.0,0,0.0,,,,,,,
evm,01-data/import_templates/activity_master.csv,1120,The Big -P.01-UP-20-April-26,AB-APP-B04-4TH-1010,Approval for Slabs Conc. Dim.  & RFT DWGs As-Built Drawing (B04) (4th),17-May-26,0.0,0.0,0.0,0.0,0,0.0,0,0.0,,,,,,,
evm,01-data/import_templates/activity_master.csv,1121,The Big -P.01-UP-20-April-26,AB-APP-B04-4TH-1020,Approval for Beams Conc. Dim.  & RFT DWGs As-Built Drawing (B04) (4th),17-May-26,0.0,0.0,0.0,0.0,0,0.0,0,0.0,,,,,,,
evm,01-data/import_templates/activity_master.csv,1122,The Big -P.01-UP-20-April-26,AB-APP-B04-4TH-1030,Approval for Stairs Conc. Dim.  & RFT DWGs As-Built Drawing (B04) (4th),17-May-26,0.0,0.0,0.0,0.0,0,0.0,0,0.0,,,,,,,
evm,01-data/import_templates/activity_master.csv,1088,The Big -P.01-UP-20-April-26,CON-B03-3RD-1050,"RFT for Slabs, Beams & Stairs (B03) (3rd)",17-May-26,1393943.32,0.0,0.0,0.0,0,0.0,0,0.0,,,,,,,
evm,01-data/import_templates/activity_master.csv,1133,The Big -P.01-UP-20-April-26,CON-B04-5TH-1030,"Pouring for Walls, Col. & Cores (B04) (5th)",17-May-26,379896.04,0.0,0.0,0.0,0,0.0,0,0.0,,,,,,,
evm,01-data/import_templates/activity_master.csv,1136,The Big -P.01-UP-20-April-26,CON-B04-5TH-1040,"Shuttering for Slabs, Beams & Stairs (B04) (5th)",17-May-26,702157.56,0.0,0.0,0.0,0,0.0,0,0.0,,,,,,,
evm,01-data/import_templates/activity_master.csv,1137,The Big -P.01-UP-20-April-26,AB-SUB-B04-5TH-1000,Submittal for Col. & Walls Conc. Dim.  & RFT DWGs As-Built Drawing (B04) (5th),17-May-26,0.0,0.0,0.0,0.0,0,0.0,0,0.0,,,,,,,
evm,01-data/import_templates/activity_master.csv,1147,The Big -P.01-UP-20-April-26,AB-APP-B01-5TH-1000,Approval for Col. & Walls Conc. Dim.  & RFT DWGs As-Built Drawing (B01) (5th),17-May-26,0.0,0.0,0.0,0.0,0,0.0,0,0.0,,,,,,,
evm,01-data/import_templates/activity_master.csv,1149,The Big -P.01-UP-20-April-26,CON-B01-5TH-1060,"Pouring for Slabs, Beams & Stairs (B01) (5th)",17-May-26,1259975.66,0.0,0.0,0.0,0,0.0,0,0.0,,,,,,,
evm,01-data/import_templates/activity_master.csv,1090,The Big -P.01-UP-20-April-26,CON-B02-3RD-1060,"Pouring for Slabs, Beams & Stairs (B02) (3rd)",17-May-26,941018.0,0.0,0.0,0.0,0,0.0,0,0.0,,,,,,,
evm,01-data/import_templates/activity_master.csv,1158,The Big -P.01-UP-20-April-26,CON-B01-5TH-1070,"Curing for Slabs, Beams & Stairs (B01) (5th)",17-May-26,0.0,0.0,0.0,0.0,0,0.0,0,0.0,,,,,,,
evm,01-data/import_templates/activity_master.csv,1157,The Big -P.01-UP-20-April-26,CON-B01-6TH-1000,"Scaffolding works for Walls, Col. & Cores (B01) (6th)",17-May-26,0.0,0.0,0.0,0.0,0,0.0,0,0.0,,,,,,,
evm,01-data/import_templates/activity_master.csv,1138,The Big -P.01-UP-20-April-26,CON-B04-5TH-1050,"RFT for Slabs, Beams & Stairs (B04) (5th)",17-May-26,1023348.88,0.0,0.0,0.0,0,0.0,0,0.0,,,,,,,
evm,01-data/import_templates/activity_master.csv,1159,The Big -P.01-UP-20-April-26,AB-SUB-B01-5TH-1010,Submittal for Slabs Conc. Dim.  & RFT DWGs As-Built Drawing (B01) (5th),17-May-26,0.0,0.0,0.0,0.0,0,0.0,0,0.0,,,,,,,
evm,01-data/import_templates/activity_master.csv,1160,The Big -P.01-UP-20-April-26,AB-SUB-B01-5TH-1020,Submittal for Beams Conc. Dim.  & RFT DWGs As-Built Drawing (B01) (5th),17-May-26,0.0,0.0,0.0,0.0,0,0.0,0,0.0,,,,,,,
evm,01-data/import_templates/activity_master.csv,1161,The Big -P.01-UP-20-April-26,AB-SUB-B01-5TH-1030,Submittal for Stairs Conc. Dim.  & RFT DWGs As-Built Drawing (B01) (5th),17-May-26,0.0,0.0,0.0,0.0,0,0.0,0,0.0,,,,,,,
evm,01-data/import_templates/activity_master.csv,1093,The Big -P.01-UP-20-April-26,CON-B02-3RD-1070,"Curing for Slabs, Beams & Stairs (B02) (3rd)",17-May-26,0.0,0.0,0.0,0.0,0,0.0,0,0.0,,,,,,,
evm,01-data/import_templates/activity_master.csv,1094,The Big -P.01-UP-20-April-26,AB-SUB-B02-3RD-1010,Submittal for Slabs Conc. Dim.  & RFT DWGs As-Built Drawing (B02) (3rd),17-May-26,0.0,0.0,0.0,0.0,0,0.0,0,0.0,,,,,,,
evm,01-data/import_templates/activity_master.csv,1095,The Big -P.01-UP-20-April-26,AB-SUB-B02-3RD-1020,Submittal for Beams Conc. Dim.  & RFT DWGs As-Built Drawing (B02) (3rd),17-May-26,0.0,0.0,0.0,0.0,0,0.0,0,0.0,,,,,,,
evm,01-data/import_templates/activity_master.csv,1096,The Big -P.01-UP-20-April-26,AB-SUB-B02-3RD-1030,Submittal for Stairs Conc. Dim.  & RFT DWGs As-Built Drawing (B02) (3rd),17-May-26,0.0,0.0,0.0,0.0,0,0.0,0,0.0,,,,,,,
evm,01-data/import_templates/activity_master.csv,1165,The Big -P.01-UP-20-April-26,CON-B01-6TH-1010,"RFT for Walls, Col. & Cores (B01) (6th)",17-May-26,460777.03,0.0,0.0,0.0,0,0.0,0,0.0,,,,,,,
evm,01-data/import_templates/activity_master.csv,1107,The Big -P.01-UP-20-April-26,AB-APP-B03-3RD-1000,Approval for Col. & Walls Conc. Dim.  & RFT DWGs As-Built Drawing  (B03) (3rd),17-May-26,0.0,0.0,0.0,0.0,0,0.0,0,0.0,,,,,,,
evm,01-data/import_templates/activity_master.csv,1167,The Big -P.01-UP-20-April-26,CON-B01-6TH-1020,"Shuttering for Walls, Col. & Cores (B01) (6th)",17-May-26,252110.01,0.0,0.0,0.0,0,0.0,0,0.0,,,,,,,
evm,01-data/import_templates/activity_master.csv,970,The Big -P.01-UP-20-April-26,P-MDEL-1190,Delivery for Rebar Patch#12  (7th floor),17-May-26,0.0,0.0,0.0,0.0,0,0.0,0,0.0,,,,,,,
evm,01-data/import_templates/activity_master.csv,1148,The Big -P.01-UP-20-April-26,AB-APP-B04-5TH-1000,Approval for Col. & Walls Conc. Dim.  & RFT DWGs As-Built Drawing (B04) (5th),17-May-26,0.0,0.0,0.0,0.0,0,0.0,0,0.0,,,,,,,
evm,01-data/import_templates/activity_master.csv,1151,The Big -P.01-UP-20-April-26,CON-B04-5TH-1060,"Pouring for Slabs, Beams & Stairs (B04) (5th)",17-May-26,1053236.03,0.0,0.0,0.0,0,0.0,0,0.0,,,,,,,
evm,01-data/import_templates/activity_master.csv,1171,The Big -P.01-UP-20-April-26,CON-B01-5TH-1080,Dismantling Formwork (B01) (5th),17-May-26,0.0,0.0,0.0,0.0,0,0.0,0,0.0,,,,,,,
evm,01-data/import_templates/activity_master.csv,1115,The Big -P.01-UP-20-April-26,CON-B03-3RD-1060,"Pouring for Slabs, Beams & Stairs (B03) (3rd)",17-May-26,1415112.49,0.0,0.0,0.0,0,0.0,0,0.0,,,,,,,
evm,01-data/import_templates/activity_master.csv,1153,The Big -P.01-UP-20-April-26,CON-B04-5TH-1070,"Curing for Slabs, Beams & Stairs (B04) (5th)",17-May-26,0.0,0.0,0.0,0.0,0,0.0,0,0.0,,,,,,,
evm,01-data/import_templates/activity_master.csv,1154,The Big -P.01-UP-20-April-26,AB-SUB-B04-5TH-1010,Submittal for Slabs Conc. Dim.  & RFT DWGs As-Built Drawing (B04) (5th),17-May-26,0.0,0.0,0.0,0.0,0,0.0,0,0.0,,,,,,,
evm,01-data/import_templates/activity_master.csv,1155,The Big -P.01-UP-20-April-26,AB-SUB-B04-5TH-1020,Submittal for Beams Conc. Dim.  & RFT DWGs As-Built Drawing (B04) (5th),17-May-26,0.0,0.0,0.0,0.0,0,0.0,0,0.0,,,,,,,
evm,01-data/import_templates/activity_master.csv,1156,The Big -P.01-UP-20-April-26,AB-SUB-B04-5TH-1030,Submittal for Stairs Conc. Dim.  & RFT DWGs As-Built Drawing (B04) (5th),17-May-26,0.0,0.0,0.0,0.0,0,0.0,0,0.0,,,,,,,
evm,01-data/import_templates/activity_master.csv,1112,The Big -P.01-UP-20-April-26,CON-B02-3RD-1080,Dismantling Formwork (B02) (3rd),17-May-26,0.0,0.0,0.0,0.0,0,0.0,0,0.0,,,,,,,
evm,01-data/import_templates/activity_master.csv,1175,The Big -P.01-UP-20-April-26,AB-APP-B01-5TH-1010,Approval for Slabs Conc. Dim.  & RFT DWGs As-Built Drawing (B01) (5th),17-May-26,0.0,0.0,0.0,0.0,0,0.0,0,0.0,,,,,,,
evm,01-data/import_templates/activity_master.csv,1176,The Big -P.01-UP-20-April-26,AB-APP-B01-5TH-1020,Approval for Beams Conc. Dim.  & RFT DWGs As-Built Drawing (B01) (5th),17-May-26,0.0,0.0,0.0,0.0,0,0.0,0,0.0,,,,,,,
evm,01-data/import_templates/activity_master.csv,1177,The Big -P.01-UP-20-April-26,AB-APP-B01-5TH-1030,Approval for Stairs Conc. Dim.  & RFT DWGs As-Built Drawing (B01) (5th),17-May-26,0.0,0.0,0.0,0.0,0,0.0,0,0.0,,,,,,,
evm,01-data/import_templates/activity_master.csv,977,The Big -P.01-UP-20-April-26,P-MPOS-1190,P.O for Rebar Patch#14  (Roof floor),15-Apr-26,0.0,0.0,0.0,0.0,0,0.0,0,0.0,,,,,,,
evm,01-data/import_templates/activity_master.csv,1180,The Big -P.01-UP-20-April-26,CON-B01-6TH-1030,"Pouring for Walls, Col. & Cores (B01) (6th)",17-May-26,378165.01,0.0,0.0,0.0,0,0.0,0,0.0,,,,,,,
evm,01-data/import_templates/activity_master.csv,1114,The Big -P.01-UP-20-April-26,CON-B02-4TH-1000,"Scaffolding works for Walls, Col. & Cores (B02) (4th)",17-May-26,0.0,0.0,0.0,0.0,0,0.0,0,0.0,,,,,,,
evm,01-data/import_templates/activity_master.csv,1164,The Big -P.01-UP-20-April-26,CON-B04-6TH-1000,"Scaffolding works for Walls, Col. & Cores (B04) (6th)",17-May-26,0.0,0.0,0.0,0.0,0,0.0,0,0.0,,,,,,,
evm,01-data/import_templates/activity_master.csv,1127,The Big -P.01-UP-20-April-26,CON-B03-3RD-1070,"Curing for Slabs, Beams & Stairs (B03) (3rd)",17-May-26,0.0,0.0,0.0,0.0,0,0.0,0,0.0,,,,,,,
evm,01-data/import_templates/activity_master.csv,1128,The Big -P.01-UP-20-April-26,AB-SUB-B03-3RD-1010,Submittal for Slabs Conc. Dim.  & RFT DWGs As-Built Drawing (B03) (3rd),17-May-26,0.0,0.0,0.0,0.0,0,0.0,0,0.0,,,,,,,
evm,01-data/import_templates/activity_master.csv,1129,The Big -P.01-UP-20-April-26,AB-SUB-B03-3RD-1020,Submittal for Beams Conc. Dim.  & RFT DWGs As-Built Drawing (B03) (3rd),17-May-26,0.0,0.0,0.0,0.0,0,0.0,0,0.0,,,,,,,
evm,01-data/import_templates/activity_master.csv,1130,The Big -P.01-UP-20-April-26,AB-SUB-B03-3RD-1030,Submittal for Stairs Conc. Dim.  & RFT DWGs As-Built Drawing (B03) (3rd),17-May-26,0.0,0.0,0.0,0.0,0,0.0,0,0.0,,,,,,,
evm,01-data/import_templates/activity_master.csv,1117,The Big -P.01-UP-20-April-26,AB-APP-B02-3RD-1010,Approval for Slabs Conc. Dim.  & RFT DWGs As-Built Drawing (B02) (3rd),17-May-26,0.0,0.0,0.0,0.0,0,0.0,0,0.0,,,,,,,
evm,01-data/import_templates/activity_master.csv,1118,The Big -P.01-UP-20-April-26,AB-APP-B02-3RD-1020,Approval for Beams Conc. Dim.  & RFT DWGs As-Built Drawing (B02) (3rd),17-May-26,0.0,0.0,0.0,0.0,0,0.0,0,0.0,,,,,,,
evm,01-data/import_templates/activity_master.csv,1119,The Big -P.01-UP-20-April-26,AB-APP-B02-3RD-1030,Approval for Stairs Conc. Dim.  & RFT DWGs As-Built Drawing (B02) (3rd),17-May-26,0.0,0.0,0.0,0.0,0,0.0,0,0.0,,,,,,,
evm,01-data/import_templates/activity_master.csv,1185,The Big -P.01-UP-20-April-26,CON-B01-6TH-1040,"Shuttering for Slabs, Beams & Stairs (B01) (6th)",17-May-26,839833.6,0.0,0.0,0.0,0,0.0,0,0.0,,,,,,,
evm,01-data/import_templates/activity_master.csv,1123,The Big -P.01-UP-20-April-26,CON-B02-4TH-1010,"RFT for Walls, Col. & Cores (B02) (4th)",17-May-26,287345.88,0.0,0.0,0.0,0,0.0,0,0.0,,,,,,,
evm,01-data/import_templates/activity_master.csv,1186,The Big -P.01-UP-20-April-26,AB-SUB-B01-6TH-1000,Submittal for Col. & Walls Conc. Dim.  & RFT DWGs As-Built Drawing (B01) (6th),17-May-26,0.0,0.0,0.0,0.0,0,0.0,0,0.0,,,,,,,
evm,01-data/import_templates/activity_master.csv,1166,The Big -P.01-UP-20-April-26,CON-B04-6TH-1010,"RFT for Walls, Col. & Cores (B04) (6th)",17-May-26,463096.43,0.0,0.0,0.0,0,0.0,0,0.0,,,,,,,
evm,01-data/import_templates/activity_master.csv,1132,The Big -P.01-UP-20-April-26,CON-B02-4TH-1020,"Shuttering for Walls, Col. & Cores (B02) (4th)",17-May-26,41962.11,0.0,0.0,0.0,0,0.0,0,0.0,,,,,,,
evm,01-data/import_templates/activity_master.csv,1168,The Big -P.01-UP-20-April-26,CON-B04-6TH-1020,"Shuttering for Walls, Col. & Cores (B04) (6th)",17-May-26,253264.03,0.0,0.0,0.0,0,0.0,0,0.0,,,,,,,
evm,01-data/import_templates/activity_master.csv,1190,The Big -P.01-UP-20-April-26,CON-B01-6TH-1050,"RFT for Slabs, Beams & Stairs (B01) (6th)",17-May-26,1249030.06,0.0,0.0,0.0,0,0.0,0,0.0,,,,,,,
evm,01-data/import_templates/activity_master.csv,1169,The Big -P.01-UP-20-April-26,CON-B04-5TH-1080,Dismantling Formwork (B04) (5th),17-May-26,0.0,0.0,0.0,0.0,0,0.0,0,0.0,,,,,,,
evm,01-data/import_templates/activity_master.csv,1179,The Big -P.01-UP-20-April-26,CON-B04-6TH-1030,"Pouring for Walls, Col. & Cores (B04) (6th)",17-May-26,379896.04,0.0,0.0,0.0,0,0.0,0,0.0,,,,,,,
evm,01-data/import_templates/activity_master.csv,1172,The Big -P.01-UP-20-April-26,AB-APP-B04-5TH-1010,Approval for Slabs Conc. Dim.  & RFT DWGs As-Built Drawing (B04) (5th),17-May-26,0.0,0.0,0.0,0.0,0,0.0,0,0.0,,,,,,,
evm,01-data/import_templates/activity_master.csv,1173,The Big -P.01-UP-20-April-26,AB-APP-B04-5TH-1020,Approval for Beams Conc. Dim.  & RFT DWGs As-Built Drawing (B04) (5th),17-May-26,0.0,0.0,0.0,0.0,0,0.0,0,0.0,,,,,,,
evm,01-data/import_templates/activity_master.csv,1174,The Big -P.01-UP-20-April-26,AB-APP-B04-5TH-1030,Approval for Stairs Conc. Dim.  & RFT DWGs As-Built Drawing (B04) (5th),17-May-26,0.0,0.0,0.0,0.0,0,0.0,0,0.0,,,,,,,
evm,01-data/import_templates/activity_master.csv,1140,The Big -P.01-UP-20-April-26,CON-B03-3RD-1080,Dismantling Formwork (B03) (3rd),17-May-26,0.0,0.0,0.0,0.0,0,0.0,0,0.0,,,,,,,
evm,01-data/import_templates/activity_master.csv,1181,The Big -P.01-UP-20-April-26,CON-B04-6TH-1040,"Shuttering for Slabs, Beams & Stairs (B04) (6th)",17-May-26,702521.6,0.0,0.0,0.0,0,0.0,0,0.0,,,,,,,
evm,01-data/import_templates/activity_master.csv,1182,The Big -P.01-UP-20-April-26,AB-SUB-B04-6TH-1000,Submittal for Col. & Walls Conc. Dim.  & RFT DWGs As-Built Drawing (B04) (6th),17-May-26,0.0,0.0,0.0,0.0,0,0.0,0,0.0,,,,,,,
evm,01-data/import_templates/activity_master.csv,1141,The Big -P.01-UP-20-April-26,CON-B03-4TH-1000,"Scaffolding works for Walls, Col. & Cores (B03) (4th)",17-May-26,0.0,0.0,0.0,0.0,0,0.0,0,0.0,,,,,,,
evm,01-data/import_templates/activity_master.csv,1142,The Big -P.01-UP-20-April-26,AB-APP-B03-3RD-1010,Approval for Slabs Conc. Dim.  & RFT DWGs As-Built Drawing  (B03) (3rd),17-May-26,0.0,0.0,0.0,0.0,0,0.0,0,0.0,,,,,,,
evm,01-data/import_templates/activity_master.csv,1143,The Big -P.01-UP-20-April-26,AB-APP-B03-3RD-1020,Approval for Beams Conc. Dim.  & RFT DWGs As-Built Drawing  (B03) (3rd),17-May-26,0.0,0.0,0.0,0.0,0,0.0,0,0.0,,,,,,,
evm,01-data/import_templates/activity_master.csv,1144,The Big -P.01-UP-20-April-26,AB-APP-B03-3RD-1030,Approval for Stairs Conc. Dim.  & RFT DWGs As-Built Drawing  (B03) (3rd),17-May-26,0.0,0.0,0.0,0.0,0,0.0,0,0.0,,,,,,,
evm,01-data/import_templates/activity_master.csv,1188,The Big -P.01-UP-20-April-26,CON-B04-6TH-1050,"RFT for Slabs, Beams & Stairs (B04) (6th)",17-May-26,1023875.56,0.0,0.0,0.0,0,0.0,0,0.0,,,,,,,
evm,01-data/import_templates/activity_master.csv,1202,The Big -P.01-UP-20-April-26,AB-APP-B01-6TH-1000,Approval for Col. & Walls Conc. Dim.  & RFT DWGs As-Built Drawing (B01) (6th),17-May-26,0.0,0.0,0.0,0.0,0,0.0,0,0.0,,,,,,,
evm,01-data/import_templates/activity_master.csv,1203,The Big -P.01-UP-20-April-26,CON-B01-6TH-1060,"Pouring for Slabs, Beams & Stairs (B01) (6th)",17-May-26,1259750.39,0.0,0.0,0.0,0,0.0,0,0.0,,,,,,,
evm,01-data/import_templates/activity_master.csv,1146,The Big -P.01-UP-20-April-26,CON-B03-4TH-1010,"RFT for Walls, Col. & Cores (B03) (4th)",17-May-26,384021.48,0.0,0.0,0.0,0,0.0,0,0.0,,,,,,,
evm,01-data/import_templates/activity_master.csv,1206,The Big -P.01-UP-20-April-26,CON-B01-6TH-1070,"Curing for Slabs, Beams & Stairs (B01) (6th)",17-May-26,0.0,0.0,0.0,0.0,0,0.0,0,0.0,,,,,,,
evm,01-data/import_templates/activity_master.csv,1207,The Big -P.01-UP-20-April-26,CON-B01-7TH-1000,"Scaffolding works for Walls, Col. & Cores (B01) (7th)",17-May-26,0.0,0.0,0.0,0.0,0,0.0,0,0.0,,,,,,,
evm,01-data/import_templates/activity_master.csv,1145,The Big -P.01-UP-20-April-26,CON-B02-4TH-1030,"Pouring for Walls, Col. & Cores (B02) (4th)",17-May-26,62943.17,0.0,0.0,0.0,0,0.0,0,0.0,,,,,,,
evm,01-data/import_templates/activity_master.csv,1208,The Big -P.01-UP-20-April-26,AB-SUB-B01-6TH-1010,Submittal for Slabs Conc. Dim.  & RFT DWGs As-Built Drawing (B01) (6th),17-May-26,0.0,0.0,0.0,0.0,0,0.0,0,0.0,,,,,,,
evm,01-data/import_templates/activity_master.csv,1209,The Big -P.01-UP-20-April-26,AB-SUB-B01-6TH-1020,Submittal for Beams Conc. Dim.  & RFT DWGs As-Built Drawing (B01) (6th),17-May-26,0.0,0.0,0.0,0.0,0,0.0,0,0.0,,,,,,,
evm,01-data/import_templates/activity_master.csv,1210,The Big -P.01-UP-20-April-26,AB-SUB-B01-6TH-1030,Submittal for Stairs Conc. Dim.  & RFT DWGs As-Built Drawing (B01) (6th),17-May-26,0.0,0.0,0.0,0.0,0,0.0,0,0.0,,,,,,,
evm,01-data/import_templates/activity_master.csv,1217,The Big -P.01-UP-20-April-26,CON-B01-7TH-1010,"RFT for Walls, Col. & Cores (B01) (7th)",17-May-26,460777.03,0.0,0.0,0.0,0,0.0,0,0.0,,,,,,,
evm,01-data/import_templates/activity_master.csv,1150,The Big -P.01-UP-20-April-26,CON-B02-4TH-1040,"Shuttering for Slabs, Beams & Stairs (B02) (4th)",17-May-26,1420116.69,0.0,0.0,0.0,0,0.0,0,0.0,,,,,,,
evm,01-data/import_templates/activity_master.csv,1162,The Big -P.01-UP-20-April-26,CON-B03-4TH-1020,"Shuttering for Walls, Col. & Cores (B03) (4th)",17-May-26,207990.75,0.0,0.0,0.0,0,0.0,0,0.0,,,,,,,
evm,01-data/import_templates/activity_master.csv,1152,The Big -P.01-UP-20-April-26,AB-SUB-B02-4TH-1000,Submittal for Col. & Walls Conc. Dim.  & RFT DWGs As-Built Drawing (B02) (4th),17-May-26,0.0,0.0,0.0,0.0,0,0.0,0,0.0,,,,,,,
evm,01-data/import_templates/activity_master.csv,1225,The Big -P.01-UP-20-April-26,CON-B01-7TH-1020,"Shuttering for Walls, Col. & Cores (B01) (7th)",17-May-26,252110.01,0.0,0.0,0.0,0,0.0,0,0.0,,,,,,,
evm,01-data/import_templates/activity_master.csv,1163,The Big -P.01-UP-20-April-26,CON-B02-4TH-1050,"RFT for Slabs, Beams & Stairs (B02) (4th)",17-May-26,1396302.87,0.0,0.0,0.0,0,0.0,0,0.0,,,,,,,
evm,01-data/import_templates/activity_master.csv,1195,The Big -P.01-UP-20-April-26,CON-B04-6TH-1060,"Pouring for Slabs, Beams & Stairs (B04) (6th)",17-May-26,1053782.4,0.0,0.0,0.0,0,0.0,0,0.0,,,,,,,
evm,01-data/import_templates/activity_master.csv,1196,The Big -P.01-UP-20-April-26,CON-B04-6TH-1070,"Curing for Slabs, Beams & Stairs (B04) (6th)",17-May-26,0.0,0.0,0.0,0.0,0,0.0,0,0.0,,,,,,,
evm,01-data/import_templates/activity_master.csv,1197,The Big -P.01-UP-20-April-26,AB-SUB-B04-6TH-1010,Submittal for Slabs Conc. Dim.  & RFT DWGs As-Built Drawing (B04) (6th),17-May-26,0.0,0.0,0.0,0.0,0,0.0,0,0.0,,,,,,,
evm,01-data/import_templates/activity_master.csv,1198,The Big -P.01-UP-20-April-26,AB-SUB-B04-6TH-1020,Submittal for Beams Conc. Dim.  & RFT DWGs As-Built Drawing (B04) (6th),17-May-26,0.0,0.0,0.0,0.0,0,0.0,0,0.0,,,,,,,
evm,01-data/import_templates/activity_master.csv,1199,The Big -P.01-UP-20-April-26,AB-SUB-B04-6TH-1030,Submittal for Stairs Conc. Dim.  & RFT DWGs As-Built Drawing (B04) (6th),17-May-26,0.0,0.0,0.0,0.0,0,0.0,0,0.0,,,,,,,
evm,01-data/import_templates/activity_master.csv,1200,The Big -P.01-UP-20-April-26,AB-APP-B04-6TH-1000,Approval for Col. & Walls Conc. Dim.  & RFT DWGs As-Built Drawing (B04) (6th),17-May-26,0.0,0.0,0.0,0.0,0,0.0,0,0.0,,,,,,,
evm,01-data/import_templates/activity_master.csv,1020,The Big -P.01-UP-20-April-26,P-MDEL-1180,Delivery for Rebar Patch#13  (8th floor),17-May-26,0.0,0.0,0.0,0.0,0,0.0,0,0.0,,,,,,,
evm,01-data/import_templates/activity_master.csv,1204,The Big -P.01-UP-20-April-26,CON-B04-7TH-1000,"Scaffolding works for Walls, Col. & Cores (B04) (7th)",17-May-26,0.0,0.0,0.0,0.0,0,0.0,0,0.0,,,,,,,
evm,01-data/import_templates/activity_master.csv,1236,The Big -P.01-UP-20-April-26,CON-B01-6TH-1080,Dismantling Formwork (B01) (6th),17-May-26,0.0,0.0,0.0,0.0,0,0.0,0,0.0,,,,,,,
evm,01-data/import_templates/activity_master.csv,1237,The Big -P.01-UP-20-April-26,CON-B01-7TH-1030,"Pouring for Walls, Col. & Cores (B01) (7th)",17-May-26,378165.01,0.0,0.0,0.0,0,0.0,0,0.0,,,,,,,
evm,01-data/import_templates/activity_master.csv,1213,The Big -P.01-UP-20-April-26,CON-B04-7TH-1010,"RFT for Walls, Col. & Cores (B04) (7th)",17-May-26,463096.43,0.0,0.0,0.0,0,0.0,0,0.0,,,,,,,
evm,01-data/import_templates/activity_master.csv,1239,The Big -P.01-UP-20-April-26,AB-APP-B01-6TH-1010,Approval for Slabs Conc. Dim.  & RFT DWGs As-Built Drawing (B01) (6th),17-May-26,0.0,0.0,0.0,0.0,0,0.0,0,0.0,,,,,,,
evm,01-data/import_templates/activity_master.csv,1240,The Big -P.01-UP-20-April-26,AB-APP-B01-6TH-1020,Approval for Beams Conc. Dim.  & RFT DWGs As-Built Drawing (B01) (6th),17-May-26,0.0,0.0,0.0,0.0,0,0.0,0,0.0,,,,,,,
evm,01-data/import_templates/activity_master.csv,1241,The Big -P.01-UP-20-April-26,AB-APP-B01-6TH-1030,Approval for Stairs Conc. Dim.  & RFT DWGs As-Built Drawing (B01) (6th),17-May-26,0.0,0.0,0.0,0.0,0,0.0,0,0.0,,,,,,,
evm,01-data/import_templates/activity_master.csv,1242,The Big -P.01-UP-20-April-26,CON-B01-7TH-1040,"Shuttering for Slabs, Beams & Stairs (B01) (7th)",17-May-26,840104.5,0.0,0.0,0.0,0,0.0,0,0.0,,,,,,,
evm,01-data/import_templates/activity_master.csv,1220,The Big -P.01-UP-20-April-26,CON-B04-7TH-1020,"Shuttering for Walls, Col. & Cores (B04) (7th)",17-May-26,253264.03,0.0,0.0,0.0,0,0.0,0,0.0,,,,,,,
evm,01-data/import_templates/activity_master.csv,1243,The Big -P.01-UP-20-April-26,AB-SUB-B01-7TH-1000,Submittal for Col. & Walls Conc. Dim.  & RFT DWGs As-Built Drawing (B01) (7th),17-May-26,0.0,0.0,0.0,0.0,0,0.0,0,0.0,,,,,,,
evm,01-data/import_templates/activity_master.csv,1178,The Big -P.01-UP-20-April-26,CON-B03-4TH-1030,"Pouring for Walls, Col. & Cores (B03) (4th)",17-May-26,311986.13,0.0,0.0,0.0,0,0.0,0,0.0,,,,,,,
evm,01-data/import_templates/activity_master.csv,1170,The Big -P.01-UP-20-April-26,AB-APP-B02-4TH-1000,Approval for Col. & Walls Conc. Dim.  & RFT DWGs As-Built Drawing (B02) (4th),17-May-26,0.0,0.0,0.0,0.0,0,0.0,0,0.0,,,,,,,
evm,01-data/import_templates/activity_master.csv,1224,The Big -P.01-UP-20-April-26,AB-APP-B04-6TH-1030,Approval for Stairs Conc. Dim.  & RFT DWGs As-Built Drawing (B04) (6th),17-May-26,0.0,0.0,0.0,0.0,0,0.0,0,0.0,,,,,,,
evm,01-data/import_templates/activity_master.csv,1250,The Big -P.01-UP-20-April-26,CON-B01-7TH-1050,"RFT for Slabs, Beams & Stairs (B01) (7th)",17-May-26,1250029.31,0.0,0.0,0.0,0,0.0,0,0.0,,,,,,,
evm,01-data/import_templates/activity_master.csv,1183,The Big -P.01-UP-20-April-26,CON-B03-4TH-1040,"Shuttering for Slabs, Beams & Stairs (B03) (4th)",17-May-26,908706.16,0.0,0.0,0.0,0,0.0,0,0.0,,,,,,,
evm,01-data/import_templates/activity_master.csv,1227,The Big -P.01-UP-20-April-26,CON-B04-6TH-1080,Dismantling Formwork (B04) (6th),17-May-26,0.0,0.0,0.0,0.0,0,0.0,0,0.0,,,,,,,
evm,01-data/import_templates/activity_master.csv,1184,The Big -P.01-UP-20-April-26,AB-SUB-B03-4TH-1000,Submittal for Col. & Walls Conc. Dim.  & RFT DWGs As-Built Drawing (B03) (4th),17-May-26,0.0,0.0,0.0,0.0,0,0.0,0,0.0,,,,,,,
evm,01-data/import_templates/activity_master.csv,1231,The Big -P.01-UP-20-April-26,CON-B04-7TH-1030,"Pouring for Walls, Col. & Cores (B04) (7th)",17-May-26,379896.04,0.0,0.0,0.0,0,0.0,0,0.0,,,,,,,
evm,01-data/import_templates/activity_master.csv,1228,The Big -P.01-UP-20-April-26,AB-APP-B04-6TH-1010,Approval for Slabs Conc. Dim.  & RFT DWGs As-Built Drawing (B04) (6th),17-May-26,0.0,0.0,0.0,0.0,0,0.0,0,0.0,,,,,,,
evm,01-data/import_templates/activity_master.csv,1229,The Big -P.01-UP-20-April-26,AB-APP-B04-6TH-1020,Approval for Beams Conc. Dim.  & RFT DWGs As-Built Drawing (B04) (6th),17-May-26,0.0,0.0,0.0,0.0,0,0.0,0,0.0,,,,,,,
evm,01-data/import_templates/activity_master.csv,1232,The Big -P.01-UP-20-April-26,CON-B04-7TH-1040,"Shuttering for Slabs, Beams & Stairs (B04) (7th)",17-May-26,708261.94,0.0,0.0,0.0,0,0.0,0,0.0,,,,,,,
evm,01-data/import_templates/activity_master.csv,1233,The Big -P.01-UP-20-April-26,AB-SUB-B04-7TH-1000,Submittal for Col. & Walls Conc. Dim.  & RFT DWGs As-Built Drawing (B04) (7th),17-May-26,0.0,0.0,0.0,0.0,0,0.0,0,0.0,,,,,,,
evm,01-data/import_templates/activity_master.csv,1187,The Big -P.01-UP-20-April-26,CON-B02-4TH-1060,"Pouring for Slabs, Beams & Stairs (B02) (4th)",17-May-26,946744.46,0.0,0.0,0.0,0,0.0,0,0.0,,,,,,,
evm,01-data/import_templates/activity_master.csv,1189,The Big -P.01-UP-20-April-26,CON-B03-4TH-1050,"RFT for Slabs, Beams & Stairs (B03) (4th)",17-May-26,1328776.71,0.0,0.0,0.0,0,0.0,0,0.0,,,,,,,
evm,01-data/import_templates/activity_master.csv,1238,The Big -P.01-UP-20-April-26,CON-B04-7TH-1050,"RFT for Slabs, Beams & Stairs (B04) (7th)",17-May-26,1032180.5,0.0,0.0,0.0,0,0.0,0,0.0,,,,,,,
evm,01-data/import_templates/activity_master.csv,1191,The Big -P.01-UP-20-April-26,CON-B02-4TH-1070,"Curing for Slabs, Beams & Stairs (B02) (4th)",17-May-26,0.0,0.0,0.0,0.0,0,0.0,0,0.0,,,,,,,
evm,01-data/import_templates/activity_master.csv,1046,The Big -P.01-UP-20-April-26,P-MDEL-1200,Delivery for Rebar Patch#14  (Roof floor),17-May-26,0.0,0.0,0.0,0.0,0,0.0,0,0.0,,,,,,,
evm,01-data/import_templates/activity_master.csv,1192,The Big -P.01-UP-20-April-26,AB-SUB-B02-4TH-1010,Submittal for Slabs Conc. Dim.  & RFT DWGs As-Built Drawing (B02) (4th),17-May-26,0.0,0.0,0.0,0.0,0,0.0,0,0.0,,,,,,,
evm,01-data/import_templates/activity_master.csv,1193,The Big -P.01-UP-20-April-26,AB-SUB-B02-4TH-1020,Submittal for Beams Conc. Dim.  & RFT DWGs As-Built Drawing (B02) (4th),17-May-26,0.0,0.0,0.0,0.0,0,0.0,0,0.0,,,,,,,
evm,01-data/import_templates/activity_master.csv,1194,The Big -P.01-UP-20-April-26,AB-SUB-B02-4TH-1030,Submittal for Stairs Conc. Dim.  & RFT DWGs As-Built Drawing (B02) (4th),17-May-26,0.0,0.0,0.0,0.0,0,0.0,0,0.0,,,,,,,
evm,01-data/import_templates/activity_master.csv,1269,The Big -P.01-UP-20-April-26,CON-B01-7TH-1060,"Pouring for Slabs, Beams & Stairs (B01) (7th)",17-May-26,1260156.74,0.0,0.0,0.0,0,0.0,0,0.0,,,,,,,
evm,01-data/import_templates/activity_master.csv,1270,The Big -P.01-UP-20-April-26,AB-APP-B01-7TH-1000,Approval for Col. & Walls Conc. Dim.  & RFT DWGs As-Built Drawing (B01) (7th),17-May-26,0.0,0.0,0.0,0.0,0,0.0,0,0.0,,,,,,,
evm,01-data/import_templates/activity_master.csv,1273,The Big -P.01-UP-20-April-26,CON-B01-7TH-1070,"Curing for Slabs, Beams & Stairs (B01) (7th)",17-May-26,0.0,0.0,0.0,0.0,0,0.0,0,0.0,,,,,,,
evm,01-data/import_templates/activity_master.csv,1274,The Big -P.01-UP-20-April-26,CON-B01-8TH-1000,"Scaffolding works for Walls, Col. & Cores (B01) (8th)",17-May-26,0.0,0.0,0.0,0.0,0,0.0,0,0.0,,,,,,,
evm,01-data/import_templates/activity_master.csv,1275,The Big -P.01-UP-20-April-26,AB-SUB-B01-7TH-1010,Submittal for Slabs Conc. Dim.  & RFT DWGs As-Built Drawing (B01) (7th),17-May-26,0.0,0.0,0.0,0.0,0,0.0,0,0.0,,,,,,,
evm,01-data/import_templates/activity_master.csv,1276,The Big -P.01-UP-20-April-26,AB-SUB-B01-7TH-1020,Submittal for Beams Conc. Dim.  & RFT DWGs As-Built Drawing (B01) (7th),17-May-26,0.0,0.0,0.0,0.0,0,0.0,0,0.0,,,,,,,
evm,01-data/import_templates/activity_master.csv,1277,The Big -P.01-UP-20-April-26,AB-SUB-B01-7TH-1030,Submittal for Stairs Conc. Dim.  & RFT DWGs As-Built Drawing (B01) (7th),17-May-26,0.0,0.0,0.0,0.0,0,0.0,0,0.0,,,,,,,
evm,01-data/import_templates/activity_master.csv,1201,The Big -P.01-UP-20-April-26,AB-APP-B03-4TH-1000,Approval for Col. & Walls Conc. Dim.  & RFT DWGs As-Built Drawing  (B03) (4th),17-May-26,0.0,0.0,0.0,0.0,0,0.0,0,0.0,,,,,,,
evm,01-data/import_templates/activity_master.csv,1279,The Big -P.01-UP-20-April-26,CON-B01-8TH-1010,"RFT for Walls, Col. & Cores (B01) (8th)",17-May-26,460777.03,0.0,0.0,0.0,0,0.0,0,0.0,,,,,,,
evm,01-data/import_templates/activity_master.csv,1254,The Big -P.01-UP-20-April-26,CON-B04-7TH-1060,"Pouring for Slabs, Beams & Stairs (B04) (7th)",17-May-26,1062392.9,0.0,0.0,0.0,0,0.0,0,0.0,,,,,,,
evm,01-data/import_templates/activity_master.csv,1256,The Big -P.01-UP-20-April-26,CON-B04-7TH-1070,"Curing for Slabs, Beams & Stairs (B04) (7th)",17-May-26,0.0,0.0,0.0,0.0,0,0.0,0,0.0,,,,,,,
evm,01-data/import_templates/activity_master.csv,1258,The Big -P.01-UP-20-April-26,AB-SUB-B04-7TH-1010,Submittal for Slabs Conc. Dim.  & RFT DWGs As-Built Drawing  (B04) (7th),17-May-26,0.0,0.0,0.0,0.0,0,0.0,0,0.0,,,,,,,
evm,01-data/import_templates/activity_master.csv,1259,The Big -P.01-UP-20-April-26,AB-SUB-B04-7TH-1020,Submittal for Beams Conc. Dim.  & RFT DWGs As-Built Drawing (B04) (7th),17-May-26,0.0,0.0,0.0,0.0,0,0.0,0,0.0,,,,,,,
evm,01-data/import_templates/activity_master.csv,1260,The Big -P.01-UP-20-April-26,AB-SUB-B04-7TH-1030,Submittal for Stairs Conc. Dim.  & RFT DWGs As-Built Drawing (B04) (7th),17-May-26,0.0,0.0,0.0,0.0,0,0.0,0,0.0,,,,,,,
evm,01-data/import_templates/activity_master.csv,1285,The Big -P.01-UP-20-April-26,CON-B01-8TH-1020,"Shuttering for Walls, Col. & Cores (B01) (8th)",17-May-26,252110.01,0.0,0.0,0.0,0,0.0,0,0.0,,,,,,,
evm,01-data/import_templates/activity_master.csv,1263,The Big -P.01-UP-20-April-26,AB-APP-B04-7TH-1000,Approval for Col. & Walls Conc. Dim.  & RFT DWGs As-Built Drawing (B04) (7th),17-May-26,0.0,0.0,0.0,0.0,0,0.0,0,0.0,,,,,,,
evm,01-data/import_templates/activity_master.csv,1212,The Big -P.01-UP-20-April-26,CON-B03-4TH-1060,"Pouring for Slabs, Beams & Stairs (B03) (4th)",17-May-26,1363059.24,0.0,0.0,0.0,0,0.0,0,0.0,,,,,,,
evm,01-data/import_templates/activity_master.csv,1264,The Big -P.01-UP-20-April-26,CON-B04-8TH-1000,"Scaffolding works for Walls, Col. & Cores (B04) (8th)",17-May-26,0.0,0.0,0.0,0.0,0,0.0,0,0.0,,,,,,,
evm,01-data/import_templates/activity_master.csv,1205,The Big -P.01-UP-20-April-26,CON-B02-4TH-1080,Dismantling Formwork (B02) (4th),17-May-26,0.0,0.0,0.0,0.0,0,0.0,0,0.0,,,,,,,
evm,01-data/import_templates/activity_master.csv,1211,The Big -P.01-UP-20-April-26,CON-B02-RF-1000,"Scaffolding works for Walls, Col. & Cores (B02) (RF)",17-May-26,0.0,0.0,0.0,0.0,0,0.0,0,0.0,,,,,,,
evm,01-data/import_templates/activity_master.csv,1268,The Big -P.01-UP-20-April-26,CON-B04-8TH-1010,"RFT for Walls, Col. & Cores (B04) (8th)",17-May-26,463096.43,0.0,0.0,0.0,0,0.0,0,0.0,,,,,,,
evm,01-data/import_templates/activity_master.csv,1218,The Big -P.01-UP-20-April-26,CON-B02-RF-1010,"RFT for Walls, Col. & Cores (B02) (RF)",17-May-26,98462.88,0.0,0.0,0.0,0,0.0,0,0.0,,,,,,,
evm,01-data/import_templates/activity_master.csv,1219,The Big -P.01-UP-20-April-26,CON-B03-4TH-1070,"Curing for Slabs, Beams & Stairs (B03) (4th)",17-May-26,0.0,0.0,0.0,0.0,0,0.0,0,0.0,,,,,,,
evm,01-data/import_templates/activity_master.csv,1221,The Big -P.01-UP-20-April-26,AB-SUB-B03-4TH-1010,Submittal for Slabs Conc. Dim.  & RFT DWGs As-Built Drawing (B03) (4th),17-May-26,0.0,0.0,0.0,0.0,0,0.0,0,0.0,,,,,,,
evm,01-data/import_templates/activity_master.csv,1222,The Big -P.01-UP-20-April-26,AB-SUB-B03-4TH-1020,Submittal for Beams Conc. Dim.  & RFT DWGs As-Built Drawing (B03) (4th),17-May-26,0.0,0.0,0.0,0.0,0,0.0,0,0.0,,,,,,,
evm,01-data/import_templates/activity_master.csv,1223,The Big -P.01-UP-20-April-26,AB-SUB-B03-4TH-1030,Submittal for Stairs Conc. Dim.  & RFT DWGs As-Built Drawing (B03) (4th),17-May-26,0.0,0.0,0.0,0.0,0,0.0,0,0.0,,,,,,,
evm,01-data/import_templates/activity_master.csv,1214,The Big -P.01-UP-20-April-26,AB-APP-B02-4TH-1010,Approval for Slabs Conc. Dim.  & RFT DWGs As-Built Drawing (B02) (4th),17-May-26,0.0,0.0,0.0,0.0,0,0.0,0,0.0,,,,,,,
evm,01-data/import_templates/activity_master.csv,1215,The Big -P.01-UP-20-April-26,AB-APP-B02-4TH-1020,Approval for Beams Conc. Dim.  & RFT DWGs As-Built Drawing (B02) (4th),17-May-26,0.0,0.0,0.0,0.0,0,0.0,0,0.0,,,,,,,
evm,01-data/import_templates/activity_master.csv,1216,The Big -P.01-UP-20-April-26,AB-APP-B02-4TH-1030,Approval for Stairs Conc. Dim.  & RFT DWGs As-Built Drawing (B02) (4th),17-May-26,0.0,0.0,0.0,0.0,0,0.0,0,0.0,,,,,,,
evm,01-data/import_templates/activity_master.csv,1272,The Big -P.01-UP-20-April-26,CON-B04-8TH-1020,"Shuttering for Walls, Col. & Cores (B04) (8th)",17-May-26,253264.03,0.0,0.0,0.0,0,0.0,0,0.0,,,,,,,
evm,01-data/import_templates/activity_master.csv,1298,The Big -P.01-UP-20-April-26,CON-B01-7TH-1080,Dismantling Formwork (B01) (7th),17-May-26,0.0,0.0,0.0,0.0,0,0.0,0,0.0,,,,,,,
evm,01-data/import_templates/activity_master.csv,1297,The Big -P.01-UP-20-April-26,CON-B01-8TH-1030,"Pouring for Walls, Col. & Cores (B01) (8th)",17-May-26,378165.01,0.0,0.0,0.0,0,0.0,0,0.0,,,,,,,
evm,01-data/import_templates/activity_master.csv,1226,The Big -P.01-UP-20-April-26,CON-B02-RF-1020,"Shuttering for Walls, Col. & Cores (B02) (RF)",17-May-26,14384.92,0.0,0.0,0.0,0,0.0,0,0.0,,,,,,,
evm,01-data/import_templates/activity_master.csv,1299,The Big -P.01-UP-20-April-26,CON-B01-8TH-1040,"Shuttering for Slabs, Beams & Stairs (B01) (8th)",17-May-26,805974.8,0.0,0.0,0.0,0,0.0,0,0.0,,,,,,,
evm,01-data/import_templates/activity_master.csv,1300,The Big -P.01-UP-20-April-26,AB-SUB-B01-8TH-1000,Submittal for Col. & Walls Conc. Dim.  & RFT DWGs As-Built Drawing (B01) (8th),17-May-26,0.0,0.0,0.0,0.0,0,0.0,0,0.0,,,,,,,
evm,01-data/import_templates/activity_master.csv,1301,The Big -P.01-UP-20-April-26,AB-APP-B01-7TH-1010,Approval for Slabs Conc. Dim.  & RFT DWGs As-Built Drawing (B01) (7th),17-May-26,0.0,0.0,0.0,0.0,0,0.0,0,0.0,,,,,,,
evm,01-data/import_templates/activity_master.csv,1302,The Big -P.01-UP-20-April-26,AB-APP-B01-7TH-1020,Approval for Beams Conc. Dim.  & RFT DWGs As-Built Drawing (B01) (7th),17-May-26,0.0,0.0,0.0,0.0,0,0.0,0,0.0,,,,,,,
evm,01-data/import_templates/activity_master.csv,1303,The Big -P.01-UP-20-April-26,AB-APP-B01-7TH-1030,Approval for Stairs Conc. Dim.  & RFT DWGs As-Built Drawing (B01) (7th),17-May-26,0.0,0.0,0.0,0.0,0,0.0,0,0.0,,,,,,,
evm,01-data/import_templates/activity_master.csv,1281,The Big -P.01-UP-20-April-26,CON-B04-7TH-1080,Dismantling Formwork (B04) (7th),17-May-26,0.0,0.0,0.0,0.0,0,0.0,0,0.0,,,,,,,
evm,01-data/import_templates/activity_master.csv,1306,The Big -P.01-UP-20-April-26,CON-B01-8TH-1050,"RFT for Slabs, Beams & Stairs (B01) (8th)",17-May-26,1181141.71,0.0,0.0,0.0,0,0.0,0,0.0,,,,,,,
evm,01-data/import_templates/activity_master.csv,1230,The Big -P.01-UP-20-April-26,CON-B02-RF-1030,"Pouring for Walls, Col. & Cores (B02) (RF)",17-May-26,21577.38,0.0,0.0,0.0,0,0.0,0,0.0,,,,,,,
evm,01-data/import_templates/activity_master.csv,1287,The Big -P.01-UP-20-April-26,CON-B04-8TH-1030,"Pouring for Walls, Col. & Cores (B04) (8th)",17-May-26,379896.04,0.0,0.0,0.0,0,0.0,0,0.0,,,,,,,
evm,01-data/import_templates/activity_master.csv,1290,The Big -P.01-UP-20-April-26,AB-APP-B04-7TH-1010,Approval for Slabs Conc. Dim.  & RFT DWGs As-Built Drawing (B04) (7th),17-May-26,0.0,0.0,0.0,0.0,0,0.0,0,0.0,,,,,,,
evm,01-data/import_templates/activity_master.csv,1291,The Big -P.01-UP-20-April-26,AB-APP-B04-7TH-1020,Approval for Beams Conc. Dim.  & RFT DWGs As-Built Drawing (B04) (7th),17-May-26,0.0,0.0,0.0,0.0,0,0.0,0,0.0,,,,,,,
evm,01-data/import_templates/activity_master.csv,1292,The Big -P.01-UP-20-April-26,AB-APP-B04-7TH-1030,Approval for Stairs Conc. Dim.  & RFT DWGs As-Built Drawing (B04) (7th),17-May-26,0.0,0.0,0.0,0.0,0,0.0,0,0.0,,,,,,,
evm,01-data/import_templates/activity_master.csv,1234,The Big -P.01-UP-20-April-26,CON-B02-RF-1040,"Shuttering for Slabs, Beams  (B02) (RF)",17-May-26,102501.45,0.0,0.0,0.0,0,0.0,0,0.0,,,,,,,
evm,01-data/import_templates/activity_master.csv,1293,The Big -P.01-UP-20-April-26,CON-B04-8TH-1040,"Shuttering for Slabs, Beams & Stairs (B04) (8th)",17-May-26,684392.83,0.0,0.0,0.0,0,0.0,0,0.0,,,,,,,
evm,01-data/import_templates/activity_master.csv,1294,The Big -P.01-UP-20-April-26,AB-SUB-B04-8TH-1000,Submittal for Col. & Walls Conc. Dim.  & RFT DWGs As-Built Drawing (B04) (8th),17-May-26,0.0,0.0,0.0,0.0,0,0.0,0,0.0,,,,,,,
evm,01-data/import_templates/activity_master.csv,1235,The Big -P.01-UP-20-April-26,AB-SUB-B02-RF-1000,Submittal for Col. & Walls Conc. Dim.  & RFT DWGs As-Built Drawing (B02) (RF),17-May-26,0.0,0.0,0.0,0.0,0,0.0,0,0.0,,,,,,,
evm,01-data/import_templates/activity_master.csv,1244,The Big -P.01-UP-20-April-26,CON-B03-4TH-1080,Dismantling Formwork (B03) (4th),17-May-26,0.0,0.0,0.0,0.0,0,0.0,0,0.0,,,,,,,
evm,01-data/import_templates/activity_master.csv,1296,The Big -P.01-UP-20-April-26,CON-B04-8TH-1050,"RFT for Slabs, Beams & Stairs (B04) (8th)",17-May-26,1004314.01,0.0,0.0,0.0,0,0.0,0,0.0,,,,,,,
evm,01-data/import_templates/activity_master.csv,1246,The Big -P.01-UP-20-April-26,CON-B03-RF-1000,"Scaffolding works for Walls, Col. & Cores (B03) (RF)",17-May-26,0.0,0.0,0.0,0.0,0,0.0,0,0.0,,,,,,,
evm,01-data/import_templates/activity_master.csv,1245,The Big -P.01-UP-20-April-26,CON-B02-RF-1050,"RFT for Slabs, Beams  (B02) (RF)",17-May-26,135611.77,0.0,0.0,0.0,0,0.0,0,0.0,,,,,,,
evm,01-data/import_templates/activity_master.csv,1247,The Big -P.01-UP-20-April-26,AB-APP-B03-4TH-1010,Approval for Slabs Conc. Dim.  & RFT DWGs As-Built Drawing  (B03) (4th),17-May-26,0.0,0.0,0.0,0.0,0,0.0,0,0.0,,,,,,,
evm,01-data/import_templates/activity_master.csv,1248,The Big -P.01-UP-20-April-26,AB-APP-B03-4TH-1020,Approval for Beams Conc. Dim.  & RFT DWGs As-Built Drawing  (B03) (4th),17-May-26,0.0,0.0,0.0,0.0,0,0.0,0,0.0,,,,,,,
evm,01-data/import_templates/activity_master.csv,1249,The Big -P.01-UP-20-April-26,AB-APP-B03-4TH-1030,Approval for Stairs Conc. Dim.  & RFT DWGs As-Built Drawing  (B03) (4th),17-May-26,0.0,0.0,0.0,0.0,0,0.0,0,0.0,,,,,,,
evm,01-data/import_templates/activity_master.csv,1251,The Big -P.01-UP-20-April-26,CON-B03-RF-1010,"RFT for Walls, Col. & Cores (B03) (RF)",17-May-26,131645.36,0.0,0.0,0.0,0,0.0,0,0.0,,,,,,,
evm,01-data/import_templates/activity_master.csv,1319,The Big -P.01-UP-20-April-26,CON-B01-8TH-1060,"Pouring for Slabs, Beams & Stairs (B01) (8th)",17-May-26,1208962.2,0.0,0.0,0.0,0,0.0,0,0.0,,,,,,,
evm,01-data/import_templates/activity_master.csv,1253,The Big -P.01-UP-20-April-26,CON-B03-RF-1020,"Shuttering for Walls, Col. & Cores (B03) (RF)",17-May-26,70928.13,0.0,0.0,0.0,0,0.0,0,0.0,,,,,,,
evm,01-data/import_templates/activity_master.csv,1322,The Big -P.01-UP-20-April-26,CON-B01-8TH-1070,"Curing for Slabs, Beams & Stairs (B01) (8th)",17-May-26,0.0,0.0,0.0,0.0,0,0.0,0,0.0,,,,,,,
evm,01-data/import_templates/activity_master.csv,1252,The Big -P.01-UP-20-April-26,CON-B02-RF-1060,"Pouring for Slabs, Beams  (B02) (RF)",17-May-26,68330.0,0.0,0.0,0.0,0,0.0,0,0.0,,,,,,,
evm,01-data/import_templates/activity_master.csv,1307,The Big -P.01-UP-20-April-26,CON-B04-8TH-1060,"Pouring for Slabs, Beams & Stairs (B04) (8th)",17-May-26,1026589.25,0.0,0.0,0.0,0,0.0,0,0.0,,,,,,,
evm,01-data/import_templates/activity_master.csv,1323,The Big -P.01-UP-20-April-26,AB-SUB-B01-8TH-1010,Submittal for Slabs Conc. Dim.  & RFT DWGs As-Built Drawing (B01) (8th),17-May-26,0.0,0.0,0.0,0.0,0,0.0,0,0.0,,,,,,,
evm,01-data/import_templates/activity_master.csv,1324,The Big -P.01-UP-20-April-26,AB-SUB-B01-8TH-1020,Submittal for Beams Conc. Dim.  & RFT DWGs As-Built Drawing (B01) (8th),17-May-26,0.0,0.0,0.0,0.0,0,0.0,0,0.0,,,,,,,
evm,01-data/import_templates/activity_master.csv,1325,The Big -P.01-UP-20-April-26,AB-SUB-B01-8TH-1030,Submittal for Stairs Conc. Dim.  & RFT DWGs As-Built Drawing (B01) (8th),17-May-26,0.0,0.0,0.0,0.0,0,0.0,0,0.0,,,,,,,
evm,01-data/import_templates/activity_master.csv,1326,The Big -P.01-UP-20-April-26,AB-APP-B01-8TH-1000,Approval for Col. & Walls Conc. Dim.  & RFT DWGs As-Built Drawing (B01) (8th),17-May-26,0.0,0.0,0.0,0.0,0,0.0,0,0.0,,,,,,,
evm,01-data/import_templates/activity_master.csv,1308,The Big -P.01-UP-20-April-26,CON-B04-8TH-1070,"Curing for Slabs, Beams & Stairs (B04) (8th)",17-May-26,0.0,0.0,0.0,0.0,0,0.0,0,0.0,,,,,,,
evm,01-data/import_templates/activity_master.csv,1257,The Big -P.01-UP-20-April-26,CON-B03-RF-1030,"Pouring for Walls, Col. & Cores (B03) (RF)",17-May-26,106392.2,0.0,0.0,0.0,0,0.0,0,0.0,,,,,,,
evm,01-data/import_templates/activity_master.csv,1309,The Big -P.01-UP-20-April-26,AB-SUB-B04-8TH-1010,Submittal for Slabs Conc. Dim.  & RFT DWGs As-Built Drawing (B04) (8th),17-May-26,0.0,0.0,0.0,0.0,0,0.0,0,0.0,,,,,,,
evm,01-data/import_templates/activity_master.csv,1310,The Big -P.01-UP-20-April-26,AB-SUB-B04-8TH-1020,Submittal for Beams Conc. Dim.  & RFT DWGs As-Built Drawing (B04) (8th),17-May-26,0.0,0.0,0.0,0.0,0,0.0,0,0.0,,,,,,,
evm,01-data/import_templates/activity_master.csv,1311,The Big -P.01-UP-20-April-26,AB-SUB-B04-8TH-1030,Submittal for Stairs Conc. Dim.  & RFT DWGs As-Built Drawing (B04) (8th),17-May-26,0.0,0.0,0.0,0.0,0,0.0,0,0.0,,,,,,,
evm,01-data/import_templates/activity_master.csv,1329,The Big -P.01-UP-20-April-26,CON-B01-9TH-1000,"Scaffolding works for Walls, Col. & Cores (B01) (RF)",17-May-26,0.0,0.0,0.0,0.0,0,0.0,0,0.0,,,,,,,
evm,01-data/import_templates/activity_master.csv,1255,The Big -P.01-UP-20-April-26,CON-B02-RF-1070,"Curing for Slabs, Beams  (B02) (RF)",17-May-26,0.0,0.0,0.0,0.0,0,0.0,0,0.0,,,,,,,
evm,01-data/import_templates/activity_master.csv,1261,The Big -P.01-UP-20-April-26,AB-SUB-B02-RF-1010,Submittal for Slabs Conc. Dim.  & RFT DWGs As-Built Drawing (B02) (RF),17-May-26,0.0,0.0,0.0,0.0,0,0.0,0,0.0,,,,,,,
evm,01-data/import_templates/activity_master.csv,1262,The Big -P.01-UP-20-April-26,AB-SUB-B02-RF-1020,Submittal for Beams Conc. Dim.  & RFT DWGs As-Built Drawing (B02) (RF),17-May-26,0.0,0.0,0.0,0.0,0,0.0,0,0.0,,,,,,,
evm,01-data/import_templates/activity_master.csv,1331,The Big -P.01-UP-20-April-26,CON-B01-9TH-1010,"RFT for Walls, Col. & Cores (B01) (RF)",17-May-26,159193.84,0.0,0.0,0.0,0,0.0,0,0.0,,,,,,,
evm,01-data/import_templates/activity_master.csv,1314,The Big -P.01-UP-20-April-26,CON-B04-RF-1000,"Scaffolding works for Walls, Col. & Cores (B04) (RF)",17-May-26,0.0,0.0,0.0,0.0,0,0.0,0,0.0,,,,,,,
evm,01-data/import_templates/activity_master.csv,1265,The Big -P.01-UP-20-April-26,CON-B03-RF-1040,"Shuttering for Slabs, Beams  (B03) (RF)",17-May-26,105708.2,0.0,0.0,0.0,0,0.0,0,0.0,,,,,,,
evm,01-data/import_templates/activity_master.csv,1266,The Big -P.01-UP-20-April-26,AB-SUB-B03-RF-1000,Submittal for Col. & Walls Conc. Dim.  & RFT DWGs As-Built Drawing (B03) (RF),17-May-26,0.0,0.0,0.0,0.0,0,0.0,0,0.0,,,,,,,
evm,01-data/import_templates/activity_master.csv,1316,The Big -P.01-UP-20-April-26,CON-B04-RF-1010,"RFT for Walls, Col. & Cores (B04) (RF)",17-May-26,160083.42,0.0,0.0,0.0,0,0.0,0,0.0,,,,,,,
evm,01-data/import_templates/activity_master.csv,1267,The Big -P.01-UP-20-April-26,AB-APP-B02-RF-1000,Approval for Col. & Walls Conc. Dim.  & RFT DWGs As-Built Drawing (B02) (RF),17-May-26,0.0,0.0,0.0,0.0,0,0.0,0,0.0,,,,,,,
evm,01-data/import_templates/activity_master.csv,1315,The Big -P.01-UP-20-April-26,AB-APP-B04-8TH-1000,Approval for Col. & Walls Conc. Dim.  & RFT DWGs As-Built Drawing (B04) (8th),17-May-26,0.0,0.0,0.0,0.0,0,0.0,0,0.0,,,,,,,
evm,01-data/import_templates/activity_master.csv,1338,The Big -P.01-UP-20-April-26,CON-B01-9TH-1020,"Shuttering for Walls, Col. & Cores (B01) (RF)",17-May-26,82823.46,0.0,0.0,0.0,0,0.0,0,0.0,,,,,,,
evm,01-data/import_templates/activity_master.csv,1317,The Big -P.01-UP-20-April-26,CON-B04-RF-1020,"Shuttering for Walls, Col. & Cores (B04) (RF)",17-May-26,90857.25,0.0,0.0,0.0,0,0.0,0,0.0,,,,,,,
evm,01-data/import_templates/activity_master.csv,1339,The Big -P.01-UP-20-April-26,CON-B01-9TH-1030,"Pouring for Walls, Col. & Cores (B01) (RF)",17-May-26,124235.19,0.0,0.0,0.0,0,0.0,0,0.0,,,,,,,
evm,01-data/import_templates/activity_master.csv,1318,The Big -P.01-UP-20-April-26,CON-B04-RF-1030,"Pouring for Walls, Col. & Cores (B04) (RF)",17-May-26,136285.88,0.0,0.0,0.0,0,0.0,0,0.0,,,,,,,
evm,01-data/import_templates/activity_master.csv,1271,The Big -P.01-UP-20-April-26,CON-B03-RF-1050,"RFT for Slabs, Beams  (B03) (RF)",17-May-26,143819.76,0.0,0.0,0.0,0,0.0,0,0.0,,,,,,,
evm,01-data/import_templates/activity_master.csv,1340,The Big -P.01-UP-20-April-26,CON-B01-9TH-1040,"Shuttering for Slabs, Beams  (B01) (RF)",17-May-26,79206.41,0.0,0.0,0.0,0,0.0,0,0.0,,,,,,,
evm,01-data/import_templates/activity_master.csv,1320,The Big -P.01-UP-20-April-26,CON-B04-RF-1040,"Shuttering for Slabs, Beams (B04) (RF)",17-May-26,74908.04,0.0,0.0,0.0,0,0.0,0,0.0,,,,,,,
evm,01-data/import_templates/activity_master.csv,1321,The Big -P.01-UP-20-April-26,AB-SUB-B04-RF-1000,Submittal for Col. & Walls Conc. Dim.  & RFT DWGs As-Built Drawing (B04) (RF),17-May-26,0.0,0.0,0.0,0.0,0,0.0,0,0.0,,,,,,,
evm,01-data/import_templates/activity_master.csv,1341,The Big -P.01-UP-20-April-26,AB-SUB-B01-RF-1000,Submittal for Col. & Walls Conc. Dim.  & RFT DWGs As-Built Drawing (B01) (RF),17-May-26,0.0,0.0,0.0,0.0,0,0.0,0,0.0,,,,,,,
evm,01-data/import_templates/activity_master.csv,1342,The Big -P.01-UP-20-April-26,CON-B01-9TH-1050,"RFT for Slabs, Beams  (B01) (RF)",17-May-26,151645.08,0.0,0.0,0.0,0,0.0,0,0.0,,,,,,,
evm,01-data/import_templates/activity_master.csv,1327,The Big -P.01-UP-20-April-26,CON-B04-RF-1050,"RFT for Slabs, Beams  (B04) (RF)",17-May-26,157798.92,0.0,0.0,0.0,0,0.0,0,0.0,,,,,,,
evm,01-data/import_templates/activity_master.csv,1278,The Big -P.01-UP-20-April-26,CON-B03-RF-1060,"Pouring for Slabs, Beams  (B03) (RF)",17-May-26,70472.14,0.0,0.0,0.0,0,0.0,0,0.0,,,,,,,
evm,01-data/import_templates/activity_master.csv,1345,The Big -P.01-UP-20-April-26,CON-B01-8TH-1080,Dismantling Formwork (B01) (8th),17-May-26,0.0,0.0,0.0,0.0,0,0.0,0,0.0,,,,,,,
evm,01-data/import_templates/activity_master.csv,1328,The Big -P.01-UP-20-April-26,CON-B04-8TH-1080,Dismantling Formwork (B04) (8th),17-May-26,0.0,0.0,0.0,0.0,0,0.0,0,0.0,,,,,,,
evm,01-data/import_templates/activity_master.csv,1282,The Big -P.01-UP-20-April-26,CON-B03-RF-1070,"Curing for Slabs, Beams  (B03) (RF)",17-May-26,0.0,0.0,0.0,0.0,0,0.0,0,0.0,,,,,,,
evm,01-data/import_templates/activity_master.csv,1283,The Big -P.01-UP-20-April-26,AB-SUB-B03-RF-1010,Submittal for Slabs Conc. Dim.  & RFT DWGs As-Built Drawing (B03) (RF),17-May-26,0.0,0.0,0.0,0.0,0,0.0,0,0.0,,,,,,,
evm,01-data/import_templates/activity_master.csv,1284,The Big -P.01-UP-20-April-26,AB-SUB-B03-RF-1020,Submittal for Beams Conc. Dim.  & RFT DWGs As-Built Drawing (B03) (RF),17-May-26,0.0,0.0,0.0,0.0,0,0.0,0,0.0,,,,,,,
evm,01-data/import_templates/activity_master.csv,1346,The Big -P.01-UP-20-April-26,CON-B01-9TH-1060,"Pouring for Slabs, Beams  (B01) (RF)",17-May-26,118809.61,0.0,0.0,0.0,0,0.0,0,0.0,,,,,,,
evm,01-data/import_templates/activity_master.csv,1280,The Big -P.01-UP-20-April-26,CON-B02-RF-1080,Dismantling Formwork (B02) (RF),17-May-26,0.0,0.0,0.0,0.0,0,0.0,0,0.0,,,,,,,
evm,01-data/import_templates/activity_master.csv,1330,The Big -P.01-UP-20-April-26,CON-B04-RF-1060,"Pouring for Slabs, Beams  (B04) (RF)",17-May-26,112362.06,0.0,0.0,0.0,0,0.0,0,0.0,,,,,,,
evm,01-data/import_templates/activity_master.csv,1347,The Big -P.01-UP-20-April-26,AB-APP-B01-8TH-1010,Approval for Slabs Conc. Dim.  & RFT DWGs As-Built Drawing (B01) (8th),17-May-26,0.0,0.0,0.0,0.0,0,0.0,0,0.0,,,,,,,
evm,01-data/import_templates/activity_master.csv,1348,The Big -P.01-UP-20-April-26,AB-APP-B01-8TH-1020,Approval for Beams Conc. Dim.  & RFT DWGs As-Built Drawing (B01) (8th),17-May-26,0.0,0.0,0.0,0.0,0,0.0,0,0.0,,,,,,,
evm,01-data/import_templates/activity_master.csv,1349,The Big -P.01-UP-20-April-26,AB-APP-B01-8TH-1030,Approval for Stairs Conc. Dim.  & RFT DWGs As-Built Drawing (B01) (8th),17-May-26,0.0,0.0,0.0,0.0,0,0.0,0,0.0,,,,,,,
evm,01-data/import_templates/activity_master.csv,1350,The Big -P.01-UP-20-April-26,CON-B01-9TH-1070,"Curing for Slabs, Beams  (B01) (RF)",17-May-26,0.0,0.0,0.0,0.0,0,0.0,0,0.0,,,,,,,
evm,01-data/import_templates/activity_master.csv,1332,The Big -P.01-UP-20-April-26,CON-B04-RF-1070,"Curing for Slabs, Beams  (B04) (RF)",17-May-26,0.0,0.0,0.0,0.0,0,0.0,0,0.0,,,,,,,
evm,01-data/import_templates/activity_master.csv,1333,The Big -P.01-UP-20-April-26,AB-SUB-B04-RF-1010,Submittal for Slabs Conc. Dim.  & RFT DWGs As-Built Drawing (B04) (RF),17-May-26,0.0,0.0,0.0,0.0,0,0.0,0,0.0,,,,,,,
evm,01-data/import_templates/activity_master.csv,1334,The Big -P.01-UP-20-April-26,AB-SUB-B04-RF-1020,Submittal for Beams Conc. Dim.  & RFT DWGs As-Built Drawing (B04) (RF),17-May-26,0.0,0.0,0.0,0.0,0,0.0,0,0.0,,,,,,,
evm,01-data/import_templates/activity_master.csv,1351,The Big -P.01-UP-20-April-26,AB-SUB-B01-RF-1010,Submittal for Slabs Conc. Dim.  & RFT DWGs As-Built Drawing (B01) (RF),17-May-26,0.0,0.0,0.0,0.0,0,0.0,0,0.0,,,,,,,
evm,01-data/import_templates/activity_master.csv,1352,The Big -P.01-UP-20-April-26,AB-SUB-B01-RF-1020,Submittal for Beams Conc. Dim.  & RFT DWGs As-Built Drawing (B01) (RF),17-May-26,0.0,0.0,0.0,0.0,0,0.0,0,0.0,,,,,,,
evm,01-data/import_templates/activity_master.csv,1335,The Big -P.01-UP-20-April-26,AB-APP-B04-8TH-1010,Approval for Slabs Conc. Dim.  & RFT DWGs As-Built Drawing (B04) (8th),17-May-26,0.0,0.0,0.0,0.0,0,0.0,0,0.0,,,,,,,
evm,01-data/import_templates/activity_master.csv,1336,The Big -P.01-UP-20-April-26,AB-APP-B04-8TH-1020,Approval for Beams Conc. Dim.  & RFT DWGs As-Built Drawing (B04) (8th),17-May-26,0.0,0.0,0.0,0.0,0,0.0,0,0.0,,,,,,,
evm,01-data/import_templates/activity_master.csv,1337,The Big -P.01-UP-20-April-26,AB-APP-B04-8TH-1030,Approval for Stairs Conc. Dim.  & RFT DWGs As-Built Drawing (B04) (8th),17-May-26,0.0,0.0,0.0,0.0,0,0.0,0,0.0,,,,,,,
evm,01-data/import_templates/activity_master.csv,1286,The Big -P.01-UP-20-April-26,HO-1020,Snag list for B02,17-May-26,0.0,0.0,0.0,0.0,0,0.0,0,0.0,,,,,,,
evm,01-data/import_templates/activity_master.csv,1288,The Big -P.01-UP-20-April-26,AB-APP-B02-RF-1010,Approval for Slabs Conc. Dim.  & RFT DWGs As-Built Drawing (B02) (RF),17-May-26,0.0,0.0,0.0,0.0,0,0.0,0,0.0,,,,,,,
evm,01-data/import_templates/activity_master.csv,1289,The Big -P.01-UP-20-April-26,AB-APP-B02-RF-1020,Approval for Beams Conc. Dim.  & RFT DWGs As-Built Drawing (B02) (RF),17-May-26,0.0,0.0,0.0,0.0,0,0.0,0,0.0,,,,,,,
evm,01-data/import_templates/activity_master.csv,1295,The Big -P.01-UP-20-April-26,AB-APP-B03-RF-1000,Approval for Col. & Walls Conc. Dim.  & RFT DWGs As-Built Drawing  (B03) (RF),17-May-26,0.0,0.0,0.0,0.0,0,0.0,0,0.0,,,,,,,
evm,01-data/import_templates/activity_master.csv,1356,The Big -P.01-UP-20-April-26,CON-B01-9TH-1080,Dismantling Formwork (B01) (RF),17-May-26,0.0,0.0,0.0,0.0,0,0.0,0,0.0,,,,,,,
evm,01-data/import_templates/activity_master.csv,1343,The Big -P.01-UP-20-April-26,CON-B04-RF-1080,Dismantling Formwork (B04) (RF),17-May-26,0.0,0.0,0.0,0.0,0,0.0,0,0.0,,,,,,,
evm,01-data/import_templates/activity_master.csv,1304,The Big -P.01-UP-20-April-26,CON-B03-RF-1080,Dismantling Formwork (B03) (RF),17-May-26,0.0,0.0,0.0,0.0,0,0.0,0,0.0,,,,,,,
evm,01-data/import_templates/activity_master.csv,1305,The Big -P.01-UP-20-April-26,HO-1030,Snag list for B03,17-May-26,0.0,0.0,0.0,0.0,0,0.0,0,0.0,,,,,,,
evm,01-data/import_templates/activity_master.csv,1355,The Big -P.01-UP-20-April-26,AB-APP-B01-RF-1000,Approval for Col. & Walls Conc. Dim.  & RFT DWGs As-Built Drawing (B01) (RF),17-May-26,0.0,0.0,0.0,0.0,0,0.0,0,0.0,,,,,,,
evm,01-data/import_templates/activity_master.csv,1344,The Big -P.01-UP-20-April-26,AB-APP-B04-RF-1000,Approval for Col. & Walls Conc. Dim.  & RFT DWGs As-Built Drawing (B04) (RF),17-May-26,0.0,0.0,0.0,0.0,0,0.0,0,0.0,,,,,,,
evm,01-data/import_templates/activity_master.csv,1312,The Big -P.01-UP-20-April-26,AB-APP-B03-RF-1010,Approval for Slabs Conc. Dim.  & RFT DWGs As-Built Drawing  (B03) (RF),17-May-26,0.0,0.0,0.0,0.0,0,0.0,0,0.0,,,,,,,
evm,01-data/import_templates/activity_master.csv,1313,The Big -P.01-UP-20-April-26,AB-APP-B03-RF-1020,Approval for Beams Conc. Dim.  & RFT DWGs As-Built Drawing  (B03) (RF),17-May-26,0.0,0.0,0.0,0.0,0,0.0,0,0.0,,,,,,,
evm,01-data/import_templates/activity_master.csv,1358,The Big -P.01-UP-20-April-26,AB-APP-B01-RF-1010,Approval for Slabs Conc. Dim.  & RFT DWGs As-Built Drawing (B01) (RF),17-May-26,0.0,0.0,0.0,0.0,0,0.0,0,0.0,,,,,,,
evm,01-data/import_templates/activity_master.csv,1359,The Big -P.01-UP-20-April-26,AB-APP-B01-RF-1020,Approval for Beams Conc. Dim.  & RFT DWGs As-Built Drawing (B01) (RF),17-May-26,0.0,0.0,0.0,0.0,0,0.0,0,0.0,,,,,,,
evm,01-data/import_templates/activity_master.csv,1353,The Big -P.01-UP-20-April-26,AB-APP-B04-RF-1010,Approval for Slabs Conc. Dim.  & RFT DWGs As-Built Drawing (B04) (RF),17-May-26,0.0,0.0,0.0,0.0,0,0.0,0,0.0,,,,,,,
evm,01-data/import_templates/activity_master.csv,1354,The Big -P.01-UP-20-April-26,AB-APP-B04-RF-1020,Approval for  Beams Conc. Dim.  & RFT DWGs As-Built Drawing (B04) (RF),17-May-26,0.0,0.0,0.0,0.0,0,0.0,0,0.0,,,,,,,
evm,01-data/import_templates/activity_master.csv,1360,The Big -P.01-UP-20-April-26,HO-1010,Snag list for B01,17-May-26,0.0,0.0,0.0,0.0,0,0.0,0,0.0,,,,,,,
evm,01-data/import_templates/activity_master.csv,1357,The Big -P.01-UP-20-April-26,HO-1040,Snag list for B04,17-May-26,0.0,0.0,0.0,0.0,0,0.0,0,0.0,,,,,,,
evm,01-data/import_templates/activity_master.csv,1361,The Big -P.01-UP-20-April-26,HO-1050,Snag list for As-Built,17-May-26,0.0,0.0,0.0,0.0,0,0.0,0,0.0,,,,,,,
evm,01-data/import_templates/activity_master.csv,1362,The Big -P.01-UP-20-April-26,HO-1000,Demobilization,17-May-26,0.0,0.0,0.0,0.0,0,0.0,0,0.0,,,,,,,
evm,01-data/import_templates/activity_master.csv,1363,The Big -P.01-UP-20-April-26,KD-MS-1050,Project Finish Date,17-May-26,0.0,0.0,0.0,0.0,0,0.0,0,0.0,,,,,,,
progress_updates,01-data/import_templates/activity_master.csv,1,The Big -P.01-UP-20-April-26,KD-MS-1000,,,,,,,,,,,10-May-26,100.00%,100.00%,$0.00,$0.00,$0.00,
progress_updates,01-data/import_templates/activity_master.csv,2,The Big -P.01-UP-20-April-26,KD-MS-1010,,,,,,,,,,,10-May-26,100.00%,100.00%,$0.00,$0.00,$0.00,
progress_updates,01-data/import_templates/activity_master.csv,3,The Big -P.01-UP-20-April-26,KD-MS-1020,,,,,,,,,,,10-May-26,100.00%,100.00%,$0.00,$0.00,$0.00,
progress_updates,01-data/import_templates/activity_master.csv,8,The Big -P.01-UP-20-April-26,KD-MOB-1000,,,,,,,,,,,10-May-26,100.00%,100.00%,$0.00,$0.00,$0.00,
progress_updates,01-data/import_templates/activity_master.csv,9,The Big -P.01-UP-20-April-26,KD-MOB-1010,,,,,,,,,,,10-May-26,100.00%,100.00%,$0.00,$0.00,$0.00,
progress_updates,01-data/import_templates/activity_master.csv,10,The Big -P.01-UP-20-April-26,KD-MOB-1020,,,,,,,,,,,10-May-26,100.00%,100.00%,$0.00,$0.00,$0.00,
progress_updates,01-data/import_templates/activity_master.csv,4,The Big -P.01-UP-20-April-26,P-MS-1000,,,,,,,,,,,10-May-26,100.00%,100.00%,$0.00,$0.00,$0.00,
progress_updates,01-data/import_templates/activity_master.csv,5,The Big -P.01-UP-20-April-26,E-DR-1000,,,,,,,,,,,10-May-26,100.00%,100.00%,$0.00,$0.00,$0.00,
progress_updates,01-data/import_templates/activity_master.csv,6,The Big -P.01-UP-20-April-26,E-SUB-B01-REP-1000,,,,,,,,,,,10-May-26,100.00%,100.00%,$0.00,$0.00,$0.00,
progress_updates,01-data/import_templates/activity_master.csv,7,The Big -P.01-UP-20-April-26,E-SUB-B02-REP-1000,,,,,,,,,,,10-May-26,100.00%,100.00%,$0.00,$0.00,$0.00,
progress_updates,01-data/import_templates/activity_master.csv,98,The Big -P.01-UP-20-April-26,E-SUB-B04-WT-1000,,,,,,,,,,,10-May-26,100.00%,100.00%,$0.00,$0.00,$0.00,
progress_updates,01-data/import_templates/activity_master.csv,11,The Big -P.01-UP-20-April-26,P-MS-1020,,,,,,,,,,,10-May-26,100.00%,100.00%,$0.00,$0.00,$0.00,
progress_updates,01-data/import_templates/activity_master.csv,12,The Big -P.01-UP-20-April-26,P-MS-1010,,,,,,,,,,,10-May-26,100.00%,100.00%,$0.00,$0.00,$0.00,
progress_updates,01-data/import_templates/activity_master.csv,101,The Big -P.01-UP-20-April-26,E-SUB-B04-WT-1010,,,,,,,,,,,10-May-26,100.00%,100.00%,$0.00,$0.00,$0.00,
progress_updates,01-data/import_templates/activity_master.csv,104,The Big -P.01-UP-20-April-26,E-SUB-B04-WT-1020,,,,,,,,,,,10-May-26,100.00%,100.00%,$0.00,$0.00,$0.00,
progress_updates,01-data/import_templates/activity_master.csv,14,The Big -P.01-UP-20-April-26,P-MS-1030,,,,,,,,,,,10-May-26,100.00%,100.00%,$0.00,$0.00,$0.00,
progress_updates,01-data/import_templates/activity_master.csv,15,The Big -P.01-UP-20-April-26,E-SUB-B04-FOOT-1000,,,,,,,,,,,10-May-26,100.00%,100.00%,$0.00,$0.00,$0.00,
progress_updates,01-data/import_templates/activity_master.csv,107,The Big -P.01-UP-20-April-26,E-SUB-B04-WT-1030,,,,,,,,,,,10-May-26,100.00%,100.00%,$0.00,$0.00,$0.00,
progress_updates,01-data/import_templates/activity_master.csv,19,The Big -P.01-UP-20-April-26,P-MS-1040,,,,,,,,,,,10-May-26,100.00%,100.00%,$0.00,$0.00,$0.00,
progress_updates,01-data/import_templates/activity_master.csv,20,The Big -P.01-UP-20-April-26,P-MS-1050,,,,,,,,,,,10-May-26,100.00%,100.00%,$0.00,$0.00,$0.00,
progress_updates,01-data/import_templates/activity_master.csv,18,The Big -P.01-UP-20-April-26,P-MS-1060,,,,,,,,,,,10-May-26,100.00%,100.00%,$0.00,$0.00,$0.00,
progress_updates,01-data/import_templates/activity_master.csv,21,The Big -P.01-UP-20-April-26,E-APP-B02-REP-1000,,,,,,,,,,,10-May-26,100.00%,100.00%,$0.00,$0.00,$0.00,
progress_updates,01-data/import_templates/activity_master.csv,109,The Big -P.01-UP-20-April-26,E-SUB-B04-WT-1040,,,,,,,,,,,10-May-26,100.00%,100.00%,$0.00,$0.00,$0.00,
progress_updates,01-data/import_templates/activity_master.csv,23,The Big -P.01-UP-20-April-26,E-SUB-B03-REP-1000,,,,,,,,,,,10-May-26,100.00%,100.00%,$0.00,$0.00,$0.00,
progress_updates,01-data/import_templates/activity_master.csv,13,The Big -P.01-UP-20-April-26,E-SUB-B01-FOOT-1000,,,,,,,,,,,10-May-26,100.00%,100.00%,$0.00,$0.00,$0.00,
progress_updates,01-data/import_templates/activity_master.csv,26,The Big -P.01-UP-20-April-26,P-MA-1000,,,,,,,,,,,10-May-26,100.00%,100.00%,$0.00,$0.00,$0.00,
progress_updates,01-data/import_templates/activity_master.csv,27,The Big -P.01-UP-20-April-26,E-APP-B01-REP-1000,,,,,,,,,,,10-May-26,100.00%,100.00%,$0.00,$0.00,$0.00,
progress_updates,01-data/import_templates/activity_master.csv,33,The Big -P.01-UP-20-April-26,E-APP-B04-WT-1000,,,,,,,,,,,10-May-26,100.00%,100.00%,$0.00,$0.00,$0.00,
progress_updates,01-data/import_templates/activity_master.csv,29,The Big -P.01-UP-20-April-26,E-SUB-B01-FOOT-1010,,,,,,,,,,,10-May-26,100.00%,100.00%,$0.00,$0.00,$0.00,
progress_updates,01-data/import_templates/activity_master.csv,30,The Big -P.01-UP-20-April-26,P-MA-1010,,,,,,,,,,,10-May-26,100.00%,100.00%,$0.00,$0.00,$0.00,
progress_updates,01-data/import_templates/activity_master.csv,31,The Big -P.01-UP-20-April-26,P-MA-1020,,,,,,,,,,,10-May-26,100.00%,100.00%,$0.00,$0.00,$0.00,
progress_updates,01-data/import_templates/activity_master.csv,34,The Big -P.01-UP-20-April-26,E-SUB-B02-FOOT-1000,,,,,,,,,,,10-May-26,100.00%,100.00%,$0.00,$0.00,$0.00,
progress_updates,01-data/import_templates/activity_master.csv,35,The Big -P.01-UP-20-April-26,E-APP-B03-REP-1000,,,,,,,,,,,10-May-26,100.00%,100.00%,$0.00,$0.00,$0.00,
progress_updates,01-data/import_templates/activity_master.csv,36,The Big -P.01-UP-20-April-26,E-SUB-B04-FOOT-1010,,,,,,,,,,,10-May-26,100.00%,100.00%,$0.00,$0.00,$0.00,
progress_updates,01-data/import_templates/activity_master.csv,113,The Big -P.01-UP-20-April-26,E-APP-B04-WT-1010,,,,,,,,,,,10-May-26,100.00%,100.00%,$0.00,$0.00,$0.00,
progress_updates,01-data/import_templates/activity_master.csv,37,The Big -P.01-UP-20-April-26,E-SUB-B02-FOOT-1030,,,,,,,,,,,10-May-26,100.00%,100.00%,$0.00,$0.00,$0.00,
progress_updates,01-data/import_templates/activity_master.csv,25,The Big -P.01-UP-20-April-26,E-SUB-B01-FOOT-1030,,,,,,,,,,,10-May-26,100.00%,100.00%,$0.00,$0.00,$0.00,
progress_updates,01-data/import_templates/activity_master.csv,41,The Big -P.01-UP-20-April-26,E-SUB-B02-FOOT-1010,,,,,,,,,,,10-May-26,100.00%,100.00%,$0.00,$0.00,$0.00,
progress_updates,01-data/import_templates/activity_master.csv,42,The Big -P.01-UP-20-April-26,E-SUB-B03-FOOT-1010,,,,,,,,,,,10-May-26,100.00%,100.00%,$0.00,$0.00,$0.00,
progress_updates,01-data/import_templates/activity_master.csv,44,The Big -P.01-UP-20-April-26,E-SUB-B04-FOOT-1020,,,,,,,,,,,10-May-26,100.00%,100.00%,$0.00,$0.00,$0.00,
progress_updates,01-data/import_templates/activity_master.csv,117,The Big -P.01-UP-20-April-26,E-APP-B04-WT-1020,,,,,,,,,,,10-May-26,100.00%,100.00%,$0.00,$0.00,$0.00,
progress_updates,01-data/import_templates/activity_master.csv,45,The Big -P.01-UP-20-April-26,E-SUB-B03-FOOT-1000,,,,,,,,,,,10-May-26,100.00%,100.00%,$0.00,$0.00,$0.00,
progress_updates,01-data/import_templates/activity_master.csv,24,The Big -P.01-UP-20-April-26,E-SUB-B01-FOOT-1020,,,,,,,,,,,10-May-26,100.00%,100.00%,$0.00,$0.00,$0.00,
progress_updates,01-data/import_templates/activity_master.csv,46,The Big -P.01-UP-20-April-26,P-MA-1030,,,,,,,,,,,10-May-26,100.00%,100.00%,$0.00,$0.00,$0.00,
progress_updates,01-data/import_templates/activity_master.csv,133,The Big -P.01-UP-20-April-26,E-APP-B04-FOOT-1000,,,,,,,,,,,10-May-26,100.00%,100.00%,$0.00,$0.00,$0.00,
progress_updates,01-data/import_templates/activity_master.csv,48,The Big -P.01-UP-20-April-26,E-SUB-B02-FOOT-1020,,,,,,,,,,,10-May-26,100.00%,100.00%,$0.00,$0.00,$0.00,
progress_updates,01-data/import_templates/activity_master.csv,49,The Big -P.01-UP-20-April-26,E-SUB-B03-FOOT-1020,,,,,,,,,,,10-May-26,100.00%,100.00%,$0.00,$0.00,$0.00,
progress_updates,01-data/import_templates/activity_master.csv,139,The Big -P.01-UP-20-April-26,E-APP-B04-WT-1030,,,,,,,,,,,10-May-26,100.00%,100.00%,$0.00,$0.00,$0.00,
progress_updates,01-data/import_templates/activity_master.csv,53,The Big -P.01-UP-20-April-26,P-MA-1040,,,,,,,,,,,10-May-26,100.00%,100.00%,$0.00,$0.00,$0.00,
progress_updates,01-data/import_templates/activity_master.csv,54,The Big -P.01-UP-20-April-26,P-MA-1050,,,,,,,,,,,10-May-26,100.00%,100.00%,$0.00,$0.00,$0.00,
progress_updates,01-data/import_templates/activity_master.csv,51,The Big -P.01-UP-20-April-26,P-MA-1060,,,,,,,,,,,10-May-26,100.00%,100.00%,$0.00,$0.00,$0.00,
progress_updates,01-data/import_templates/activity_master.csv,56,The Big -P.01-UP-20-April-26,E-SUB-B04-FOOT-1030,,,,,,,,,,,10-May-26,100.00%,100.00%,$0.00,$0.00,$0.00,
progress_updates,01-data/import_templates/activity_master.csv,59,The Big -P.01-UP-20-April-26,E-SUB-B03-FOOT-1030,,,,,,,,,,,10-May-26,100.00%,100.00%,$0.00,$0.00,$0.00,
progress_updates,01-data/import_templates/activity_master.csv,60,The Big -P.01-UP-20-April-26,P-MPOS-1010,,,,,,,,,,,10-May-26,100.00%,100.00%,$0.00,$0.00,$0.00,
progress_updates,01-data/import_templates/activity_master.csv,61,The Big -P.01-UP-20-April-26,P-MPOS-1020,,,,,,,,,,,10-May-26,100.00%,100.00%,$0.00,$0.00,$0.00,
progress_updates,01-data/import_templates/activity_master.csv,22,The Big -P.01-UP-20-April-26,P-MPOS-1000,,,,,,,,,,,10-May-26,100.00%,100.00%,$0.00,$0.00,$0.00,
progress_updates,01-data/import_templates/activity_master.csv,140,The Big -P.01-UP-20-April-26,E-APP-B04-WT-1040,,,,,,,,,,,10-May-26,100.00%,100.00%,$0.00,$0.00,$0.00,
progress_updates,01-data/import_templates/activity_master.csv,55,The Big -P.01-UP-20-April-26,P-MDEL-1020,,,,,,,,,,,10-May-26,100.00%,100.00%,$0.00,$0.00,$0.00,
progress_updates,01-data/import_templates/activity_master.csv,69,The Big -P.01-UP-20-April-26,E-SUB-B04-REP-1000,,,,,,,,,,,10-May-26,100.00%,100.00%,$0.00,$0.00,$0.00,
progress_updates,01-data/import_templates/activity_master.csv,16,The Big -P.01-UP-20-April-26,E-APP-B01-FOOT-1000,,,,,,,,,,,10-May-26,100.00%,100.00%,$0.00,$0.00,$0.00,
progress_updates,01-data/import_templates/activity_master.csv,28,The Big -P.01-UP-20-April-26,CON-B04-WT-1000,,,,,,,,,,,10-May-26,100.00%,100.00%,$0.00,$0.00,$0.00,
progress_updates,01-data/import_templates/activity_master.csv,79,The Big -P.01-UP-20-April-26,P-MPOS-1030,,,,,,,,,,,10-May-26,100.00%,100.00%,$0.00,$0.00,$0.00,
progress_updates,01-data/import_templates/activity_master.csv,47,The Big -P.01-UP-20-April-26,E-APP-B01-FOOT-1010,,,,,,,,,,,10-May-26,100.00%,100.00%,$0.00,$0.00,$0.00,
progress_updates,01-data/import_templates/activity_master.csv,84,The Big -P.01-UP-20-April-26,P-MPOS-1040,,,,,,,,,,,10-May-26,100.00%,100.00%,$0.00,$0.00,$0.00,
progress_updates,01-data/import_templates/activity_master.csv,85,The Big -P.01-UP-20-April-26,P-MPOS-1050,,,,,,,,,,,10-May-26,100.00%,100.00%,$0.00,$0.00,$0.00,
progress_updates,01-data/import_templates/activity_master.csv,57,The Big -P.01-UP-20-April-26,P-MDEL-1010,,,,,,,,,,,10-May-26,100.00%,100.00%,$0.00,$0.00,$0.00,
progress_updates,01-data/import_templates/activity_master.csv,123,The Big -P.01-UP-20-April-26,P-MDEL-1030,,,,,,,,,,,10-May-26,100.00%,100.00%,$0.00,$0.00,$0.00,
progress_updates,01-data/import_templates/activity_master.csv,387,The Big -P.01-UP-20-April-26,P-MPOS-1060,,,,,,,,,,,10-May-26,100.00%,0.00%,$0.00,$0.00,$0.00,
progress_updates,01-data/import_templates/activity_master.csv,136,The Big -P.01-UP-20-April-26,E-APP-B02-FOOT-1000,,,,,,,,,,,10-May-26,100.00%,100.00%,$0.00,$0.00,$0.00,
progress_updates,01-data/import_templates/activity_master.csv,128,The Big -P.01-UP-20-April-26,E-APP-B04-FOOT-1010,,,,,,,,,,,10-May-26,100.00%,100.00%,$0.00,$0.00,$0.00,
progress_updates,01-data/import_templates/activity_master.csv,131,The Big -P.01-UP-20-April-26,P-MDEL-1040,,,,,,,,,,,10-May-26,100.00%,100.00%,$0.00,$0.00,$0.00,
progress_updates,01-data/import_templates/activity_master.csv,386,The Big -P.01-UP-20-April-26,P-MDEL-1050,,,,,,,,,,,10-May-26,100.00%,0.00%,$0.00,$0.00,$0.00,
progress_updates,01-data/import_templates/activity_master.csv,141,The Big -P.01-UP-20-April-26,E-APP-B02-FOOT-1030,,,,,,,,,,,10-May-26,100.00%,100.00%,$0.00,$0.00,$0.00,
progress_updates,01-data/import_templates/activity_master.csv,32,The Big -P.01-UP-20-April-26,E-APP-B01-FOOT-1030,,,,,,,,,,,10-May-26,100.00%,100.00%,$0.00,$0.00,$0.00,
progress_updates,01-data/import_templates/activity_master.csv,137,The Big -P.01-UP-20-April-26,E-APP-B02-FOOT-1010,,,,,,,,,,,10-May-26,100.00%,100.00%,$0.00,$0.00,$0.00,
progress_updates,01-data/import_templates/activity_master.csv,125,The Big -P.01-UP-20-April-26,E-APP-B03-FOOT-1010,,,,,,,,,,,10-May-26,100.00%,100.00%,$0.00,$0.00,$0.00,
progress_updates,01-data/import_templates/activity_master.csv,86,The Big -P.01-UP-20-April-26,P-MDEL-1000,,,,,,,,,,,10-May-26,100.00%,89.00%,$0.00,$0.00,$0.00,
progress_updates,01-data/import_templates/activity_master.csv,129,The Big -P.01-UP-20-April-26,E-APP-B04-FOOT-1020,,,,,,,,,,,10-May-26,100.00%,100.00%,$0.00,$0.00,$0.00,
progress_updates,01-data/import_templates/activity_master.csv,132,The Big -P.01-UP-20-April-26,E-APP-B03-FOOT-1000,,,,,,,,,,,10-May-26,100.00%,100.00%,$0.00,$0.00,$0.00,
progress_updates,01-data/import_templates/activity_master.csv,88,The Big -P.01-UP-20-April-26,CON-EW-B01-1000,,,,,,,,,,,10-May-26,100.00%,100.00%,"$2,379,405.49","$2,379,405.49","$2,379,405.49",
progress_updates,01-data/import_templates/activity_master.csv,17,The Big -P.01-UP-20-April-26,E-APP-B01-FOOT-1020,,,,,,,,,,,10-May-26,100.00%,100.00%,$0.00,$0.00,$0.00,
progress_updates,01-data/import_templates/activity_master.csv,138,The Big -P.01-UP-20-April-26,E-APP-B02-FOOT-1020,,,,,,,,,,,10-May-26,100.00%,100.00%,$0.00,$0.00,$0.00,
progress_updates,01-data/import_templates/activity_master.csv,126,The Big -P.01-UP-20-April-26,E-APP-B03-FOOT-1020,,,,,,,,,,,10-May-26,100.00%,100.00%,$0.00,$0.00,$0.00,
progress_updates,01-data/import_templates/activity_master.csv,38,The Big -P.01-UP-20-April-26,CON-B04-WT-1010,,,,,,,,,,,10-May-26,100.00%,100.00%,$0.00,$0.00,$0.00,
progress_updates,01-data/import_templates/activity_master.csv,110,The Big -P.01-UP-20-April-26,CON-EW-B01-1010,,,,,,,,,,,10-May-26,100.00%,100.00%,"$264,378.39","$264,378.39","$264,378.39",
progress_updates,01-data/import_templates/activity_master.csv,130,The Big -P.01-UP-20-April-26,E-APP-B04-FOOT-1030,,,,,,,,,,,10-May-26,100.00%,100.00%,$0.00,$0.00,$0.00,
progress_updates,01-data/import_templates/activity_master.csv,127,The Big -P.01-UP-20-April-26,E-APP-B03-FOOT-1030,,,,,,,,,,,10-May-26,100.00%,100.00%,$0.00,$0.00,$0.00,
progress_updates,01-data/import_templates/activity_master.csv,43,The Big -P.01-UP-20-April-26,CON-B04-WT-1020,,,,,,,,,,,10-May-26,100.00%,100.00%,"$138,612.75","$138,612.75","$138,612.75",
progress_updates,01-data/import_templates/activity_master.csv,154,The Big -P.01-UP-20-April-26,E-SUB-B03-BAS02-1000,,,,,,,,,,,10-May-26,100.00%,100.00%,$0.00,$0.00,$0.00,
progress_updates,01-data/import_templates/activity_master.csv,155,The Big -P.01-UP-20-April-26,E-SUB-B04-BAS02-1000,,,,,,,,,,,10-May-26,100.00%,100.00%,$0.00,$0.00,$0.00,
progress_updates,01-data/import_templates/activity_master.csv,52,The Big -P.01-UP-20-April-26,E-SUB-B02-BAS02-1000,,,,,,,,,,,10-May-26,100.00%,100.00%,$0.00,$0.00,$0.00,
progress_updates,01-data/import_templates/activity_master.csv,105,The Big -P.01-UP-20-April-26,E-SUB-B01-BAS02-1000,,,,,,,,,,,10-May-26,100.00%,100.00%,$0.00,$0.00,$0.00,
progress_updates,01-data/import_templates/activity_master.csv,106,The Big -P.01-UP-20-April-26,E-APP-B04-REP-1000,,,,,,,,,,,10-May-26,100.00%,100.00%,$0.00,$0.00,$0.00,
progress_updates,01-data/import_templates/activity_master.csv,89,The Big -P.01-UP-20-April-26,CON-EW-B02-1000,,,,,,,,,,,10-May-26,100.00%,100.00%,"$1,268,401.09","$1,268,401.09","$1,268,401.09",
progress_updates,01-data/import_templates/activity_master.csv,50,The Big -P.01-UP-20-April-26,CON-B04-WT-1030,,,,,,,,,,,10-May-26,100.00%,100.00%,"$323,429.75","$323,429.75","$323,429.75",
progress_updates,01-data/import_templates/activity_master.csv,194,The Big -P.01-UP-20-April-26,E-SUB-B03-BAS02-1010,,,,,,,,,,,10-May-26,100.00%,100.00%,$0.00,$0.00,$0.00,
progress_updates,01-data/import_templates/activity_master.csv,195,The Big -P.01-UP-20-April-26,E-SUB-B04-BAS02-1010,,,,,,,,,,,10-May-26,100.00%,100.00%,$0.00,$0.00,$0.00,
progress_updates,01-data/import_templates/activity_master.csv,62,The Big -P.01-UP-20-April-26,E-SUB-B02-BAS02-1010,,,,,,,,,,,10-May-26,100.00%,100.00%,$0.00,$0.00,$0.00,
progress_updates,01-data/import_templates/activity_master.csv,108,The Big -P.01-UP-20-April-26,E-SUB-B01-BAS02-1010,,,,,,,,,,,10-May-26,100.00%,100.00%,$0.00,$0.00,$0.00,
progress_updates,01-data/import_templates/activity_master.csv,58,The Big -P.01-UP-20-April-26,CON-B04-WT-1040,,,,,,,,,,,10-May-26,100.00%,100.00%,$0.00,$0.00,$0.00,
progress_updates,01-data/import_templates/activity_master.csv,394,The Big -P.01-UP-20-April-26,AB-SUB-B04-WT-1000,,,,,,,,,,,10-May-26,100.00%,0.00%,$0.00,$0.00,$0.00,
progress_updates,01-data/import_templates/activity_master.csv,111,The Big -P.01-UP-20-April-26,CON-EW-B02-1010,,,,,,,,,,,10-May-26,100.00%,100.00%,"$140,933.45","$140,933.45","$140,933.45",
progress_updates,01-data/import_templates/activity_master.csv,315,The Big -P.01-UP-20-April-26,E-SUB-B03-BAS02-1020,,,,,,,,,,,10-May-26,100.00%,100.00%,$0.00,$0.00,$0.00,
progress_updates,01-data/import_templates/activity_master.csv,304,The Big -P.01-UP-20-April-26,E-SUB-B04-BAS02-1020,,,,,,,,,,,10-May-26,100.00%,100.00%,$0.00,$0.00,$0.00,
progress_updates,01-data/import_templates/activity_master.csv,70,The Big -P.01-UP-20-April-26,E-SUB-B02-BAS02-1020,,,,,,,,,,,10-May-26,100.00%,100.00%,$0.00,$0.00,$0.00,
progress_updates,01-data/import_templates/activity_master.csv,112,The Big -P.01-UP-20-April-26,E-SUB-B01-BAS02-1020,,,,,,,,,,,10-May-26,100.00%,100.00%,$0.00,$0.00,$0.00,
progress_updates,01-data/import_templates/activity_master.csv,71,The Big -P.01-UP-20-April-26,E-SUB-B01-BAS01-1000,,,,,,,,,,,10-May-26,100.00%,100.00%,$0.00,$0.00,$0.00,
progress_updates,01-data/import_templates/activity_master.csv,314,The Big -P.01-UP-20-April-26,E-SUB-B03-BAS02-1030,,,,,,,,,,,10-May-26,100.00%,100.00%,$0.00,$0.00,$0.00,
progress_updates,01-data/import_templates/activity_master.csv,316,The Big -P.01-UP-20-April-26,E-SUB-B04-BAS02-1030,,,,,,,,,,,10-May-26,100.00%,100.00%,$0.00,$0.00,$0.00,
progress_updates,01-data/import_templates/activity_master.csv,82,The Big -P.01-UP-20-April-26,E-SUB-B02-BAS02-1030,,,,,,,,,,,10-May-26,100.00%,100.00%,$0.00,$0.00,$0.00,
progress_updates,01-data/import_templates/activity_master.csv,116,The Big -P.01-UP-20-April-26,E-SUB-B01-BAS02-1030,,,,,,,,,,,10-May-26,100.00%,100.00%,$0.00,$0.00,$0.00,
progress_updates,01-data/import_templates/activity_master.csv,156,The Big -P.01-UP-20-April-26,E-SUB-B03-BAS01-1000,,,,,,,,,,,10-May-26,100.00%,100.00%,$0.00,$0.00,$0.00,
progress_updates,01-data/import_templates/activity_master.csv,72,The Big -P.01-UP-20-April-26,E-SUB-B02-BAS01-1000,,,,,,,,,,,10-May-26,100.00%,100.00%,$0.00,$0.00,$0.00,
progress_updates,01-data/import_templates/activity_master.csv,83,The Big -P.01-UP-20-April-26,E-SUB-B01-BAS01-1010,,,,,,,,,,,10-May-26,100.00%,100.00%,$0.00,$0.00,$0.00,
progress_updates,01-data/import_templates/activity_master.csv,80,The Big -P.01-UP-20-April-26,E-SUB-B01-GR-1000,,,,,,,,,,,10-May-26,100.00%,100.00%,$0.00,$0.00,$0.00,
progress_updates,01-data/import_templates/activity_master.csv,300,The Big -P.01-UP-20-April-26,E-SUB-B04-BAS02-1040,,,,,,,,,,,10-May-26,100.00%,100.00%,$0.00,$0.00,$0.00,
progress_updates,01-data/import_templates/activity_master.csv,124,The Big -P.01-UP-20-April-26,E-SUB-B01-BAS02-1040,,,,,,,,,,,10-May-26,100.00%,100.00%,$0.00,$0.00,$0.00,
progress_updates,01-data/import_templates/activity_master.csv,236,The Big -P.01-UP-20-April-26,E-SUB-B03-BAS01-1010,,,,,,,,,,,10-May-26,100.00%,100.00%,$0.00,$0.00,$0.00,
progress_updates,01-data/import_templates/activity_master.csv,63,The Big -P.01-UP-20-April-26,E-SUB-B02-BAS01-1010,,,,,,,,,,,10-May-26,100.00%,100.00%,$0.00,$0.00,$0.00,
progress_updates,01-data/import_templates/activity_master.csv,87,The Big -P.01-UP-20-April-26,E-SUB-B01-BAS01-1020,,,,,,,,,,,10-May-26,100.00%,100.00%,$0.00,$0.00,$0.00,
progress_updates,01-data/import_templates/activity_master.csv,343,The Big -P.01-UP-20-April-26,E-SUB-B01-GR-1010,,,,,,,,,,,10-May-26,100.00%,100.00%,$0.00,$0.00,$0.00,
progress_updates,01-data/import_templates/activity_master.csv,396,The Big -P.01-UP-20-April-26,AB-SUB-B01-REP-1000,,,,,,,,,,,10-May-26,100.00%,0.00%,$0.00,$0.00,$0.00,
progress_updates,01-data/import_templates/activity_master.csv,118,The Big -P.01-UP-20-April-26,P-MPOS-1070,,,,,,,,,,,10-May-26,100.00%,100.00%,$0.00,$0.00,$0.00,
progress_updates,01-data/import_templates/activity_master.csv,73,The Big -P.01-UP-20-April-26,E-SUB-B02-GR-1000,,,,,,,,,,,10-May-26,100.00%,100.00%,$0.00,$0.00,$0.00,
progress_updates,01-data/import_templates/activity_master.csv,119,The Big -P.01-UP-20-April-26,CON-B01-FOOT-1000,,,,,,,,,,,10-May-26,100.00%,100.00%,"$796,713.38","$796,713.38","$796,713.38",
progress_updates,01-data/import_templates/activity_master.csv,145,The Big -P.01-UP-20-April-26,CON-B04-WT-1050,,,,,,,,,,,10-May-26,100.00%,100.00%,"$630,000.00","$630,000.00","$630,000.00",
progress_updates,01-data/import_templates/activity_master.csv,401,The Big -P.01-UP-20-April-26,P-MDEL-1170,,,,,,,,,,,10-May-26,100.00%,0.00%,$0.00,$0.00,$0.00,
progress_updates,01-data/import_templates/activity_master.csv,121,The Big -P.01-UP-20-April-26,CON-B01-FOOT-1010,,,,,,,,,,,10-May-26,100.00%,100.00%,"$1,858,997.88","$1,858,997.88","$1,858,997.88",
progress_updates,01-data/import_templates/activity_master.csv,321,The Big -P.01-UP-20-April-26,E-SUB-B03-BAS01-1020,,,,,,,,,,,10-May-26,100.00%,100.00%,$0.00,$0.00,$0.00,
progress_updates,01-data/import_templates/activity_master.csv,99,The Big -P.01-UP-20-April-26,E-SUB-B02-BAS01-1020,,,,,,,,,,,10-May-26,100.00%,100.00%,$0.00,$0.00,$0.00,
progress_updates,01-data/import_templates/activity_master.csv,100,The Big -P.01-UP-20-April-26,E-SUB-B01-BAS01-1030,,,,,,,,,,,10-May-26,100.00%,100.00%,$0.00,$0.00,$0.00,
progress_updates,01-data/import_templates/activity_master.csv,351,The Big -P.01-UP-20-April-26,E-SUB-B01-GR-1020,,,,,,,,,,,10-May-26,100.00%,0.00%,$0.00,$0.00,$0.00,
progress_updates,01-data/import_templates/activity_master.csv,142,The Big -P.01-UP-20-April-26,CON-B01-FOOT-1020,,,,,,,,,,,10-May-26,100.00%,100.00%,$0.00,$0.00,$0.00,
progress_updates,01-data/import_templates/activity_master.csv,153,The Big -P.01-UP-20-April-26,CON-B04-WT-1060,,,,,,,,,,,10-May-26,100.00%,100.00%,"$1,423,684.00","$1,423,684.00","$1,423,684.00",
progress_updates,01-data/import_templates/activity_master.csv,64,The Big -P.01-UP-20-April-26,E-SUB-B02-GR-1010,,,,,,,,,,,10-May-26,100.00%,100.00%,$0.00,$0.00,$0.00,
progress_updates,01-data/import_templates/activity_master.csv,39,The Big -P.01-UP-20-April-26,CON-EW-B03-1000,,,,,,,,,,,10-May-26,100.00%,100.00%,"$1,375,892.03","$1,375,892.03","$1,375,892.03",
progress_updates,01-data/import_templates/activity_master.csv,388,The Big -P.01-UP-20-April-26,AB-SUB-B01-FOOT-1000,,,,,,,,,,,10-May-26,100.00%,0.00%,$0.00,$0.00,$0.00,
progress_updates,01-data/import_templates/activity_master.csv,486,The Big -P.01-UP-20-April-26,AB-APP-B04-WT-1000,,,,,,,,,,,10-May-26,100.00%,0.00%,$0.00,$0.00,$0.00,
progress_updates,01-data/import_templates/activity_master.csv,157,The Big -P.01-UP-20-April-26,E-SUB-B04-BAS01-1000,,,,,,,,,,,10-May-26,100.00%,100.00%,$0.00,$0.00,$0.00,
progress_updates,01-data/import_templates/activity_master.csv,159,The Big -P.01-UP-20-April-26,E-SUB-B03-GR-1000,,,,,,,,,,,10-May-26,100.00%,100.00%,$0.00,$0.00,$0.00,
progress_updates,01-data/import_templates/activity_master.csv,144,The Big -P.01-UP-20-April-26,CON-B01-FOOT-1030,,,,,,,,,,,10-May-26,100.00%,100.00%,"$1,487,911.54","$1,487,911.54","$1,487,911.54",
progress_updates,01-data/import_templates/activity_master.csv,326,The Big -P.01-UP-20-April-26,E-SUB-B03-BAS01-1030,,,,,,,,,,,10-May-26,100.00%,100.00%,$0.00,$0.00,$0.00,
progress_updates,01-data/import_templates/activity_master.csv,102,The Big -P.01-UP-20-April-26,E-SUB-B02-BAS01-1030,,,,,,,,,,,10-May-26,100.00%,100.00%,$0.00,$0.00,$0.00,
progress_updates,01-data/import_templates/activity_master.csv,103,The Big -P.01-UP-20-April-26,E-SUB-B01-BAS01-1040,,,,,,,,,,,10-May-26,100.00%,100.00%,$0.00,$0.00,$0.00,
progress_updates,01-data/import_templates/activity_master.csv,426,The Big -P.01-UP-20-April-26,E-SUB-B01-GR-1030,,,,,,,,,,,10-May-26,100.00%,0.00%,$0.00,$0.00,$0.00,
progress_updates,01-data/import_templates/activity_master.csv,205,The Big -P.01-UP-20-April-26,E-APP-B02-BAS02-1000,,,,,,,,,,,10-May-26,100.00%,100.00%,$0.00,$0.00,$0.00,
progress_updates,01-data/import_templates/activity_master.csv,208,The Big -P.01-UP-20-April-26,E-APP-B01-BAS02-1000,,,,,,,,,,,10-May-26,100.00%,100.00%,$0.00,$0.00,$0.00,
progress_updates,01-data/import_templates/activity_master.csv,175,The Big -P.01-UP-20-April-26,E-APP-B03-BAS02-1000,,,,,,,,,,,10-May-26,100.00%,100.00%,$0.00,$0.00,$0.00,
progress_updates,01-data/import_templates/activity_master.csv,235,The Big -P.01-UP-20-April-26,E-APP-B04-BAS02-1000,,,,,,,,,,,10-May-26,100.00%,100.00%,$0.00,$0.00,$0.00,
progress_updates,01-data/import_templates/activity_master.csv,350,The Big -P.01-UP-20-April-26,E-SUB-B02-GR-1020,,,,,,,,,,,10-May-26,100.00%,0.00%,$0.00,$0.00,$0.00,
progress_updates,01-data/import_templates/activity_master.csv,114,The Big -P.01-UP-20-April-26,CON-EW-B03-1010,,,,,,,,,,,10-May-26,100.00%,100.00%,"$152,876.89","$152,876.89","$152,876.89",
progress_updates,01-data/import_templates/activity_master.csv,286,The Big -P.01-UP-20-April-26,CON-B01-FOOT-1040,,,,,,,,,,,10-May-26,100.00%,100.00%,"$4,684,300.95","$4,684,300.95","$4,684,300.95",
progress_updates,01-data/import_templates/activity_master.csv,186,The Big -P.01-UP-20-April-26,CON-B04-WT-1070,,,,,,,,,,,10-May-26,100.00%,100.00%,"$1,860,691.06","$1,860,691.06","$1,860,691.06",
progress_updates,01-data/import_templates/activity_master.csv,237,The Big -P.01-UP-20-April-26,E-SUB-B04-BAS01-1010,,,,,,,,,,,10-May-26,100.00%,100.00%,$0.00,$0.00,$0.00,
progress_updates,01-data/import_templates/activity_master.csv,239,The Big -P.01-UP-20-April-26,E-SUB-B03-GR-1010,,,,,,,,,,,10-May-26,100.00%,100.00%,$0.00,$0.00,$0.00,
progress_updates,01-data/import_templates/activity_master.csv,619,The Big -P.01-UP-20-April-26,P-MDEL-1060,,,,,,,,,,,10-May-26,100.00%,0.00%,$0.00,$0.00,$0.00,
progress_updates,01-data/import_templates/activity_master.csv,395,The Big -P.01-UP-20-April-26,AB-SUB-B04-WT-1010,,,,,,,,,,,10-May-26,100.00%,0.00%,$0.00,$0.00,$0.00,
progress_updates,01-data/import_templates/activity_master.csv,400,The Big -P.01-UP-20-April-26,AB-SUB-B01-FOOT-1010,,,,,,,,,,,10-May-26,100.00%,0.00%,$0.00,$0.00,$0.00,
progress_updates,01-data/import_templates/activity_master.csv,207,The Big -P.01-UP-20-April-26,E-APP-B02-BAS02-1010,,,,,,,,,,,10-May-26,100.00%,100.00%,$0.00,$0.00,$0.00,
progress_updates,01-data/import_templates/activity_master.csv,210,The Big -P.01-UP-20-April-26,E-APP-B01-BAS02-1010,,,,,,,,,,,10-May-26,100.00%,100.00%,$0.00,$0.00,$0.00,
progress_updates,01-data/import_templates/activity_master.csv,267,The Big -P.01-UP-20-April-26,E-APP-B03-BAS02-1010,,,,,,,,,,,10-May-26,100.00%,100.00%,$0.00,$0.00,$0.00,
progress_updates,01-data/import_templates/activity_master.csv,289,The Big -P.01-UP-20-April-26,E-APP-B04-BAS02-1010,,,,,,,,,,,10-May-26,100.00%,100.00%,$0.00,$0.00,$0.00,
progress_updates,01-data/import_templates/activity_master.csv,287,The Big -P.01-UP-20-April-26,CON-B01-FOOT-1050,,,,,,,,,,,10-May-26,100.00%,100.00%,"$13,016,490.40","$13,016,490.40","$13,016,490.40",
progress_updates,01-data/import_templates/activity_master.csv,425,The Big -P.01-UP-20-April-26,E-SUB-B02-GR-1030,,,,,,,,,,,10-May-26,100.00%,0.00%,$0.00,$0.00,$0.00,
progress_updates,01-data/import_templates/activity_master.csv,305,The Big -P.01-UP-20-April-26,E-SUB-B04-BAS01-1020,,,,,,,,,,,10-May-26,100.00%,100.00%,$0.00,$0.00,$0.00,
progress_updates,01-data/import_templates/activity_master.csv,349,The Big -P.01-UP-20-April-26,E-SUB-B03-GR-1020,,,,,,,,,,,10-May-26,100.00%,0.00%,$0.00,$0.00,$0.00,
progress_updates,01-data/import_templates/activity_master.csv,206,The Big -P.01-UP-20-April-26,E-APP-B02-BAS02-1020,,,,,,,,,,,10-May-26,100.00%,100.00%,$0.00,$0.00,$0.00,
progress_updates,01-data/import_templates/activity_master.csv,307,The Big -P.01-UP-20-April-26,E-APP-B01-BAS02-1020,,,,,,,,,,,10-May-26,100.00%,100.00%,$0.00,$0.00,$0.00,
progress_updates,01-data/import_templates/activity_master.csv,255,The Big -P.01-UP-20-April-26,E-APP-B01-BAS01-1000,,,,,,,,,,,10-May-26,100.00%,100.00%,$0.00,$0.00,$0.00,
progress_updates,01-data/import_templates/activity_master.csv,266,The Big -P.01-UP-20-April-26,E-APP-B03-BAS02-1020,,,,,,,,,,,10-May-26,100.00%,100.00%,$0.00,$0.00,$0.00,
progress_updates,01-data/import_templates/activity_master.csv,320,The Big -P.01-UP-20-April-26,E-APP-B04-BAS02-1020,,,,,,,,,,,10-May-26,100.00%,100.00%,$0.00,$0.00,$0.00,
progress_updates,01-data/import_templates/activity_master.csv,488,The Big -P.01-UP-20-April-26,AB-APP-B01-REP-1000,,,,,,,,,,,10-May-26,100.00%,0.00%,$0.00,$0.00,$0.00,
progress_updates,01-data/import_templates/activity_master.csv,311,The Big -P.01-UP-20-April-26,CON-B01-FOOT-1060,,,,,,,,,,,10-May-26,100.00%,80.00%,"$59,896.20","$47,916.96","$47,916.96",
progress_updates,01-data/import_templates/activity_master.csv,120,The Big -P.01-UP-20-April-26,CON-B02-FOOT-1000,,,,,,,,,,,10-May-26,100.00%,100.00%,"$424,288.13","$424,288.13","$424,288.13",
progress_updates,01-data/import_templates/activity_master.csv,312,The Big -P.01-UP-20-April-26,CON-B04-WT-1080,,,,,,,,,,,10-May-26,100.00%,100.00%,"$2,135,526.01","$2,135,526.01","$2,135,526.01",
progress_updates,01-data/import_templates/activity_master.csv,411,The Big -P.01-UP-20-April-26,AB-SUB-B04-WT-1020,,,,,,,,,,,10-May-26,100.00%,0.00%,$0.00,$0.00,$0.00,
progress_updates,01-data/import_templates/activity_master.csv,397,The Big -P.01-UP-20-April-26,AB-SUB-B02-REP-1000,,,,,,,,,,,10-May-26,100.00%,0.00%,$0.00,$0.00,$0.00,
progress_updates,01-data/import_templates/activity_master.csv,313,The Big -P.01-UP-20-April-26,CON-B01-FOOT-1070,,,,,,,,,,,10-May-26,100.00%,80.00%,"$80,268.00","$64,214.40","$64,214.40",
progress_updates,01-data/import_templates/activity_master.csv,122,The Big -P.01-UP-20-April-26,CON-B02-FOOT-1010,,,,,,,,,,,10-May-26,100.00%,100.00%,"$990,005.63","$990,005.63","$990,005.63",
progress_updates,01-data/import_templates/activity_master.csv,322,The Big -P.01-UP-20-April-26,E-SUB-B04-BAS01-1030,,,,,,,,,,,10-May-26,100.00%,100.00%,$0.00,$0.00,$0.00,
progress_updates,01-data/import_templates/activity_master.csv,424,The Big -P.01-UP-20-April-26,E-SUB-B03-GR-1030,,,,,,,,,,,10-May-26,100.00%,0.00%,$0.00,$0.00,$0.00,
progress_updates,01-data/import_templates/activity_master.csv,168,The Big -P.01-UP-20-April-26,E-SUB-B03-1ST-1000,,,,,,,,,,,10-May-26,100.00%,100.00%,$0.00,$0.00,$0.00,
progress_updates,01-data/import_templates/activity_master.csv,196,The Big -P.01-UP-20-April-26,E-SUB-B01-1ST-1000,,,,,,,,,,,10-May-26,100.00%,100.00%,$0.00,$0.00,$0.00,
progress_updates,01-data/import_templates/activity_master.csv,143,The Big -P.01-UP-20-April-26,CON-B02-FOOT-1020,,,,,,,,,,,10-May-26,100.00%,100.00%,$0.00,$0.00,$0.00,
progress_updates,01-data/import_templates/activity_master.csv,325,The Big -P.01-UP-20-April-26,CON-B04-WT-1090,,,,,,,,,,,10-May-26,100.00%,100.00%,$0.00,$0.00,$0.00,
progress_updates,01-data/import_templates/activity_master.csv,252,The Big -P.01-UP-20-April-26,E-APP-B02-BAS02-1030,,,,,,,,,,,10-May-26,100.00%,100.00%,$0.00,$0.00,$0.00,
progress_updates,01-data/import_templates/activity_master.csv,209,The Big -P.01-UP-20-April-26,E-APP-B01-BAS02-1030,,,,,,,,,,,10-May-26,100.00%,100.00%,$0.00,$0.00,$0.00,
progress_updates,01-data/import_templates/activity_master.csv,211,The Big -P.01-UP-20-April-26,E-APP-B02-BAS01-1000,,,,,,,,,,,10-May-26,100.00%,100.00%,$0.00,$0.00,$0.00,
progress_updates,01-data/import_templates/activity_master.csv,213,The Big -P.01-UP-20-April-26,E-APP-B01-BAS01-1010,,,,,,,,,,,10-May-26,100.00%,100.00%,$0.00,$0.00,$0.00,
progress_updates,01-data/import_templates/activity_master.csv,256,The Big -P.01-UP-20-April-26,E-APP-B01-GR-1000,,,,,,,,,,,10-May-26,100.00%,100.00%,$0.00,$0.00,$0.00,
progress_updates,01-data/import_templates/activity_master.csv,234,The Big -P.01-UP-20-April-26,E-APP-B03-BAS02-1030,,,,,,,,,,,10-May-26,100.00%,100.00%,$0.00,$0.00,$0.00,
progress_updates,01-data/import_templates/activity_master.csv,309,The Big -P.01-UP-20-April-26,E-APP-B04-BAS02-1030,,,,,,,,,,,10-May-26,100.00%,100.00%,$0.00,$0.00,$0.00,
progress_updates,01-data/import_templates/activity_master.csv,176,The Big -P.01-UP-20-April-26,E-APP-B03-BAS01-1000,,,,,,,,,,,10-May-26,100.00%,100.00%,$0.00,$0.00,$0.00,
progress_updates,01-data/import_templates/activity_master.csv,389,The Big -P.01-UP-20-April-26,AB-SUB-B02-FOOT-1000,,,,,,,,,,,10-May-26,100.00%,0.00%,$0.00,$0.00,$0.00,
progress_updates,01-data/import_templates/activity_master.csv,332,The Big -P.01-UP-20-April-26,CON-B04-WT-1100,,,,,,,,,,,10-May-26,100.00%,80.00%,"$1,256,386.72","$1,005,109.37","$1,005,109.37",
progress_updates,01-data/import_templates/activity_master.csv,333,The Big -P.01-UP-20-April-26,CON-B04-WT-1110,,,,,,,,,,,10-May-26,100.00%,80.00%,"$1,653,461.47","$1,322,769.18","$1,322,769.18",
progress_updates,01-data/import_templates/activity_master.csv,480,The Big -P.01-UP-20-April-26,AB-APP-B01-FOOT-1000,,,,,,,,,,,10-May-26,100.00%,0.00%,$0.00,$0.00,$0.00,
progress_updates,01-data/import_templates/activity_master.csv,146,The Big -P.01-UP-20-April-26,CON-B02-FOOT-1030,,,,,,,,,,,10-May-26,100.00%,100.00%,"$793,168.14","$793,168.14","$793,168.14",
progress_updates,01-data/import_templates/activity_master.csv,301,The Big -P.01-UP-20-April-26,E-SUB-B04-BAS01-1040,,,,,,,,,,,10-May-26,100.00%,100.00%,$0.00,$0.00,$0.00,
progress_updates,01-data/import_templates/activity_master.csv,248,The Big -P.01-UP-20-April-26,E-SUB-B03-1ST-1010,,,,,,,,,,,10-May-26,100.00%,100.00%,$0.00,$0.00,$0.00,
progress_updates,01-data/import_templates/activity_master.csv,81,The Big -P.01-UP-20-April-26,E-SUB-B01-1ST-1010,,,,,,,,,,,10-May-26,100.00%,100.00%,$0.00,$0.00,$0.00,
progress_updates,01-data/import_templates/activity_master.csv,158,The Big -P.01-UP-20-April-26,E-SUB-B04-GR-1000,,,,,,,,,,,10-May-26,100.00%,100.00%,$0.00,$0.00,$0.00,
progress_updates,01-data/import_templates/activity_master.csv,74,The Big -P.01-UP-20-April-26,E-SUB-B02-1ST-1000,,,,,,,,,,,10-May-26,100.00%,100.00%,$0.00,$0.00,$0.00,
progress_updates,01-data/import_templates/activity_master.csv,317,The Big -P.01-UP-20-April-26,E-APP-B01-BAS02-1040,,,,,,,,,,,10-May-26,100.00%,100.00%,$0.00,$0.00,$0.00,
progress_updates,01-data/import_templates/activity_master.csv,212,The Big -P.01-UP-20-April-26,E-APP-B02-BAS01-1010,,,,,,,,,,,10-May-26,100.00%,100.00%,$0.00,$0.00,$0.00,
progress_updates,01-data/import_templates/activity_master.csv,308,The Big -P.01-UP-20-April-26,E-APP-B01-BAS01-1020,,,,,,,,,,,10-May-26,100.00%,100.00%,$0.00,$0.00,$0.00,
progress_updates,01-data/import_templates/activity_master.csv,216,The Big -P.01-UP-20-April-26,E-APP-B01-GR-1010,,,,,,,,,,,10-May-26,100.00%,100.00%,$0.00,$0.00,$0.00,
progress_updates,01-data/import_templates/activity_master.csv,319,The Big -P.01-UP-20-April-26,E-APP-B04-BAS02-1040,,,,,,,,,,,10-May-26,100.00%,100.00%,$0.00,$0.00,$0.00,
progress_updates,01-data/import_templates/activity_master.csv,269,The Big -P.01-UP-20-April-26,E-APP-B03-BAS01-1010,,,,,,,,,,,10-May-26,100.00%,100.00%,$0.00,$0.00,$0.00,
progress_updates,01-data/import_templates/activity_master.csv,214,The Big -P.01-UP-20-April-26,E-APP-B02-GR-1000,,,,,,,,,,,10-May-26,100.00%,100.00%,$0.00,$0.00,$0.00,
progress_updates,01-data/import_templates/activity_master.csv,184,The Big -P.01-UP-20-April-26,CON-B02-FOOT-1040,,,,,,,,,,,10-May-26,100.00%,100.00%,"$2,271,974.10","$2,271,974.10","$2,271,974.10",
progress_updates,01-data/import_templates/activity_master.csv,341,The Big -P.01-UP-20-April-26,CON-B04-WT-1120,,,,,,,,,,,10-May-26,100.00%,80.00%,$0.00,$0.00,$0.00,
progress_updates,01-data/import_templates/activity_master.csv,360,The Big -P.01-UP-20-April-26,E-SUB-B03-1ST-1020,,,,,,,,,,,10-May-26,100.00%,0.00%,$0.00,$0.00,$0.00,
progress_updates,01-data/import_templates/activity_master.csv,368,The Big -P.01-UP-20-April-26,E-SUB-B01-1ST-1020,,,,,,,,,,,10-May-26,100.00%,0.00%,$0.00,$0.00,$0.00,
progress_updates,01-data/import_templates/activity_master.csv,487,The Big -P.01-UP-20-April-26,AB-APP-B04-WT-1010,,,,,,,,,,,10-May-26,100.00%,0.00%,$0.00,$0.00,$0.00,
progress_updates,01-data/import_templates/activity_master.csv,492,The Big -P.01-UP-20-April-26,AB-APP-B01-FOOT-1010,,,,,,,,,,,10-May-26,100.00%,0.00%,$0.00,$0.00,$0.00,
progress_updates,01-data/import_templates/activity_master.csv,238,The Big -P.01-UP-20-April-26,E-SUB-B04-GR-1010,,,,,,,,,,,10-May-26,100.00%,100.00%,$0.00,$0.00,$0.00,
progress_updates,01-data/import_templates/activity_master.csv,65,The Big -P.01-UP-20-April-26,E-SUB-B02-1ST-1010,,,,,,,,,,,10-May-26,100.00%,100.00%,$0.00,$0.00,$0.00,
progress_updates,01-data/import_templates/activity_master.csv,254,The Big -P.01-UP-20-April-26,E-APP-B02-BAS01-1020,,,,,,,,,,,10-May-26,100.00%,100.00%,$0.00,$0.00,$0.00,
progress_updates,01-data/import_templates/activity_master.csv,318,The Big -P.01-UP-20-April-26,E-APP-B01-BAS01-1030,,,,,,,,,,,10-May-26,100.00%,100.00%,$0.00,$0.00,$0.00,
progress_updates,01-data/import_templates/activity_master.csv,516,The Big -P.01-UP-20-April-26,E-APP-B01-GR-1020,,,,,,,,,,,10-May-26,100.00%,0.00%,$0.00,$0.00,$0.00,
progress_updates,01-data/import_templates/activity_master.csv,174,The Big -P.01-UP-20-April-26,E-APP-B03-BAS01-1020,,,,,,,,,,,10-May-26,100.00%,100.00%,$0.00,$0.00,$0.00,
progress_updates,01-data/import_templates/activity_master.csv,347,The Big -P.01-UP-20-April-26,CON-B01-FOOT-1080,,,,,,,,,,,10-May-26,100.00%,50.00%,"$139,757.80","$69,878.90","$69,878.90",
progress_updates,01-data/import_templates/activity_master.csv,330,The Big -P.01-UP-20-April-26,CON-B01-FOOT-1090,,,,,,,,,,,10-May-26,100.00%,100.00%,"$10,930,035.55","$10,930,035.55","$10,930,035.55",
progress_updates,01-data/import_templates/activity_master.csv,187,The Big -P.01-UP-20-April-26,CON-B02-FOOT-1050,,,,,,,,,,,10-May-26,100.00%,100.00%,"$6,313,254.79","$6,313,254.79","$6,313,254.79",
progress_updates,01-data/import_templates/activity_master.csv,169,The Big -P.01-UP-20-April-26,E-SUB-B03-2ND-1000,,,,,,,,,,,10-May-26,100.00%,100.00%,$0.00,$0.00,$0.00,
progress_updates,01-data/import_templates/activity_master.csv,415,The Big -P.01-UP-20-April-26,E-SUB-B01-1ST-1030,,,,,,,,,,,10-May-26,100.00%,0.00%,$0.00,$0.00,$0.00,
progress_updates,01-data/import_templates/activity_master.csv,197,The Big -P.01-UP-20-April-26,E-SUB-B01-2ND-1000,,,,,,,,,,,10-May-26,100.00%,100.00%,$0.00,$0.00,$0.00,
progress_updates,01-data/import_templates/activity_master.csv,215,The Big -P.01-UP-20-April-26,E-APP-B02-GR-1010,,,,,,,,,,,10-May-26,100.00%,100.00%,$0.00,$0.00,$0.00,
progress_updates,01-data/import_templates/activity_master.csv,435,The Big -P.01-UP-20-April-26,E-SUB-B03-1ST-1030,,,,,,,,,,,10-May-26,100.00%,0.00%,$0.00,$0.00,$0.00,
progress_updates,01-data/import_templates/activity_master.csv,270,The Big -P.01-UP-20-April-26,E-APP-B04-BAS01-1000,,,,,,,,,,,10-May-26,100.00%,100.00%,$0.00,$0.00,$0.00,
progress_updates,01-data/import_templates/activity_master.csv,177,The Big -P.01-UP-20-April-26,E-APP-B03-GR-1000,,,,,,,,,,,10-May-26,100.00%,100.00%,$0.00,$0.00,$0.00,
progress_updates,01-data/import_templates/activity_master.csv,421,The Big -P.01-UP-20-April-26,CON-B01-FOOT-1100,,,,,,,,,,,10-May-26,100.00%,0.00%,$0.00,$0.00,$0.00,
progress_updates,01-data/import_templates/activity_master.csv,342,The Big -P.01-UP-20-April-26,CON-B04-WT-1130,,,,,,,,,,,10-May-26,100.00%,80.00%,"$1,884,580.07","$1,507,664.06","$1,507,664.06",
progress_updates,01-data/import_templates/activity_master.csv,412,The Big -P.01-UP-20-April-26,CON-B04-WT-1140,,,,,,,,,,,10-May-26,100.00%,0.00%,$0.00,$0.00,$0.00,
progress_updates,01-data/import_templates/activity_master.csv,348,The Big -P.01-UP-20-April-26,E-SUB-B04-GR-1020,,,,,,,,,,,10-May-26,100.00%,0.00%,$0.00,$0.00,$0.00,
progress_updates,01-data/import_templates/activity_master.csv,364,The Big -P.01-UP-20-April-26,E-SUB-B02-1ST-1020,,,,,,,,,,,10-May-26,100.00%,0.00%,$0.00,$0.00,$0.00,
progress_updates,01-data/import_templates/activity_master.csv,253,The Big -P.01-UP-20-April-26,E-APP-B02-BAS01-1030,,,,,,,,,,,10-May-26,100.00%,100.00%,$0.00,$0.00,$0.00,
progress_updates,01-data/import_templates/activity_master.csv,339,The Big -P.01-UP-20-April-26,E-APP-B01-BAS01-1040,,,,,,,,,,,10-May-26,100.00%,100.00%,$0.00,$0.00,$0.00,
progress_updates,01-data/import_templates/activity_master.csv,555,The Big -P.01-UP-20-April-26,E-APP-B01-GR-1030,,,,,,,,,,,10-May-26,100.00%,0.00%,$0.00,$0.00,$0.00,
progress_updates,01-data/import_templates/activity_master.csv,268,The Big -P.01-UP-20-April-26,E-APP-B03-BAS01-1030,,,,,,,,,,,10-May-26,100.00%,100.00%,$0.00,$0.00,$0.00,
progress_updates,01-data/import_templates/activity_master.csv,407,The Big -P.01-UP-20-April-26,AB-SUB-B01-FOOT-1020,,,,,,,,,,,10-May-26,100.00%,0.00%,$0.00,$0.00,$0.00,
progress_updates,01-data/import_templates/activity_master.csv,408,The Big -P.01-UP-20-April-26,AB-SUB-B01-FOOT-1030,,,,,,,,,,,10-May-26,100.00%,0.00%,$0.00,$0.00,$0.00,
progress_updates,01-data/import_templates/activity_master.csv,192,The Big -P.01-UP-20-April-26,CON-B02-FOOT-1060,,,,,,,,,,,10-May-26,100.00%,100.00%,"$73,546.20","$73,546.20","$73,546.20",
progress_updates,01-data/import_templates/activity_master.csv,249,The Big -P.01-UP-20-April-26,E-SUB-B03-2ND-1010,,,,,,,,,,,10-May-26,100.00%,100.00%,$0.00,$0.00,$0.00,
progress_updates,01-data/import_templates/activity_master.csv,90,The Big -P.01-UP-20-April-26,E-SUB-B01-2ND-1010,,,,,,,,,,,10-May-26,100.00%,100.00%,$0.00,$0.00,$0.00,
progress_updates,01-data/import_templates/activity_master.csv,515,The Big -P.01-UP-20-April-26,E-APP-B02-GR-1020,,,,,,,,,,,10-May-26,100.00%,0.00%,$0.00,$0.00,$0.00,
progress_updates,01-data/import_templates/activity_master.csv,497,The Big -P.01-UP-20-April-26,AB-APP-B04-WT-1020,,,,,,,,,,,10-May-26,100.00%,0.00%,$0.00,$0.00,$0.00,
progress_updates,01-data/import_templates/activity_master.csv,489,The Big -P.01-UP-20-April-26,AB-APP-B02-REP-1000,,,,,,,,,,,10-May-26,100.00%,0.00%,$0.00,$0.00,$0.00,
progress_updates,01-data/import_templates/activity_master.csv,193,The Big -P.01-UP-20-April-26,CON-B02-FOOT-1070,,,,,,,,,,,10-May-26,100.00%,100.00%,"$98,560.62","$98,560.62","$98,560.62",
progress_updates,01-data/import_templates/activity_master.csv,290,The Big -P.01-UP-20-April-26,E-APP-B04-BAS01-1010,,,,,,,,,,,10-May-26,100.00%,100.00%,$0.00,$0.00,$0.00,
progress_updates,01-data/import_templates/activity_master.csv,272,The Big -P.01-UP-20-April-26,E-APP-B03-GR-1010,,,,,,,,,,,10-May-26,100.00%,100.00%,$0.00,$0.00,$0.00,
progress_updates,01-data/import_templates/activity_master.csv,420,The Big -P.01-UP-20-April-26,AB-SUB-B04-WT-1030,,,,,,,,,,,10-May-26,100.00%,0.00%,$0.00,$0.00,$0.00,
progress_updates,01-data/import_templates/activity_master.csv,640,The Big -P.01-UP-20-April-26,CON-B01-FOOT-1110,,,,,,,,,,,10-May-26,100.00%,0.00%,"$238,065.85",$0.00,$0.00,
progress_updates,01-data/import_templates/activity_master.csv,135,The Big -P.01-UP-20-April-26,CON-B03-FOOT-1000,,,,,,,,,,,10-May-26,100.00%,100.00%,"$459,468.75","$459,468.75","$459,468.75",
progress_updates,01-data/import_templates/activity_master.csv,463,The Big -P.01-UP-20-April-26,CON-B01-BAS02-1000,,,,,,,,,,,10-May-26,100.00%,0.00%,$0.00,$0.00,$0.00,
progress_updates,01-data/import_templates/activity_master.csv,464,The Big -P.01-UP-20-April-26,CON-B01-BAS02-1010,,,,,,,,,,,10-May-26,100.00%,0.00%,"$1,987,012.60",$0.00,$0.00,
progress_updates,01-data/import_templates/activity_master.csv,461,The Big -P.01-UP-20-April-26,CON-B04-WT-1150,,,,,,,,,,,10-May-26,100.00%,0.00%,"$327,929.28",$0.00,$0.00,
progress_updates,01-data/import_templates/activity_master.csv,423,The Big -P.01-UP-20-April-26,E-SUB-B04-GR-1030,,,,,,,,,,,10-May-26,100.00%,0.00%,$0.00,$0.00,$0.00,
progress_updates,01-data/import_templates/activity_master.csv,160,The Big -P.01-UP-20-April-26,E-SUB-B04-1ST-1000,,,,,,,,,,,10-May-26,100.00%,100.00%,$0.00,$0.00,$0.00,
progress_updates,01-data/import_templates/activity_master.csv,439,The Big -P.01-UP-20-April-26,E-SUB-B02-1ST-1030,,,,,,,,,,,10-May-26,100.00%,0.00%,$0.00,$0.00,$0.00,
progress_updates,01-data/import_templates/activity_master.csv,75,The Big -P.01-UP-20-April-26,E-SUB-B02-2ND-1000,,,,,,,,,,,10-May-26,100.00%,100.00%,$0.00,$0.00,$0.00,
progress_updates,01-data/import_templates/activity_master.csv,481,The Big -P.01-UP-20-April-26,AB-APP-B02-FOOT-1000,,,,,,,,,,,10-May-26,100.00%,0.00%,$0.00,$0.00,$0.00,
progress_updates,01-data/import_templates/activity_master.csv,398,The Big -P.01-UP-20-April-26,AB-SUB-B03-REP-1000,,,,,,,,,,,10-May-26,100.00%,0.00%,$0.00,$0.00,$0.00,
progress_updates,01-data/import_templates/activity_master.csv,148,The Big -P.01-UP-20-April-26,CON-B03-FOOT-1010,,,,,,,,,,,10-May-26,100.00%,100.00%,"$1,072,093.75","$1,072,093.75","$1,072,093.75",
progress_updates,01-data/import_templates/activity_master.csv,468,The Big -P.01-UP-20-April-26,CON-B04-WT-1160,,,,,,,,,,,10-May-26,100.00%,0.00%,"$447,258.67",$0.00,$0.00,
progress_updates,01-data/import_templates/activity_master.csv,361,The Big -P.01-UP-20-April-26,E-SUB-B03-2ND-1020,,,,,,,,,,,10-May-26,100.00%,0.00%,$0.00,$0.00,$0.00,
progress_updates,01-data/import_templates/activity_master.csv,369,The Big -P.01-UP-20-April-26,E-SUB-B01-2ND-1020,,,,,,,,,,,10-May-26,100.00%,0.00%,$0.00,$0.00,$0.00,
progress_updates,01-data/import_templates/activity_master.csv,554,The Big -P.01-UP-20-April-26,E-APP-B02-GR-1030,,,,,,,,,,,10-May-26,100.00%,0.00%,$0.00,$0.00,$0.00,
progress_updates,01-data/import_templates/activity_master.csv,40,The Big -P.01-UP-20-April-26,CON-EW-B04-1000,,,,,,,,,,,10-May-26,100.00%,100.00%,"$1,812,701.40","$1,812,701.40","$1,812,701.40",
progress_updates,01-data/import_templates/activity_master.csv,150,The Big -P.01-UP-20-April-26,CON-B03-FOOT-1020,,,,,,,,,,,10-May-26,100.00%,100.00%,$0.00,$0.00,$0.00,
progress_updates,01-data/import_templates/activity_master.csv,324,The Big -P.01-UP-20-April-26,E-APP-B04-BAS01-1020,,,,,,,,,,,10-May-26,100.00%,100.00%,$0.00,$0.00,$0.00,
progress_updates,01-data/import_templates/activity_master.csv,532,The Big -P.01-UP-20-April-26,E-APP-B03-GR-1020,,,,,,,,,,,10-May-26,100.00%,0.00%,$0.00,$0.00,$0.00,
progress_updates,01-data/import_templates/activity_master.csv,391,The Big -P.01-UP-20-April-26,AB-SUB-B03-FOOT-1000,,,,,,,,,,,10-May-26,100.00%,0.00%,$0.00,$0.00,$0.00,
progress_updates,01-data/import_templates/activity_master.csv,653,The Big -P.01-UP-20-April-26,CON-B01-FOOT-1120,,,,,,,,,,,10-May-26,100.00%,0.00%,"$620,532.93",$0.00,$0.00,
progress_updates,01-data/import_templates/activity_master.csv,471,The Big -P.01-UP-20-April-26,CON-B01-BAS02-1020,,,,,,,,,,,10-May-26,100.00%,0.00%,"$1,629,349.68",$0.00,$0.00,
progress_updates,01-data/import_templates/activity_master.csv,240,The Big -P.01-UP-20-April-26,E-SUB-B04-1ST-1010,,,,,,,,,,,10-May-26,100.00%,100.00%,$0.00,$0.00,$0.00,
progress_updates,01-data/import_templates/activity_master.csv,66,The Big -P.01-UP-20-April-26,E-SUB-B02-2ND-1010,,,,,,,,,,,10-May-26,100.00%,100.00%,$0.00,$0.00,$0.00,
progress_updates,01-data/import_templates/activity_master.csv,115,The Big -P.01-UP-20-April-26,CON-EW-B04-1010,,,,,,,,,,,10-May-26,100.00%,100.00%,"$201,411.27","$201,411.27","$201,411.27",
progress_updates,01-data/import_templates/activity_master.csv,390,The Big -P.01-UP-20-April-26,AB-SUB-B02-FOOT-1010,,,,,,,,,,,10-May-26,100.00%,0.00%,$0.00,$0.00,$0.00,
progress_updates,01-data/import_templates/activity_master.csv,436,The Big -P.01-UP-20-April-26,E-SUB-B03-2ND-1030,,,,,,,,,,,10-May-26,100.00%,0.00%,$0.00,$0.00,$0.00,
progress_updates,01-data/import_templates/activity_master.csv,170,The Big -P.01-UP-20-April-26,E-SUB-B03-3RD-1000,,,,,,,,,,,10-May-26,100.00%,100.00%,$0.00,$0.00,$0.00,
progress_updates,01-data/import_templates/activity_master.csv,443,The Big -P.01-UP-20-April-26,E-SUB-B01-2ND-1030,,,,,,,,,,,10-May-26,100.00%,0.00%,$0.00,$0.00,$0.00,
progress_updates,01-data/import_templates/activity_master.csv,198,The Big -P.01-UP-20-April-26,E-SUB-B01-3RD-1000,,,,,,,,,,,10-May-26,100.00%,100.00%,$0.00,$0.00,$0.00,
progress_updates,01-data/import_templates/activity_master.csv,288,The Big -P.01-UP-20-April-26,CON-B02-FOOT-1080,,,,,,,,,,,10-May-26,100.00%,100.00%,"$171,607.80","$171,607.80","$171,607.80",
progress_updates,01-data/import_templates/activity_master.csv,189,The Big -P.01-UP-20-April-26,CON-B02-FOOT-1090,,,,,,,,,,,10-May-26,100.00%,100.00%,"$5,301,272.91","$5,301,272.91","$5,301,272.91",
progress_updates,01-data/import_templates/activity_master.csv,152,The Big -P.01-UP-20-April-26,CON-B03-FOOT-1030,,,,,,,,,,,10-May-26,100.00%,100.00%,"$860,385.35","$860,385.35","$860,385.35",
progress_updates,01-data/import_templates/activity_master.csv,257,The Big -P.01-UP-20-April-26,E-APP-B01-1ST-1000,,,,,,,,,,,10-May-26,100.00%,100.00%,$0.00,$0.00,$0.00,
progress_updates,01-data/import_templates/activity_master.csv,310,The Big -P.01-UP-20-April-26,E-APP-B04-BAS01-1030,,,,,,,,,,,10-May-26,100.00%,100.00%,$0.00,$0.00,$0.00,
progress_updates,01-data/import_templates/activity_master.csv,569,The Big -P.01-UP-20-April-26,E-APP-B03-GR-1030,,,,,,,,,,,10-May-26,100.00%,0.00%,$0.00,$0.00,$0.00,
progress_updates,01-data/import_templates/activity_master.csv,178,The Big -P.01-UP-20-April-26,E-APP-B03-1ST-1000,,,,,,,,,,,10-May-26,100.00%,100.00%,$0.00,$0.00,$0.00,
progress_updates,01-data/import_templates/activity_master.csv,352,The Big -P.01-UP-20-April-26,E-SUB-B04-1ST-1020,,,,,,,,,,,10-May-26,100.00%,0.00%,$0.00,$0.00,$0.00,
progress_updates,01-data/import_templates/activity_master.csv,365,The Big -P.01-UP-20-April-26,E-SUB-B02-2ND-1020,,,,,,,,,,,10-May-26,100.00%,0.00%,$0.00,$0.00,$0.00,
progress_updates,01-data/import_templates/activity_master.csv,329,The Big -P.01-UP-20-April-26,CON-B02-FOOT-1100,,,,,,,,,,,10-May-26,100.00%,100.00%,$0.00,$0.00,$0.00,
progress_updates,01-data/import_templates/activity_master.csv,476,The Big -P.01-UP-20-April-26,CON-B04-WT-1170,,,,,,,,,,,10-May-26,100.00%,0.00%,"$491,893.92",$0.00,$0.00,
progress_updates,01-data/import_templates/activity_master.csv,250,The Big -P.01-UP-20-April-26,E-SUB-B03-3RD-1010,,,,,,,,,,,10-May-26,100.00%,100.00%,$0.00,$0.00,$0.00,
progress_updates,01-data/import_templates/activity_master.csv,91,The Big -P.01-UP-20-April-26,E-SUB-B01-3RD-1010,,,,,,,,,,,10-May-26,100.00%,100.00%,$0.00,$0.00,$0.00,
progress_updates,01-data/import_templates/activity_master.csv,409,The Big -P.01-UP-20-April-26,AB-SUB-B02-FOOT-1020,,,,,,,,,,,10-May-26,100.00%,0.00%,$0.00,$0.00,$0.00,
progress_updates,01-data/import_templates/activity_master.csv,183,The Big -P.01-UP-20-April-26,CON-B03-FOOT-1040,,,,,,,,,,,10-May-26,100.00%,100.00%,"$2,877,739.56","$2,877,739.56","$2,877,739.56",
progress_updates,01-data/import_templates/activity_master.csv,498,The Big -P.01-UP-20-April-26,CON-B04-WT-1180,,,,,,,,,,,10-May-26,100.00%,0.00%,$0.00,$0.00,$0.00,
progress_updates,01-data/import_templates/activity_master.csv,225,The Big -P.01-UP-20-April-26,E-APP-B01-1ST-1010,,,,,,,,,,,10-May-26,100.00%,100.00%,$0.00,$0.00,$0.00,
progress_updates,01-data/import_templates/activity_master.csv,323,The Big -P.01-UP-20-April-26,E-APP-B04-BAS01-1040,,,,,,,,,,,10-May-26,100.00%,100.00%,$0.00,$0.00,$0.00,
progress_updates,01-data/import_templates/activity_master.csv,281,The Big -P.01-UP-20-April-26,E-APP-B03-1ST-1010,,,,,,,,,,,10-May-26,100.00%,100.00%,$0.00,$0.00,$0.00,
progress_updates,01-data/import_templates/activity_master.csv,499,The Big -P.01-UP-20-April-26,AB-SUB-B04-WT-1040,,,,,,,,,,,10-May-26,100.00%,0.00%,$0.00,$0.00,$0.00,
progress_updates,01-data/import_templates/activity_master.csv,641,The Big -P.01-UP-20-April-26,CON-B02-FOOT-1110,,,,,,,,,,,10-May-26,100.00%,0.00%,"$126,906.90",$0.00,$0.00,
progress_updates,01-data/import_templates/activity_master.csv,185,The Big -P.01-UP-20-April-26,CON-B03-FOOT-1050,,,,,,,,,,,10-May-26,100.00%,100.00%,"$7,996,512.12","$7,996,512.12","$7,996,512.12",
progress_updates,01-data/import_templates/activity_master.csv,344,The Big -P.01-UP-20-April-26,CON-B02-BAS02-1000,,,,,,,,,,,10-May-26,100.00%,100.00%,$0.00,$0.00,$0.00,
progress_updates,01-data/import_templates/activity_master.csv,345,The Big -P.01-UP-20-April-26,CON-B02-BAS02-1010,,,,,,,,,,,10-May-26,100.00%,100.00%,"$856,371.15","$856,371.15","$856,371.15",
progress_updates,01-data/import_templates/activity_master.csv,427,The Big -P.01-UP-20-April-26,E-SUB-B04-1ST-1030,,,,,,,,,,,10-May-26,100.00%,0.00%,$0.00,$0.00,$0.00,
progress_updates,01-data/import_templates/activity_master.csv,440,The Big -P.01-UP-20-April-26,E-SUB-B02-2ND-1030,,,,,,,,,,,10-May-26,100.00%,0.00%,$0.00,$0.00,$0.00,
progress_updates,01-data/import_templates/activity_master.csv,217,The Big -P.01-UP-20-April-26,E-APP-B02-1ST-1000,,,,,,,,,,,10-May-26,100.00%,100.00%,$0.00,$0.00,$0.00,
progress_updates,01-data/import_templates/activity_master.csv,271,The Big -P.01-UP-20-April-26,E-APP-B04-GR-1000,,,,,,,,,,,10-May-26,100.00%,100.00%,$0.00,$0.00,$0.00,
progress_updates,01-data/import_templates/activity_master.csv,493,The Big -P.01-UP-20-April-26,AB-APP-B01-FOOT-1020,,,,,,,,,,,10-May-26,100.00%,0.00%,$0.00,$0.00,$0.00,
progress_updates,01-data/import_templates/activity_master.csv,494,The Big -P.01-UP-20-April-26,AB-APP-B01-FOOT-1030,,,,,,,,,,,10-May-26,100.00%,0.00%,$0.00,$0.00,$0.00,
progress_updates,01-data/import_templates/activity_master.csv,402,The Big -P.01-UP-20-April-26,P-MPOS-1080,,,,,,,,,,,10-May-26,100.00%,0.00%,$0.00,$0.00,$0.00,
progress_updates,01-data/import_templates/activity_master.csv,134,The Big -P.01-UP-20-April-26,CON-B04-FOOT-1000,,,,,,,,,,,10-May-26,100.00%,100.00%,"$606,042.00","$606,042.00","$606,042.00",
progress_updates,01-data/import_templates/activity_master.csv,362,The Big -P.01-UP-20-April-26,E-SUB-B03-3RD-1020,,,,,,,,,,,10-May-26,100.00%,0.00%,$0.00,$0.00,$0.00,
progress_updates,01-data/import_templates/activity_master.csv,370,The Big -P.01-UP-20-April-26,E-SUB-B01-3RD-1020,,,,,,,,,,,10-May-26,100.00%,0.00%,$0.00,$0.00,$0.00,
progress_updates,01-data/import_templates/activity_master.csv,399,The Big -P.01-UP-20-April-26,AB-SUB-B04-REP-1000,,,,,,,,,,,10-May-26,100.00%,0.00%,$0.00,$0.00,$0.00,
progress_updates,01-data/import_templates/activity_master.csv,147,The Big -P.01-UP-20-April-26,CON-B04-FOOT-1010,,,,,,,,,,,10-May-26,100.00%,100.00%,"$1,414,098.00","$1,414,098.00","$1,414,098.00",
progress_updates,01-data/import_templates/activity_master.csv,521,The Big -P.01-UP-20-April-26,E-APP-B01-1ST-1020,,,,,,,,,,,10-May-26,100.00%,0.00%,$0.00,$0.00,$0.00,
progress_updates,01-data/import_templates/activity_master.csv,541,The Big -P.01-UP-20-April-26,E-APP-B03-1ST-1020,,,,,,,,,,,10-May-26,100.00%,0.00%,$0.00,$0.00,$0.00,
progress_updates,01-data/import_templates/activity_master.csv,505,The Big -P.01-UP-20-April-26,AB-APP-B04-WT-1030,,,,,,,,,,,10-May-26,100.00%,0.00%,$0.00,$0.00,$0.00,
progress_updates,01-data/import_templates/activity_master.csv,149,The Big -P.01-UP-20-April-26,CON-B04-FOOT-1020,,,,,,,,,,,10-May-26,100.00%,100.00%,$0.00,$0.00,$0.00,
progress_updates,01-data/import_templates/activity_master.csv,654,The Big -P.01-UP-20-April-26,CON-B02-FOOT-1120,,,,,,,,,,,10-May-26,100.00%,0.00%,"$300,970.72",$0.00,$0.00,
progress_updates,01-data/import_templates/activity_master.csv,346,The Big -P.01-UP-20-April-26,CON-B02-BAS02-1020,,,,,,,,,,,10-May-26,100.00%,100.00%,"$125,115.80","$125,115.80","$125,115.80",
progress_updates,01-data/import_templates/activity_master.csv,161,The Big -P.01-UP-20-April-26,E-SUB-B04-2ND-1000,,,,,,,,,,,10-May-26,100.00%,100.00%,$0.00,$0.00,$0.00,
progress_updates,01-data/import_templates/activity_master.csv,218,The Big -P.01-UP-20-April-26,E-APP-B02-1ST-1010,,,,,,,,,,,10-May-26,100.00%,100.00%,$0.00,$0.00,$0.00,
progress_updates,01-data/import_templates/activity_master.csv,291,The Big -P.01-UP-20-April-26,E-APP-B04-GR-1010,,,,,,,,,,,10-May-26,100.00%,100.00%,$0.00,$0.00,$0.00,
progress_updates,01-data/import_templates/activity_master.csv,393,The Big -P.01-UP-20-April-26,AB-SUB-B04-FOOT-1000,,,,,,,,,,,10-May-26,100.00%,0.00%,$0.00,$0.00,$0.00,
progress_updates,01-data/import_templates/activity_master.csv,490,The Big -P.01-UP-20-April-26,AB-APP-B03-REP-1000,,,,,,,,,,,10-May-26,100.00%,0.00%,$0.00,$0.00,$0.00,
progress_updates,01-data/import_templates/activity_master.csv,657,The Big -P.01-UP-20-April-26,AB-SUB-B02-FOOT-1030,,,,,,,,,,,10-May-26,100.00%,0.00%,$0.00,$0.00,$0.00,
progress_updates,01-data/import_templates/activity_master.csv,190,The Big -P.01-UP-20-April-26,CON-B03-FOOT-1060,,,,,,,,,,,10-May-26,100.00%,100.00%,"$44,307.90","$44,307.90","$44,307.90",
progress_updates,01-data/import_templates/activity_master.csv,549,The Big -P.01-UP-20-April-26,CON-B04-WT-1190,,,,,,,,,,,10-May-26,100.00%,0.00%,"$283,500.00",$0.00,$0.00,
progress_updates,01-data/import_templates/activity_master.csv,437,The Big -P.01-UP-20-April-26,E-SUB-B03-3RD-1030,,,,,,,,,,,10-May-26,100.00%,0.00%,$0.00,$0.00,$0.00,
progress_updates,01-data/import_templates/activity_master.csv,444,The Big -P.01-UP-20-April-26,E-SUB-B01-3RD-1030,,,,,,,,,,,10-May-26,100.00%,0.00%,$0.00,$0.00,$0.00,
progress_updates,01-data/import_templates/activity_master.csv,553,The Big -P.01-UP-20-April-26,E-APP-B01-1ST-1030,,,,,,,,,,,10-May-26,100.00%,0.00%,$0.00,$0.00,$0.00,
progress_updates,01-data/import_templates/activity_master.csv,258,The Big -P.01-UP-20-April-26,E-APP-B01-2ND-1000,,,,,,,,,,,10-May-26,100.00%,100.00%,$0.00,$0.00,$0.00,
progress_updates,01-data/import_templates/activity_master.csv,179,The Big -P.01-UP-20-April-26,E-APP-B03-2ND-1000,,,,,,,,,,,10-May-26,100.00%,100.00%,$0.00,$0.00,$0.00,
progress_updates,01-data/import_templates/activity_master.csv,151,The Big -P.01-UP-20-April-26,CON-B04-FOOT-1030,,,,,,,,,,,10-May-26,100.00%,100.00%,"$1,133,534.97","$1,133,534.97","$1,133,534.97",
progress_updates,01-data/import_templates/activity_master.csv,578,The Big -P.01-UP-20-April-26,E-APP-B03-1ST-1030,,,,,,,,,,,10-May-26,100.00%,0.00%,$0.00,$0.00,$0.00,
progress_updates,01-data/import_templates/activity_master.csv,483,The Big -P.01-UP-20-April-26,AB-APP-B03-FOOT-1000,,,,,,,,,,,10-May-26,100.00%,0.00%,$0.00,$0.00,$0.00,
progress_updates,01-data/import_templates/activity_master.csv,191,The Big -P.01-UP-20-April-26,CON-B03-FOOT-1070,,,,,,,,,,,10-May-26,100.00%,100.00%,"$59,377.83","$59,377.83","$59,377.83",
progress_updates,01-data/import_templates/activity_master.csv,462,The Big -P.01-UP-20-April-26,P-MDEL-1160,,,,,,,,,,,10-May-26,100.00%,0.00%,$0.00,$0.00,$0.00,
progress_updates,01-data/import_templates/activity_master.csv,241,The Big -P.01-UP-20-April-26,E-SUB-B04-2ND-1010,,,,,,,,,,,10-May-26,100.00%,100.00%,$0.00,$0.00,$0.00,
progress_updates,01-data/import_templates/activity_master.csv,517,The Big -P.01-UP-20-April-26,E-APP-B02-1ST-1020,,,,,,,,,,,10-May-26,100.00%,0.00%,$0.00,$0.00,$0.00,
progress_updates,01-data/import_templates/activity_master.csv,531,The Big -P.01-UP-20-April-26,E-APP-B04-GR-1020,,,,,,,,,,,10-May-26,100.00%,0.00%,$0.00,$0.00,$0.00,
progress_updates,01-data/import_templates/activity_master.csv,482,The Big -P.01-UP-20-April-26,AB-APP-B02-FOOT-1010,,,,,,,,,,,10-May-26,100.00%,0.00%,$0.00,$0.00,$0.00,
progress_updates,01-data/import_templates/activity_master.csv,334,The Big -P.01-UP-20-April-26,CON-B04-FOOT-1040,,,,,,,,,,,10-May-26,100.00%,65.00%,"$4,333,635.39","$2,816,863.00","$2,816,863.00",
progress_updates,01-data/import_templates/activity_master.csv,76,The Big -P.01-UP-20-April-26,E-SUB-B02-3RD-1000,,,,,,,,,,,10-May-26,100.00%,100.00%,$0.00,$0.00,$0.00,
progress_updates,01-data/import_templates/activity_master.csv,199,The Big -P.01-UP-20-April-26,E-SUB-B01-4TH-1000,,,,,,,,,,,10-May-26,100.00%,100.00%,$0.00,$0.00,$0.00,
progress_updates,01-data/import_templates/activity_master.csv,226,The Big -P.01-UP-20-April-26,E-APP-B01-2ND-1010,,,,,,,,,,,10-May-26,100.00%,100.00%,$0.00,$0.00,$0.00,
progress_updates,01-data/import_templates/activity_master.csv,282,The Big -P.01-UP-20-April-26,E-APP-B03-2ND-1010,,,,,,,,,,,10-May-26,100.00%,100.00%,$0.00,$0.00,$0.00,
progress_updates,01-data/import_templates/activity_master.csv,335,The Big -P.01-UP-20-April-26,CON-B04-FOOT-1050,,,,,,,,,,,10-May-26,100.00%,65.00%,"$12,042,079.29","$7,827,351.54","$7,827,351.54",
progress_updates,01-data/import_templates/activity_master.csv,589,The Big -P.01-UP-20-April-26,CON-B01-BAS02-1030,,,,,,,,,,,10-May-26,100.00%,0.00%,"$2,444,024.52",$0.00,$0.00,
progress_updates,01-data/import_templates/activity_master.csv,353,The Big -P.01-UP-20-April-26,E-SUB-B04-2ND-1020,,,,,,,,,,,10-May-26,100.00%,0.00%,$0.00,$0.00,$0.00,
progress_updates,01-data/import_templates/activity_master.csv,556,The Big -P.01-UP-20-April-26,E-APP-B02-1ST-1030,,,,,,,,,,,10-May-26,100.00%,0.00%,$0.00,$0.00,$0.00,
progress_updates,01-data/import_templates/activity_master.csv,219,The Big -P.01-UP-20-April-26,E-APP-B02-2ND-1000,,,,,,,,,,,10-May-26,100.00%,100.00%,$0.00,$0.00,$0.00,
progress_updates,01-data/import_templates/activity_master.csv,568,The Big -P.01-UP-20-April-26,E-APP-B04-GR-1030,,,,,,,,,,,10-May-26,100.00%,0.00%,$0.00,$0.00,$0.00,
progress_updates,01-data/import_templates/activity_master.csv,273,The Big -P.01-UP-20-April-26,E-APP-B04-1ST-1000,,,,,,,,,,,10-May-26,100.00%,100.00%,$0.00,$0.00,$0.00,
progress_updates,01-data/import_templates/activity_master.csv,392,The Big -P.01-UP-20-April-26,AB-SUB-B03-FOOT-1010,,,,,,,,,,,10-May-26,100.00%,0.00%,$0.00,$0.00,$0.00,
progress_updates,01-data/import_templates/activity_master.csv,188,The Big -P.01-UP-20-April-26,CON-B03-FOOT-1080,,,,,,,,,,,10-May-26,100.00%,100.00%,"$6,714,725.63","$6,714,725.63","$6,714,725.63",
progress_updates,01-data/import_templates/activity_master.csv,67,The Big -P.01-UP-20-April-26,E-SUB-B02-3RD-1010,,,,,,,,,,,10-May-26,100.00%,100.00%,$0.00,$0.00,$0.00,
progress_updates,01-data/import_templates/activity_master.csv,92,The Big -P.01-UP-20-April-26,E-SUB-B01-4TH-1010,,,,,,,,,,,10-May-26,100.00%,100.00%,$0.00,$0.00,$0.00,
progress_updates,01-data/import_templates/activity_master.csv,522,The Big -P.01-UP-20-April-26,E-APP-B01-2ND-1020,,,,,,,,,,,10-May-26,100.00%,0.00%,$0.00,$0.00,$0.00,
progress_updates,01-data/import_templates/activity_master.csv,542,The Big -P.01-UP-20-April-26,E-APP-B03-2ND-1020,,,,,,,,,,,10-May-26,100.00%,0.00%,$0.00,$0.00,$0.00,
progress_updates,01-data/import_templates/activity_master.csv,495,The Big -P.01-UP-20-April-26,AB-APP-B02-FOOT-1020,,,,,,,,,,,10-May-26,100.00%,0.00%,$0.00,$0.00,$0.00,
progress_updates,01-data/import_templates/activity_master.csv,327,The Big -P.01-UP-20-April-26,CON-B03-FOOT-1090,,,,,,,,,,,10-May-26,100.00%,100.00%,"$103,385.10","$103,385.10","$103,385.10",
progress_updates,01-data/import_templates/activity_master.csv,406,The Big -P.01-UP-20-April-26,CON-B03-FOOT-1100,,,,,,,,,,,10-May-26,100.00%,0.00%,$0.00,$0.00,$0.00,
progress_updates,01-data/import_templates/activity_master.csv,596,The Big -P.01-UP-20-April-26,CON-B01-BAS02-1040,,,,,,,,,,,10-May-26,100.00%,0.00%,"$2,150,349.87",$0.00,$0.00,
progress_updates,01-data/import_templates/activity_master.csv,171,The Big -P.01-UP-20-April-26,E-SUB-B03-4TH-1000,,,,,,,,,,,10-May-26,100.00%,100.00%,$0.00,$0.00,$0.00,
progress_updates,01-data/import_templates/activity_master.csv,410,The Big -P.01-UP-20-April-26,AB-SUB-B03-FOOT-1020,,,,,,,,,,,10-May-26,100.00%,0.00%,$0.00,$0.00,$0.00,
progress_updates,01-data/import_templates/activity_master.csv,597,The Big -P.01-UP-20-April-26,AB-SUB-B01-BAS2-1000,,,,,,,,,,,10-May-26,100.00%,0.00%,$0.00,$0.00,$0.00,
progress_updates,01-data/import_templates/activity_master.csv,595,The Big -P.01-UP-20-April-26,AB-APP-B04-WT-1040,,,,,,,,,,,10-May-26,100.00%,0.00%,$0.00,$0.00,$0.00,
progress_updates,01-data/import_templates/activity_master.csv,428,The Big -P.01-UP-20-April-26,E-SUB-B04-2ND-1030,,,,,,,,,,,10-May-26,100.00%,0.00%,$0.00,$0.00,$0.00,
progress_updates,01-data/import_templates/activity_master.csv,220,The Big -P.01-UP-20-April-26,E-APP-B02-2ND-1010,,,,,,,,,,,10-May-26,100.00%,100.00%,$0.00,$0.00,$0.00,
progress_updates,01-data/import_templates/activity_master.csv,292,The Big -P.01-UP-20-April-26,E-APP-B04-1ST-1010,,,,,,,,,,,10-May-26,100.00%,100.00%,$0.00,$0.00,$0.00,
progress_updates,01-data/import_templates/activity_master.csv,336,The Big -P.01-UP-20-April-26,CON-B04-FOOT-1060,,,,,,,,,,,10-May-26,100.00%,65.00%,"$95,249.70","$61,912.31","$61,912.31",
progress_updates,01-data/import_templates/activity_master.csv,605,The Big -P.01-UP-20-April-26,CON-B01-BAS02-1050,,,,,,,,,,,10-May-26,100.00%,0.00%,"$16,099.20",$0.00,$0.00,
progress_updates,01-data/import_templates/activity_master.csv,366,The Big -P.01-UP-20-April-26,E-SUB-B02-3RD-1020,,,,,,,,,,,10-May-26,100.00%,0.00%,$0.00,$0.00,$0.00,
progress_updates,01-data/import_templates/activity_master.csv,371,The Big -P.01-UP-20-April-26,E-SUB-B01-4TH-1020,,,,,,,,,,,10-May-26,100.00%,0.00%,$0.00,$0.00,$0.00,
progress_updates,01-data/import_templates/activity_master.csv,560,The Big -P.01-UP-20-April-26,E-APP-B01-2ND-1030,,,,,,,,,,,10-May-26,100.00%,0.00%,$0.00,$0.00,$0.00,
progress_updates,01-data/import_templates/activity_master.csv,259,The Big -P.01-UP-20-April-26,E-APP-B01-3ED-1000,,,,,,,,,,,10-May-26,100.00%,100.00%,$0.00,$0.00,$0.00,
progress_updates,01-data/import_templates/activity_master.csv,579,The Big -P.01-UP-20-April-26,E-APP-B03-2ND-1030,,,,,,,,,,,10-May-26,100.00%,0.00%,$0.00,$0.00,$0.00,
progress_updates,01-data/import_templates/activity_master.csv,180,The Big -P.01-UP-20-April-26,E-APP-B03-3RD-1000,,,,,,,,,,,10-May-26,100.00%,100.00%,$0.00,$0.00,$0.00,
progress_updates,01-data/import_templates/activity_master.csv,606,The Big -P.01-UP-20-April-26,CON-B01-BAS02-1060,,,,,,,,,,,10-May-26,100.00%,0.00%,"$527,474.80",$0.00,$0.00,
progress_updates,01-data/import_templates/activity_master.csv,491,The Big -P.01-UP-20-April-26,AB-APP-B04-REP-1000,,,,,,,,,,,10-May-26,100.00%,0.00%,$0.00,$0.00,$0.00,
progress_updates,01-data/import_templates/activity_master.csv,337,The Big -P.01-UP-20-April-26,CON-B04-FOOT-1070,,,,,,,,,,,10-May-26,100.00%,65.00%,"$127,645.88","$82,969.82","$82,969.82",
progress_updates,01-data/import_templates/activity_master.csv,643,The Big -P.01-UP-20-April-26,CON-B03-FOOT-1110,,,,,,,,,,,10-May-26,100.00%,0.00%,"$137,661.66",$0.00,$0.00,
progress_updates,01-data/import_templates/activity_master.csv,609,The Big -P.01-UP-20-April-26,CON-B01-BAS02-1070,,,,,,,,,,,10-May-26,100.00%,0.00%,"$3,160,336.76",$0.00,$0.00,
progress_updates,01-data/import_templates/activity_master.csv,303,The Big -P.01-UP-20-April-26,CON-B03-BAS02-1000,,,,,,,,,,,10-May-26,100.00%,100.00%,$0.00,$0.00,$0.00,
progress_updates,01-data/import_templates/activity_master.csv,328,The Big -P.01-UP-20-April-26,CON-B03-BAS02-1010,,,,,,,,,,,10-May-26,100.00%,100.00%,"$1,145,012.81","$1,145,012.81","$1,145,012.81",
progress_updates,01-data/import_templates/activity_master.csv,251,The Big -P.01-UP-20-April-26,E-SUB-B03-4TH-1010,,,,,,,,,,,10-May-26,100.00%,100.00%,$0.00,$0.00,$0.00,
progress_updates,01-data/import_templates/activity_master.csv,612,The Big -P.01-UP-20-April-26,CON-B01-BAS02-1080,,,,,,,,,,,10-May-26,100.00%,0.00%,"$32,613.80",$0.00,$0.00,
progress_updates,01-data/import_templates/activity_master.csv,465,The Big -P.01-UP-20-April-26,CON-B02-BAS02-1030,,,,,,,,,,,10-May-26,100.00%,100.00%,"$187,673.71","$187,673.71","$187,673.71",
progress_updates,01-data/import_templates/activity_master.csv,162,The Big -P.01-UP-20-April-26,E-SUB-B04-3RD-1000,,,,,,,,,,,10-May-26,100.00%,100.00%,$0.00,$0.00,$0.00,
progress_updates,01-data/import_templates/activity_master.csv,200,The Big -P.01-UP-20-April-26,E-SUB-B01-5TH-1000,,,,,,,,,,,10-May-26,100.00%,100.00%,$0.00,$0.00,$0.00,
progress_updates,01-data/import_templates/activity_master.csv,518,The Big -P.01-UP-20-April-26,E-APP-B02-2ND-1020,,,,,,,,,,,10-May-26,100.00%,0.00%,$0.00,$0.00,$0.00,
progress_updates,01-data/import_templates/activity_master.csv,533,The Big -P.01-UP-20-April-26,E-APP-B04-1ST-1020,,,,,,,,,,,10-May-26,100.00%,0.00%,$0.00,$0.00,$0.00,
progress_updates,01-data/import_templates/activity_master.csv,613,The Big -P.01-UP-20-April-26,CON-B01-BAS02-1090,,,,,,,,,,,10-May-26,100.00%,0.00%,"$1,075,623.24",$0.00,$0.00,
progress_updates,01-data/import_templates/activity_master.csv,422,The Big -P.01-UP-20-April-26,AB-SUB-B04-FOOT-1010,,,,,,,,,,,10-May-26,100.00%,0.00%,$0.00,$0.00,$0.00,
progress_updates,01-data/import_templates/activity_master.csv,485,The Big -P.01-UP-20-April-26,AB-APP-B04-FOOT-1000,,,,,,,,,,,10-May-26,100.00%,0.00%,$0.00,$0.00,$0.00,
progress_updates,01-data/import_templates/activity_master.csv,700,The Big -P.01-UP-20-April-26,AB-APP-B02-FOOT-1030,,,,,,,,,,,10-May-26,100.00%,0.00%,$0.00,$0.00,$0.00,
progress_updates,01-data/import_templates/activity_master.csv,338,The Big -P.01-UP-20-April-26,CON-B04-FOOT-1080,,,,,,,,,,,10-May-26,100.00%,65.00%,"$10,111,815.91","$6,572,680.34","$6,572,680.34",
progress_updates,01-data/import_templates/activity_master.csv,441,The Big -P.01-UP-20-April-26,E-SUB-B02-3RD-1030,,,,,,,,,,,10-May-26,100.00%,0.00%,$0.00,$0.00,$0.00,
progress_updates,01-data/import_templates/activity_master.csv,445,The Big -P.01-UP-20-April-26,E-SUB-B01-4TH-1030,,,,,,,,,,,10-May-26,100.00%,0.00%,$0.00,$0.00,$0.00,
progress_updates,01-data/import_templates/activity_master.csv,227,The Big -P.01-UP-20-April-26,E-APP-B01-3ED-1010,,,,,,,,,,,10-May-26,100.00%,100.00%,$0.00,$0.00,$0.00,
progress_updates,01-data/import_templates/activity_master.csv,283,The Big -P.01-UP-20-April-26,E-APP-B03-3RD-1010,,,,,,,,,,,10-May-26,100.00%,100.00%,$0.00,$0.00,$0.00,
progress_updates,01-data/import_templates/activity_master.csv,656,The Big -P.01-UP-20-April-26,CON-B03-FOOT-1120,,,,,,,,,,,10-May-26,100.00%,0.00%,"$381,216.36",$0.00,$0.00,
progress_updates,01-data/import_templates/activity_master.csv,414,The Big -P.01-UP-20-April-26,CON-B02-BAS02-1040,,,,,,,,,,,10-May-26,100.00%,0.00%,"$1,971,584.22",$0.00,$0.00,
progress_updates,01-data/import_templates/activity_master.csv,331,The Big -P.01-UP-20-April-26,CON-B03-BAS02-1020,,,,,,,,,,,10-May-26,100.00%,100.00%,"$928,590.39","$928,590.39","$928,590.39",
progress_updates,01-data/import_templates/activity_master.csv,363,The Big -P.01-UP-20-April-26,E-SUB-B03-4TH-1020,,,,,,,,,,,10-May-26,100.00%,0.00%,$0.00,$0.00,$0.00,
progress_updates,01-data/import_templates/activity_master.csv,416,The Big -P.01-UP-20-April-26,AB-SUB-B02-BAS2-1000,,,,,,,,,,,10-May-26,100.00%,0.00%,$0.00,$0.00,$0.00,
progress_updates,01-data/import_templates/activity_master.csv,658,The Big -P.01-UP-20-April-26,AB-SUB-B03-FOOT-1030,,,,,,,,,,,10-May-26,100.00%,0.00%,$0.00,$0.00,$0.00,
progress_updates,01-data/import_templates/activity_master.csv,242,The Big -P.01-UP-20-April-26,E-SUB-B04-3RD-1010,,,,,,,,,,,10-May-26,100.00%,100.00%,$0.00,$0.00,$0.00,
progress_updates,01-data/import_templates/activity_master.csv,93,The Big -P.01-UP-20-April-26,E-SUB-B01-5TH-1010,,,,,,,,,,,10-May-26,100.00%,100.00%,$0.00,$0.00,$0.00,
progress_updates,01-data/import_templates/activity_master.csv,557,The Big -P.01-UP-20-April-26,E-APP-B02-2ND-1030,,,,,,,,,,,10-May-26,100.00%,0.00%,$0.00,$0.00,$0.00,
progress_updates,01-data/import_templates/activity_master.csv,570,The Big -P.01-UP-20-April-26,E-APP-B04-1ST-1030,,,,,,,,,,,10-May-26,100.00%,0.00%,$0.00,$0.00,$0.00,
progress_updates,01-data/import_templates/activity_master.csv,458,The Big -P.01-UP-20-April-26,AB-SUB-B04-FOOT-1020,,,,,,,,,,,10-May-26,100.00%,0.00%,$0.00,$0.00,$0.00,
progress_updates,01-data/import_templates/activity_master.csv,413,The Big -P.01-UP-20-April-26,CON-B04-FOOT-1090,,,,,,,,,,,10-May-26,100.00%,0.00%,"$222,249.30",$0.00,$0.00,
progress_updates,01-data/import_templates/activity_master.csv,457,The Big -P.01-UP-20-April-26,CON-B04-FOOT-1100,,,,,,,,,,,10-May-26,100.00%,0.00%,$0.00,$0.00,$0.00,
progress_updates,01-data/import_templates/activity_master.csv,459,The Big -P.01-UP-20-April-26,CON-B02-BAS02-1050,,,,,,,,,,,10-May-26,100.00%,0.00%,"$16,436.16",$0.00,$0.00,
progress_updates,01-data/import_templates/activity_master.csv,460,The Big -P.01-UP-20-April-26,CON-B02-BAS02-1060,,,,,,,,,,,10-May-26,100.00%,0.00%,"$1,930,616.77",$0.00,$0.00,
progress_updates,01-data/import_templates/activity_master.csv,77,The Big -P.01-UP-20-April-26,E-SUB-B02-4TH-1000,,,,,,,,,,,10-May-26,100.00%,100.00%,$0.00,$0.00,$0.00,
progress_updates,01-data/import_templates/activity_master.csv,523,The Big -P.01-UP-20-April-26,E-APP-B01-3ED-1020,,,,,,,,,,,10-May-26,100.00%,0.00%,$0.00,$0.00,$0.00,
progress_updates,01-data/import_templates/activity_master.csv,543,The Big -P.01-UP-20-April-26,E-APP-B03-3RD-1020,,,,,,,,,,,10-May-26,100.00%,0.00%,$0.00,$0.00,$0.00,
progress_updates,01-data/import_templates/activity_master.csv,382,The Big -P.01-UP-20-April-26,E-SUB-B03-SOG-1000,,,,,,,,,,,10-May-26,100.00%,0.00%,$0.00,$0.00,$0.00,
progress_updates,01-data/import_templates/activity_master.csv,438,The Big -P.01-UP-20-April-26,E-SUB-B03-4TH-1030,,,,,,,,,,,10-May-26,100.00%,0.00%,$0.00,$0.00,$0.00,
progress_updates,01-data/import_templates/activity_master.csv,642,The Big -P.01-UP-20-April-26,CON-B04-FOOT-1110,,,,,,,,,,,10-May-26,100.00%,0.00%,"$181,365.60",$0.00,$0.00,
progress_updates,01-data/import_templates/activity_master.csv,628,The Big -P.01-UP-20-April-26,CON-B01-BAS02-1100,,,,,,,,,,,10-May-26,100.00%,0.00%,"$24,148.80",$0.00,$0.00,
progress_updates,01-data/import_templates/activity_master.csv,469,The Big -P.01-UP-20-April-26,CON-B02-BAS02-1070,,,,,,,,,,,10-May-26,100.00%,0.00%,"$30,854.95",$0.00,$0.00,
progress_updates,01-data/import_templates/activity_master.csv,354,The Big -P.01-UP-20-April-26,E-SUB-B04-3RD-1020,,,,,,,,,,,10-May-26,100.00%,0.00%,$0.00,$0.00,$0.00,
progress_updates,01-data/import_templates/activity_master.csv,372,The Big -P.01-UP-20-April-26,E-SUB-B01-5TH-1020,,,,,,,,,,,10-May-26,100.00%,0.00%,$0.00,$0.00,$0.00,
progress_updates,01-data/import_templates/activity_master.csv,274,The Big -P.01-UP-20-April-26,E-APP-B04-2ND-1000,,,,,,,,,,,10-May-26,100.00%,100.00%,$0.00,$0.00,$0.00,
progress_updates,01-data/import_templates/activity_master.csv,466,The Big -P.01-UP-20-April-26,CON-B04-BAS02-1000,,,,,,,,,,,10-May-26,100.00%,0.00%,$0.00,$0.00,$0.00,
progress_updates,01-data/import_templates/activity_master.csv,467,The Big -P.01-UP-20-April-26,CON-B04-BAS02-1010,,,,,,,,,,,10-May-26,100.00%,0.00%,"$1,998,244.03",$0.00,$0.00,
progress_updates,01-data/import_templates/activity_master.csv,484,The Big -P.01-UP-20-April-26,AB-APP-B03-FOOT-1010,,,,,,,,,,,10-May-26,100.00%,0.00%,$0.00,$0.00,$0.00,
progress_updates,01-data/import_templates/activity_master.csv,68,The Big -P.01-UP-20-April-26,E-SUB-B02-4TH-1010,,,,,,,,,,,10-May-26,100.00%,100.00%,$0.00,$0.00,$0.00,
progress_updates,01-data/import_templates/activity_master.csv,561,The Big -P.01-UP-20-April-26,E-APP-B01-3ED-1030,,,,,,,,,,,10-May-26,100.00%,0.00%,$0.00,$0.00,$0.00,
progress_updates,01-data/import_templates/activity_master.csv,580,The Big -P.01-UP-20-April-26,E-APP-B03-3RD-1030,,,,,,,,,,,10-May-26,100.00%,0.00%,$0.00,$0.00,$0.00,
progress_updates,01-data/import_templates/activity_master.csv,454,The Big -P.01-UP-20-April-26,E-SUB-B03-SOG-1010,,,,,,,,,,,10-May-26,100.00%,0.00%,$0.00,$0.00,$0.00,
progress_updates,01-data/import_templates/activity_master.csv,201,The Big -P.01-UP-20-April-26,E-SUB-B01-6TH-1000,,,,,,,,,,,10-May-26,100.00%,100.00%,$0.00,$0.00,$0.00,
progress_updates,01-data/import_templates/activity_master.csv,173,The Big -P.01-UP-20-April-26,E-SUB-B03-RF-1000,,,,,,,,,,,10-May-26,100.00%,100.00%,$0.00,$0.00,$0.00,
progress_updates,01-data/import_templates/activity_master.csv,632,The Big -P.01-UP-20-April-26,CON-B01-BAS02-1110,,,,,,,,,,,10-May-26,100.00%,0.00%,"$791,212.20",$0.00,$0.00,
progress_updates,01-data/import_templates/activity_master.csv,633,The Big -P.01-UP-20-April-26,AB-SUB-B01-BAS2-1010,,,,,,,,,,,10-May-26,100.00%,0.00%,$0.00,$0.00,$0.00,
progress_updates,01-data/import_templates/activity_master.csv,634,The Big -P.01-UP-20-April-26,AB-APP-B01-BAS2-1000,,,,,,,,,,,10-May-26,100.00%,0.00%,$0.00,$0.00,$0.00,
progress_updates,01-data/import_templates/activity_master.csv,496,The Big -P.01-UP-20-April-26,AB-APP-B03-FOOT-1020,,,,,,,,,,,10-May-26,100.00%,0.00%,$0.00,$0.00,$0.00,
progress_updates,01-data/import_templates/activity_master.csv,655,The Big -P.01-UP-20-April-26,CON-B04-FOOT-1120,,,,,,,,,,,10-May-26,100.00%,0.00%,"$574,080.00",$0.00,$0.00,
progress_updates,01-data/import_templates/activity_master.csv,644,The Big -P.01-UP-20-April-26,CON-B01-BAS02-1130,,,,,,,,,,,10-May-26,100.00%,0.00%,"$3,225,524.80",$0.00,$0.00,
progress_updates,01-data/import_templates/activity_master.csv,429,The Big -P.01-UP-20-April-26,E-SUB-B04-3RD-1030,,,,,,,,,,,10-May-26,100.00%,0.00%,$0.00,$0.00,$0.00,
progress_updates,01-data/import_templates/activity_master.csv,446,The Big -P.01-UP-20-April-26,E-SUB-B01-5TH-1030,,,,,,,,,,,10-May-26,100.00%,0.00%,$0.00,$0.00,$0.00,
progress_updates,01-data/import_templates/activity_master.csv,293,The Big -P.01-UP-20-April-26,E-APP-B04-2ND-1010,,,,,,,,,,,10-May-26,100.00%,100.00%,$0.00,$0.00,$0.00,
progress_updates,01-data/import_templates/activity_master.csv,659,The Big -P.01-UP-20-April-26,AB-SUB-B04-FOOT-1030,,,,,,,,,,,10-May-26,100.00%,0.00%,$0.00,$0.00,$0.00,
progress_updates,01-data/import_templates/activity_master.csv,367,The Big -P.01-UP-20-April-26,E-SUB-B02-4TH-1020,,,,,,,,,,,10-May-26,100.00%,0.00%,$0.00,$0.00,$0.00,
progress_updates,01-data/import_templates/activity_master.csv,221,The Big -P.01-UP-20-April-26,E-APP-B02-3RD-1000,,,,,,,,,,,10-May-26,100.00%,100.00%,$0.00,$0.00,$0.00,
progress_updates,01-data/import_templates/activity_master.csv,260,The Big -P.01-UP-20-April-26,E-APP-B01-4TH-1000,,,,,,,,,,,10-May-26,100.00%,100.00%,$0.00,$0.00,$0.00,
progress_updates,01-data/import_templates/activity_master.csv,648,The Big -P.01-UP-20-April-26,AB-SUB-B01-BAS2-1020,,,,,,,,,,,10-May-26,100.00%,0.00%,$0.00,$0.00,$0.00,
progress_updates,01-data/import_templates/activity_master.csv,649,The Big -P.01-UP-20-April-26,123456,,,,,,,,,,,10-May-26,100.00%,0.00%,$0.00,$0.00,$0.00,
progress_updates,01-data/import_templates/activity_master.csv,650,The Big -P.01-UP-20-April-26,CON-B01-BAS02-1120,,,,,,,,,,,10-May-26,100.00%,0.00%,$0.00,$0.00,$0.00,
progress_updates,01-data/import_templates/activity_master.csv,94,The Big -P.01-UP-20-April-26,E-SUB-B01-6TH-1010,,,,,,,,,,,10-May-26,100.00%,100.00%,$0.00,$0.00,$0.00,
progress_updates,01-data/import_templates/activity_master.csv,377,The Big -P.01-UP-20-April-26,E-SUB-B03-RF-1010,,,,,,,,,,,10-May-26,100.00%,0.00%,$0.00,$0.00,$0.00,
progress_updates,01-data/import_templates/activity_master.csv,651,The Big -P.01-UP-20-April-26,AB-SUB-B01-BAS2-1030,,,,,,,,,,,10-May-26,100.00%,0.00%,$0.00,$0.00,$0.00,
progress_updates,01-data/import_templates/activity_master.csv,652,The Big -P.01-UP-20-April-26,AB-SUB-B01-BAS2-1040,,,,,,,,,,,10-May-26,100.00%,0.00%,$0.00,$0.00,$0.00,
progress_updates,01-data/import_templates/activity_master.csv,550,The Big -P.01-UP-20-April-26,CON-B04-WT-1200,,,,,,,,,,,10-May-26,100.00%,0.00%,"$283,500.00",$0.00,$0.00,
progress_updates,01-data/import_templates/activity_master.csv,477,The Big -P.01-UP-20-April-26,CON-B02-BAS02-1080,,,,,,,,,,,10-May-26,100.00%,0.00%,"$24,654.24",$0.00,$0.00,
progress_updates,01-data/import_templates/activity_master.csv,163,The Big -P.01-UP-20-April-26,E-SUB-B04-4TH-1000,,,,,,,,,,,10-May-26,100.00%,100.00%,$0.00,$0.00,$0.00,
progress_updates,01-data/import_templates/activity_master.csv,534,The Big -P.01-UP-20-April-26,E-APP-B04-2ND-1020,,,,,,,,,,,10-May-26,100.00%,0.00%,$0.00,$0.00,$0.00,
progress_updates,01-data/import_templates/activity_master.csv,475,The Big -P.01-UP-20-April-26,CON-B04-BAS02-1020,,,,,,,,,,,10-May-26,100.00%,0.00%,"$1,639,957.83",$0.00,$0.00,
progress_updates,01-data/import_templates/activity_master.csv,479,The Big -P.01-UP-20-April-26,AB-SUB-B02-BAS2-1010,,,,,,,,,,,10-May-26,100.00%,0.00%,$0.00,$0.00,$0.00,
progress_updates,01-data/import_templates/activity_master.csv,506,The Big -P.01-UP-20-April-26,AB-APP-B04-FOOT-1010,,,,,,,,,,,10-May-26,100.00%,0.00%,$0.00,$0.00,$0.00,
progress_updates,01-data/import_templates/activity_master.csv,661,The Big -P.01-UP-20-April-26,CON-B01-BAS01-1000,,,,,,,,,,,10-May-26,100.00%,0.00%,$0.00,$0.00,$0.00,
progress_updates,01-data/import_templates/activity_master.csv,662,The Big -P.01-UP-20-April-26,CON-B01-BAS01-1010,,,,,,,,,,,10-May-26,100.00%,0.00%,"$1,859,559.23",$0.00,$0.00,
progress_updates,01-data/import_templates/activity_master.csv,442,The Big -P.01-UP-20-April-26,E-SUB-B02-4TH-1030,,,,,,,,,,,10-May-26,100.00%,0.00%,$0.00,$0.00,$0.00,
progress_updates,01-data/import_templates/activity_master.csv,222,The Big -P.01-UP-20-April-26,E-APP-B02-3RD-1010,,,,,,,,,,,10-May-26,100.00%,100.00%,$0.00,$0.00,$0.00,
progress_updates,01-data/import_templates/activity_master.csv,228,The Big -P.01-UP-20-April-26,E-APP-B01-4TH-1010,,,,,,,,,,,10-May-26,100.00%,100.00%,$0.00,$0.00,$0.00,
progress_updates,01-data/import_templates/activity_master.csv,500,The Big -P.01-UP-20-April-26,CON-B02-BAS02-1100,,,,,,,,,,,10-May-26,100.00%,0.00%,"$1,314,389.48",$0.00,$0.00,
progress_updates,01-data/import_templates/activity_master.csv,501,The Big -P.01-UP-20-April-26,CON-B02-BAS02-1090,,,,,,,,,,,10-May-26,100.00%,0.00%,$0.00,$0.00,$0.00,
progress_updates,01-data/import_templates/activity_master.csv,340,The Big -P.01-UP-20-April-26,CON-B03-BAS02-1030,,,,,,,,,,,10-May-26,100.00%,100.00%,"$1,392,885.58","$1,392,885.58","$1,392,885.58",
progress_updates,01-data/import_templates/activity_master.csv,373,The Big -P.01-UP-20-April-26,E-SUB-B01-6TH-1020,,,,,,,,,,,10-May-26,100.00%,0.00%,$0.00,$0.00,$0.00,
progress_updates,01-data/import_templates/activity_master.csv,451,The Big -P.01-UP-20-April-26,E-SUB-B03-RF-1020,,,,,,,,,,,10-May-26,100.00%,0.00%,$0.00,$0.00,$0.00,
progress_updates,01-data/import_templates/activity_master.csv,181,The Big -P.01-UP-20-April-26,E-APP-B03-4TH-1000,,,,,,,,,,,10-May-26,100.00%,100.00%,$0.00,$0.00,$0.00,
progress_updates,01-data/import_templates/activity_master.csv,504,The Big -P.01-UP-20-April-26,AB-APP-B02-BAS2-1000,,,,,,,,,,,10-May-26,100.00%,0.00%,$0.00,$0.00,$0.00,
progress_updates,01-data/import_templates/activity_master.csv,698,The Big -P.01-UP-20-April-26,AB-APP-B03-FOOT-1030,,,,,,,,,,,10-May-26,100.00%,0.00%,$0.00,$0.00,$0.00,
progress_updates,01-data/import_templates/activity_master.csv,243,The Big -P.01-UP-20-April-26,E-SUB-B04-4TH-1010,,,,,,,,,,,10-May-26,100.00%,100.00%,$0.00,$0.00,$0.00,
progress_updates,01-data/import_templates/activity_master.csv,571,The Big -P.01-UP-20-April-26,E-APP-B04-2ND-1030,,,,,,,,,,,10-May-26,100.00%,0.00%,$0.00,$0.00,$0.00,
progress_updates,01-data/import_templates/activity_master.csv,510,The Big -P.01-UP-20-April-26,AB-APP-B04-FOOT-1020,,,,,,,,,,,10-May-26,100.00%,0.00%,$0.00,$0.00,$0.00,
progress_updates,01-data/import_templates/activity_master.csv,473,The Big -P.01-UP-20-April-26,CON-B03-BAS02-1040,,,,,,,,,,,10-May-26,100.00%,0.00%,"$1,703,595.99",$0.00,$0.00,
progress_updates,01-data/import_templates/activity_master.csv,669,The Big -P.01-UP-20-April-26,CON-B01-BAS01-1020,,,,,,,,,,,10-May-26,100.00%,0.00%,"$1,525,620.61",$0.00,$0.00,
progress_updates,01-data/import_templates/activity_master.csv,519,The Big -P.01-UP-20-April-26,E-APP-B02-3RD-1020,,,,,,,,,,,10-May-26,100.00%,0.00%,$0.00,$0.00,$0.00,
progress_updates,01-data/import_templates/activity_master.csv,524,The Big -P.01-UP-20-April-26,E-APP-B01-4TH-1020,,,,,,,,,,,10-May-26,100.00%,0.00%,$0.00,$0.00,$0.00,
progress_updates,01-data/import_templates/activity_master.csv,456,The Big -P.01-UP-20-April-26,AB-SUB-B03-BAS2-1000,,,,,,,,,,,10-May-26,100.00%,0.00%,$0.00,$0.00,$0.00,
progress_updates,01-data/import_templates/activity_master.csv,509,The Big -P.01-UP-20-April-26,AB-SUB-B04-BAS2-1000,,,,,,,,,,,10-May-26,100.00%,0.00%,$0.00,$0.00,$0.00,
progress_updates,01-data/import_templates/activity_master.csv,511,The Big -P.01-UP-20-April-26,AB-SUB-B02-BAS2-1020,,,,,,,,,,,10-May-26,100.00%,0.00%,$0.00,$0.00,$0.00,
progress_updates,01-data/import_templates/activity_master.csv,512,The Big -P.01-UP-20-April-26,AB-SUB-B02-BAS2-1030,,,,,,,,,,,10-May-26,100.00%,0.00%,$0.00,$0.00,$0.00,
progress_updates,01-data/import_templates/activity_master.csv,447,The Big -P.01-UP-20-April-26,E-SUB-B01-6TH-1030,,,,,,,,,,,10-May-26,100.00%,0.00%,$0.00,$0.00,$0.00,
progress_updates,01-data/import_templates/activity_master.csv,202,The Big -P.01-UP-20-April-26,E-SUB-B01-7TH-1000,,,,,,,,,,,10-May-26,100.00%,100.00%,$0.00,$0.00,$0.00,
progress_updates,01-data/import_templates/activity_master.csv,284,The Big -P.01-UP-20-April-26,E-APP-B03-4TH-1010,,,,,,,,,,,10-May-26,100.00%,100.00%,$0.00,$0.00,$0.00,
progress_updates,01-data/import_templates/activity_master.csv,591,The Big -P.01-UP-20-April-26,CON-B04-WT-1210,,,,,,,,,,,10-May-26,100.00%,0.00%,$0.00,$0.00,$0.00,
progress_updates,01-data/import_templates/activity_master.csv,478,The Big -P.01-UP-20-April-26,CON-B03-BAS02-1050,,,,,,,,,,,10-May-26,100.00%,0.00%,"$17,372.16",$0.00,$0.00,
progress_updates,01-data/import_templates/activity_master.csv,502,The Big -P.01-UP-20-April-26,CON-B03-BAS02-1060,,,,,,,,,,,10-May-26,100.00%,0.00%,"$1,730,165.79",$0.00,$0.00,
progress_updates,01-data/import_templates/activity_master.csv,513,The Big -P.01-UP-20-April-26,CON-B02-BAS01-1000,,,,,,,,,,,10-May-26,100.00%,0.00%,$0.00,$0.00,$0.00,
progress_updates,01-data/import_templates/activity_master.csv,514,The Big -P.01-UP-20-April-26,CON-B02-BAS01-1010,,,,,,,,,,,10-May-26,100.00%,0.00%,"$660,501.51",$0.00,$0.00,
progress_updates,01-data/import_templates/activity_master.csv,355,The Big -P.01-UP-20-April-26,E-SUB-B04-4TH-1020,,,,,,,,,,,10-May-26,100.00%,0.00%,$0.00,$0.00,$0.00,
progress_updates,01-data/import_templates/activity_master.csv,261,The Big -P.01-UP-20-April-26,E-APP-B01-5TH-1000,,,,,,,,,,,10-May-26,100.00%,100.00%,$0.00,$0.00,$0.00,
progress_updates,01-data/import_templates/activity_master.csv,275,The Big -P.01-UP-20-April-26,E-APP-B04-2RD-1000,,,,,,,,,,,10-May-26,100.00%,100.00%,$0.00,$0.00,$0.00,
progress_updates,01-data/import_templates/activity_master.csv,558,The Big -P.01-UP-20-April-26,E-APP-B02-3RD-1030,,,,,,,,,,,10-May-26,100.00%,0.00%,$0.00,$0.00,$0.00,
progress_updates,01-data/import_templates/activity_master.csv,562,The Big -P.01-UP-20-April-26,E-APP-B01-4TH-1030,,,,,,,,,,,10-May-26,100.00%,0.00%,$0.00,$0.00,$0.00,
progress_updates,01-data/import_templates/activity_master.csv,503,The Big -P.01-UP-20-April-26,CON-B03-BAS02-1070,,,,,,,,,,,10-May-26,100.00%,0.00%,"$32,613.80",$0.00,$0.00,
progress_updates,01-data/import_templates/activity_master.csv,552,The Big -P.01-UP-20-April-26,CON-B02-BAS01-1020,,,,,,,,,,,10-May-26,100.00%,0.00%,"$96,472.91",$0.00,$0.00,
progress_updates,01-data/import_templates/activity_master.csv,95,The Big -P.01-UP-20-April-26,E-SUB-B01-7TH-1010,,,,,,,,,,,10-May-26,100.00%,100.00%,$0.00,$0.00,$0.00,
progress_updates,01-data/import_templates/activity_master.csv,544,The Big -P.01-UP-20-April-26,E-APP-B03-4TH-1020,,,,,,,,,,,10-May-26,100.00%,0.00%,$0.00,$0.00,$0.00,
progress_updates,01-data/import_templates/activity_master.csv,682,The Big -P.01-UP-20-April-26,AB-APP-B01-BAS2-1010,,,,,,,,,,,10-May-26,100.00%,0.00%,$0.00,$0.00,$0.00,
progress_updates,01-data/import_templates/activity_master.csv,430,The Big -P.01-UP-20-April-26,E-SUB-B04-4TH-1030,,,,,,,,,,,10-May-26,100.00%,0.00%,$0.00,$0.00,$0.00,
progress_updates,01-data/import_templates/activity_master.csv,78,The Big -P.01-UP-20-April-26,E-SUB-B02-RF-1000,,,,,,,,,,,10-May-26,100.00%,100.00%,$0.00,$0.00,$0.00,
progress_updates,01-data/import_templates/activity_master.csv,229,The Big -P.01-UP-20-April-26,E-APP-B01-5TH-1010,,,,,,,,,,,10-May-26,100.00%,100.00%,$0.00,$0.00,$0.00,
progress_updates,01-data/import_templates/activity_master.csv,294,The Big -P.01-UP-20-April-26,E-APP-B04-2RD-1010,,,,,,,,,,,10-May-26,100.00%,100.00%,$0.00,$0.00,$0.00,
progress_updates,01-data/import_templates/activity_master.csv,699,The Big -P.01-UP-20-April-26,AB-APP-B04-FOOT-1030,,,,,,,,,,,10-May-26,100.00%,0.00%,$0.00,$0.00,$0.00,
progress_updates,01-data/import_templates/activity_master.csv,223,The Big -P.01-UP-20-April-26,E-APP-B02-4TH-1000,,,,,,,,,,,10-May-26,100.00%,100.00%,$0.00,$0.00,$0.00,
progress_updates,01-data/import_templates/activity_master.csv,586,The Big -P.01-UP-20-April-26,CON-B04-BAS02-1030,,,,,,,,,,,10-May-26,100.00%,0.00%,"$2,459,936.74",$0.00,$0.00,
progress_updates,01-data/import_templates/activity_master.csv,548,The Big -P.01-UP-20-April-26,E-APP-B03-SOG-1000,,,,,,,,,,,10-May-26,100.00%,0.00%,$0.00,$0.00,$0.00,
progress_updates,01-data/import_templates/activity_master.csv,691,The Big -P.01-UP-20-April-26,AB-APP-B01-BAS2-1020,,,,,,,,,,,10-May-26,100.00%,0.00%,$0.00,$0.00,$0.00,
progress_updates,01-data/import_templates/activity_master.csv,374,The Big -P.01-UP-20-April-26,E-SUB-B01-7TH-1020,,,,,,,,,,,10-May-26,100.00%,0.00%,$0.00,$0.00,$0.00,
progress_updates,01-data/import_templates/activity_master.csv,581,The Big -P.01-UP-20-April-26,E-APP-B03-4TH-1030,,,,,,,,,,,10-May-26,100.00%,0.00%,$0.00,$0.00,$0.00,
progress_updates,01-data/import_templates/activity_master.csv,695,The Big -P.01-UP-20-April-26,AB-APP-B01-BAS2-1030,,,,,,,,,,,10-May-26,100.00%,0.00%,$0.00,$0.00,$0.00,
progress_updates,01-data/import_templates/activity_master.csv,696,The Big -P.01-UP-20-April-26,AB-APP-B01-BAS2-1040,,,,,,,,,,,10-May-26,100.00%,0.00%,$0.00,$0.00,$0.00,
progress_updates,01-data/import_templates/activity_master.csv,378,The Big -P.01-UP-20-April-26,E-SUB-B02-RF-1010,,,,,,,,,,,10-May-26,100.00%,0.00%,$0.00,$0.00,$0.00,
progress_updates,01-data/import_templates/activity_master.csv,525,The Big -P.01-UP-20-April-26,E-APP-B01-5TH-1020,,,,,,,,,,,10-May-26,100.00%,0.00%,$0.00,$0.00,$0.00,
progress_updates,01-data/import_templates/activity_master.csv,535,The Big -P.01-UP-20-April-26,E-APP-B04-2RD-1020,,,,,,,,,,,10-May-26,100.00%,0.00%,$0.00,$0.00,$0.00,
progress_updates,01-data/import_templates/activity_master.csv,590,The Big -P.01-UP-20-April-26,CON-B04-BAS02-1040,,,,,,,,,,,10-May-26,100.00%,0.00%,"$2,076,088.44",$0.00,$0.00,
progress_updates,01-data/import_templates/activity_master.csv,593,The Big -P.01-UP-20-April-26,AB-APP-B02-BAS2-1010,,,,,,,,,,,10-May-26,100.00%,0.00%,$0.00,$0.00,$0.00,
progress_updates,01-data/import_templates/activity_master.csv,702,The Big -P.01-UP-20-April-26,CON-B01-BAS02-1140,,,,,,,,,,,10-May-26,100.00%,0.00%,$0.00,$0.00,$0.00,
progress_updates,01-data/import_templates/activity_master.csv,224,The Big -P.01-UP-20-April-26,E-APP-B02-4TH-1010,,,,,,,,,,,10-May-26,100.00%,100.00%,$0.00,$0.00,$0.00,
progress_updates,01-data/import_templates/activity_master.csv,594,The Big -P.01-UP-20-April-26,CON-B04-BAS02-1050,,,,,,,,,,,10-May-26,100.00%,0.00%,"$17,372.16",$0.00,$0.00,
progress_updates,01-data/import_templates/activity_master.csv,585,The Big -P.01-UP-20-April-26,E-APP-B03-SOG-1010,,,,,,,,,,,10-May-26,100.00%,0.00%,$0.00,$0.00,$0.00,
progress_updates,01-data/import_templates/activity_master.csv,403,The Big -P.01-UP-20-April-26,P-MPOS-1090,,,,,,,,,,,10-May-26,100.00%,0.00%,$0.00,$0.00,$0.00,
progress_updates,01-data/import_templates/activity_master.csv,551,The Big -P.01-UP-20-April-26,CON-B03-BAS02-1080,,,,,,,,,,,10-May-26,100.00%,0.00%,"$26,058.24",$0.00,$0.00,
progress_updates,01-data/import_templates/activity_master.csv,448,The Big -P.01-UP-20-April-26,E-SUB-B01-7TH-1030,,,,,,,,,,,10-May-26,100.00%,0.00%,$0.00,$0.00,$0.00,
progress_updates,01-data/import_templates/activity_master.csv,262,The Big -P.01-UP-20-April-26,E-APP-B01-6TH-1000,,,,,,,,,,,10-May-26,100.00%,100.00%,$0.00,$0.00,$0.00,
progress_updates,01-data/import_templates/activity_master.csv,182,The Big -P.01-UP-20-April-26,E-APP-B03-RF-1000,,,,,,,,,,,10-May-26,100.00%,100.00%,$0.00,$0.00,$0.00,
progress_updates,01-data/import_templates/activity_master.csv,598,The Big -P.01-UP-20-April-26,CON-B04-BAS02-1060,,,,,,,,,,,10-May-26,100.00%,0.00%,"$3,266,944.59",$0.00,$0.00,
progress_updates,01-data/import_templates/activity_master.csv,599,The Big -P.01-UP-20-April-26,CON-B04-BAS02-1070,,,,,,,,,,,10-May-26,100.00%,0.00%,"$527,474.80",$0.00,$0.00,
progress_updates,01-data/import_templates/activity_master.csv,452,The Big -P.01-UP-20-April-26,E-SUB-B02-RF-1020,,,,,,,,,,,10-May-26,100.00%,0.00%,$0.00,$0.00,$0.00,
progress_updates,01-data/import_templates/activity_master.csv,563,The Big -P.01-UP-20-April-26,E-APP-B01-5TH-1030,,,,,,,,,,,10-May-26,100.00%,0.00%,$0.00,$0.00,$0.00,
progress_updates,01-data/import_templates/activity_master.csv,572,The Big -P.01-UP-20-April-26,E-APP-B04-2RD-1030,,,,,,,,,,,10-May-26,100.00%,0.00%,$0.00,$0.00,$0.00,
progress_updates,01-data/import_templates/activity_master.csv,604,The Big -P.01-UP-20-April-26,CON-B04-BAS02-1080,,,,,,,,,,,10-May-26,100.00%,0.00%,"$21,800.21",$0.00,$0.00,
progress_updates,01-data/import_templates/activity_master.csv,419,The Big -P.01-UP-20-April-26,P-MDEL-1150,,,,,,,,,,,10-May-26,100.00%,0.00%,$0.00,$0.00,$0.00,
progress_updates,01-data/import_templates/activity_master.csv,592,The Big -P.01-UP-20-April-26,CON-B03-BAS02-1100,,,,,,,,,,,10-May-26,100.00%,0.00%,"$1,135,730.66",$0.00,$0.00,
progress_updates,01-data/import_templates/activity_master.csv,587,The Big -P.01-UP-20-April-26,CON-B03-BAS02-1090,,,,,,,,,,,10-May-26,100.00%,0.00%,$0.00,$0.00,$0.00,
progress_updates,01-data/import_templates/activity_master.csv,707,The Big -P.01-UP-20-April-26,CON-B01-BAS01-1030,,,,,,,,,,,10-May-26,100.00%,0.00%,"$2,288,430.92",$0.00,$0.00,
progress_updates,01-data/import_templates/activity_master.csv,520,The Big -P.01-UP-20-April-26,E-APP-B02-4TH-1020,,,,,,,,,,,10-May-26,100.00%,0.00%,$0.00,$0.00,$0.00,
progress_updates,01-data/import_templates/activity_master.csv,607,The Big -P.01-UP-20-April-26,CON-B04-BAS02-1090,,,,,,,,,,,10-May-26,100.00%,0.00%,"$1,075,623.24",$0.00,$0.00,
progress_updates,01-data/import_templates/activity_master.csv,588,The Big -P.01-UP-20-April-26,AB-SUB-B03-BAS2-1010,,,,,,,,,,,10-May-26,100.00%,0.00%,$0.00,$0.00,$0.00,
progress_updates,01-data/import_templates/activity_master.csv,610,The Big -P.01-UP-20-April-26,AB-APP-B02-BAS2-1020,,,,,,,,,,,10-May-26,100.00%,0.00%,$0.00,$0.00,$0.00,
progress_updates,01-data/import_templates/activity_master.csv,611,The Big -P.01-UP-20-April-26,AB-APP-B02-BAS2-1030,,,,,,,,,,,10-May-26,100.00%,0.00%,$0.00,$0.00,$0.00,
progress_updates,01-data/import_templates/activity_master.csv,508,The Big -P.01-UP-20-April-26,AB-APP-B03-BAS2-1000,,,,,,,,,,,10-May-26,100.00%,0.00%,$0.00,$0.00,$0.00,
progress_updates,01-data/import_templates/activity_master.csv,608,The Big -P.01-UP-20-April-26,AB-APP-B04-BAS2-1000,,,,,,,,,,,10-May-26,100.00%,0.00%,$0.00,$0.00,$0.00,
progress_updates,01-data/import_templates/activity_master.csv,164,The Big -P.01-UP-20-April-26,E-SUB-B04-5TH-1000,,,,,,,,,,,10-May-26,100.00%,100.00%,$0.00,$0.00,$0.00,
progress_updates,01-data/import_templates/activity_master.csv,203,The Big -P.01-UP-20-April-26,E-SUB-B01-8TH-1000,,,,,,,,,,,10-May-26,100.00%,100.00%,$0.00,$0.00,$0.00,
progress_updates,01-data/import_templates/activity_master.csv,230,The Big -P.01-UP-20-April-26,E-APP-B01-6TH-1010,,,,,,,,,,,10-May-26,100.00%,100.00%,$0.00,$0.00,$0.00,
progress_updates,01-data/import_templates/activity_master.csv,546,The Big -P.01-UP-20-April-26,E-APP-B03-RF-1010,,,,,,,,,,,10-May-26,100.00%,0.00%,$0.00,$0.00,$0.00,
progress_updates,01-data/import_templates/activity_master.csv,614,The Big -P.01-UP-20-April-26,CON-B02-BAS02-1110,,,,,,,,,,,10-May-26,100.00%,0.00%,$0.00,$0.00,$0.00,
progress_updates,01-data/import_templates/activity_master.csv,714,The Big -P.01-UP-20-April-26,CON-B01-BAS01-1040,,,,,,,,,,,10-May-26,100.00%,0.00%,"$2,342,696.03",$0.00,$0.00,
progress_updates,01-data/import_templates/activity_master.csv,600,The Big -P.01-UP-20-April-26,CON-B03-BAS01-1000,,,,,,,,,,,10-May-26,100.00%,0.00%,$0.00,$0.00,$0.00,
progress_updates,01-data/import_templates/activity_master.csv,615,The Big -P.01-UP-20-April-26,CON-B03-BAS01-1010,,,,,,,,,,,10-May-26,100.00%,0.00%,"$882,883.82",$0.00,$0.00,
progress_updates,01-data/import_templates/activity_master.csv,276,The Big -P.01-UP-20-April-26,E-APP-B04-4TH-1000,,,,,,,,,,,10-May-26,100.00%,100.00%,$0.00,$0.00,$0.00,
progress_updates,01-data/import_templates/activity_master.csv,601,The Big -P.01-UP-20-April-26,AB-SUB-B03-BAS2-1020,,,,,,,,,,,10-May-26,100.00%,0.00%,$0.00,$0.00,$0.00,
progress_updates,01-data/import_templates/activity_master.csv,602,The Big -P.01-UP-20-April-26,AB-SUB-B03-BAS2-1030,,,,,,,,,,,10-May-26,100.00%,0.00%,$0.00,$0.00,$0.00,
progress_updates,01-data/import_templates/activity_master.csv,716,The Big -P.01-UP-20-April-26,AB-SUB-B01-BAS1-1000,,,,,,,,,,,10-May-26,100.00%,0.00%,$0.00,$0.00,$0.00,
progress_updates,01-data/import_templates/activity_master.csv,559,The Big -P.01-UP-20-April-26,E-APP-B02-4TH-1030,,,,,,,,,,,10-May-26,100.00%,0.00%,$0.00,$0.00,$0.00,
progress_updates,01-data/import_templates/activity_master.csv,725,The Big -P.01-UP-20-April-26,CON-B01-BAS01-1050,,,,,,,,,,,10-May-26,100.00%,0.00%,"$16,099.20",$0.00,$0.00,
progress_updates,01-data/import_templates/activity_master.csv,726,The Big -P.01-UP-20-April-26,CON-B01-BAS01-1060,,,,,,,,,,,10-May-26,100.00%,0.00%,"$3,436,647.26",$0.00,$0.00,
progress_updates,01-data/import_templates/activity_master.csv,618,The Big -P.01-UP-20-April-26,CON-B02-BAS01-1030,,,,,,,,,,,10-May-26,100.00%,0.00%,"$144,709.37",$0.00,$0.00,
progress_updates,01-data/import_templates/activity_master.csv,244,The Big -P.01-UP-20-April-26,E-SUB-B04-5TH-1010,,,,,,,,,,,10-May-26,100.00%,100.00%,$0.00,$0.00,$0.00,
progress_updates,01-data/import_templates/activity_master.csv,96,The Big -P.01-UP-20-April-26,E-SUB-B01-8TH-1010,,,,,,,,,,,10-May-26,100.00%,100.00%,$0.00,$0.00,$0.00,
progress_updates,01-data/import_templates/activity_master.csv,526,The Big -P.01-UP-20-April-26,E-APP-B01-6TH-1020,,,,,,,,,,,10-May-26,100.00%,0.00%,$0.00,$0.00,$0.00,
progress_updates,01-data/import_templates/activity_master.csv,583,The Big -P.01-UP-20-April-26,E-APP-B03-RF-1020,,,,,,,,,,,10-May-26,100.00%,0.00%,$0.00,$0.00,$0.00,
progress_updates,01-data/import_templates/activity_master.csv,616,The Big -P.01-UP-20-April-26,CON-B04-BAS02-1100,,,,,,,,,,,10-May-26,100.00%,0.00%,"$26,058.24",$0.00,$0.00,
progress_updates,01-data/import_templates/activity_master.csv,621,The Big -P.01-UP-20-April-26,CON-B03-BAS01-1020,,,,,,,,,,,10-May-26,100.00%,0.00%,"$716,427.39",$0.00,$0.00,
progress_updates,01-data/import_templates/activity_master.csv,295,The Big -P.01-UP-20-April-26,E-APP-B04-4TH-1010,,,,,,,,,,,10-May-26,100.00%,100.00%,$0.00,$0.00,$0.00,
progress_updates,01-data/import_templates/activity_master.csv,729,The Big -P.01-UP-20-April-26,CON-B01-BAS01-1070,,,,,,,,,,,10-May-26,100.00%,0.00%,"$527,474.80",$0.00,$0.00,
progress_updates,01-data/import_templates/activity_master.csv,620,The Big -P.01-UP-20-April-26,CON-B04-BAS02-1110,,,,,,,,,,,10-May-26,100.00%,0.00%,"$791,212.20",$0.00,$0.00,
progress_updates,01-data/import_templates/activity_master.csv,623,The Big -P.01-UP-20-April-26,CON-B02-BAS01-1040,,,,,,,,,,,10-May-26,100.00%,0.00%,"$2,270,472.81",$0.00,$0.00,
progress_updates,01-data/import_templates/activity_master.csv,622,The Big -P.01-UP-20-April-26,AB-SUB-B04-BAS2-1010,,,,,,,,,,,10-May-26,100.00%,0.00%,$0.00,$0.00,$0.00,
progress_updates,01-data/import_templates/activity_master.csv,624,The Big -P.01-UP-20-April-26,AB-SUB-B02-BAS1-1000,,,,,,,,,,,10-May-26,100.00%,0.00%,$0.00,$0.00,$0.00,
progress_updates,01-data/import_templates/activity_master.csv,627,The Big -P.01-UP-20-April-26,CON-B04-BAS02-1150,,,,,,,,,,,10-May-26,100.00%,0.00%,$0.00,$0.00,$0.00,
progress_updates,01-data/import_templates/activity_master.csv,741,The Big -P.01-UP-20-April-26,CON-B01-BAS01-1080,,,,,,,,,,,10-May-26,100.00%,0.00%,"$32,613.80",$0.00,$0.00,
progress_updates,01-data/import_templates/activity_master.csv,356,The Big -P.01-UP-20-April-26,E-SUB-B04-5TH-1020,,,,,,,,,,,10-May-26,100.00%,0.00%,$0.00,$0.00,$0.00,
progress_updates,01-data/import_templates/activity_master.csv,375,The Big -P.01-UP-20-April-26,E-SUB-B01-8TH-1020,,,,,,,,,,,10-May-26,100.00%,0.00%,$0.00,$0.00,$0.00,
progress_updates,01-data/import_templates/activity_master.csv,564,The Big -P.01-UP-20-April-26,E-APP-B01-6TH-1030,,,,,,,,,,,10-May-26,100.00%,0.00%,$0.00,$0.00,$0.00,
progress_updates,01-data/import_templates/activity_master.csv,263,The Big -P.01-UP-20-April-26,E-APP-B01-7TH-1000,,,,,,,,,,,10-May-26,100.00%,100.00%,$0.00,$0.00,$0.00,
progress_updates,01-data/import_templates/activity_master.csv,743,The Big -P.01-UP-20-April-26,CON-B01-BAS01-1090,,,,,,,,,,,10-May-26,100.00%,0.00%,"$1,075,623.24",$0.00,$0.00,
progress_updates,01-data/import_templates/activity_master.csv,626,The Big -P.01-UP-20-April-26,AB-SUB-B04-BAS2-1020,,,,,,,,,,,10-May-26,100.00%,0.00%,$0.00,$0.00,$0.00,
progress_updates,01-data/import_templates/activity_master.csv,404,The Big -P.01-UP-20-April-26,P-MPOS-1100,,,,,,,,,,,10-May-26,100.00%,0.00%,$0.00,$0.00,$0.00,
progress_updates,01-data/import_templates/activity_master.csv,630,The Big -P.01-UP-20-April-26,CON-B02-BAS01-1050,,,,,,,,,,,10-May-26,100.00%,0.00%,"$16,436.16",$0.00,$0.00,
progress_updates,01-data/import_templates/activity_master.csv,631,The Big -P.01-UP-20-April-26,CON-B02-BAS01-1060,,,,,,,,,,,10-May-26,100.00%,0.00%,"$2,217,753.89",$0.00,$0.00,
progress_updates,01-data/import_templates/activity_master.csv,536,The Big -P.01-UP-20-April-26,E-APP-B04-4TH-1020,,,,,,,,,,,10-May-26,100.00%,0.00%,$0.00,$0.00,$0.00,
progress_updates,01-data/import_templates/activity_master.csv,629,The Big -P.01-UP-20-April-26,CON-B04-BAS02-1130,,,,,,,,,,,10-May-26,100.00%,0.00%,"$3,114,132.67",$0.00,$0.00,
progress_updates,01-data/import_templates/activity_master.csv,418,The Big -P.01-UP-20-April-26,P-MDEL-1130,,,,,,,,,,,10-May-26,100.00%,0.00%,$0.00,$0.00,$0.00,
progress_updates,01-data/import_templates/activity_master.csv,617,The Big -P.01-UP-20-April-26,CON-B03-BAS02-1110,,,,,,,,,,,10-May-26,100.00%,0.00%,$0.00,$0.00,$0.00,
progress_updates,01-data/import_templates/activity_master.csv,645,The Big -P.01-UP-20-April-26,CON-B02-BAS01-1070,,,,,,,,,,,10-May-26,100.00%,0.00%,"$30,854.95",$0.00,$0.00,
progress_updates,01-data/import_templates/activity_master.csv,635,The Big -P.01-UP-20-April-26,CON-B04-BAS01-1000,,,,,,,,,,,10-May-26,100.00%,0.00%,$0.00,$0.00,$0.00,
progress_updates,01-data/import_templates/activity_master.csv,636,The Big -P.01-UP-20-April-26,CON-B04-BAS01-1010,,,,,,,,,,,10-May-26,100.00%,0.00%,"$1,868,166.61",$0.00,$0.00,
progress_updates,01-data/import_templates/activity_master.csv,431,The Big -P.01-UP-20-April-26,E-SUB-B04-5TH-1030,,,,,,,,,,,10-May-26,100.00%,0.00%,$0.00,$0.00,$0.00,
progress_updates,01-data/import_templates/activity_master.csv,449,The Big -P.01-UP-20-April-26,E-SUB-B01-8TH-1030,,,,,,,,,,,10-May-26,100.00%,0.00%,$0.00,$0.00,$0.00,
progress_updates,01-data/import_templates/activity_master.csv,231,The Big -P.01-UP-20-April-26,E-APP-B01-7TH-1010,,,,,,,,,,,10-May-26,100.00%,100.00%,$0.00,$0.00,$0.00,
progress_updates,01-data/import_templates/activity_master.csv,637,The Big -P.01-UP-20-April-26,CON-B04-BAS02-1120,,,,,,,,,,,10-May-26,100.00%,0.00%,$0.00,$0.00,$0.00,
progress_updates,01-data/import_templates/activity_master.csv,302,The Big -P.01-UP-20-April-26,E-SUB-B01-SOG-1000,,,,,,,,,,,10-May-26,100.00%,100.00%,$0.00,$0.00,$0.00,
progress_updates,01-data/import_templates/activity_master.csv,638,The Big -P.01-UP-20-April-26,AB-SUB-B04-BAS2-1030,,,,,,,,,,,10-May-26,100.00%,0.00%,$0.00,$0.00,$0.00,
progress_updates,01-data/import_templates/activity_master.csv,639,The Big -P.01-UP-20-April-26,AB-SUB-B04-BAS2-1040,,,,,,,,,,,10-May-26,100.00%,0.00%,$0.00,$0.00,$0.00,
progress_updates,01-data/import_templates/activity_master.csv,666,The Big -P.01-UP-20-April-26,CON-B03-SOG-1000,,,,,,,,,,,10-May-26,100.00%,0.00%,"$228,729.82",$0.00,$0.00,
progress_updates,01-data/import_templates/activity_master.csv,233,The Big -P.01-UP-20-April-26,E-APP-B02-RF-1000,,,,,,,,,,,10-May-26,100.00%,100.00%,$0.00,$0.00,$0.00,
progress_updates,01-data/import_templates/activity_master.csv,573,The Big -P.01-UP-20-April-26,E-APP-B04-4TH-1030,,,,,,,,,,,10-May-26,100.00%,0.00%,$0.00,$0.00,$0.00,
progress_updates,01-data/import_templates/activity_master.csv,625,The Big -P.01-UP-20-April-26,AB-APP-B03-BAS2-1010,,,,,,,,,,,10-May-26,100.00%,0.00%,$0.00,$0.00,$0.00,
progress_updates,01-data/import_templates/activity_master.csv,752,The Big -P.01-UP-20-April-26,CON-B01-BAS01-1100,,,,,,,,,,,10-May-26,100.00%,0.00%,"$24,148.80",$0.00,$0.00,
progress_updates,01-data/import_templates/activity_master.csv,527,The Big -P.01-UP-20-April-26,E-APP-B01-7TH-1020,,,,,,,,,,,10-May-26,100.00%,0.00%,$0.00,$0.00,$0.00,
progress_updates,01-data/import_templates/activity_master.csv,306,The Big -P.01-UP-20-April-26,E-SUB-B01-SOG-1010,,,,,,,,,,,10-May-26,100.00%,100.00%,$0.00,$0.00,$0.00,
progress_updates,01-data/import_templates/activity_master.csv,755,The Big -P.01-UP-20-April-26,CON-B01-BAS01-1110,,,,,,,,,,,10-May-26,100.00%,0.00%,"$3,514,044.05",$0.00,$0.00,
progress_updates,01-data/import_templates/activity_master.csv,660,The Big -P.01-UP-20-April-26,CON-B04-BAS01-1020,,,,,,,,,,,10-May-26,100.00%,0.00%,"$1,532,278.45",$0.00,$0.00,
progress_updates,01-data/import_templates/activity_master.csv,165,The Big -P.01-UP-20-April-26,E-SUB-B04-6TH-1000,,,,,,,,,,,10-May-26,100.00%,100.00%,$0.00,$0.00,$0.00,
progress_updates,01-data/import_templates/activity_master.csv,204,The Big -P.01-UP-20-April-26,E-SUB-B01-RF-1000,,,,,,,,,,,10-May-26,100.00%,100.00%,$0.00,$0.00,$0.00,
progress_updates,01-data/import_templates/activity_master.csv,529,The Big -P.01-UP-20-April-26,E-APP-B02-RF-1010,,,,,,,,,,,10-May-26,100.00%,0.00%,$0.00,$0.00,$0.00,
progress_updates,01-data/import_templates/activity_master.csv,383,The Big -P.01-UP-20-April-26,E-SUB-B02-SOG-1000,,,,,,,,,,,10-May-26,100.00%,0.00%,$0.00,$0.00,$0.00,
progress_updates,01-data/import_templates/activity_master.csv,757,The Big -P.01-UP-20-April-26,AB-APP-B01-BAS1-1000,,,,,,,,,,,10-May-26,100.00%,0.00%,$0.00,$0.00,$0.00,
progress_updates,01-data/import_templates/activity_master.csv,646,The Big -P.01-UP-20-April-26,AB-APP-B03-BAS2-1020,,,,,,,,,,,10-May-26,100.00%,0.00%,$0.00,$0.00,$0.00,
progress_updates,01-data/import_templates/activity_master.csv,647,The Big -P.01-UP-20-April-26,AB-APP-B03-BAS2-1030,,,,,,,,,,,10-May-26,100.00%,0.00%,$0.00,$0.00,$0.00,
progress_updates,01-data/import_templates/activity_master.csv,759,The Big -P.01-UP-20-April-26,CON-B01-BAS01-1120,,,,,,,,,,,10-May-26,100.00%,0.00%,$0.00,$0.00,$0.00,
progress_updates,01-data/import_templates/activity_master.csv,761,The Big -P.01-UP-20-April-26,CON-B01-BAS01-1130,,,,,,,,,,,10-May-26,100.00%,0.00%,"$791,212.20",$0.00,$0.00,
progress_updates,01-data/import_templates/activity_master.csv,762,The Big -P.01-UP-20-April-26,AB-SUB-B01-BAS1-1010,,,,,,,,,,,10-May-26,100.00%,0.00%,$0.00,$0.00,$0.00,
progress_updates,01-data/import_templates/activity_master.csv,663,The Big -P.01-UP-20-April-26,CON-B02-BAS01-1080,,,,,,,,,,,10-May-26,100.00%,0.00%,"$24,654.24",$0.00,$0.00,
progress_updates,01-data/import_templates/activity_master.csv,766,The Big -P.01-UP-20-April-26,CON-B01-GR-1000,,,,,,,,,,,10-May-26,100.00%,0.00%,$0.00,$0.00,$0.00,
progress_updates,01-data/import_templates/activity_master.csv,767,The Big -P.01-UP-20-April-26,CON-B01-GR-1010,,,,,,,,,,,10-May-26,100.00%,0.00%,"$856,330.53",$0.00,$0.00,
progress_updates,01-data/import_templates/activity_master.csv,565,The Big -P.01-UP-20-April-26,E-APP-B01-7TH-1030,,,,,,,,,,,10-May-26,100.00%,0.00%,$0.00,$0.00,$0.00,
progress_updates,01-data/import_templates/activity_master.csv,769,The Big -P.01-UP-20-April-26,AB-SUB-B01-BAS1-1020,,,,,,,,,,,10-May-26,100.00%,0.00%,$0.00,$0.00,$0.00,
progress_updates,01-data/import_templates/activity_master.csv,770,The Big -P.01-UP-20-April-26,AB-SUB-B01-BAS1-1030,,,,,,,,,,,10-May-26,100.00%,0.00%,$0.00,$0.00,$0.00,
progress_updates,01-data/import_templates/activity_master.csv,665,The Big -P.01-UP-20-April-26,CON-B03-BAS01-1030,,,,,,,,,,,10-May-26,100.00%,0.00%,"$1,074,641.09",$0.00,$0.00,
progress_updates,01-data/import_templates/activity_master.csv,245,The Big -P.01-UP-20-April-26,E-SUB-B04-6TH-1010,,,,,,,,,,,10-May-26,100.00%,100.00%,$0.00,$0.00,$0.00,
progress_updates,01-data/import_templates/activity_master.csv,379,The Big -P.01-UP-20-April-26,E-SUB-B01-RF-1010,,,,,,,,,,,10-May-26,100.00%,0.00%,$0.00,$0.00,$0.00,
progress_updates,01-data/import_templates/activity_master.csv,567,The Big -P.01-UP-20-April-26,E-APP-B02-RF-1020,,,,,,,,,,,10-May-26,100.00%,0.00%,$0.00,$0.00,$0.00,
progress_updates,01-data/import_templates/activity_master.csv,455,The Big -P.01-UP-20-April-26,E-SUB-B02-SOG-1010,,,,,,,,,,,10-May-26,100.00%,0.00%,$0.00,$0.00,$0.00,
progress_updates,01-data/import_templates/activity_master.csv,773,The Big -P.01-UP-20-April-26,AB-SUB-B01-BAS1-1040,,,,,,,,,,,10-May-26,100.00%,0.00%,$0.00,$0.00,$0.00,
progress_updates,01-data/import_templates/activity_master.csv,774,The Big -P.01-UP-20-April-26,CON-B01-BAS01-1150,,,,,,,,,,,10-May-26,100.00%,0.00%,$0.00,$0.00,$0.00,
progress_updates,01-data/import_templates/activity_master.csv,670,The Big -P.01-UP-20-April-26,CON-B02-BAS01-1090,,,,,,,,,,,10-May-26,100.00%,0.00%,"$1,513,648.54",$0.00,$0.00,
progress_updates,01-data/import_templates/activity_master.csv,668,The Big -P.01-UP-20-April-26,CON-B02-BAS01-1100,,,,,,,,,,,10-May-26,100.00%,0.00%,$0.00,$0.00,$0.00,
progress_updates,01-data/import_templates/activity_master.csv,694,The Big -P.01-UP-20-April-26,CON-B03-SOG-1010,,,,,,,,,,,10-May-26,100.00%,0.00%,"$25,414.42",$0.00,$0.00,
progress_updates,01-data/import_templates/activity_master.csv,781,The Big -P.01-UP-20-April-26,CON-B01-GR-1020,,,,,,,,,,,10-May-26,100.00%,0.00%,"$467,957.00",$0.00,$0.00,
progress_updates,01-data/import_templates/activity_master.csv,671,The Big -P.01-UP-20-April-26,AB-SUB-B02-BAS1-1010,,,,,,,,,,,10-May-26,100.00%,0.00%,$0.00,$0.00,$0.00,
progress_updates,01-data/import_templates/activity_master.csv,672,The Big -P.01-UP-20-April-26,AB-APP-B02-BAS1-1000,,,,,,,,,,,10-May-26,100.00%,0.00%,$0.00,$0.00,$0.00,
progress_updates,01-data/import_templates/activity_master.csv,667,The Big -P.01-UP-20-April-26,AB-APP-B04-BAS2-1010,,,,,,,,,,,10-May-26,100.00%,0.00%,$0.00,$0.00,$0.00,
progress_updates,01-data/import_templates/activity_master.csv,674,The Big -P.01-UP-20-April-26,CON-B03-BAS01-1040,,,,,,,,,,,10-May-26,100.00%,0.00%,"$1,268,962.70",$0.00,$0.00,
progress_updates,01-data/import_templates/activity_master.csv,264,The Big -P.01-UP-20-April-26,E-APP-B01-8TH-1000,,,,,,,,,,,10-May-26,100.00%,100.00%,$0.00,$0.00,$0.00,
progress_updates,01-data/import_templates/activity_master.csv,277,The Big -P.01-UP-20-April-26,E-APP-B04-5TH-1000,,,,,,,,,,,10-May-26,100.00%,100.00%,$0.00,$0.00,$0.00,
progress_updates,01-data/import_templates/activity_master.csv,381,The Big -P.01-UP-20-April-26,E-SUB-B04-SOG-1000,,,,,,,,,,,10-May-26,100.00%,0.00%,$0.00,$0.00,$0.00,
progress_updates,01-data/import_templates/activity_master.csv,675,The Big -P.01-UP-20-April-26,AB-SUB-B03-BAS1-1000,,,,,,,,,,,10-May-26,100.00%,0.00%,$0.00,$0.00,$0.00,
progress_updates,01-data/import_templates/activity_master.csv,673,The Big -P.01-UP-20-April-26,AB-APP-B04-BAS2-1020,,,,,,,,,,,10-May-26,100.00%,0.00%,$0.00,$0.00,$0.00,
progress_updates,01-data/import_templates/activity_master.csv,676,The Big -P.01-UP-20-April-26,CON-B04-BAS01-1030,,,,,,,,,,,10-May-26,100.00%,0.00%,"$2,298,417.67",$0.00,$0.00,
progress_updates,01-data/import_templates/activity_master.csv,703,The Big -P.01-UP-20-April-26,CON-B03-SOG-1020,,,,,,,,,,,10-May-26,100.00%,0.00%,"$115,955.20",$0.00,$0.00,
progress_updates,01-data/import_templates/activity_master.csv,357,The Big -P.01-UP-20-April-26,E-SUB-B04-6TH-1020,,,,,,,,,,,10-May-26,100.00%,0.00%,$0.00,$0.00,$0.00,
progress_updates,01-data/import_templates/activity_master.csv,97,The Big -P.01-UP-20-April-26,E-SUB-B01-RF-1020,,,,,,,,,,,10-May-26,100.00%,100.00%,$0.00,$0.00,$0.00,
progress_updates,01-data/import_templates/activity_master.csv,677,The Big -P.01-UP-20-April-26,CON-B04-BAS02-1140,,,,,,,,,,,10-May-26,100.00%,0.00%,$0.00,$0.00,$0.00,
progress_updates,01-data/import_templates/activity_master.csv,678,The Big -P.01-UP-20-April-26,AB-SUB-B02-BAS1-1020,,,,,,,,,,,10-May-26,100.00%,0.00%,$0.00,$0.00,$0.00,
progress_updates,01-data/import_templates/activity_master.csv,679,The Big -P.01-UP-20-April-26,AB-SUB-B02-BAS1-1030,,,,,,,,,,,10-May-26,100.00%,0.00%,$0.00,$0.00,$0.00,
progress_updates,01-data/import_templates/activity_master.csv,681,The Big -P.01-UP-20-April-26,CON-B03-BAS01-1050,,,,,,,,,,,10-May-26,100.00%,0.00%,"$1,863,491.47",$0.00,$0.00,
progress_updates,01-data/import_templates/activity_master.csv,705,The Big -P.01-UP-20-April-26,CON-B04-SOG-1000,,,,,,,,,,,10-May-26,100.00%,0.00%,"$344,448.00",$0.00,$0.00,
progress_updates,01-data/import_templates/activity_master.csv,683,The Big -P.01-UP-20-April-26,CON-B04-BAS01-1040,,,,,,,,,,,10-May-26,100.00%,0.00%,"$2,326,995.01",$0.00,$0.00,
progress_updates,01-data/import_templates/activity_master.csv,688,The Big -P.01-UP-20-April-26,CON-B03-BAS01-1060,,,,,,,,,,,10-May-26,100.00%,0.00%,"$17,372.16",$0.00,$0.00,
progress_updates,01-data/import_templates/activity_master.csv,232,The Big -P.01-UP-20-April-26,E-APP-B01-8TH-1010,,,,,,,,,,,10-May-26,100.00%,100.00%,$0.00,$0.00,$0.00,
progress_updates,01-data/import_templates/activity_master.csv,296,The Big -P.01-UP-20-April-26,E-APP-B04-5TH-1010,,,,,,,,,,,10-May-26,100.00%,100.00%,$0.00,$0.00,$0.00,
progress_updates,01-data/import_templates/activity_master.csv,453,The Big -P.01-UP-20-April-26,E-SUB-B04-SOG-1010,,,,,,,,,,,10-May-26,100.00%,0.00%,$0.00,$0.00,$0.00,
progress_updates,01-data/import_templates/activity_master.csv,684,The Big -P.01-UP-20-April-26,CON-B04-BAS01-1050,,,,,,,,,,,10-May-26,100.00%,0.00%,"$527,474.80",$0.00,$0.00,
progress_updates,01-data/import_templates/activity_master.csv,685,The Big -P.01-UP-20-April-26,AB-SUB-B04-BAS1-1000,,,,,,,,,,,10-May-26,100.00%,0.00%,$0.00,$0.00,$0.00,
progress_updates,01-data/import_templates/activity_master.csv,686,The Big -P.01-UP-20-April-26,AB-APP-B04-BAS2-1030,,,,,,,,,,,10-May-26,100.00%,0.00%,$0.00,$0.00,$0.00,
progress_updates,01-data/import_templates/activity_master.csv,687,The Big -P.01-UP-20-April-26,AB-APP-B04-BAS2-1040,,,,,,,,,,,10-May-26,100.00%,0.00%,$0.00,$0.00,$0.00,
progress_updates,01-data/import_templates/activity_master.csv,432,The Big -P.01-UP-20-April-26,E-SUB-B04-6TH-1030,,,,,,,,,,,10-May-26,100.00%,0.00%,$0.00,$0.00,$0.00,
progress_updates,01-data/import_templates/activity_master.csv,689,The Big -P.01-UP-20-April-26,CON-B02-GR-1000,,,,,,,,,,,10-May-26,100.00%,0.00%,$0.00,$0.00,$0.00,
progress_updates,01-data/import_templates/activity_master.csv,690,The Big -P.01-UP-20-April-26,CON-B02-GR-1010,,,,,,,,,,,10-May-26,100.00%,0.00%,"$491,156.73",$0.00,$0.00,
progress_updates,01-data/import_templates/activity_master.csv,692,The Big -P.01-UP-20-April-26,CON-B04-BAS01-1060,,,,,,,,,,,10-May-26,100.00%,0.00%,"$17,372.16",$0.00,$0.00,
progress_updates,01-data/import_templates/activity_master.csv,693,The Big -P.01-UP-20-April-26,CON-B03-BAS01-1070,,,,,,,,,,,10-May-26,100.00%,0.00%,"$32,613.80",$0.00,$0.00,
progress_updates,01-data/import_templates/activity_master.csv,711,The Big -P.01-UP-20-April-26,CON-B03-SOG-1030,,,,,,,,,,,10-May-26,100.00%,0.00%,"$231,910.41",$0.00,$0.00,
progress_updates,01-data/import_templates/activity_master.csv,697,The Big -P.01-UP-20-April-26,CON-B02-GR-1020,,,,,,,,,,,10-May-26,100.00%,0.00%,"$71,724.85",$0.00,$0.00,
progress_updates,01-data/import_templates/activity_master.csv,528,The Big -P.01-UP-20-April-26,E-APP-B01-8TH-1020,,,,,,,,,,,10-May-26,100.00%,0.00%,$0.00,$0.00,$0.00,
progress_updates,01-data/import_templates/activity_master.csv,537,The Big -P.01-UP-20-April-26,E-APP-B04-5TH-1020,,,,,,,,,,,10-May-26,100.00%,0.00%,$0.00,$0.00,$0.00,
progress_updates,01-data/import_templates/activity_master.csv,701,The Big -P.01-UP-20-April-26,CON-B04-BAS01-1070,,,,,,,,,,,10-May-26,100.00%,0.00%,"$3,546,754.60",$0.00,$0.00,
progress_updates,01-data/import_templates/activity_master.csv,166,The Big -P.01-UP-20-April-26,E-SUB-B04-7TH-1000,,,,,,,,,,,10-May-26,100.00%,100.00%,$0.00,$0.00,$0.00,
progress_updates,01-data/import_templates/activity_master.csv,472,The Big -P.01-UP-20-April-26,E-APP-B04-SOG-1000,,,,,,,,,,,10-May-26,100.00%,0.00%,$0.00,$0.00,$0.00,
progress_updates,01-data/import_templates/activity_master.csv,704,The Big -P.01-UP-20-April-26,CON-B04-BAS01-1080,,,,,,,,,,,10-May-26,100.00%,0.00%,"$1,075,623.24",$0.00,$0.00,
progress_updates,01-data/import_templates/activity_master.csv,805,The Big -P.01-UP-20-April-26,AB-APP-B01-BAS1-1010,,,,,,,,,,,10-May-26,100.00%,0.00%,$0.00,$0.00,$0.00,
progress_updates,01-data/import_templates/activity_master.csv,405,The Big -P.01-UP-20-April-26,P-MPOS-1110,,,,,,,,,,,10-May-26,100.00%,0.00%,$0.00,$0.00,$0.00,
progress_updates,01-data/import_templates/activity_master.csv,728,The Big -P.01-UP-20-April-26,CON-B04-SOG-1010,,,,,,,,,,,10-May-26,100.00%,0.00%,"$38,272.00",$0.00,$0.00,
progress_updates,01-data/import_templates/activity_master.csv,806,The Big -P.01-UP-20-April-26,CON-B01-GR-1030,,,,,,,,,,,10-May-26,100.00%,0.00%,"$701,935.51",$0.00,$0.00,
progress_updates,01-data/import_templates/activity_master.csv,566,The Big -P.01-UP-20-April-26,E-APP-B01-8TH-1030,,,,,,,,,,,10-May-26,100.00%,0.00%,$0.00,$0.00,$0.00,
progress_updates,01-data/import_templates/activity_master.csv,574,The Big -P.01-UP-20-April-26,E-APP-B04-5TH-1030,,,,,,,,,,,10-May-26,100.00%,0.00%,$0.00,$0.00,$0.00,
progress_updates,01-data/import_templates/activity_master.csv,384,The Big -P.01-UP-20-April-26,E-APP-B01-SOG-1000,,,,,,,,,,,10-May-26,100.00%,0.00%,$0.00,$0.00,$0.00,
progress_updates,01-data/import_templates/activity_master.csv,811,The Big -P.01-UP-20-April-26,AB-APP-B01-BAS1-1020,,,,,,,,,,,10-May-26,100.00%,0.00%,$0.00,$0.00,$0.00,
progress_updates,01-data/import_templates/activity_master.csv,812,The Big -P.01-UP-20-April-26,AB-APP-B01-BAS1-1030,,,,,,,,,,,10-May-26,100.00%,0.00%,$0.00,$0.00,$0.00,
progress_updates,01-data/import_templates/activity_master.csv,706,The Big -P.01-UP-20-April-26,CON-B04-BAS01-1090,,,,,,,,,,,10-May-26,100.00%,0.00%,"$21,800.21",$0.00,$0.00,
progress_updates,01-data/import_templates/activity_master.csv,820,The Big -P.01-UP-20-April-26,AB-APP-B01-BAS1-1040,,,,,,,,,,,10-May-26,100.00%,0.00%,$0.00,$0.00,$0.00,
progress_updates,01-data/import_templates/activity_master.csv,417,The Big -P.01-UP-20-April-26,P-MDEL-1120,,,,,,,,,,,10-May-26,100.00%,0.00%,$0.00,$0.00,$0.00,
progress_updates,01-data/import_templates/activity_master.csv,821,The Big -P.01-UP-20-April-26,CON-B01-BAS01-1140,,,,,,,,,,,10-May-26,100.00%,0.00%,$0.00,$0.00,$0.00,
progress_updates,01-data/import_templates/activity_master.csv,708,The Big -P.01-UP-20-April-26,CON-B03-BAS01-1080,,,,,,,,,,,10-May-26,100.00%,0.00%,"$26,058.24",$0.00,$0.00,
progress_updates,01-data/import_templates/activity_master.csv,737,The Big -P.01-UP-20-April-26,CON-B04-SOG-1020,,,,,,,,,,,10-May-26,100.00%,0.00%,"$225,054.09",$0.00,$0.00,
progress_updates,01-data/import_templates/activity_master.csv,738,The Big -P.01-UP-20-April-26,CON-B03-SOG-1040,,,,,,,,,,,10-May-26,100.00%,0.00%,"$347,865.61",$0.00,$0.00,
progress_updates,01-data/import_templates/activity_master.csv,246,The Big -P.01-UP-20-April-26,E-SUB-B04-7TH-1010,,,,,,,,,,,10-May-26,100.00%,100.00%,$0.00,$0.00,$0.00,
progress_updates,01-data/import_templates/activity_master.csv,474,The Big -P.01-UP-20-April-26,E-APP-B04-SOG-1010,,,,,,,,,,,10-May-26,100.00%,0.00%,$0.00,$0.00,$0.00,
progress_updates,01-data/import_templates/activity_master.csv,822,The Big -P.01-UP-20-April-26,AB-SUB-B01-GR-1000,,,,,,,,,,,10-May-26,100.00%,0.00%,$0.00,$0.00,$0.00,
progress_updates,01-data/import_templates/activity_master.csv,709,The Big -P.01-UP-20-April-26,AB-APP-B02-BAS1-1010,,,,,,,,,,,10-May-26,100.00%,0.00%,$0.00,$0.00,$0.00,
progress_updates,01-data/import_templates/activity_master.csv,710,The Big -P.01-UP-20-April-26,CON-B03-BAS01-1090,,,,,,,,,,,10-May-26,100.00%,0.00%,"$1,903,444.06",$0.00,$0.00,
progress_updates,01-data/import_templates/activity_master.csv,385,The Big -P.01-UP-20-April-26,E-APP-B01-SOG-1010,,,,,,,,,,,10-May-26,100.00%,0.00%,$0.00,$0.00,$0.00,
progress_updates,01-data/import_templates/activity_master.csv,712,The Big -P.01-UP-20-April-26,AB-APP-B03-BAS1-1000,,,,,,,,,,,10-May-26,100.00%,0.00%,$0.00,$0.00,$0.00,
progress_updates,01-data/import_templates/activity_master.csv,713,The Big -P.01-UP-20-April-26,CON-B03-BAS01-1100,,,,,,,,,,,10-May-26,100.00%,0.00%,$0.00,$0.00,$0.00,
progress_updates,01-data/import_templates/activity_master.csv,827,The Big -P.01-UP-20-April-26,CON-B01-GR-1050,,,,,,,,,,,10-May-26,100.00%,0.00%,"$32,198.40",$0.00,$0.00,
progress_updates,01-data/import_templates/activity_master.csv,265,The Big -P.01-UP-20-April-26,E-APP-B01-RF-1000,,,,,,,,,,,10-May-26,100.00%,100.00%,$0.00,$0.00,$0.00,
progress_updates,01-data/import_templates/activity_master.csv,278,The Big -P.01-UP-20-April-26,E-APP-B04-6TH-1000,,,,,,,,,,,10-May-26,100.00%,100.00%,$0.00,$0.00,$0.00,
progress_updates,01-data/import_templates/activity_master.csv,547,The Big -P.01-UP-20-April-26,E-APP-B02-SOG-1000,,,,,,,,,,,10-May-26,100.00%,0.00%,$0.00,$0.00,$0.00,
progress_updates,01-data/import_templates/activity_master.csv,715,The Big -P.01-UP-20-April-26,AB-SUB-B03-BAS1-1010,,,,,,,,,,,10-May-26,100.00%,0.00%,$0.00,$0.00,$0.00,
progress_updates,01-data/import_templates/activity_master.csv,717,The Big -P.01-UP-20-April-26,AB-APP-B02-BAS1-1020,,,,,,,,,,,10-May-26,100.00%,0.00%,$0.00,$0.00,$0.00,
progress_updates,01-data/import_templates/activity_master.csv,718,The Big -P.01-UP-20-April-26,AB-APP-B02-BAS1-1030,,,,,,,,,,,10-May-26,100.00%,0.00%,$0.00,$0.00,$0.00,
progress_updates,01-data/import_templates/activity_master.csv,358,The Big -P.01-UP-20-April-26,E-SUB-B04-7TH-1020,,,,,,,,,,,10-May-26,100.00%,0.00%,$0.00,$0.00,$0.00,
progress_updates,01-data/import_templates/activity_master.csv,719,The Big -P.01-UP-20-April-26,AB-SUB-B03-BAS1-1020,,,,,,,,,,,10-May-26,100.00%,0.00%,$0.00,$0.00,$0.00,
progress_updates,01-data/import_templates/activity_master.csv,720,The Big -P.01-UP-20-April-26,AB-SUB-B03-BAS1-1030,,,,,,,,,,,10-May-26,100.00%,0.00%,$0.00,$0.00,$0.00,
progress_updates,01-data/import_templates/activity_master.csv,727,The Big -P.01-UP-20-April-26,CON-B02-BAS01-1110,,,,,,,,,,,10-May-26,100.00%,0.00%,$0.00,$0.00,$0.00,
progress_updates,01-data/import_templates/activity_master.csv,721,The Big -P.01-UP-20-April-26,CON-B04-BAS01-1120,,,,,,,,,,,10-May-26,100.00%,0.00%,"$3,490,492.52",$0.00,$0.00,
progress_updates,01-data/import_templates/activity_master.csv,722,The Big -P.01-UP-20-April-26,CON-B04-BAS01-1100,,,,,,,,,,,10-May-26,100.00%,0.00%,"$26,058.24",$0.00,$0.00,
progress_updates,01-data/import_templates/activity_master.csv,829,The Big -P.01-UP-20-April-26,CON-B01-GR-1070,,,,,,,,,,,10-May-26,100.00%,0.00%,"$65,227.60",$0.00,$0.00,
progress_updates,01-data/import_templates/activity_master.csv,830,The Big -P.01-UP-20-April-26,CON-B01-GR-1040,,,,,,,,,,,10-May-26,100.00%,0.00%,"$1,017,207.72",$0.00,$0.00,
progress_updates,01-data/import_templates/activity_master.csv,723,The Big -P.01-UP-20-April-26,CON-B04-BAS01-1110,,,,,,,,,,,10-May-26,100.00%,0.00%,"$791,212.20",$0.00,$0.00,
progress_updates,01-data/import_templates/activity_master.csv,724,The Big -P.01-UP-20-April-26,AB-APP-B04-BAS1-1000,,,,,,,,,,,10-May-26,100.00%,0.00%,$0.00,$0.00,$0.00,
progress_updates,01-data/import_templates/activity_master.csv,749,The Big -P.01-UP-20-April-26,CON-B04-SOG-1030,,,,,,,,,,,10-May-26,100.00%,0.00%,"$450,108.17",$0.00,$0.00,
progress_updates,01-data/import_templates/activity_master.csv,739,The Big -P.01-UP-20-April-26,CON-B03-GR-1000,,,,,,,,,,,10-May-26,100.00%,0.00%,$0.00,$0.00,$0.00,
progress_updates,01-data/import_templates/activity_master.csv,740,The Big -P.01-UP-20-April-26,CON-B03-GR-1010,,,,,,,,,,,10-May-26,100.00%,0.00%,"$656,398.89",$0.00,$0.00,
progress_updates,01-data/import_templates/activity_master.csv,530,The Big -P.01-UP-20-April-26,E-APP-B01-RF-1010,,,,,,,,,,,10-May-26,100.00%,0.00%,$0.00,$0.00,$0.00,
progress_updates,01-data/import_templates/activity_master.csv,297,The Big -P.01-UP-20-April-26,E-APP-B04-6TH-1010,,,,,,,,,,,10-May-26,100.00%,100.00%,$0.00,$0.00,$0.00,
progress_updates,01-data/import_templates/activity_master.csv,584,The Big -P.01-UP-20-April-26,E-APP-B02-SOG-1010,,,,,,,,,,,10-May-26,100.00%,0.00%,$0.00,$0.00,$0.00,
progress_updates,01-data/import_templates/activity_master.csv,833,The Big -P.01-UP-20-April-26,CON-B01-SOG-1000,,,,,,,,,,,10-May-26,100.00%,0.00%,"$372,319.76",$0.00,$0.00,
progress_updates,01-data/import_templates/activity_master.csv,730,The Big -P.01-UP-20-April-26,CON-B04-BAS01-1130,,,,,,,,,,,10-May-26,100.00%,0.00%,$0.00,$0.00,$0.00,
progress_updates,01-data/import_templates/activity_master.csv,433,The Big -P.01-UP-20-April-26,E-SUB-B04-7TH-1030,,,,,,,,,,,10-May-26,83.00%,0.00%,$0.00,$0.00,$0.00,
progress_updates,01-data/import_templates/activity_master.csv,832,The Big -P.01-UP-20-April-26,CON-B01-GR-1060,,,,,,,,,,,10-May-26,100.00%,0.00%,"$1,485,376.19",$0.00,$0.00,
progress_updates,01-data/import_templates/activity_master.csv,731,The Big -P.01-UP-20-April-26,CON-B04-GR-1000,,,,,,,,,,,10-May-26,100.00%,0.00%,$0.00,$0.00,$0.00,
progress_updates,01-data/import_templates/activity_master.csv,732,The Big -P.01-UP-20-April-26,AB-SUB-B04-BAS1-1030,,,,,,,,,,,10-May-26,83.00%,0.00%,$0.00,$0.00,$0.00,
progress_updates,01-data/import_templates/activity_master.csv,733,The Big -P.01-UP-20-April-26,AB-SUB-B04-BAS1-1040,,,,,,,,,,,10-May-26,83.00%,0.00%,$0.00,$0.00,$0.00,
progress_updates,01-data/import_templates/activity_master.csv,734,The Big -P.01-UP-20-April-26,AB-SUB-B04-BAS1-1010,,,,,,,,,,,10-May-26,83.00%,0.00%,$0.00,$0.00,$0.00,
progress_updates,01-data/import_templates/activity_master.csv,735,The Big -P.01-UP-20-April-26,AB-SUB-B04-BAS1-1020,,,,,,,,,,,10-May-26,83.00%,0.00%,$0.00,$0.00,$0.00,
progress_updates,01-data/import_templates/activity_master.csv,736,The Big -P.01-UP-20-April-26,CON-B04-BAS01-1150,,,,,,,,,,,10-May-26,100.00%,0.00%,$0.00,$0.00,$0.00,
progress_updates,01-data/import_templates/activity_master.csv,753,The Big -P.01-UP-20-April-26,CON-B03-SOG-1050,,,,,,,,,,,10-May-26,100.00%,0.00%,"$463,820.82",$0.00,$0.00,
progress_updates,01-data/import_templates/activity_master.csv,742,The Big -P.01-UP-20-April-26,CON-B02-GR-1030,,,,,,,,,,,10-May-26,100.00%,0.00%,"$107,587.28",$0.00,$0.00,
progress_updates,01-data/import_templates/activity_master.csv,745,The Big -P.01-UP-20-April-26,CON-B03-GR-1020,,,,,,,,,,,10-May-26,100.00%,0.00%,"$355,173.29",$0.00,$0.00,
progress_updates,01-data/import_templates/activity_master.csv,756,The Big -P.01-UP-20-April-26,CON-B03-SOG-1060,,,,,,,,,,,10-May-26,100.00%,0.00%,$0.00,$0.00,$0.00,
progress_updates,01-data/import_templates/activity_master.csv,835,The Big -P.01-UP-20-April-26,CON-B01-SOG-1010,,,,,,,,,,,10-May-26,100.00%,0.00%,"$41,368.86",$0.00,$0.00,
progress_updates,01-data/import_templates/activity_master.csv,744,The Big -P.01-UP-20-April-26,CON-B04-GR-1010,,,,,,,,,,,10-May-26,100.00%,0.00%,"$860,550.95",$0.00,$0.00,
progress_updates,01-data/import_templates/activity_master.csv,380,The Big -P.01-UP-20-April-26,E-APP-B01-RF-1020,,,,,,,,,,,10-May-26,100.00%,0.00%,$0.00,$0.00,$0.00,
progress_updates,01-data/import_templates/activity_master.csv,538,The Big -P.01-UP-20-April-26,E-APP-B04-6TH-1020,,,,,,,,,,,10-May-26,100.00%,0.00%,$0.00,$0.00,$0.00,
progress_updates,01-data/import_templates/activity_master.csv,167,The Big -P.01-UP-20-April-26,E-SUB-B04-8TH-1000,,,,,,,,,,,10-May-26,67.00%,100.00%,$0.00,$0.00,$0.00,
progress_updates,01-data/import_templates/activity_master.csv,746,The Big -P.01-UP-20-April-26,AB-SUB-B02-GR-1000,,,,,,,,,,,10-May-26,67.00%,0.00%,$0.00,$0.00,$0.00,
progress_updates,01-data/import_templates/activity_master.csv,765,The Big -P.01-UP-20-April-26,CON-B04-SOG-1040,,,,,,,,,,,10-May-26,73.00%,0.00%,"$495,118.99",$0.00,$0.00,
progress_updates,01-data/import_templates/activity_master.csv,748,The Big -P.01-UP-20-April-26,CON-B02-GR-1050,,,,,,,,,,,10-May-26,100.00%,0.00%,"$32,872.32",$0.00,$0.00,
progress_updates,01-data/import_templates/activity_master.csv,747,The Big -P.01-UP-20-April-26,CON-B04-GR-1020,,,,,,,,,,,10-May-26,100.00%,0.00%,"$469,909.97",$0.00,$0.00,
progress_updates,01-data/import_templates/activity_master.csv,771,The Big -P.01-UP-20-April-26,AB-SUB-B03-SOG-1000,,,,,,,,,,,10-May-26,61.00%,0.00%,$0.00,$0.00,$0.00,
progress_updates,01-data/import_templates/activity_master.csv,575,The Big -P.01-UP-20-April-26,E-APP-B04-6TH-1030,,,,,,,,,,,10-May-26,100.00%,0.00%,$0.00,$0.00,$0.00,
progress_updates,01-data/import_templates/activity_master.csv,750,The Big -P.01-UP-20-April-26,CON-B03-BAS01-1110,,,,,,,,,,,10-May-26,100.00%,0.00%,$0.00,$0.00,$0.00,
progress_updates,01-data/import_templates/activity_master.csv,247,The Big -P.01-UP-20-April-26,E-SUB-B04-8TH-1010,,,,,,,,,,,10-May-26,50.00%,100.00%,$0.00,$0.00,$0.00,
progress_updates,01-data/import_templates/activity_master.csv,846,The Big -P.01-UP-20-April-26,CON-B01-GR-1080,,,,,,,,,,,10-May-26,100.00%,0.00%,"$48,297.60",$0.00,$0.00,
progress_updates,01-data/import_templates/activity_master.csv,751,The Big -P.01-UP-20-April-26,CON-B02-GR-1070,,,,,,,,,,,10-May-26,100.00%,0.00%,"$61,713.97",$0.00,$0.00,
progress_updates,01-data/import_templates/activity_master.csv,848,The Big -P.01-UP-20-April-26,AB-APP-B01-GR-1000,,,,,,,,,,,10-May-26,75.00%,0.00%,$0.00,$0.00,$0.00,
progress_updates,01-data/import_templates/activity_master.csv,852,The Big -P.01-UP-20-April-26,CON-B02-SOG-1000,,,,,,,,,,,10-May-26,100.00%,0.00%,"$180,582.43",$0.00,$0.00,
progress_updates,01-data/import_templates/activity_master.csv,754,The Big -P.01-UP-20-April-26,CON-B02-GR-1040,,,,,,,,,,,10-May-26,80.00%,0.00%,"$1,428,272.16",$0.00,$0.00,
progress_updates,01-data/import_templates/activity_master.csv,853,The Big -P.01-UP-20-April-26,CON-B01-GR-1100,,,,,,,,,,,10-May-26,100.00%,0.00%,$0.00,$0.00,$0.00,
progress_updates,01-data/import_templates/activity_master.csv,172,The Big -P.01-UP-20-April-26,E-SUB-B04-RF-1000,,,,,,,,,,,10-May-26,39.00%,100.00%,$0.00,$0.00,$0.00,
progress_updates,01-data/import_templates/activity_master.csv,854,The Big -P.01-UP-20-April-26,AB-SUB-B01-GR-1010,,,,,,,,,,,10-May-26,39.00%,0.00%,$0.00,$0.00,$0.00,
progress_updates,01-data/import_templates/activity_master.csv,758,The Big -P.01-UP-20-April-26,AB-APP-B03-BAS1-1010,,,,,,,,,,,10-May-26,58.00%,0.00%,$0.00,$0.00,$0.00,
progress_updates,01-data/import_templates/activity_master.csv,789,The Big -P.01-UP-20-April-26,AB-SUB-B03-SOG-1010,,,,,,,,,,,10-May-26,39.00%,0.00%,$0.00,$0.00,$0.00,
progress_updates,01-data/import_templates/activity_master.csv,856,The Big -P.01-UP-20-April-26,CON-B01-SOG-1020,,,,,,,,,,,10-May-26,40.00%,0.00%,"$196,874.54",$0.00,$0.00,
progress_updates,01-data/import_templates/activity_master.csv,791,The Big -P.01-UP-20-April-26,CON-B04-SOG-1050,,,,,,,,,,,10-May-26,60.00%,0.00%,"$540,129.81",$0.00,$0.00,
progress_updates,01-data/import_templates/activity_master.csv,359,The Big -P.01-UP-20-April-26,E-SUB-B04-8TH-1020,,,,,,,,,,,10-May-26,33.00%,0.00%,$0.00,$0.00,$0.00,
progress_updates,01-data/import_templates/activity_master.csv,760,The Big -P.01-UP-20-April-26,CON-B02-GR-1060,,,,,,,,,,,10-May-26,50.00%,0.00%,"$943,942.68",$0.00,$0.00,
progress_updates,01-data/import_templates/activity_master.csv,768,The Big -P.01-UP-20-April-26,CON-B03-GR-1030,,,,,,,,,,,10-May-26,100.00%,0.00%,"$532,759.93",$0.00,$0.00,
progress_updates,01-data/import_templates/activity_master.csv,279,The Big -P.01-UP-20-April-26,E-APP-B04-7TH-1000,,,,,,,,,,,10-May-26,60.00%,100.00%,$0.00,$0.00,$0.00,
progress_updates,01-data/import_templates/activity_master.csv,763,The Big -P.01-UP-20-April-26,AB-APP-B03-BAS1-1020,,,,,,,,,,,10-May-26,50.00%,0.00%,$0.00,$0.00,$0.00,
progress_updates,01-data/import_templates/activity_master.csv,764,The Big -P.01-UP-20-April-26,AB-APP-B03-BAS1-1030,,,,,,,,,,,10-May-26,50.00%,0.00%,$0.00,$0.00,$0.00,
progress_updates,01-data/import_templates/activity_master.csv,795,The Big -P.01-UP-20-April-26,CON-B04-SOG-1060,,,,,,,,,,,10-May-26,60.00%,0.00%,$0.00,$0.00,$0.00,
progress_updates,01-data/import_templates/activity_master.csv,857,The Big -P.01-UP-20-April-26,CON-B01-GR-1090,,,,,,,,,,,10-May-26,100.00%,0.00%,"$1,525,811.58",$0.00,$0.00,
progress_updates,01-data/import_templates/activity_master.csv,376,The Big -P.01-UP-20-April-26,E-SUB-B04-RF-1010,,,,,,,,,,,10-May-26,22.00%,0.00%,$0.00,$0.00,$0.00,
progress_updates,01-data/import_templates/activity_master.csv,772,The Big -P.01-UP-20-April-26,CON-B04-GR-1030,,,,,,,,,,,10-May-26,100.00%,0.00%,"$704,864.95",$0.00,$0.00,
progress_updates,01-data/import_templates/activity_master.csv,782,The Big -P.01-UP-20-April-26,CON-B03-GR-1040,,,,,,,,,,,10-May-26,57.00%,0.00%,"$490,467.11",$0.00,$0.00,
progress_updates,01-data/import_templates/activity_master.csv,783,The Big -P.01-UP-20-April-26,AB-SUB-B03-GR-1000,,,,,,,,,,,10-May-26,22.00%,0.00%,$0.00,$0.00,$0.00,
progress_updates,01-data/import_templates/activity_master.csv,776,The Big -P.01-UP-20-April-26,CON-B04-BAS01-1140,,,,,,,,,,,10-May-26,100.00%,0.00%,$0.00,$0.00,$0.00,
progress_updates,01-data/import_templates/activity_master.csv,434,The Big -P.01-UP-20-April-26,E-SUB-B04-8TH-1030,,,,,,,,,,,10-May-26,17.00%,0.00%,$0.00,$0.00,$0.00,
progress_updates,01-data/import_templates/activity_master.csv,860,The Big -P.01-UP-20-April-26,CON-B01-1ST-1000,,,,,,,,,,,10-May-26,60.00%,0.00%,$0.00,$0.00,$0.00,
progress_updates,01-data/import_templates/activity_master.csv,298,The Big -P.01-UP-20-April-26,E-APP-B04-7TH-1010,,,,,,,,,,,10-May-26,30.00%,100.00%,$0.00,$0.00,$0.00,
progress_updates,01-data/import_templates/activity_master.csv,863,The Big -P.01-UP-20-April-26,AB-SUB-B01-GR-1020,,,,,,,,,,,10-May-26,17.00%,0.00%,$0.00,$0.00,$0.00,
progress_updates,01-data/import_templates/activity_master.csv,864,The Big -P.01-UP-20-April-26,AB-SUB-B01-GR-1030,,,,,,,,,,,10-May-26,17.00%,0.00%,$0.00,$0.00,$0.00,
progress_updates,01-data/import_templates/activity_master.csv,777,The Big -P.01-UP-20-April-26,AB-APP-B04-BAS1-1030,,,,,,,,,,,10-May-26,25.00%,0.00%,$0.00,$0.00,$0.00,
progress_updates,01-data/import_templates/activity_master.csv,778,The Big -P.01-UP-20-April-26,AB-APP-B04-BAS1-1040,,,,,,,,,,,10-May-26,25.00%,0.00%,$0.00,$0.00,$0.00,
progress_updates,01-data/import_templates/activity_master.csv,779,The Big -P.01-UP-20-April-26,AB-APP-B04-BAS1-1010,,,,,,,,,,,10-May-26,25.00%,0.00%,$0.00,$0.00,$0.00,
progress_updates,01-data/import_templates/activity_master.csv,780,The Big -P.01-UP-20-April-26,AB-APP-B04-BAS1-1020,,,,,,,,,,,10-May-26,25.00%,0.00%,$0.00,$0.00,$0.00,
progress_updates,01-data/import_templates/activity_master.csv,785,The Big -P.01-UP-20-April-26,CON-B04-GR-1040,,,,,,,,,,,10-May-26,33.00%,0.00%,"$397,521.58",$0.00,$0.00,
progress_updates,01-data/import_templates/activity_master.csv,788,The Big -P.01-UP-20-April-26,CON-B03-GR-1050,,,,,,,,,,,10-May-26,40.00%,0.00%,"$13,897.73",$0.00,$0.00,
progress_updates,01-data/import_templates/activity_master.csv,786,The Big -P.01-UP-20-April-26,AB-SUB-B04-GR-1000,,,,,,,,,,,10-May-26,11.00%,0.00%,$0.00,$0.00,$0.00,
progress_updates,01-data/import_templates/activity_master.csv,866,The Big -P.01-UP-20-April-26,CON-B02-SOG-1010,,,,,,,,,,,10-May-26,50.00%,0.00%,"$10,032.36",$0.00,$0.00,
progress_updates,01-data/import_templates/activity_master.csv,867,The Big -P.01-UP-20-April-26,CON-B01-SOG-1030,,,,,,,,,,,10-May-26,8.00%,0.00%,"$82,031.06",$0.00,$0.00,
progress_updates,01-data/import_templates/activity_master.csv,450,The Big -P.01-UP-20-April-26,E-SUB-B04-RF-1020,,,,,,,,,,,10-May-26,6.00%,0.00%,$0.00,$0.00,$0.00,
progress_updates,01-data/import_templates/activity_master.csv,787,The Big -P.01-UP-20-April-26,CON-B02-GR-1080,,,,,,,,,,,10-May-26,50.00%,0.00%,"$24,654.24",$0.00,$0.00,
progress_updates,01-data/import_templates/activity_master.csv,792,The Big -P.01-UP-20-April-26,CON-B03-GR-1060,,,,,,,,,,,10-May-26,20.00%,0.00%,"$264,398.01",$0.00,$0.00,
progress_updates,01-data/import_templates/activity_master.csv,790,The Big -P.01-UP-20-April-26,CON-B04-GR-1050,,,,,,,,,,,10-May-26,0.00%,0.00%,$0.00,$0.00,$0.00,
progress_updates,01-data/import_templates/activity_master.csv,797,The Big -P.01-UP-20-April-26,CON-B03-GR-1070,,,,,,,,,,,10-May-26,0.00%,0.00%,$0.00,$0.00,$0.00,
progress_updates,01-data/import_templates/activity_master.csv,868,The Big -P.01-UP-20-April-26,CON-B01-1ST-1010,,,,,,,,,,,10-May-26,0.00%,0.00%,$0.00,$0.00,$0.00,
progress_updates,01-data/import_templates/activity_master.csv,539,The Big -P.01-UP-20-April-26,E-APP-B04-7TH-1020,,,,,,,,,,,10-May-26,0.00%,0.00%,$0.00,$0.00,$0.00,
progress_updates,01-data/import_templates/activity_master.csv,793,The Big -P.01-UP-20-April-26,AB-APP-B02-GR-1000,,,,,,,,,,,10-May-26,0.00%,0.00%,$0.00,$0.00,$0.00,
progress_updates,01-data/import_templates/activity_master.csv,871,The Big -P.01-UP-20-April-26,CON-B02-SOG-1020,,,,,,,,,,,10-May-26,0.00%,0.00%,$0.00,$0.00,$0.00,
progress_updates,01-data/import_templates/activity_master.csv,796,The Big -P.01-UP-20-April-26,CON-B02-GR-1090,,,,,,,,,,,10-May-26,0.00%,0.00%,$0.00,$0.00,$0.00,
progress_updates,01-data/import_templates/activity_master.csv,794,The Big -P.01-UP-20-April-26,CON-B04-GR-1060,,,,,,,,,,,10-May-26,0.00%,0.00%,$0.00,$0.00,$0.00,
progress_updates,01-data/import_templates/activity_master.csv,798,The Big -P.01-UP-20-April-26,AB-SUB-B02-GR-1010,,,,,,,,,,,10-May-26,0.00%,0.00%,$0.00,$0.00,$0.00,
progress_updates,01-data/import_templates/activity_master.csv,813,The Big -P.01-UP-20-April-26,AB-APP-B03-SOG-1000,,,,,,,,,,,10-May-26,0.00%,0.00%,$0.00,$0.00,$0.00,
progress_updates,01-data/import_templates/activity_master.csv,799,The Big -P.01-UP-20-April-26,CON-B04-GR-1070,,,,,,,,,,,10-May-26,0.00%,0.00%,$0.00,$0.00,$0.00,
progress_updates,01-data/import_templates/activity_master.csv,873,The Big -P.01-UP-20-April-26,CON-B01-1ST-1020,,,,,,,,,,,10-May-26,0.00%,0.00%,$0.00,$0.00,$0.00,
progress_updates,01-data/import_templates/activity_master.csv,576,The Big -P.01-UP-20-April-26,E-APP-B04-7TH-1030,,,,,,,,,,,10-May-26,0.00%,0.00%,$0.00,$0.00,$0.00,
progress_updates,01-data/import_templates/activity_master.csv,875,The Big -P.01-UP-20-April-26,CON-B01-SOG-1040,,,,,,,,,,,10-May-26,0.00%,0.00%,$0.00,$0.00,$0.00,
progress_updates,01-data/import_templates/activity_master.csv,800,The Big -P.01-UP-20-April-26,CON-B03-GR-1080,,,,,,,,,,,10-May-26,0.00%,0.00%,$0.00,$0.00,$0.00,
progress_updates,01-data/import_templates/activity_master.csv,801,The Big -P.01-UP-20-April-26,CON-B03-GR-1090,,,,,,,,,,,10-May-26,0.00%,0.00%,$0.00,$0.00,$0.00,
progress_updates,01-data/import_templates/activity_master.csv,825,The Big -P.01-UP-20-April-26,AB-SUB-B04-SOG-1000,,,,,,,,,,,10-May-26,0.00%,0.00%,$0.00,$0.00,$0.00,
progress_updates,01-data/import_templates/activity_master.csv,826,The Big -P.01-UP-20-April-26,AB-SUB-B04-SOG-1010,,,,,,,,,,,10-May-26,0.00%,0.00%,$0.00,$0.00,$0.00,
progress_updates,01-data/import_templates/activity_master.csv,876,The Big -P.01-UP-20-April-26,AB-APP-B01-GR-1010,,,,,,,,,,,10-May-26,0.00%,0.00%,$0.00,$0.00,$0.00,
progress_updates,01-data/import_templates/activity_master.csv,828,The Big -P.01-UP-20-April-26,AB-APP-B03-SOG-1010,,,,,,,,,,,10-May-26,0.00%,0.00%,$0.00,$0.00,$0.00,
progress_updates,01-data/import_templates/activity_master.csv,804,The Big -P.01-UP-20-April-26,CON-B02-GR-1100,,,,,,,,,,,10-May-26,0.00%,0.00%,$0.00,$0.00,$0.00,
progress_updates,01-data/import_templates/activity_master.csv,802,The Big -P.01-UP-20-April-26,CON-B04-GR-1080,,,,,,,,,,,10-May-26,0.00%,0.00%,$0.00,$0.00,$0.00,
progress_updates,01-data/import_templates/activity_master.csv,803,The Big -P.01-UP-20-April-26,CON-B04-GR-1090,,,,,,,,,,,10-May-26,0.00%,0.00%,$0.00,$0.00,$0.00,
progress_updates,01-data/import_templates/activity_master.csv,807,The Big -P.01-UP-20-April-26,CON-B03-GR-1100,,,,,,,,,,,10-May-26,0.00%,0.00%,$0.00,$0.00,$0.00,
progress_updates,01-data/import_templates/activity_master.csv,280,The Big -P.01-UP-20-April-26,E-APP-B04-8TH-1000,,,,,,,,,,,10-May-26,0.00%,100.00%,$0.00,$0.00,$0.00,
progress_updates,01-data/import_templates/activity_master.csv,808,The Big -P.01-UP-20-April-26,AB-SUB-B03-GR-1010,,,,,,,,,,,10-May-26,0.00%,0.00%,$0.00,$0.00,$0.00,
progress_updates,01-data/import_templates/activity_master.csv,809,The Big -P.01-UP-20-April-26,AB-SUB-B03-GR-1020,,,,,,,,,,,10-May-26,0.00%,0.00%,$0.00,$0.00,$0.00,
progress_updates,01-data/import_templates/activity_master.csv,810,The Big -P.01-UP-20-April-26,AB-SUB-B03-GR-1030,,,,,,,,,,,10-May-26,0.00%,0.00%,$0.00,$0.00,$0.00,
progress_updates,01-data/import_templates/activity_master.csv,470,The Big -P.01-UP-20-April-26,P-MPOS-1120,,,,,,,,,,,15-Apr-26,0.00%,0.00%,$0.00,$0.00,$0.00,
progress_updates,01-data/import_templates/activity_master.csv,859,The Big -P.01-UP-20-April-26,KD-MS-1040,,,,,,,,,,,10-May-26,0.00%,0.00%,$0.00,$0.00,$0.00,
progress_updates,01-data/import_templates/activity_master.csv,814,The Big -P.01-UP-20-April-26,CON-B04-GR-1100,,,,,,,,,,,10-May-26,0.00%,0.00%,$0.00,$0.00,$0.00,
progress_updates,01-data/import_templates/activity_master.csv,815,The Big -P.01-UP-20-April-26,AB-SUB-B04-GR-1010,,,,,,,,,,,10-May-26,0.00%,0.00%,$0.00,$0.00,$0.00,
progress_updates,01-data/import_templates/activity_master.csv,816,The Big -P.01-UP-20-April-26,AB-SUB-B04-GR-1020,,,,,,,,,,,10-May-26,0.00%,0.00%,$0.00,$0.00,$0.00,
progress_updates,01-data/import_templates/activity_master.csv,817,The Big -P.01-UP-20-April-26,AB-SUB-B04-GR-1030,,,,,,,,,,,10-May-26,0.00%,0.00%,$0.00,$0.00,$0.00,
progress_updates,01-data/import_templates/activity_master.csv,818,The Big -P.01-UP-20-April-26,AB-SUB-B02-GR-1020,,,,,,,,,,,10-May-26,0.00%,0.00%,$0.00,$0.00,$0.00,
progress_updates,01-data/import_templates/activity_master.csv,819,The Big -P.01-UP-20-April-26,AB-SUB-B02-GR-1030,,,,,,,,,,,10-May-26,0.00%,0.00%,$0.00,$0.00,$0.00,
progress_updates,01-data/import_templates/activity_master.csv,823,The Big -P.01-UP-20-April-26,AB-APP-B03-GR-1000,,,,,,,,,,,10-May-26,0.00%,0.00%,$0.00,$0.00,$0.00,
progress_updates,01-data/import_templates/activity_master.csv,299,The Big -P.01-UP-20-April-26,E-APP-B04-8TH-1010,,,,,,,,,,,10-May-26,0.00%,100.00%,$0.00,$0.00,$0.00,
progress_updates,01-data/import_templates/activity_master.csv,881,The Big -P.01-UP-20-April-26,AB-APP-B01-GR-1020,,,,,,,,,,,10-May-26,0.00%,0.00%,$0.00,$0.00,$0.00,
progress_updates,01-data/import_templates/activity_master.csv,882,The Big -P.01-UP-20-April-26,AB-APP-B01-GR-1030,,,,,,,,,,,10-May-26,0.00%,0.00%,$0.00,$0.00,$0.00,
progress_updates,01-data/import_templates/activity_master.csv,883,The Big -P.01-UP-20-April-26,CON-B01-1ST-1030,,,,,,,,,,,10-May-26,0.00%,0.00%,$0.00,$0.00,$0.00,
progress_updates,01-data/import_templates/activity_master.csv,824,The Big -P.01-UP-20-April-26,AB-APP-B04-GR-1000,,,,,,,,,,,10-May-26,0.00%,0.00%,$0.00,$0.00,$0.00,
progress_updates,01-data/import_templates/activity_master.csv,886,The Big -P.01-UP-20-April-26,CON-B01-GR-1110,,,,,,,,,,,10-May-26,0.00%,0.00%,$0.00,$0.00,$0.00,
progress_updates,01-data/import_templates/activity_master.csv,887,The Big -P.01-UP-20-April-26,CON-B02-SOG-1030,,,,,,,,,,,10-May-26,0.00%,0.00%,$0.00,$0.00,$0.00,
progress_updates,01-data/import_templates/activity_master.csv,888,The Big -P.01-UP-20-April-26,CON-B01-SOG-1050,,,,,,,,,,,10-May-26,0.00%,0.00%,$0.00,$0.00,$0.00,
progress_updates,01-data/import_templates/activity_master.csv,862,The Big -P.01-UP-20-April-26,CON-B04-1ST-1000,,,,,,,,,,,10-May-26,0.00%,0.00%,$0.00,$0.00,$0.00,
progress_updates,01-data/import_templates/activity_master.csv,285,The Big -P.01-UP-20-April-26,E-APP-B04-RF-1000,,,,,,,,,,,10-May-26,0.00%,100.00%,$0.00,$0.00,$0.00,
progress_updates,01-data/import_templates/activity_master.csv,889,The Big -P.01-UP-20-April-26,CON-B01-1ST-1040,,,,,,,,,,,10-May-26,0.00%,0.00%,$0.00,$0.00,$0.00,
progress_updates,01-data/import_templates/activity_master.csv,540,The Big -P.01-UP-20-April-26,E-APP-B04-8TH-1020,,,,,,,,,,,10-May-26,0.00%,0.00%,$0.00,$0.00,$0.00,
progress_updates,01-data/import_templates/activity_master.csv,890,The Big -P.01-UP-20-April-26,AB-SUB-B01-1ST-1000,,,,,,,,,,,10-May-26,0.00%,0.00%,$0.00,$0.00,$0.00,
progress_updates,01-data/import_templates/activity_master.csv,831,The Big -P.01-UP-20-April-26,AB-APP-B02-GR-1010,,,,,,,,,,,10-May-26,0.00%,0.00%,$0.00,$0.00,$0.00,
progress_updates,01-data/import_templates/activity_master.csv,869,The Big -P.01-UP-20-April-26,CON-B04-1ST-1010,,,,,,,,,,,10-May-26,0.00%,0.00%,$0.00,$0.00,$0.00,
progress_updates,01-data/import_templates/activity_master.csv,545,The Big -P.01-UP-20-April-26,E-APP-B04-RF-1010,,,,,,,,,,,10-May-26,0.00%,0.00%,$0.00,$0.00,$0.00,
progress_updates,01-data/import_templates/activity_master.csv,577,The Big -P.01-UP-20-April-26,E-APP-B04-8TH-1030,,,,,,,,,,,10-May-26,0.00%,0.00%,$0.00,$0.00,$0.00,
progress_updates,01-data/import_templates/activity_master.csv,507,The Big -P.01-UP-20-April-26,P-MDEL-1110,,,,,,,,,,,10-May-26,0.00%,0.00%,$0.00,$0.00,$0.00,
progress_updates,01-data/import_templates/activity_master.csv,895,The Big -P.01-UP-20-April-26,CON-B01-1ST-1050,,,,,,,,,,,10-May-26,0.00%,0.00%,$0.00,$0.00,$0.00,
progress_updates,01-data/import_templates/activity_master.csv,872,The Big -P.01-UP-20-April-26,CON-B04-1ST-1020,,,,,,,,,,,10-May-26,0.00%,0.00%,$0.00,$0.00,$0.00,
progress_updates,01-data/import_templates/activity_master.csv,850,The Big -P.01-UP-20-April-26,AB-APP-B04-SOG-1000,,,,,,,,,,,10-May-26,0.00%,0.00%,$0.00,$0.00,$0.00,
progress_updates,01-data/import_templates/activity_master.csv,851,The Big -P.01-UP-20-April-26,AB-APP-B04-SOG-1010,,,,,,,,,,,10-May-26,0.00%,0.00%,$0.00,$0.00,$0.00,
progress_updates,01-data/import_templates/activity_master.csv,893,The Big -P.01-UP-20-April-26,CON-B01-SOG-1060,,,,,,,,,,,10-May-26,0.00%,0.00%,$0.00,$0.00,$0.00,
progress_updates,01-data/import_templates/activity_master.csv,582,The Big -P.01-UP-20-April-26,E-APP-B04-RF-1020,,,,,,,,,,,10-May-26,0.00%,0.00%,$0.00,$0.00,$0.00,
progress_updates,01-data/import_templates/activity_master.csv,834,The Big -P.01-UP-20-April-26,CON-B04-GR-1110,,,,,,,,,,,10-May-26,0.00%,0.00%,$0.00,$0.00,$0.00,
progress_updates,01-data/import_templates/activity_master.csv,836,The Big -P.01-UP-20-April-26,AB-APP-B03-GR-1010,,,,,,,,,,,10-May-26,0.00%,0.00%,$0.00,$0.00,$0.00,
progress_updates,01-data/import_templates/activity_master.csv,837,The Big -P.01-UP-20-April-26,AB-APP-B03-GR-1020,,,,,,,,,,,10-May-26,0.00%,0.00%,$0.00,$0.00,$0.00,
progress_updates,01-data/import_templates/activity_master.csv,838,The Big -P.01-UP-20-April-26,AB-APP-B03-GR-1030,,,,,,,,,,,10-May-26,0.00%,0.00%,$0.00,$0.00,$0.00,
progress_updates,01-data/import_templates/activity_master.csv,899,The Big -P.01-UP-20-April-26,CON-B02-SOG-1040,,,,,,,,,,,10-May-26,0.00%,0.00%,$0.00,$0.00,$0.00,
progress_updates,01-data/import_templates/activity_master.csv,900,The Big -P.01-UP-20-April-26,AB-SUB-B01-SOG-1000,,,,,,,,,,,10-May-26,0.00%,0.00%,$0.00,$0.00,$0.00,
progress_updates,01-data/import_templates/activity_master.csv,845,The Big -P.01-UP-20-April-26,CON-B03-GR-1110,,,,,,,,,,,10-May-26,0.00%,0.00%,$0.00,$0.00,$0.00,
progress_updates,01-data/import_templates/activity_master.csv,843,The Big -P.01-UP-20-April-26,AB-APP-B02-GR-1020,,,,,,,,,,,10-May-26,0.00%,0.00%,$0.00,$0.00,$0.00,
progress_updates,01-data/import_templates/activity_master.csv,844,The Big -P.01-UP-20-April-26,AB-APP-B02-GR-1030,,,,,,,,,,,10-May-26,0.00%,0.00%,$0.00,$0.00,$0.00,
progress_updates,01-data/import_templates/activity_master.csv,840,The Big -P.01-UP-20-April-26,AB-APP-B04-GR-1010,,,,,,,,,,,10-May-26,0.00%,0.00%,$0.00,$0.00,$0.00,
progress_updates,01-data/import_templates/activity_master.csv,841,The Big -P.01-UP-20-April-26,AB-APP-B04-GR-1020,,,,,,,,,,,10-May-26,0.00%,0.00%,$0.00,$0.00,$0.00,
progress_updates,01-data/import_templates/activity_master.csv,842,The Big -P.01-UP-20-April-26,AB-APP-B04-GR-1030,,,,,,,,,,,10-May-26,0.00%,0.00%,$0.00,$0.00,$0.00,
progress_updates,01-data/import_templates/activity_master.csv,847,The Big -P.01-UP-20-April-26,CON-B02-1ST-1000,,,,,,,,,,,10-May-26,0.00%,0.00%,$0.00,$0.00,$0.00,
progress_updates,01-data/import_templates/activity_master.csv,849,The Big -P.01-UP-20-April-26,CON-B02-GR-1110,,,,,,,,,,,10-May-26,0.00%,0.00%,$0.00,$0.00,$0.00,
progress_updates,01-data/import_templates/activity_master.csv,858,The Big -P.01-UP-20-April-26,CON-B03-1ST-1000,,,,,,,,,,,10-May-26,0.00%,0.00%,$0.00,$0.00,$0.00,
progress_updates,01-data/import_templates/activity_master.csv,878,The Big -P.01-UP-20-April-26,CON-B04-1ST-1030,,,,,,,,,,,10-May-26,0.00%,0.00%,$0.00,$0.00,$0.00,
progress_updates,01-data/import_templates/activity_master.csv,906,The Big -P.01-UP-20-April-26,AB-SUB-B01-SOG-1010,,,,,,,,,,,10-May-26,0.00%,0.00%,$0.00,$0.00,$0.00,
progress_updates,01-data/import_templates/activity_master.csv,855,The Big -P.01-UP-20-April-26,CON-B02-1ST-1010,,,,,,,,,,,10-May-26,0.00%,0.00%,$0.00,$0.00,$0.00,
progress_updates,01-data/import_templates/activity_master.csv,884,The Big -P.01-UP-20-April-26,CON-B04-1ST-1040,,,,,,,,,,,10-May-26,0.00%,0.00%,$0.00,$0.00,$0.00,
progress_updates,01-data/import_templates/activity_master.csv,885,The Big -P.01-UP-20-April-26,AB-SUB-B04-1ST-1000,,,,,,,,,,,10-May-26,0.00%,0.00%,$0.00,$0.00,$0.00,
progress_updates,01-data/import_templates/activity_master.csv,905,The Big -P.01-UP-20-April-26,AB-APP-B01-1ST-1000,,,,,,,,,,,10-May-26,0.00%,0.00%,$0.00,$0.00,$0.00,
progress_updates,01-data/import_templates/activity_master.csv,865,The Big -P.01-UP-20-April-26,CON-B03-1ST-1010,,,,,,,,,,,10-May-26,0.00%,0.00%,$0.00,$0.00,$0.00,
progress_updates,01-data/import_templates/activity_master.csv,908,The Big -P.01-UP-20-April-26,CON-B02-SOG-1050,,,,,,,,,,,10-May-26,0.00%,0.00%,$0.00,$0.00,$0.00,
progress_updates,01-data/import_templates/activity_master.csv,603,The Big -P.01-UP-20-April-26,P-MPOS-1130,,,,,,,,,,,15-Apr-26,0.00%,0.00%,$0.00,$0.00,$0.00,
progress_updates,01-data/import_templates/activity_master.csv,861,The Big -P.01-UP-20-April-26,CON-B02-1ST-1020,,,,,,,,,,,10-May-26,0.00%,0.00%,$0.00,$0.00,$0.00,
progress_updates,01-data/import_templates/activity_master.csv,913,The Big -P.01-UP-20-April-26,CON-B01-1ST-1060,,,,,,,,,,,10-May-26,0.00%,0.00%,$0.00,$0.00,$0.00,
progress_updates,01-data/import_templates/activity_master.csv,892,The Big -P.01-UP-20-April-26,CON-B04-1ST-1050,,,,,,,,,,,10-May-26,0.00%,0.00%,$0.00,$0.00,$0.00,
progress_updates,01-data/import_templates/activity_master.csv,874,The Big -P.01-UP-20-April-26,CON-B03-1ST-1020,,,,,,,,,,,10-May-26,0.00%,0.00%,$0.00,$0.00,$0.00,
progress_updates,01-data/import_templates/activity_master.csv,921,The Big -P.01-UP-20-April-26,CON-B02-SOG-1060,,,,,,,,,,,10-May-26,0.00%,0.00%,$0.00,$0.00,$0.00,
progress_updates,01-data/import_templates/activity_master.csv,922,The Big -P.01-UP-20-April-26,CON-B01-1ST-1070,,,,,,,,,,,10-May-26,0.00%,0.00%,$0.00,$0.00,$0.00,
progress_updates,01-data/import_templates/activity_master.csv,923,The Big -P.01-UP-20-April-26,AB-SUB-B01-1ST-1010,,,,,,,,,,,10-May-26,0.00%,0.00%,$0.00,$0.00,$0.00,
progress_updates,01-data/import_templates/activity_master.csv,924,The Big -P.01-UP-20-April-26,AB-SUB-B01-1ST-1020,,,,,,,,,,,10-May-26,0.00%,0.00%,$0.00,$0.00,$0.00,
progress_updates,01-data/import_templates/activity_master.csv,925,The Big -P.01-UP-20-April-26,AB-SUB-B01-1ST-1030,,,,,,,,,,,10-May-26,0.00%,0.00%,$0.00,$0.00,$0.00,
progress_updates,01-data/import_templates/activity_master.csv,927,The Big -P.01-UP-20-April-26,AB-APP-B01-SOG-1000,,,,,,,,,,,10-May-26,0.00%,0.00%,$0.00,$0.00,$0.00,
progress_updates,01-data/import_templates/activity_master.csv,926,The Big -P.01-UP-20-April-26,CON-B01-2ND-1000,,,,,,,,,,,10-May-26,0.00%,0.00%,$0.00,$0.00,$0.00,
progress_updates,01-data/import_templates/activity_master.csv,929,The Big -P.01-UP-20-April-26,CON-B01-2ND-1010,,,,,,,,,,,10-May-26,0.00%,0.00%,$0.00,$0.00,$0.00,
progress_updates,01-data/import_templates/activity_master.csv,932,The Big -P.01-UP-20-April-26,AB-APP-B01-SOG-1010,,,,,,,,,,,10-May-26,0.00%,0.00%,$0.00,$0.00,$0.00,
progress_updates,01-data/import_templates/activity_master.csv,903,The Big -P.01-UP-20-April-26,AB-APP-B04-1ST-1000,,,,,,,,,,,10-May-26,0.00%,0.00%,$0.00,$0.00,$0.00,
progress_updates,01-data/import_templates/activity_master.csv,933,The Big -P.01-UP-20-April-26,CON-B01-2ND-1020,,,,,,,,,,,10-May-26,0.00%,0.00%,$0.00,$0.00,$0.00,
progress_updates,01-data/import_templates/activity_master.csv,877,The Big -P.01-UP-20-April-26,CON-B02-1ST-1030,,,,,,,,,,,10-May-26,0.00%,0.00%,$0.00,$0.00,$0.00,
progress_updates,01-data/import_templates/activity_master.csv,904,The Big -P.01-UP-20-April-26,CON-B04-1ST-1060,,,,,,,,,,,10-May-26,0.00%,0.00%,$0.00,$0.00,$0.00,
progress_updates,01-data/import_templates/activity_master.csv,945,The Big -P.01-UP-20-April-26,AB-SUB-B02-SOG-1000,,,,,,,,,,,10-May-26,0.00%,0.00%,$0.00,$0.00,$0.00,
progress_updates,01-data/import_templates/activity_master.csv,946,The Big -P.01-UP-20-April-26,AB-SUB-B02-SOG-1010,,,,,,,,,,,10-May-26,0.00%,0.00%,$0.00,$0.00,$0.00,
progress_updates,01-data/import_templates/activity_master.csv,879,The Big -P.01-UP-20-April-26,CON-B02-1ST-1040,,,,,,,,,,,10-May-26,0.00%,0.00%,$0.00,$0.00,$0.00,
progress_updates,01-data/import_templates/activity_master.csv,880,The Big -P.01-UP-20-April-26,AB-SUB-B02-1ST-1000,,,,,,,,,,,10-May-26,0.00%,0.00%,$0.00,$0.00,$0.00,
progress_updates,01-data/import_templates/activity_master.csv,894,The Big -P.01-UP-20-April-26,CON-B03-1ST-1030,,,,,,,,,,,10-May-26,0.00%,0.00%,$0.00,$0.00,$0.00,
progress_updates,01-data/import_templates/activity_master.csv,909,The Big -P.01-UP-20-April-26,CON-B04-1ST-1070,,,,,,,,,,,10-May-26,0.00%,0.00%,$0.00,$0.00,$0.00,
progress_updates,01-data/import_templates/activity_master.csv,910,The Big -P.01-UP-20-April-26,AB-SUB-B04-1ST-1010,,,,,,,,,,,10-May-26,0.00%,0.00%,$0.00,$0.00,$0.00,
progress_updates,01-data/import_templates/activity_master.csv,911,The Big -P.01-UP-20-April-26,AB-SUB-B04-1ST-1020,,,,,,,,,,,10-May-26,0.00%,0.00%,$0.00,$0.00,$0.00,
progress_updates,01-data/import_templates/activity_master.csv,912,The Big -P.01-UP-20-April-26,AB-SUB-B04-1ST-1030,,,,,,,,,,,10-May-26,0.00%,0.00%,$0.00,$0.00,$0.00,
progress_updates,01-data/import_templates/activity_master.csv,951,The Big -P.01-UP-20-April-26,CON-B01-1ST-1080,,,,,,,,,,,10-May-26,0.00%,0.00%,$0.00,$0.00,$0.00,
progress_updates,01-data/import_templates/activity_master.csv,891,The Big -P.01-UP-20-April-26,CON-B02-1ST-1050,,,,,,,,,,,10-May-26,0.00%,0.00%,$0.00,$0.00,$0.00,
progress_updates,01-data/import_templates/activity_master.csv,896,The Big -P.01-UP-20-April-26,CON-B03-1ST-1040,,,,,,,,,,,10-May-26,0.00%,0.00%,$0.00,$0.00,$0.00,
progress_updates,01-data/import_templates/activity_master.csv,920,The Big -P.01-UP-20-April-26,CON-B04-2ND-1000,,,,,,,,,,,10-May-26,0.00%,0.00%,$0.00,$0.00,$0.00,
progress_updates,01-data/import_templates/activity_master.csv,897,The Big -P.01-UP-20-April-26,AB-SUB-B03-1ST-1000,,,,,,,,,,,10-May-26,0.00%,0.00%,$0.00,$0.00,$0.00,
progress_updates,01-data/import_templates/activity_master.csv,952,The Big -P.01-UP-20-April-26,AB-APP-B01-1ST-1010,,,,,,,,,,,10-May-26,0.00%,0.00%,$0.00,$0.00,$0.00,
progress_updates,01-data/import_templates/activity_master.csv,953,The Big -P.01-UP-20-April-26,AB-APP-B01-1ST-1020,,,,,,,,,,,10-May-26,0.00%,0.00%,$0.00,$0.00,$0.00,
progress_updates,01-data/import_templates/activity_master.csv,954,The Big -P.01-UP-20-April-26,AB-APP-B01-1ST-1030,,,,,,,,,,,10-May-26,0.00%,0.00%,$0.00,$0.00,$0.00,
progress_updates,01-data/import_templates/activity_master.csv,955,The Big -P.01-UP-20-April-26,CON-B01-2ND-1030,,,,,,,,,,,10-May-26,0.00%,0.00%,$0.00,$0.00,$0.00,
progress_updates,01-data/import_templates/activity_master.csv,664,The Big -P.01-UP-20-April-26,P-MDEL-1100,,,,,,,,,,,10-May-26,0.00%,0.00%,$0.00,$0.00,$0.00,
progress_updates,01-data/import_templates/activity_master.csv,960,The Big -P.01-UP-20-April-26,CON-B01-2ND-1040,,,,,,,,,,,10-May-26,0.00%,0.00%,$0.00,$0.00,$0.00,
progress_updates,01-data/import_templates/activity_master.csv,928,The Big -P.01-UP-20-April-26,CON-B04-2ND-1010,,,,,,,,,,,10-May-26,0.00%,0.00%,$0.00,$0.00,$0.00,
progress_updates,01-data/import_templates/activity_master.csv,961,The Big -P.01-UP-20-April-26,AB-SUB-B01-2ND-1000,,,,,,,,,,,10-May-26,0.00%,0.00%,$0.00,$0.00,$0.00,
progress_updates,01-data/import_templates/activity_master.csv,901,The Big -P.01-UP-20-April-26,CON-B03-1ST-1050,,,,,,,,,,,10-May-26,0.00%,0.00%,$0.00,$0.00,$0.00,
progress_updates,01-data/import_templates/activity_master.csv,680,The Big -P.01-UP-20-April-26,P-MPOS-1140,,,,,,,,,,,15-Apr-26,0.00%,0.00%,$0.00,$0.00,$0.00,
progress_updates,01-data/import_templates/activity_master.csv,931,The Big -P.01-UP-20-April-26,CON-B04-2ND-1020,,,,,,,,,,,10-May-26,0.00%,0.00%,$0.00,$0.00,$0.00,
progress_updates,01-data/import_templates/activity_master.csv,964,The Big -P.01-UP-20-April-26,CON-B01-2ND-1050,,,,,,,,,,,10-May-26,0.00%,0.00%,$0.00,$0.00,$0.00,
progress_updates,01-data/import_templates/activity_master.csv,968,The Big -P.01-UP-20-April-26,AB-APP-B02-SOG-1000,,,,,,,,,,,10-May-26,0.00%,0.00%,$0.00,$0.00,$0.00,
progress_updates,01-data/import_templates/activity_master.csv,969,The Big -P.01-UP-20-April-26,AB-APP-B02-SOG-1010,,,,,,,,,,,10-May-26,0.00%,0.00%,$0.00,$0.00,$0.00,
progress_updates,01-data/import_templates/activity_master.csv,934,The Big -P.01-UP-20-April-26,CON-B04-1ST-1080,,,,,,,,,,,10-May-26,0.00%,0.00%,$0.00,$0.00,$0.00,
progress_updates,01-data/import_templates/activity_master.csv,902,The Big -P.01-UP-20-April-26,AB-APP-B02-1ST-1000,,,,,,,,,,,10-May-26,0.00%,0.00%,$0.00,$0.00,$0.00,
progress_updates,01-data/import_templates/activity_master.csv,942,The Big -P.01-UP-20-April-26,AB-APP-B04-1ST-1010,,,,,,,,,,,10-May-26,0.00%,0.00%,$0.00,$0.00,$0.00,
progress_updates,01-data/import_templates/activity_master.csv,943,The Big -P.01-UP-20-April-26,AB-APP-B04-1ST-1020,,,,,,,,,,,10-May-26,0.00%,0.00%,$0.00,$0.00,$0.00,
progress_updates,01-data/import_templates/activity_master.csv,944,The Big -P.01-UP-20-April-26,AB-APP-B04-1ST-1030,,,,,,,,,,,10-May-26,0.00%,0.00%,$0.00,$0.00,$0.00,
progress_updates,01-data/import_templates/activity_master.csv,907,The Big -P.01-UP-20-April-26,CON-B02-1ST-1060,,,,,,,,,,,10-May-26,0.00%,0.00%,$0.00,$0.00,$0.00,
progress_updates,01-data/import_templates/activity_master.csv,918,The Big -P.01-UP-20-April-26,AB-APP-B03-1ST-1000,,,,,,,,,,,10-May-26,0.00%,0.00%,$0.00,$0.00,$0.00,
progress_updates,01-data/import_templates/activity_master.csv,957,The Big -P.01-UP-20-April-26,CON-B04-2ND-1030,,,,,,,,,,,10-May-26,0.00%,0.00%,$0.00,$0.00,$0.00,
progress_updates,01-data/import_templates/activity_master.csv,974,The Big -P.01-UP-20-April-26,CON-B01-2ND-1060,,,,,,,,,,,10-May-26,0.00%,0.00%,$0.00,$0.00,$0.00,
progress_updates,01-data/import_templates/activity_master.csv,914,The Big -P.01-UP-20-April-26,CON-B02-1ST-1070,,,,,,,,,,,10-May-26,0.00%,0.00%,$0.00,$0.00,$0.00,
progress_updates,01-data/import_templates/activity_master.csv,958,The Big -P.01-UP-20-April-26,CON-B04-2ND-1040,,,,,,,,,,,10-May-26,0.00%,0.00%,$0.00,$0.00,$0.00,
progress_updates,01-data/import_templates/activity_master.csv,959,The Big -P.01-UP-20-April-26,AB-SUB-B04-2ND-1000,,,,,,,,,,,10-May-26,0.00%,0.00%,$0.00,$0.00,$0.00,
progress_updates,01-data/import_templates/activity_master.csv,915,The Big -P.01-UP-20-April-26,AB-SUB-B02-1ST-1010,,,,,,,,,,,10-May-26,0.00%,0.00%,$0.00,$0.00,$0.00,
progress_updates,01-data/import_templates/activity_master.csv,916,The Big -P.01-UP-20-April-26,AB-SUB-B02-1ST-1020,,,,,,,,,,,10-May-26,0.00%,0.00%,$0.00,$0.00,$0.00,
progress_updates,01-data/import_templates/activity_master.csv,917,The Big -P.01-UP-20-April-26,AB-SUB-B02-1ST-1030,,,,,,,,,,,10-May-26,0.00%,0.00%,$0.00,$0.00,$0.00,
progress_updates,01-data/import_templates/activity_master.csv,977,The Big -P.01-UP-20-April-26,AB-APP-B01-2ND-1000,,,,,,,,,,,10-May-26,0.00%,0.00%,$0.00,$0.00,$0.00,
progress_updates,01-data/import_templates/activity_master.csv,981,The Big -P.01-UP-20-April-26,CON-B01-2ND-1070,,,,,,,,,,,10-May-26,0.00%,0.00%,$0.00,$0.00,$0.00,
progress_updates,01-data/import_templates/activity_master.csv,982,The Big -P.01-UP-20-April-26,AB-SUB-B01-2ND-1010,,,,,,,,,,,10-May-26,0.00%,0.00%,$0.00,$0.00,$0.00,
progress_updates,01-data/import_templates/activity_master.csv,983,The Big -P.01-UP-20-April-26,AB-SUB-B01-2ND-1020,,,,,,,,,,,10-May-26,0.00%,0.00%,$0.00,$0.00,$0.00,
progress_updates,01-data/import_templates/activity_master.csv,984,The Big -P.01-UP-20-April-26,AB-SUB-B01-2ND-1030,,,,,,,,,,,10-May-26,0.00%,0.00%,$0.00,$0.00,$0.00,
progress_updates,01-data/import_templates/activity_master.csv,986,The Big -P.01-UP-20-April-26,CON-B01-3RD-1000,,,,,,,,,,,10-May-26,0.00%,0.00%,$0.00,$0.00,$0.00,
progress_updates,01-data/import_templates/activity_master.csv,930,The Big -P.01-UP-20-April-26,CON-B03-1ST-1060,,,,,,,,,,,10-May-26,0.00%,0.00%,$0.00,$0.00,$0.00,
progress_updates,01-data/import_templates/activity_master.csv,963,The Big -P.01-UP-20-April-26,CON-B04-2ND-1050,,,,,,,,,,,10-May-26,0.00%,0.00%,$0.00,$0.00,$0.00,
progress_updates,01-data/import_templates/activity_master.csv,938,The Big -P.01-UP-20-April-26,CON-B03-1ST-1070,,,,,,,,,,,10-May-26,0.00%,0.00%,$0.00,$0.00,$0.00,
progress_updates,01-data/import_templates/activity_master.csv,993,The Big -P.01-UP-20-April-26,CON-B01-3RD-1010,,,,,,,,,,,10-May-26,0.00%,0.00%,$0.00,$0.00,$0.00,
progress_updates,01-data/import_templates/activity_master.csv,939,The Big -P.01-UP-20-April-26,AB-SUB-B03-1ST-1010,,,,,,,,,,,10-May-26,0.00%,0.00%,$0.00,$0.00,$0.00,
progress_updates,01-data/import_templates/activity_master.csv,940,The Big -P.01-UP-20-April-26,AB-SUB-B03-1ST-1020,,,,,,,,,,,10-May-26,0.00%,0.00%,$0.00,$0.00,$0.00,
progress_updates,01-data/import_templates/activity_master.csv,941,The Big -P.01-UP-20-April-26,AB-SUB-B03-1ST-1030,,,,,,,,,,,10-May-26,0.00%,0.00%,$0.00,$0.00,$0.00,
progress_updates,01-data/import_templates/activity_master.csv,995,The Big -P.01-UP-20-April-26,CON-B01-3RD-1020,,,,,,,,,,,10-May-26,0.00%,0.00%,$0.00,$0.00,$0.00,
progress_updates,01-data/import_templates/activity_master.csv,936,The Big -P.01-UP-20-April-26,CON-B02-1ST-1080,,,,,,,,,,,10-May-26,0.00%,0.00%,$0.00,$0.00,$0.00,
progress_updates,01-data/import_templates/activity_master.csv,937,The Big -P.01-UP-20-April-26,CON-B02-2ND-1000,,,,,,,,,,,10-May-26,0.00%,0.00%,$0.00,$0.00,$0.00,
progress_updates,01-data/import_templates/activity_master.csv,950,The Big -P.01-UP-20-April-26,CON-B02-2ND-1010,,,,,,,,,,,10-May-26,0.00%,0.00%,$0.00,$0.00,$0.00,
progress_updates,01-data/import_templates/activity_master.csv,947,The Big -P.01-UP-20-April-26,AB-APP-B02-1ST-1010,,,,,,,,,,,10-May-26,0.00%,0.00%,$0.00,$0.00,$0.00,
progress_updates,01-data/import_templates/activity_master.csv,948,The Big -P.01-UP-20-April-26,AB-APP-B02-1ST-1020,,,,,,,,,,,10-May-26,0.00%,0.00%,$0.00,$0.00,$0.00,
progress_updates,01-data/import_templates/activity_master.csv,949,The Big -P.01-UP-20-April-26,AB-APP-B02-1ST-1030,,,,,,,,,,,10-May-26,0.00%,0.00%,$0.00,$0.00,$0.00,
progress_updates,01-data/import_templates/activity_master.csv,973,The Big -P.01-UP-20-April-26,AB-APP-B04-2ND-1000,,,,,,,,,,,10-May-26,0.00%,0.00%,$0.00,$0.00,$0.00,
progress_updates,01-data/import_templates/activity_master.csv,998,The Big -P.01-UP-20-April-26,CON-B01-2ND-1080,,,,,,,,,,,10-May-26,0.00%,0.00%,$0.00,$0.00,$0.00,
progress_updates,01-data/import_templates/activity_master.csv,980,The Big -P.01-UP-20-April-26,CON-B04-2ND-1060,,,,,,,,,,,10-May-26,0.00%,0.00%,$0.00,$0.00,$0.00,
progress_updates,01-data/import_templates/activity_master.csv,956,The Big -P.01-UP-20-April-26,CON-B02-2ND-1020,,,,,,,,,,,10-May-26,0.00%,0.00%,$0.00,$0.00,$0.00,
progress_updates,01-data/import_templates/activity_master.csv,1003,The Big -P.01-UP-20-April-26,AB-APP-B01-2ND-1010,,,,,,,,,,,10-May-26,0.00%,0.00%,$0.00,$0.00,$0.00,
progress_updates,01-data/import_templates/activity_master.csv,1004,The Big -P.01-UP-20-April-26,AB-APP-B01-2ND-1020,,,,,,,,,,,10-May-26,0.00%,0.00%,$0.00,$0.00,$0.00,
progress_updates,01-data/import_templates/activity_master.csv,1005,The Big -P.01-UP-20-April-26,AB-APP-B01-2ND-1030,,,,,,,,,,,10-May-26,0.00%,0.00%,$0.00,$0.00,$0.00,
progress_updates,01-data/import_templates/activity_master.csv,1009,The Big -P.01-UP-20-April-26,CON-B01-3RD-1030,,,,,,,,,,,10-May-26,0.00%,0.00%,$0.00,$0.00,$0.00,
progress_updates,01-data/import_templates/activity_master.csv,962,The Big -P.01-UP-20-April-26,CON-B03-1ST-1080,,,,,,,,,,,10-May-26,0.00%,0.00%,$0.00,$0.00,$0.00,
progress_updates,01-data/import_templates/activity_master.csv,985,The Big -P.01-UP-20-April-26,CON-B04-2ND-1070,,,,,,,,,,,10-May-26,0.00%,0.00%,$0.00,$0.00,$0.00,
progress_updates,01-data/import_templates/activity_master.csv,988,The Big -P.01-UP-20-April-26,AB-SUB-B04-2ND-1010,,,,,,,,,,,10-May-26,0.00%,0.00%,$0.00,$0.00,$0.00,
progress_updates,01-data/import_templates/activity_master.csv,989,The Big -P.01-UP-20-April-26,AB-SUB-B04-2ND-1020,,,,,,,,,,,10-May-26,0.00%,0.00%,$0.00,$0.00,$0.00,
progress_updates,01-data/import_templates/activity_master.csv,990,The Big -P.01-UP-20-April-26,AB-SUB-B04-2ND-1030,,,,,,,,,,,10-May-26,0.00%,0.00%,$0.00,$0.00,$0.00,
progress_updates,01-data/import_templates/activity_master.csv,775,The Big -P.01-UP-20-April-26,P-MDEL-1090,,,,,,,,,,,10-May-26,0.00%,0.00%,$0.00,$0.00,$0.00,
progress_updates,01-data/import_templates/activity_master.csv,784,The Big -P.01-UP-20-April-26,P-MPOS-1150,,,,,,,,,,,15-Apr-26,0.00%,0.00%,$0.00,$0.00,$0.00,
progress_updates,01-data/import_templates/activity_master.csv,1010,The Big -P.01-UP-20-April-26,CON-B01-3RD-1040,,,,,,,,,,,10-May-26,0.00%,0.00%,$0.00,$0.00,$0.00,
progress_updates,01-data/import_templates/activity_master.csv,970,The Big -P.01-UP-20-April-26,CON-B03-2ND-1000,,,,,,,,,,,10-May-26,0.00%,0.00%,$0.00,$0.00,$0.00,
progress_updates,01-data/import_templates/activity_master.csv,992,The Big -P.01-UP-20-April-26,CON-B04-3RD-1000,,,,,,,,,,,10-May-26,0.00%,0.00%,$0.00,$0.00,$0.00,
progress_updates,01-data/import_templates/activity_master.csv,1013,The Big -P.01-UP-20-April-26,AB-SUB-B01-3RD-1000,,,,,,,,,,,10-May-26,0.00%,0.00%,$0.00,$0.00,$0.00,
progress_updates,01-data/import_templates/activity_master.csv,965,The Big -P.01-UP-20-April-26,AB-APP-B03-1ST-1010,,,,,,,,,,,10-May-26,0.00%,0.00%,$0.00,$0.00,$0.00,
progress_updates,01-data/import_templates/activity_master.csv,966,The Big -P.01-UP-20-April-26,AB-APP-B03-1ST-1020,,,,,,,,,,,10-May-26,0.00%,0.00%,$0.00,$0.00,$0.00,
progress_updates,01-data/import_templates/activity_master.csv,967,The Big -P.01-UP-20-April-26,AB-APP-B03-1ST-1030,,,,,,,,,,,10-May-26,0.00%,0.00%,$0.00,$0.00,$0.00,
progress_updates,01-data/import_templates/activity_master.csv,971,The Big -P.01-UP-20-April-26,CON-B03-2ND-1010,,,,,,,,,,,10-May-26,0.00%,0.00%,$0.00,$0.00,$0.00,
progress_updates,01-data/import_templates/activity_master.csv,994,The Big -P.01-UP-20-April-26,CON-B04-3RD-1010,,,,,,,,,,,10-May-26,0.00%,0.00%,$0.00,$0.00,$0.00,
progress_updates,01-data/import_templates/activity_master.csv,1021,The Big -P.01-UP-20-April-26,CON-B01-3RD-1050,,,,,,,,,,,10-May-26,0.00%,0.00%,$0.00,$0.00,$0.00,
progress_updates,01-data/import_templates/activity_master.csv,996,The Big -P.01-UP-20-April-26,CON-B04-3RD-1020,,,,,,,,,,,10-May-26,0.00%,0.00%,$0.00,$0.00,$0.00,
progress_updates,01-data/import_templates/activity_master.csv,979,The Big -P.01-UP-20-April-26,CON-B03-2ND-1020,,,,,,,,,,,10-May-26,0.00%,0.00%,$0.00,$0.00,$0.00,
progress_updates,01-data/import_templates/activity_master.csv,972,The Big -P.01-UP-20-April-26,CON-B02-2ND-1030,,,,,,,,,,,10-May-26,0.00%,0.00%,$0.00,$0.00,$0.00,
progress_updates,01-data/import_templates/activity_master.csv,1000,The Big -P.01-UP-20-April-26,CON-B04-2ND-1080,,,,,,,,,,,10-May-26,0.00%,0.00%,$0.00,$0.00,$0.00,
progress_updates,01-data/import_templates/activity_master.csv,975,The Big -P.01-UP-20-April-26,CON-B02-2ND-1040,,,,,,,,,,,10-May-26,0.00%,0.00%,$0.00,$0.00,$0.00,
progress_updates,01-data/import_templates/activity_master.csv,976,The Big -P.01-UP-20-April-26,AB-SUB-B02-2ND-1000,,,,,,,,,,,10-May-26,0.00%,0.00%,$0.00,$0.00,$0.00,
progress_updates,01-data/import_templates/activity_master.csv,1006,The Big -P.01-UP-20-April-26,AB-APP-B04-2ND-1010,,,,,,,,,,,10-May-26,0.00%,0.00%,$0.00,$0.00,$0.00,
progress_updates,01-data/import_templates/activity_master.csv,1007,The Big -P.01-UP-20-April-26,AB-APP-B04-2ND-1020,,,,,,,,,,,10-May-26,0.00%,0.00%,$0.00,$0.00,$0.00,
progress_updates,01-data/import_templates/activity_master.csv,1008,The Big -P.01-UP-20-April-26,AB-APP-B04-2ND-1030,,,,,,,,,,,10-May-26,0.00%,0.00%,$0.00,$0.00,$0.00,
progress_updates,01-data/import_templates/activity_master.csv,1025,The Big -P.01-UP-20-April-26,AB-APP-B01-3RD-1000,,,,,,,,,,,10-May-26,0.00%,0.00%,$0.00,$0.00,$0.00,
progress_updates,01-data/import_templates/activity_master.csv,1027,The Big -P.01-UP-20-April-26,CON-B01-3RD-1060,,,,,,,,,,,10-May-26,0.00%,0.00%,$0.00,$0.00,$0.00,
progress_updates,01-data/import_templates/activity_master.csv,987,The Big -P.01-UP-20-April-26,CON-B02-2ND-1050,,,,,,,,,,,10-May-26,0.00%,0.00%,$0.00,$0.00,$0.00,
progress_updates,01-data/import_templates/activity_master.csv,1014,The Big -P.01-UP-20-April-26,CON-B04-3RD-1030,,,,,,,,,,,10-May-26,0.00%,0.00%,$0.00,$0.00,$0.00,
progress_updates,01-data/import_templates/activity_master.csv,1015,The Big -P.01-UP-20-April-26,CON-B04-3RD-1040,,,,,,,,,,,10-May-26,0.00%,0.00%,$0.00,$0.00,$0.00,
progress_updates,01-data/import_templates/activity_master.csv,1016,The Big -P.01-UP-20-April-26,AB-SUB-B04-3RD-1000,,,,,,,,,,,10-May-26,0.00%,0.00%,$0.00,$0.00,$0.00,
progress_updates,01-data/import_templates/activity_master.csv,1036,The Big -P.01-UP-20-April-26,CON-B01-3RD-1070,,,,,,,,,,,10-May-26,0.00%,0.00%,$0.00,$0.00,$0.00,
progress_updates,01-data/import_templates/activity_master.csv,1037,The Big -P.01-UP-20-April-26,AB-SUB-B01-3RD-1010,,,,,,,,,,,10-May-26,0.00%,0.00%,$0.00,$0.00,$0.00,
progress_updates,01-data/import_templates/activity_master.csv,1038,The Big -P.01-UP-20-April-26,AB-SUB-B01-3RD-1020,,,,,,,,,,,10-May-26,0.00%,0.00%,$0.00,$0.00,$0.00,
progress_updates,01-data/import_templates/activity_master.csv,1039,The Big -P.01-UP-20-April-26,AB-SUB-B01-3RD-1030,,,,,,,,,,,10-May-26,0.00%,0.00%,$0.00,$0.00,$0.00,
progress_updates,01-data/import_templates/activity_master.csv,1040,The Big -P.01-UP-20-April-26,CON-B01-4TH-1000,,,,,,,,,,,10-May-26,0.00%,0.00%,$0.00,$0.00,$0.00,
progress_updates,01-data/import_templates/activity_master.csv,999,The Big -P.01-UP-20-April-26,CON-B03-2ND-1030,,,,,,,,,,,10-May-26,0.00%,0.00%,$0.00,$0.00,$0.00,
progress_updates,01-data/import_templates/activity_master.csv,1022,The Big -P.01-UP-20-April-26,CON-B04-3RD-1050,,,,,,,,,,,10-May-26,0.00%,0.00%,$0.00,$0.00,$0.00,
progress_updates,01-data/import_templates/activity_master.csv,1051,The Big -P.01-UP-20-April-26,CON-B01-4TH-1010,,,,,,,,,,,10-May-26,0.00%,0.00%,$0.00,$0.00,$0.00,
progress_updates,01-data/import_templates/activity_master.csv,1001,The Big -P.01-UP-20-April-26,CON-B03-2ND-1040,,,,,,,,,,,10-May-26,0.00%,0.00%,$0.00,$0.00,$0.00,
progress_updates,01-data/import_templates/activity_master.csv,1002,The Big -P.01-UP-20-April-26,AB-SUB-B03-2ND-1000,,,,,,,,,,,10-May-26,0.00%,0.00%,$0.00,$0.00,$0.00,
progress_updates,01-data/import_templates/activity_master.csv,839,The Big -P.01-UP-20-April-26,P-MPOS-1160,,,,,,,,,,,15-Apr-26,0.00%,0.00%,$0.00,$0.00,$0.00,
progress_updates,01-data/import_templates/activity_master.csv,997,The Big -P.01-UP-20-April-26,AB-APP-B02-2ND-1000,,,,,,,,,,,10-May-26,0.00%,0.00%,$0.00,$0.00,$0.00,
progress_updates,01-data/import_templates/activity_master.csv,1053,The Big -P.01-UP-20-April-26,CON-B01-4TH-1020,,,,,,,,,,,10-May-26,0.00%,0.00%,$0.00,$0.00,$0.00,
progress_updates,01-data/import_templates/activity_master.csv,1012,The Big -P.01-UP-20-April-26,CON-B03-2ND-1050,,,,,,,,,,,10-May-26,0.00%,0.00%,$0.00,$0.00,$0.00,
progress_updates,01-data/import_templates/activity_master.csv,1056,The Big -P.01-UP-20-April-26,CON-B01-3RD-1080,,,,,,,,,,,10-May-26,0.00%,0.00%,$0.00,$0.00,$0.00,
progress_updates,01-data/import_templates/activity_master.csv,1029,The Big -P.01-UP-20-April-26,AB-APP-B04-3TH-1000,,,,,,,,,,,10-May-26,0.00%,0.00%,$0.00,$0.00,$0.00,
progress_updates,01-data/import_templates/activity_master.csv,1011,The Big -P.01-UP-20-April-26,CON-B02-2ND-1060,,,,,,,,,,,10-May-26,0.00%,0.00%,$0.00,$0.00,$0.00,
progress_updates,01-data/import_templates/activity_master.csv,1035,The Big -P.01-UP-20-April-26,CON-B04-3RD-1060,,,,,,,,,,,10-May-26,0.00%,0.00%,$0.00,$0.00,$0.00,
progress_updates,01-data/import_templates/activity_master.csv,1060,The Big -P.01-UP-20-April-26,AB-APP-B01-3RD-1010,,,,,,,,,,,10-May-26,0.00%,0.00%,$0.00,$0.00,$0.00,
progress_updates,01-data/import_templates/activity_master.csv,1061,The Big -P.01-UP-20-April-26,AB-APP-B01-3RD-1020,,,,,,,,,,,10-May-26,0.00%,0.00%,$0.00,$0.00,$0.00,
progress_updates,01-data/import_templates/activity_master.csv,1062,The Big -P.01-UP-20-April-26,AB-APP-B01-3RD-1030,,,,,,,,,,,10-May-26,0.00%,0.00%,$0.00,$0.00,$0.00,
progress_updates,01-data/import_templates/activity_master.csv,1066,The Big -P.01-UP-20-April-26,CON-B01-4TH-1030,,,,,,,,,,,10-May-26,0.00%,0.00%,$0.00,$0.00,$0.00,
progress_updates,01-data/import_templates/activity_master.csv,1017,The Big -P.01-UP-20-April-26,CON-B02-2ND-1070,,,,,,,,,,,10-May-26,0.00%,0.00%,$0.00,$0.00,$0.00,
progress_updates,01-data/import_templates/activity_master.csv,1046,The Big -P.01-UP-20-April-26,CON-B04-3RD-1070,,,,,,,,,,,10-May-26,0.00%,0.00%,$0.00,$0.00,$0.00,
progress_updates,01-data/import_templates/activity_master.csv,1047,The Big -P.01-UP-20-April-26,CON-B04-4TH-1000,,,,,,,,,,,10-May-26,0.00%,0.00%,$0.00,$0.00,$0.00,
progress_updates,01-data/import_templates/activity_master.csv,1048,The Big -P.01-UP-20-April-26,AB-SUB-B04-3RD-1010,,,,,,,,,,,10-May-26,0.00%,0.00%,$0.00,$0.00,$0.00,
progress_updates,01-data/import_templates/activity_master.csv,1049,The Big -P.01-UP-20-April-26,AB-SUB-B04-3RD-1020,,,,,,,,,,,10-May-26,0.00%,0.00%,$0.00,$0.00,$0.00,
progress_updates,01-data/import_templates/activity_master.csv,1050,The Big -P.01-UP-20-April-26,AB-SUB-B04-3RD-1030,,,,,,,,,,,10-May-26,0.00%,0.00%,$0.00,$0.00,$0.00,
progress_updates,01-data/import_templates/activity_master.csv,1018,The Big -P.01-UP-20-April-26,AB-SUB-B02-2ND-1010,,,,,,,,,,,10-May-26,0.00%,0.00%,$0.00,$0.00,$0.00,
progress_updates,01-data/import_templates/activity_master.csv,1019,The Big -P.01-UP-20-April-26,AB-SUB-B02-2ND-1020,,,,,,,,,,,10-May-26,0.00%,0.00%,$0.00,$0.00,$0.00,
progress_updates,01-data/import_templates/activity_master.csv,1020,The Big -P.01-UP-20-April-26,AB-SUB-B02-2ND-1030,,,,,,,,,,,10-May-26,0.00%,0.00%,$0.00,$0.00,$0.00,
progress_updates,01-data/import_templates/activity_master.csv,1072,The Big -P.01-UP-20-April-26,CON-B01-4TH-1040,,,,,,,,,,,10-May-26,0.00%,0.00%,$0.00,$0.00,$0.00,
progress_updates,01-data/import_templates/activity_master.csv,1076,The Big -P.01-UP-20-April-26,AB-SUB-B01-4TH-1000,,,,,,,,,,,10-May-26,0.00%,0.00%,$0.00,$0.00,$0.00,
progress_updates,01-data/import_templates/activity_master.csv,1023,The Big -P.01-UP-20-April-26,AB-APP-B03-2ND-1000,,,,,,,,,,,10-May-26,0.00%,0.00%,$0.00,$0.00,$0.00,
progress_updates,01-data/import_templates/activity_master.csv,870,The Big -P.01-UP-20-April-26,P-MDEL-1080,,,,,,,,,,,10-May-26,0.00%,0.00%,$0.00,$0.00,$0.00,
progress_updates,01-data/import_templates/activity_master.csv,1052,The Big -P.01-UP-20-April-26,CON-B04-4TH-1010,,,,,,,,,,,10-May-26,0.00%,0.00%,$0.00,$0.00,$0.00,
progress_updates,01-data/import_templates/activity_master.csv,1080,The Big -P.01-UP-20-April-26,CON-B01-4TH-1050,,,,,,,,,,,10-May-26,0.00%,0.00%,$0.00,$0.00,$0.00,
progress_updates,01-data/import_templates/activity_master.csv,1054,The Big -P.01-UP-20-April-26,CON-B04-4TH-1020,,,,,,,,,,,10-May-26,0.00%,0.00%,$0.00,$0.00,$0.00,
progress_updates,01-data/import_templates/activity_master.csv,1030,The Big -P.01-UP-20-April-26,CON-B03-2ND-1060,,,,,,,,,,,10-May-26,0.00%,0.00%,$0.00,$0.00,$0.00,
progress_updates,01-data/import_templates/activity_master.csv,1026,The Big -P.01-UP-20-April-26,CON-B02-2ND-1080,,,,,,,,,,,10-May-26,0.00%,0.00%,$0.00,$0.00,$0.00,
progress_updates,01-data/import_templates/activity_master.csv,1059,The Big -P.01-UP-20-April-26,CON-B04-3RD-1080,,,,,,,,,,,10-May-26,0.00%,0.00%,$0.00,$0.00,$0.00,
progress_updates,01-data/import_templates/activity_master.csv,1028,The Big -P.01-UP-20-April-26,CON-B02-3RD-1000,,,,,,,,,,,10-May-26,0.00%,0.00%,$0.00,$0.00,$0.00,
progress_updates,01-data/import_templates/activity_master.csv,1041,The Big -P.01-UP-20-April-26,CON-B03-2ND-1070,,,,,,,,,,,10-May-26,0.00%,0.00%,$0.00,$0.00,$0.00,
progress_updates,01-data/import_templates/activity_master.csv,1042,The Big -P.01-UP-20-April-26,AB-SUB-B03-2ND-1010,,,,,,,,,,,10-May-26,0.00%,0.00%,$0.00,$0.00,$0.00,
progress_updates,01-data/import_templates/activity_master.csv,1043,The Big -P.01-UP-20-April-26,AB-SUB-B03-2ND-1020,,,,,,,,,,,10-May-26,0.00%,0.00%,$0.00,$0.00,$0.00,
progress_updates,01-data/import_templates/activity_master.csv,1044,The Big -P.01-UP-20-April-26,AB-SUB-B03-2ND-1030,,,,,,,,,,,10-May-26,0.00%,0.00%,$0.00,$0.00,$0.00,
progress_updates,01-data/import_templates/activity_master.csv,1031,The Big -P.01-UP-20-April-26,AB-APP-B02-2ND-1010,,,,,,,,,,,10-May-26,0.00%,0.00%,$0.00,$0.00,$0.00,
progress_updates,01-data/import_templates/activity_master.csv,1032,The Big -P.01-UP-20-April-26,AB-APP-B02-2ND-1020,,,,,,,,,,,10-May-26,0.00%,0.00%,$0.00,$0.00,$0.00,
progress_updates,01-data/import_templates/activity_master.csv,1033,The Big -P.01-UP-20-April-26,AB-APP-B02-2ND-1030,,,,,,,,,,,10-May-26,0.00%,0.00%,$0.00,$0.00,$0.00,
progress_updates,01-data/import_templates/activity_master.csv,1069,The Big -P.01-UP-20-April-26,AB-APP-B04-3TH-1010,,,,,,,,,,,10-May-26,0.00%,0.00%,$0.00,$0.00,$0.00,
progress_updates,01-data/import_templates/activity_master.csv,1070,The Big -P.01-UP-20-April-26,AB-APP-B04-3TH-1020,,,,,,,,,,,10-May-26,0.00%,0.00%,$0.00,$0.00,$0.00,
progress_updates,01-data/import_templates/activity_master.csv,1071,The Big -P.01-UP-20-April-26,AB-APP-B04-3TH-1030,,,,,,,,,,,10-May-26,0.00%,0.00%,$0.00,$0.00,$0.00,
progress_updates,01-data/import_templates/activity_master.csv,1034,The Big -P.01-UP-20-April-26,CON-B02-3RD-1010,,,,,,,,,,,10-May-26,0.00%,0.00%,$0.00,$0.00,$0.00,
progress_updates,01-data/import_templates/activity_master.csv,1084,The Big -P.01-UP-20-April-26,AB-APP-B01-4TH-1000,,,,,,,,,,,10-May-26,0.00%,0.00%,$0.00,$0.00,$0.00,
progress_updates,01-data/import_templates/activity_master.csv,1074,The Big -P.01-UP-20-April-26,CON-B04-4TH-1030,,,,,,,,,,,10-May-26,0.00%,0.00%,$0.00,$0.00,$0.00,
progress_updates,01-data/import_templates/activity_master.csv,1077,The Big -P.01-UP-20-April-26,CON-B04-4TH-1040,,,,,,,,,,,10-May-26,0.00%,0.00%,$0.00,$0.00,$0.00,
progress_updates,01-data/import_templates/activity_master.csv,1078,The Big -P.01-UP-20-April-26,AB-SUB-B04-4TH-1000,,,,,,,,,,,10-May-26,0.00%,0.00%,$0.00,$0.00,$0.00,
progress_updates,01-data/import_templates/activity_master.csv,1045,The Big -P.01-UP-20-April-26,CON-B02-3RD-1020,,,,,,,,,,,10-May-26,0.00%,0.00%,$0.00,$0.00,$0.00,
progress_updates,01-data/import_templates/activity_master.csv,1088,The Big -P.01-UP-20-April-26,CON-B01-4TH-1060,,,,,,,,,,,10-May-26,0.00%,0.00%,$0.00,$0.00,$0.00,
progress_updates,01-data/import_templates/activity_master.csv,898,The Big -P.01-UP-20-April-26,P-MPOS-1170,,,,,,,,,,,15-Apr-26,0.00%,0.00%,$0.00,$0.00,$0.00,
progress_updates,01-data/import_templates/activity_master.csv,1082,The Big -P.01-UP-20-April-26,CON-B04-4TH-1050,,,,,,,,,,,10-May-26,0.00%,0.00%,$0.00,$0.00,$0.00,
progress_updates,01-data/import_templates/activity_master.csv,1095,The Big -P.01-UP-20-April-26,CON-B01-4TH-1070,,,,,,,,,,,10-May-26,0.00%,0.00%,$0.00,$0.00,$0.00,
progress_updates,01-data/import_templates/activity_master.csv,1097,The Big -P.01-UP-20-April-26,AB-SUB-B01-4TH-1010,,,,,,,,,,,10-May-26,0.00%,0.00%,$0.00,$0.00,$0.00,
progress_updates,01-data/import_templates/activity_master.csv,1098,The Big -P.01-UP-20-April-26,AB-SUB-B01-4TH-1020,,,,,,,,,,,10-May-26,0.00%,0.00%,$0.00,$0.00,$0.00,
progress_updates,01-data/import_templates/activity_master.csv,1099,The Big -P.01-UP-20-April-26,AB-SUB-B01-4TH-1030,,,,,,,,,,,10-May-26,0.00%,0.00%,$0.00,$0.00,$0.00,
progress_updates,01-data/import_templates/activity_master.csv,1100,The Big -P.01-UP-20-April-26,CON-B01-5TH-1000,,,,,,,,,,,10-May-26,0.00%,0.00%,$0.00,$0.00,$0.00,
progress_updates,01-data/import_templates/activity_master.csv,1057,The Big -P.01-UP-20-April-26,CON-B03-2ND-1080,,,,,,,,,,,10-May-26,0.00%,0.00%,$0.00,$0.00,$0.00,
progress_updates,01-data/import_templates/activity_master.csv,1058,The Big -P.01-UP-20-April-26,CON-B03-3RD-1000,,,,,,,,,,,10-May-26,0.00%,0.00%,$0.00,$0.00,$0.00,
progress_updates,01-data/import_templates/activity_master.csv,1063,The Big -P.01-UP-20-April-26,AB-APP-B03-2ND-1010,,,,,,,,,,,10-May-26,0.00%,0.00%,$0.00,$0.00,$0.00,
progress_updates,01-data/import_templates/activity_master.csv,1064,The Big -P.01-UP-20-April-26,AB-APP-B03-2ND-1020,,,,,,,,,,,10-May-26,0.00%,0.00%,$0.00,$0.00,$0.00,
progress_updates,01-data/import_templates/activity_master.csv,1065,The Big -P.01-UP-20-April-26,AB-APP-B03-2ND-1030,,,,,,,,,,,10-May-26,0.00%,0.00%,$0.00,$0.00,$0.00,
progress_updates,01-data/import_templates/activity_master.csv,1107,The Big -P.01-UP-20-April-26,CON-B01-5TH-1010,,,,,,,,,,,10-May-26,0.00%,0.00%,$0.00,$0.00,$0.00,
progress_updates,01-data/import_templates/activity_master.csv,1068,The Big -P.01-UP-20-April-26,CON-B03-3RD-1010,,,,,,,,,,,10-May-26,0.00%,0.00%,$0.00,$0.00,$0.00,
progress_updates,01-data/import_templates/activity_master.csv,1110,The Big -P.01-UP-20-April-26,CON-B01-5TH-1020,,,,,,,,,,,10-May-26,0.00%,0.00%,$0.00,$0.00,$0.00,
progress_updates,01-data/import_templates/activity_master.csv,1085,The Big -P.01-UP-20-April-26,AB-APP-B04-4TH-1000,,,,,,,,,,,10-May-26,0.00%,0.00%,$0.00,$0.00,$0.00,
progress_updates,01-data/import_templates/activity_master.csv,1067,The Big -P.01-UP-20-April-26,CON-B02-3RD-1030,,,,,,,,,,,10-May-26,0.00%,0.00%,$0.00,$0.00,$0.00,
progress_updates,01-data/import_templates/activity_master.csv,1079,The Big -P.01-UP-20-April-26,CON-B03-3RD-1020,,,,,,,,,,,10-May-26,0.00%,0.00%,$0.00,$0.00,$0.00,
progress_updates,01-data/import_templates/activity_master.csv,1087,The Big -P.01-UP-20-April-26,CON-B04-4TH-1060,,,,,,,,,,,10-May-26,0.00%,0.00%,$0.00,$0.00,$0.00,
progress_updates,01-data/import_templates/activity_master.csv,919,The Big -P.01-UP-20-April-26,P-MDEL-1070,,,,,,,,,,,10-May-26,0.00%,0.00%,$0.00,$0.00,$0.00,
progress_updates,01-data/import_templates/activity_master.csv,1073,The Big -P.01-UP-20-April-26,CON-B02-3RD-1040,,,,,,,,,,,10-May-26,0.00%,0.00%,$0.00,$0.00,$0.00,
progress_updates,01-data/import_templates/activity_master.csv,1075,The Big -P.01-UP-20-April-26,AB-SUB-B02-3RD-1000,,,,,,,,,,,10-May-26,0.00%,0.00%,$0.00,$0.00,$0.00,
progress_updates,01-data/import_templates/activity_master.csv,1116,The Big -P.01-UP-20-April-26,CON-B01-4TH-1080,,,,,,,,,,,10-May-26,0.00%,0.00%,$0.00,$0.00,$0.00,
progress_updates,01-data/import_templates/activity_master.csv,1091,The Big -P.01-UP-20-April-26,CON-B04-4TH-1070,,,,,,,,,,,10-May-26,0.00%,0.00%,$0.00,$0.00,$0.00,
progress_updates,01-data/import_templates/activity_master.csv,1092,The Big -P.01-UP-20-April-26,AB-SUB-B04-4TH-1010,,,,,,,,,,,10-May-26,0.00%,0.00%,$0.00,$0.00,$0.00,
progress_updates,01-data/import_templates/activity_master.csv,1093,The Big -P.01-UP-20-April-26,AB-SUB-B04-4TH-1020,,,,,,,,,,,10-May-26,0.00%,0.00%,$0.00,$0.00,$0.00,
progress_updates,01-data/import_templates/activity_master.csv,1094,The Big -P.01-UP-20-April-26,AB-SUB-B04-4TH-1030,,,,,,,,,,,10-May-26,0.00%,0.00%,$0.00,$0.00,$0.00,
progress_updates,01-data/import_templates/activity_master.csv,1117,The Big -P.01-UP-20-April-26,AB-APP-B01-4TH-1010,,,,,,,,,,,10-May-26,0.00%,0.00%,$0.00,$0.00,$0.00,
progress_updates,01-data/import_templates/activity_master.csv,1118,The Big -P.01-UP-20-April-26,AB-APP-B01-4TH-1020,,,,,,,,,,,10-May-26,0.00%,0.00%,$0.00,$0.00,$0.00,
progress_updates,01-data/import_templates/activity_master.csv,1119,The Big -P.01-UP-20-April-26,AB-APP-B01-4TH-1030,,,,,,,,,,,10-May-26,0.00%,0.00%,$0.00,$0.00,$0.00,
progress_updates,01-data/import_templates/activity_master.csv,1120,The Big -P.01-UP-20-April-26,CON-B01-5TH-1030,,,,,,,,,,,10-May-26,0.00%,0.00%,$0.00,$0.00,$0.00,
progress_updates,01-data/import_templates/activity_master.csv,1102,The Big -P.01-UP-20-April-26,CON-B04-5TH-1000,,,,,,,,,,,10-May-26,0.00%,0.00%,$0.00,$0.00,$0.00,
progress_updates,01-data/import_templates/activity_master.csv,1081,The Big -P.01-UP-20-April-26,CON-B02-3RD-1050,,,,,,,,,,,10-May-26,0.00%,0.00%,$0.00,$0.00,$0.00,
progress_updates,01-data/import_templates/activity_master.csv,1124,The Big -P.01-UP-20-April-26,CON-B01-5TH-1040,,,,,,,,,,,10-May-26,0.00%,0.00%,$0.00,$0.00,$0.00,
progress_updates,01-data/import_templates/activity_master.csv,1127,The Big -P.01-UP-20-April-26,AB-SUB-B01-5TH-1000,,,,,,,,,,,10-May-26,0.00%,0.00%,$0.00,$0.00,$0.00,
progress_updates,01-data/import_templates/activity_master.csv,1108,The Big -P.01-UP-20-April-26,CON-B04-5TH-1010,,,,,,,,,,,10-May-26,0.00%,0.00%,$0.00,$0.00,$0.00,
progress_updates,01-data/import_templates/activity_master.csv,935,The Big -P.01-UP-20-April-26,P-MPOS-1180,,,,,,,,,,,15-Apr-26,0.00%,0.00%,$0.00,$0.00,$0.00,
progress_updates,01-data/import_templates/activity_master.csv,1109,The Big -P.01-UP-20-April-26,CON-B04-5TH-1020,,,,,,,,,,,10-May-26,0.00%,0.00%,$0.00,$0.00,$0.00,
progress_updates,01-data/import_templates/activity_master.csv,1134,The Big -P.01-UP-20-April-26,CON-B01-5TH-1050,,,,,,,,,,,10-May-26,0.00%,0.00%,$0.00,$0.00,$0.00,
progress_updates,01-data/import_templates/activity_master.csv,1086,The Big -P.01-UP-20-April-26,CON-B03-3RD-1030,,,,,,,,,,,10-May-26,0.00%,0.00%,$0.00,$0.00,$0.00,
progress_updates,01-data/import_templates/activity_master.csv,1111,The Big -P.01-UP-20-April-26,CON-B04-4TH-1080,,,,,,,,,,,10-May-26,0.00%,0.00%,$0.00,$0.00,$0.00,
progress_updates,01-data/import_templates/activity_master.csv,1089,The Big -P.01-UP-20-April-26,CON-B03-3RD-1040,,,,,,,,,,,10-May-26,0.00%,0.00%,$0.00,$0.00,$0.00,
progress_updates,01-data/import_templates/activity_master.csv,1090,The Big -P.01-UP-20-April-26,AB-SUB-B03-3RD-1000,,,,,,,,,,,10-May-26,0.00%,0.00%,$0.00,$0.00,$0.00,
progress_updates,01-data/import_templates/activity_master.csv,1083,The Big -P.01-UP-20-April-26,AB-APP-B02-3RD-1000,,,,,,,,,,,10-May-26,0.00%,0.00%,$0.00,$0.00,$0.00,
progress_updates,01-data/import_templates/activity_master.csv,1113,The Big -P.01-UP-20-April-26,AB-APP-B04-4TH-1010,,,,,,,,,,,10-May-26,0.00%,0.00%,$0.00,$0.00,$0.00,
progress_updates,01-data/import_templates/activity_master.csv,1114,The Big -P.01-UP-20-April-26,AB-APP-B04-4TH-1020,,,,,,,,,,,10-May-26,0.00%,0.00%,$0.00,$0.00,$0.00,
progress_updates,01-data/import_templates/activity_master.csv,1115,The Big -P.01-UP-20-April-26,AB-APP-B04-4TH-1030,,,,,,,,,,,10-May-26,0.00%,0.00%,$0.00,$0.00,$0.00,
progress_updates,01-data/import_templates/activity_master.csv,1101,The Big -P.01-UP-20-April-26,CON-B03-3RD-1050,,,,,,,,,,,10-May-26,0.00%,0.00%,$0.00,$0.00,$0.00,
progress_updates,01-data/import_templates/activity_master.csv,1123,The Big -P.01-UP-20-April-26,CON-B04-5TH-1030,,,,,,,,,,,10-May-26,0.00%,0.00%,$0.00,$0.00,$0.00,
progress_updates,01-data/import_templates/activity_master.csv,1125,The Big -P.01-UP-20-April-26,CON-B04-5TH-1040,,,,,,,,,,,10-May-26,0.00%,0.00%,$0.00,$0.00,$0.00,
progress_updates,01-data/import_templates/activity_master.csv,1126,The Big -P.01-UP-20-April-26,AB-SUB-B04-5TH-1000,,,,,,,,,,,10-May-26,0.00%,0.00%,$0.00,$0.00,$0.00,
progress_updates,01-data/import_templates/activity_master.csv,1140,The Big -P.01-UP-20-April-26,AB-APP-B01-5TH-1000,,,,,,,,,,,10-May-26,0.00%,0.00%,$0.00,$0.00,$0.00,
progress_updates,01-data/import_templates/activity_master.csv,1142,The Big -P.01-UP-20-April-26,CON-B01-5TH-1060,,,,,,,,,,,10-May-26,0.00%,0.00%,$0.00,$0.00,$0.00,
progress_updates,01-data/import_templates/activity_master.csv,1096,The Big -P.01-UP-20-April-26,CON-B02-3RD-1060,,,,,,,,,,,10-May-26,0.00%,0.00%,$0.00,$0.00,$0.00,
progress_updates,01-data/import_templates/activity_master.csv,1149,The Big -P.01-UP-20-April-26,CON-B01-5TH-1070,,,,,,,,,,,10-May-26,0.00%,0.00%,$0.00,$0.00,$0.00,
progress_updates,01-data/import_templates/activity_master.csv,1150,The Big -P.01-UP-20-April-26,CON-B01-6TH-1000,,,,,,,,,,,10-May-26,0.00%,0.00%,$0.00,$0.00,$0.00,
progress_updates,01-data/import_templates/activity_master.csv,1133,The Big -P.01-UP-20-April-26,CON-B04-5TH-1050,,,,,,,,,,,10-May-26,0.00%,0.00%,$0.00,$0.00,$0.00,
progress_updates,01-data/import_templates/activity_master.csv,1152,The Big -P.01-UP-20-April-26,AB-SUB-B01-5TH-1010,,,,,,,,,,,10-May-26,0.00%,0.00%,$0.00,$0.00,$0.00,
progress_updates,01-data/import_templates/activity_master.csv,1153,The Big -P.01-UP-20-April-26,AB-SUB-B01-5TH-1020,,,,,,,,,,,10-May-26,0.00%,0.00%,$0.00,$0.00,$0.00,
progress_updates,01-data/import_templates/activity_master.csv,1154,The Big -P.01-UP-20-April-26,AB-SUB-B01-5TH-1030,,,,,,,,,,,10-May-26,0.00%,0.00%,$0.00,$0.00,$0.00,
progress_updates,01-data/import_templates/activity_master.csv,1103,The Big -P.01-UP-20-April-26,CON-B02-3RD-1070,,,,,,,,,,,10-May-26,0.00%,0.00%,$0.00,$0.00,$0.00,
progress_updates,01-data/import_templates/activity_master.csv,1104,The Big -P.01-UP-20-April-26,AB-SUB-B02-3RD-1010,,,,,,,,,,,10-May-26,0.00%,0.00%,$0.00,$0.00,$0.00,
progress_updates,01-data/import_templates/activity_master.csv,1105,The Big -P.01-UP-20-April-26,AB-SUB-B02-3RD-1020,,,,,,,,,,,10-May-26,0.00%,0.00%,$0.00,$0.00,$0.00,
progress_updates,01-data/import_templates/activity_master.csv,1106,The Big -P.01-UP-20-April-26,AB-SUB-B02-3RD-1030,,,,,,,,,,,10-May-26,0.00%,0.00%,$0.00,$0.00,$0.00,
progress_updates,01-data/import_templates/activity_master.csv,1160,The Big -P.01-UP-20-April-26,CON-B01-6TH-1010,,,,,,,,,,,10-May-26,0.00%,0.00%,$0.00,$0.00,$0.00,
progress_updates,01-data/import_templates/activity_master.csv,1112,The Big -P.01-UP-20-April-26,AB-APP-B03-3RD-1000,,,,,,,,,,,10-May-26,0.00%,0.00%,$0.00,$0.00,$0.00,
progress_updates,01-data/import_templates/activity_master.csv,1165,The Big -P.01-UP-20-April-26,CON-B01-6TH-1020,,,,,,,,,,,10-May-26,0.00%,0.00%,$0.00,$0.00,$0.00,
progress_updates,01-data/import_templates/activity_master.csv,978,The Big -P.01-UP-20-April-26,P-MDEL-1190,,,,,,,,,,,10-May-26,0.00%,0.00%,$0.00,$0.00,$0.00,
progress_updates,01-data/import_templates/activity_master.csv,1141,The Big -P.01-UP-20-April-26,AB-APP-B04-5TH-1000,,,,,,,,,,,10-May-26,0.00%,0.00%,$0.00,$0.00,$0.00,
progress_updates,01-data/import_templates/activity_master.csv,1143,The Big -P.01-UP-20-April-26,CON-B04-5TH-1060,,,,,,,,,,,10-May-26,0.00%,0.00%,$0.00,$0.00,$0.00,
progress_updates,01-data/import_templates/activity_master.csv,1170,The Big -P.01-UP-20-April-26,CON-B01-5TH-1080,,,,,,,,,,,10-May-26,0.00%,0.00%,$0.00,$0.00,$0.00,
progress_updates,01-data/import_templates/activity_master.csv,1132,The Big -P.01-UP-20-April-26,CON-B03-3RD-1060,,,,,,,,,,,10-May-26,0.00%,0.00%,$0.00,$0.00,$0.00,
progress_updates,01-data/import_templates/activity_master.csv,1145,The Big -P.01-UP-20-April-26,CON-B04-5TH-1070,,,,,,,,,,,10-May-26,0.00%,0.00%,$0.00,$0.00,$0.00,
progress_updates,01-data/import_templates/activity_master.csv,1146,The Big -P.01-UP-20-April-26,AB-SUB-B04-5TH-1010,,,,,,,,,,,10-May-26,0.00%,0.00%,$0.00,$0.00,$0.00,
progress_updates,01-data/import_templates/activity_master.csv,1147,The Big -P.01-UP-20-April-26,AB-SUB-B04-5TH-1020,,,,,,,,,,,10-May-26,0.00%,0.00%,$0.00,$0.00,$0.00,
progress_updates,01-data/import_templates/activity_master.csv,1148,The Big -P.01-UP-20-April-26,AB-SUB-B04-5TH-1030,,,,,,,,,,,10-May-26,0.00%,0.00%,$0.00,$0.00,$0.00,
progress_updates,01-data/import_templates/activity_master.csv,1121,The Big -P.01-UP-20-April-26,CON-B02-3RD-1080,,,,,,,,,,,10-May-26,0.00%,0.00%,$0.00,$0.00,$0.00,
progress_updates,01-data/import_templates/activity_master.csv,1177,The Big -P.01-UP-20-April-26,AB-APP-B01-5TH-1010,,,,,,,,,,,10-May-26,0.00%,0.00%,$0.00,$0.00,$0.00,
progress_updates,01-data/import_templates/activity_master.csv,1178,The Big -P.01-UP-20-April-26,AB-APP-B01-5TH-1020,,,,,,,,,,,10-May-26,0.00%,0.00%,$0.00,$0.00,$0.00,
progress_updates,01-data/import_templates/activity_master.csv,1179,The Big -P.01-UP-20-April-26,AB-APP-B01-5TH-1030,,,,,,,,,,,10-May-26,0.00%,0.00%,$0.00,$0.00,$0.00,
progress_updates,01-data/import_templates/activity_master.csv,991,The Big -P.01-UP-20-April-26,P-MPOS-1190,,,,,,,,,,,15-Apr-26,0.00%,0.00%,$0.00,$0.00,$0.00,
progress_updates,01-data/import_templates/activity_master.csv,1180,The Big -P.01-UP-20-April-26,CON-B01-6TH-1030,,,,,,,,,,,10-May-26,0.00%,0.00%,$0.00,$0.00,$0.00,
progress_updates,01-data/import_templates/activity_master.csv,1122,The Big -P.01-UP-20-April-26,CON-B02-4TH-1000,,,,,,,,,,,10-May-26,0.00%,0.00%,$0.00,$0.00,$0.00,
progress_updates,01-data/import_templates/activity_master.csv,1156,The Big -P.01-UP-20-April-26,CON-B04-6TH-1000,,,,,,,,,,,10-May-26,0.00%,0.00%,$0.00,$0.00,$0.00,
progress_updates,01-data/import_templates/activity_master.csv,1136,The Big -P.01-UP-20-April-26,CON-B03-3RD-1070,,,,,,,,,,,10-May-26,0.00%,0.00%,$0.00,$0.00,$0.00,
progress_updates,01-data/import_templates/activity_master.csv,1137,The Big -P.01-UP-20-April-26,AB-SUB-B03-3RD-1010,,,,,,,,,,,10-May-26,0.00%,0.00%,$0.00,$0.00,$0.00,
progress_updates,01-data/import_templates/activity_master.csv,1138,The Big -P.01-UP-20-April-26,AB-SUB-B03-3RD-1020,,,,,,,,,,,10-May-26,0.00%,0.00%,$0.00,$0.00,$0.00,
progress_updates,01-data/import_templates/activity_master.csv,1139,The Big -P.01-UP-20-April-26,AB-SUB-B03-3RD-1030,,,,,,,,,,,10-May-26,0.00%,0.00%,$0.00,$0.00,$0.00,
progress_updates,01-data/import_templates/activity_master.csv,1128,The Big -P.01-UP-20-April-26,AB-APP-B02-3RD-1010,,,,,,,,,,,10-May-26,0.00%,0.00%,$0.00,$0.00,$0.00,
progress_updates,01-data/import_templates/activity_master.csv,1129,The Big -P.01-UP-20-April-26,AB-APP-B02-3RD-1020,,,,,,,,,,,10-May-26,0.00%,0.00%,$0.00,$0.00,$0.00,
progress_updates,01-data/import_templates/activity_master.csv,1130,The Big -P.01-UP-20-April-26,AB-APP-B02-3RD-1030,,,,,,,,,,,10-May-26,0.00%,0.00%,$0.00,$0.00,$0.00,
progress_updates,01-data/import_templates/activity_master.csv,1181,The Big -P.01-UP-20-April-26,CON-B01-6TH-1040,,,,,,,,,,,10-May-26,0.00%,0.00%,$0.00,$0.00,$0.00,
progress_updates,01-data/import_templates/activity_master.csv,1131,The Big -P.01-UP-20-April-26,CON-B02-4TH-1010,,,,,,,,,,,10-May-26,0.00%,0.00%,$0.00,$0.00,$0.00,
progress_updates,01-data/import_templates/activity_master.csv,1183,The Big -P.01-UP-20-April-26,AB-SUB-B01-6TH-1000,,,,,,,,,,,10-May-26,0.00%,0.00%,$0.00,$0.00,$0.00,
progress_updates,01-data/import_templates/activity_master.csv,1164,The Big -P.01-UP-20-April-26,CON-B04-6TH-1010,,,,,,,,,,,10-May-26,0.00%,0.00%,$0.00,$0.00,$0.00,
progress_updates,01-data/import_templates/activity_master.csv,1135,The Big -P.01-UP-20-April-26,CON-B02-4TH-1020,,,,,,,,,,,10-May-26,0.00%,0.00%,$0.00,$0.00,$0.00,
progress_updates,01-data/import_templates/activity_master.csv,1167,The Big -P.01-UP-20-April-26,CON-B04-6TH-1020,,,,,,,,,,,10-May-26,0.00%,0.00%,$0.00,$0.00,$0.00,
progress_updates,01-data/import_templates/activity_master.csv,1185,The Big -P.01-UP-20-April-26,CON-B01-6TH-1050,,,,,,,,,,,10-May-26,0.00%,0.00%,$0.00,$0.00,$0.00,
progress_updates,01-data/import_templates/activity_master.csv,1169,The Big -P.01-UP-20-April-26,CON-B04-5TH-1080,,,,,,,,,,,10-May-26,0.00%,0.00%,$0.00,$0.00,$0.00,
progress_updates,01-data/import_templates/activity_master.csv,1171,The Big -P.01-UP-20-April-26,CON-B04-6TH-1030,,,,,,,,,,,10-May-26,0.00%,0.00%,$0.00,$0.00,$0.00,
progress_updates,01-data/import_templates/activity_master.csv,1172,The Big -P.01-UP-20-April-26,AB-APP-B04-5TH-1010,,,,,,,,,,,10-May-26,0.00%,0.00%,$0.00,$0.00,$0.00,
progress_updates,01-data/import_templates/activity_master.csv,1173,The Big -P.01-UP-20-April-26,AB-APP-B04-5TH-1020,,,,,,,,,,,10-May-26,0.00%,0.00%,$0.00,$0.00,$0.00,
progress_updates,01-data/import_templates/activity_master.csv,1174,The Big -P.01-UP-20-April-26,AB-APP-B04-5TH-1030,,,,,,,,,,,10-May-26,0.00%,0.00%,$0.00,$0.00,$0.00,
progress_updates,01-data/import_templates/activity_master.csv,1144,The Big -P.01-UP-20-April-26,CON-B03-3RD-1080,,,,,,,,,,,10-May-26,0.00%,0.00%,$0.00,$0.00,$0.00,
progress_updates,01-data/import_templates/activity_master.csv,1175,The Big -P.01-UP-20-April-26,CON-B04-6TH-1040,,,,,,,,,,,10-May-26,0.00%,0.00%,$0.00,$0.00,$0.00,
progress_updates,01-data/import_templates/activity_master.csv,1176,The Big -P.01-UP-20-April-26,AB-SUB-B04-6TH-1000,,,,,,,,,,,10-May-26,0.00%,0.00%,$0.00,$0.00,$0.00,
progress_updates,01-data/import_templates/activity_master.csv,1151,The Big -P.01-UP-20-April-26,CON-B03-4TH-1000,,,,,,,,,,,10-May-26,0.00%,0.00%,$0.00,$0.00,$0.00,
progress_updates,01-data/import_templates/activity_master.csv,1157,The Big -P.01-UP-20-April-26,AB-APP-B03-3RD-1010,,,,,,,,,,,10-May-26,0.00%,0.00%,$0.00,$0.00,$0.00,
progress_updates,01-data/import_templates/activity_master.csv,1158,The Big -P.01-UP-20-April-26,AB-APP-B03-3RD-1020,,,,,,,,,,,10-May-26,0.00%,0.00%,$0.00,$0.00,$0.00,
progress_updates,01-data/import_templates/activity_master.csv,1159,The Big -P.01-UP-20-April-26,AB-APP-B03-3RD-1030,,,,,,,,,,,10-May-26,0.00%,0.00%,$0.00,$0.00,$0.00,
progress_updates,01-data/import_templates/activity_master.csv,1182,The Big -P.01-UP-20-April-26,CON-B04-6TH-1050,,,,,,,,,,,10-May-26,0.00%,0.00%,$0.00,$0.00,$0.00,
progress_updates,01-data/import_templates/activity_master.csv,1202,The Big -P.01-UP-20-April-26,AB-APP-B01-6TH-1000,,,,,,,,,,,10-May-26,0.00%,0.00%,$0.00,$0.00,$0.00,
progress_updates,01-data/import_templates/activity_master.csv,1203,The Big -P.01-UP-20-April-26,CON-B01-6TH-1060,,,,,,,,,,,10-May-26,0.00%,0.00%,$0.00,$0.00,$0.00,
progress_updates,01-data/import_templates/activity_master.csv,1162,The Big -P.01-UP-20-April-26,CON-B03-4TH-1010,,,,,,,,,,,10-May-26,0.00%,0.00%,$0.00,$0.00,$0.00,
progress_updates,01-data/import_templates/activity_master.csv,1205,The Big -P.01-UP-20-April-26,CON-B01-6TH-1070,,,,,,,,,,,10-May-26,0.00%,0.00%,$0.00,$0.00,$0.00,
progress_updates,01-data/import_templates/activity_master.csv,1206,The Big -P.01-UP-20-April-26,CON-B01-7TH-1000,,,,,,,,,,,10-May-26,0.00%,0.00%,$0.00,$0.00,$0.00,
progress_updates,01-data/import_templates/activity_master.csv,1155,The Big -P.01-UP-20-April-26,CON-B02-4TH-1030,,,,,,,,,,,10-May-26,0.00%,0.00%,$0.00,$0.00,$0.00,
progress_updates,01-data/import_templates/activity_master.csv,1207,The Big -P.01-UP-20-April-26,AB-SUB-B01-6TH-1010,,,,,,,,,,,10-May-26,0.00%,0.00%,$0.00,$0.00,$0.00,
progress_updates,01-data/import_templates/activity_master.csv,1208,The Big -P.01-UP-20-April-26,AB-SUB-B01-6TH-1020,,,,,,,,,,,10-May-26,0.00%,0.00%,$0.00,$0.00,$0.00,
progress_updates,01-data/import_templates/activity_master.csv,1209,The Big -P.01-UP-20-April-26,AB-SUB-B01-6TH-1030,,,,,,,,,,,10-May-26,0.00%,0.00%,$0.00,$0.00,$0.00,
progress_updates,01-data/import_templates/activity_master.csv,1211,The Big -P.01-UP-20-April-26,CON-B01-7TH-1010,,,,,,,,,,,10-May-26,0.00%,0.00%,$0.00,$0.00,$0.00,
progress_updates,01-data/import_templates/activity_master.csv,1161,The Big -P.01-UP-20-April-26,CON-B02-4TH-1040,,,,,,,,,,,10-May-26,0.00%,0.00%,$0.00,$0.00,$0.00,
progress_updates,01-data/import_templates/activity_master.csv,1168,The Big -P.01-UP-20-April-26,CON-B03-4TH-1020,,,,,,,,,,,10-May-26,0.00%,0.00%,$0.00,$0.00,$0.00,
progress_updates,01-data/import_templates/activity_master.csv,1163,The Big -P.01-UP-20-April-26,AB-SUB-B02-4TH-1000,,,,,,,,,,,10-May-26,0.00%,0.00%,$0.00,$0.00,$0.00,
progress_updates,01-data/import_templates/activity_master.csv,1216,The Big -P.01-UP-20-April-26,CON-B01-7TH-1020,,,,,,,,,,,10-May-26,0.00%,0.00%,$0.00,$0.00,$0.00,
progress_updates,01-data/import_templates/activity_master.csv,1166,The Big -P.01-UP-20-April-26,CON-B02-4TH-1050,,,,,,,,,,,10-May-26,0.00%,0.00%,$0.00,$0.00,$0.00,
progress_updates,01-data/import_templates/activity_master.csv,1190,The Big -P.01-UP-20-April-26,CON-B04-6TH-1060,,,,,,,,,,,10-May-26,0.00%,0.00%,$0.00,$0.00,$0.00,
progress_updates,01-data/import_templates/activity_master.csv,1192,The Big -P.01-UP-20-April-26,CON-B04-6TH-1070,,,,,,,,,,,10-May-26,0.00%,0.00%,$0.00,$0.00,$0.00,
progress_updates,01-data/import_templates/activity_master.csv,1193,The Big -P.01-UP-20-April-26,AB-SUB-B04-6TH-1010,,,,,,,,,,,10-May-26,0.00%,0.00%,$0.00,$0.00,$0.00,
progress_updates,01-data/import_templates/activity_master.csv,1194,The Big -P.01-UP-20-April-26,AB-SUB-B04-6TH-1020,,,,,,,,,,,10-May-26,0.00%,0.00%,$0.00,$0.00,$0.00,
progress_updates,01-data/import_templates/activity_master.csv,1195,The Big -P.01-UP-20-April-26,AB-SUB-B04-6TH-1030,,,,,,,,,,,10-May-26,0.00%,0.00%,$0.00,$0.00,$0.00,
progress_updates,01-data/import_templates/activity_master.csv,1199,The Big -P.01-UP-20-April-26,AB-APP-B04-6TH-1000,,,,,,,,,,,10-May-26,0.00%,0.00%,$0.00,$0.00,$0.00,
progress_updates,01-data/import_templates/activity_master.csv,1024,The Big -P.01-UP-20-April-26,P-MDEL-1180,,,,,,,,,,,10-May-26,0.00%,0.00%,$0.00,$0.00,$0.00,
progress_updates,01-data/import_templates/activity_master.csv,1201,The Big -P.01-UP-20-April-26,CON-B04-7TH-1000,,,,,,,,,,,10-May-26,0.00%,0.00%,$0.00,$0.00,$0.00,
progress_updates,01-data/import_templates/activity_master.csv,1234,The Big -P.01-UP-20-April-26,CON-B01-6TH-1080,,,,,,,,,,,10-May-26,0.00%,0.00%,$0.00,$0.00,$0.00,
progress_updates,01-data/import_templates/activity_master.csv,1235,The Big -P.01-UP-20-April-26,CON-B01-7TH-1030,,,,,,,,,,,10-May-26,0.00%,0.00%,$0.00,$0.00,$0.00,
progress_updates,01-data/import_templates/activity_master.csv,1204,The Big -P.01-UP-20-April-26,CON-B04-7TH-1010,,,,,,,,,,,10-May-26,0.00%,0.00%,$0.00,$0.00,$0.00,
progress_updates,01-data/import_templates/activity_master.csv,1236,The Big -P.01-UP-20-April-26,AB-APP-B01-6TH-1010,,,,,,,,,,,10-May-26,0.00%,0.00%,$0.00,$0.00,$0.00,
progress_updates,01-data/import_templates/activity_master.csv,1237,The Big -P.01-UP-20-April-26,AB-APP-B01-6TH-1020,,,,,,,,,,,10-May-26,0.00%,0.00%,$0.00,$0.00,$0.00,
progress_updates,01-data/import_templates/activity_master.csv,1238,The Big -P.01-UP-20-April-26,AB-APP-B01-6TH-1030,,,,,,,,,,,10-May-26,0.00%,0.00%,$0.00,$0.00,$0.00,
progress_updates,01-data/import_templates/activity_master.csv,1239,The Big -P.01-UP-20-April-26,CON-B01-7TH-1040,,,,,,,,,,,10-May-26,0.00%,0.00%,$0.00,$0.00,$0.00,
progress_updates,01-data/import_templates/activity_master.csv,1210,The Big -P.01-UP-20-April-26,CON-B04-7TH-1020,,,,,,,,,,,10-May-26,0.00%,0.00%,$0.00,$0.00,$0.00,
progress_updates,01-data/import_templates/activity_master.csv,1241,The Big -P.01-UP-20-April-26,AB-SUB-B01-7TH-1000,,,,,,,,,,,10-May-26,0.00%,0.00%,$0.00,$0.00,$0.00,
progress_updates,01-data/import_templates/activity_master.csv,1186,The Big -P.01-UP-20-April-26,CON-B03-4TH-1030,,,,,,,,,,,10-May-26,0.00%,0.00%,$0.00,$0.00,$0.00,
progress_updates,01-data/import_templates/activity_master.csv,1184,The Big -P.01-UP-20-April-26,AB-APP-B02-4TH-1000,,,,,,,,,,,10-May-26,0.00%,0.00%,$0.00,$0.00,$0.00,
progress_updates,01-data/import_templates/activity_master.csv,1212,The Big -P.01-UP-20-April-26,AB-APP-B04-6TH-1030,,,,,,,,,,,10-May-26,0.00%,0.00%,$0.00,$0.00,$0.00,
progress_updates,01-data/import_templates/activity_master.csv,1244,The Big -P.01-UP-20-April-26,CON-B01-7TH-1050,,,,,,,,,,,10-May-26,0.00%,0.00%,$0.00,$0.00,$0.00,
progress_updates,01-data/import_templates/activity_master.csv,1188,The Big -P.01-UP-20-April-26,CON-B03-4TH-1040,,,,,,,,,,,10-May-26,0.00%,0.00%,$0.00,$0.00,$0.00,
progress_updates,01-data/import_templates/activity_master.csv,1215,The Big -P.01-UP-20-April-26,CON-B04-6TH-1080,,,,,,,,,,,10-May-26,0.00%,0.00%,$0.00,$0.00,$0.00,
progress_updates,01-data/import_templates/activity_master.csv,1189,The Big -P.01-UP-20-April-26,AB-SUB-B03-4TH-1000,,,,,,,,,,,10-May-26,0.00%,0.00%,$0.00,$0.00,$0.00,
progress_updates,01-data/import_templates/activity_master.csv,1218,The Big -P.01-UP-20-April-26,CON-B04-7TH-1030,,,,,,,,,,,10-May-26,0.00%,0.00%,$0.00,$0.00,$0.00,
progress_updates,01-data/import_templates/activity_master.csv,1222,The Big -P.01-UP-20-April-26,AB-APP-B04-6TH-1010,,,,,,,,,,,10-May-26,0.00%,0.00%,$0.00,$0.00,$0.00,
progress_updates,01-data/import_templates/activity_master.csv,1223,The Big -P.01-UP-20-April-26,AB-APP-B04-6TH-1020,,,,,,,,,,,10-May-26,0.00%,0.00%,$0.00,$0.00,$0.00,
progress_updates,01-data/import_templates/activity_master.csv,1226,The Big -P.01-UP-20-April-26,CON-B04-7TH-1040,,,,,,,,,,,10-May-26,0.00%,0.00%,$0.00,$0.00,$0.00,
progress_updates,01-data/import_templates/activity_master.csv,1227,The Big -P.01-UP-20-April-26,AB-SUB-B04-7TH-1000,,,,,,,,,,,10-May-26,0.00%,0.00%,$0.00,$0.00,$0.00,
progress_updates,01-data/import_templates/activity_master.csv,1187,The Big -P.01-UP-20-April-26,CON-B02-4TH-1060,,,,,,,,,,,10-May-26,0.00%,0.00%,$0.00,$0.00,$0.00,
progress_updates,01-data/import_templates/activity_master.csv,1200,The Big -P.01-UP-20-April-26,CON-B03-4TH-1050,,,,,,,,,,,10-May-26,0.00%,0.00%,$0.00,$0.00,$0.00,
progress_updates,01-data/import_templates/activity_master.csv,1228,The Big -P.01-UP-20-April-26,CON-B04-7TH-1050,,,,,,,,,,,10-May-26,0.00%,0.00%,$0.00,$0.00,$0.00,
progress_updates,01-data/import_templates/activity_master.csv,1191,The Big -P.01-UP-20-April-26,CON-B02-4TH-1070,,,,,,,,,,,10-May-26,0.00%,0.00%,$0.00,$0.00,$0.00,
progress_updates,01-data/import_templates/activity_master.csv,1055,The Big -P.01-UP-20-April-26,P-MDEL-1200,,,,,,,,,,,10-May-26,0.00%,0.00%,$0.00,$0.00,$0.00,
progress_updates,01-data/import_templates/activity_master.csv,1196,The Big -P.01-UP-20-April-26,AB-SUB-B02-4TH-1010,,,,,,,,,,,10-May-26,0.00%,0.00%,$0.00,$0.00,$0.00,
progress_updates,01-data/import_templates/activity_master.csv,1197,The Big -P.01-UP-20-April-26,AB-SUB-B02-4TH-1020,,,,,,,,,,,10-May-26,0.00%,0.00%,$0.00,$0.00,$0.00,
progress_updates,01-data/import_templates/activity_master.csv,1198,The Big -P.01-UP-20-April-26,AB-SUB-B02-4TH-1030,,,,,,,,,,,10-May-26,0.00%,0.00%,$0.00,$0.00,$0.00,
progress_updates,01-data/import_templates/activity_master.csv,1262,The Big -P.01-UP-20-April-26,CON-B01-7TH-1060,,,,,,,,,,,10-May-26,0.00%,0.00%,$0.00,$0.00,$0.00,
progress_updates,01-data/import_templates/activity_master.csv,1267,The Big -P.01-UP-20-April-26,AB-APP-B01-7TH-1000,,,,,,,,,,,10-May-26,0.00%,0.00%,$0.00,$0.00,$0.00,
progress_updates,01-data/import_templates/activity_master.csv,1268,The Big -P.01-UP-20-April-26,CON-B01-7TH-1070,,,,,,,,,,,10-May-26,0.00%,0.00%,$0.00,$0.00,$0.00,
progress_updates,01-data/import_templates/activity_master.csv,1269,The Big -P.01-UP-20-April-26,CON-B01-8TH-1000,,,,,,,,,,,10-May-26,0.00%,0.00%,$0.00,$0.00,$0.00,
progress_updates,01-data/import_templates/activity_master.csv,1271,The Big -P.01-UP-20-April-26,AB-SUB-B01-7TH-1010,,,,,,,,,,,10-May-26,0.00%,0.00%,$0.00,$0.00,$0.00,
progress_updates,01-data/import_templates/activity_master.csv,1272,The Big -P.01-UP-20-April-26,AB-SUB-B01-7TH-1020,,,,,,,,,,,10-May-26,0.00%,0.00%,$0.00,$0.00,$0.00,
progress_updates,01-data/import_templates/activity_master.csv,1273,The Big -P.01-UP-20-April-26,AB-SUB-B01-7TH-1030,,,,,,,,,,,10-May-26,0.00%,0.00%,$0.00,$0.00,$0.00,
progress_updates,01-data/import_templates/activity_master.csv,1213,The Big -P.01-UP-20-April-26,AB-APP-B03-4TH-1000,,,,,,,,,,,10-May-26,0.00%,0.00%,$0.00,$0.00,$0.00,
progress_updates,01-data/import_templates/activity_master.csv,1276,The Big -P.01-UP-20-April-26,CON-B01-8TH-1010,,,,,,,,,,,10-May-26,0.00%,0.00%,$0.00,$0.00,$0.00,
progress_updates,01-data/import_templates/activity_master.csv,1245,The Big -P.01-UP-20-April-26,CON-B04-7TH-1060,,,,,,,,,,,10-May-26,0.00%,0.00%,$0.00,$0.00,$0.00,
progress_updates,01-data/import_templates/activity_master.csv,1246,The Big -P.01-UP-20-April-26,CON-B04-7TH-1070,,,,,,,,,,,10-May-26,0.00%,0.00%,$0.00,$0.00,$0.00,
progress_updates,01-data/import_templates/activity_master.csv,1247,The Big -P.01-UP-20-April-26,AB-SUB-B04-7TH-1010,,,,,,,,,,,10-May-26,0.00%,0.00%,$0.00,$0.00,$0.00,
progress_updates,01-data/import_templates/activity_master.csv,1248,The Big -P.01-UP-20-April-26,AB-SUB-B04-7TH-1020,,,,,,,,,,,10-May-26,0.00%,0.00%,$0.00,$0.00,$0.00,
progress_updates,01-data/import_templates/activity_master.csv,1249,The Big -P.01-UP-20-April-26,AB-SUB-B04-7TH-1030,,,,,,,,,,,10-May-26,0.00%,0.00%,$0.00,$0.00,$0.00,
progress_updates,01-data/import_templates/activity_master.csv,1283,The Big -P.01-UP-20-April-26,CON-B01-8TH-1020,,,,,,,,,,,10-May-26,0.00%,0.00%,$0.00,$0.00,$0.00,
progress_updates,01-data/import_templates/activity_master.csv,1251,The Big -P.01-UP-20-April-26,AB-APP-B04-7TH-1000,,,,,,,,,,,10-May-26,0.00%,0.00%,$0.00,$0.00,$0.00,
progress_updates,01-data/import_templates/activity_master.csv,1225,The Big -P.01-UP-20-April-26,CON-B03-4TH-1060,,,,,,,,,,,10-May-26,0.00%,0.00%,$0.00,$0.00,$0.00,
progress_updates,01-data/import_templates/activity_master.csv,1253,The Big -P.01-UP-20-April-26,CON-B04-8TH-1000,,,,,,,,,,,10-May-26,0.00%,0.00%,$0.00,$0.00,$0.00,
progress_updates,01-data/import_templates/activity_master.csv,1214,The Big -P.01-UP-20-April-26,CON-B02-4TH-1080,,,,,,,,,,,10-May-26,0.00%,0.00%,$0.00,$0.00,$0.00,
progress_updates,01-data/import_templates/activity_master.csv,1217,The Big -P.01-UP-20-April-26,CON-B02-RF-1000,,,,,,,,,,,10-May-26,0.00%,0.00%,$0.00,$0.00,$0.00,
progress_updates,01-data/import_templates/activity_master.csv,1255,The Big -P.01-UP-20-April-26,CON-B04-8TH-1010,,,,,,,,,,,10-May-26,0.00%,0.00%,$0.00,$0.00,$0.00,
progress_updates,01-data/import_templates/activity_master.csv,1224,The Big -P.01-UP-20-April-26,CON-B02-RF-1010,,,,,,,,,,,10-May-26,0.00%,0.00%,$0.00,$0.00,$0.00,
progress_updates,01-data/import_templates/activity_master.csv,1230,The Big -P.01-UP-20-April-26,CON-B03-4TH-1070,,,,,,,,,,,10-May-26,0.00%,0.00%,$0.00,$0.00,$0.00,
progress_updates,01-data/import_templates/activity_master.csv,1231,The Big -P.01-UP-20-April-26,AB-SUB-B03-4TH-1010,,,,,,,,,,,10-May-26,0.00%,0.00%,$0.00,$0.00,$0.00,
progress_updates,01-data/import_templates/activity_master.csv,1232,The Big -P.01-UP-20-April-26,AB-SUB-B03-4TH-1020,,,,,,,,,,,10-May-26,0.00%,0.00%,$0.00,$0.00,$0.00,
progress_updates,01-data/import_templates/activity_master.csv,1233,The Big -P.01-UP-20-April-26,AB-SUB-B03-4TH-1030,,,,,,,,,,,10-May-26,0.00%,0.00%,$0.00,$0.00,$0.00,
progress_updates,01-data/import_templates/activity_master.csv,1219,The Big -P.01-UP-20-April-26,AB-APP-B02-4TH-1010,,,,,,,,,,,10-May-26,0.00%,0.00%,$0.00,$0.00,$0.00,
progress_updates,01-data/import_templates/activity_master.csv,1220,The Big -P.01-UP-20-April-26,AB-APP-B02-4TH-1020,,,,,,,,,,,10-May-26,0.00%,0.00%,$0.00,$0.00,$0.00,
progress_updates,01-data/import_templates/activity_master.csv,1221,The Big -P.01-UP-20-April-26,AB-APP-B02-4TH-1030,,,,,,,,,,,10-May-26,0.00%,0.00%,$0.00,$0.00,$0.00,
progress_updates,01-data/import_templates/activity_master.csv,1261,The Big -P.01-UP-20-April-26,CON-B04-8TH-1020,,,,,,,,,,,10-May-26,0.00%,0.00%,$0.00,$0.00,$0.00,
progress_updates,01-data/import_templates/activity_master.csv,1297,The Big -P.01-UP-20-April-26,CON-B01-7TH-1080,,,,,,,,,,,10-May-26,0.00%,0.00%,$0.00,$0.00,$0.00,
progress_updates,01-data/import_templates/activity_master.csv,1291,The Big -P.01-UP-20-April-26,CON-B01-8TH-1030,,,,,,,,,,,10-May-26,0.00%,0.00%,$0.00,$0.00,$0.00,
progress_updates,01-data/import_templates/activity_master.csv,1229,The Big -P.01-UP-20-April-26,CON-B02-RF-1020,,,,,,,,,,,10-May-26,0.00%,0.00%,$0.00,$0.00,$0.00,
progress_updates,01-data/import_templates/activity_master.csv,1298,The Big -P.01-UP-20-April-26,CON-B01-8TH-1040,,,,,,,,,,,10-May-26,0.00%,0.00%,$0.00,$0.00,$0.00,
progress_updates,01-data/import_templates/activity_master.csv,1300,The Big -P.01-UP-20-April-26,AB-SUB-B01-8TH-1000,,,,,,,,,,,10-May-26,0.00%,0.00%,$0.00,$0.00,$0.00,
progress_updates,01-data/import_templates/activity_master.csv,1301,The Big -P.01-UP-20-April-26,AB-APP-B01-7TH-1010,,,,,,,,,,,10-May-26,0.00%,0.00%,$0.00,$0.00,$0.00,
progress_updates,01-data/import_templates/activity_master.csv,1302,The Big -P.01-UP-20-April-26,AB-APP-B01-7TH-1020,,,,,,,,,,,10-May-26,0.00%,0.00%,$0.00,$0.00,$0.00,
progress_updates,01-data/import_templates/activity_master.csv,1303,The Big -P.01-UP-20-April-26,AB-APP-B01-7TH-1030,,,,,,,,,,,10-May-26,0.00%,0.00%,$0.00,$0.00,$0.00,
progress_updates,01-data/import_templates/activity_master.csv,1275,The Big -P.01-UP-20-April-26,CON-B04-7TH-1080,,,,,,,,,,,10-May-26,0.00%,0.00%,$0.00,$0.00,$0.00,
progress_updates,01-data/import_templates/activity_master.csv,1308,The Big -P.01-UP-20-April-26,CON-B01-8TH-1050,,,,,,,,,,,10-May-26,0.00%,0.00%,$0.00,$0.00,$0.00,
progress_updates,01-data/import_templates/activity_master.csv,1240,The Big -P.01-UP-20-April-26,CON-B02-RF-1030,,,,,,,,,,,10-May-26,0.00%,0.00%,$0.00,$0.00,$0.00,
progress_updates,01-data/import_templates/activity_master.csv,1279,The Big -P.01-UP-20-April-26,CON-B04-8TH-1030,,,,,,,,,,,10-May-26,0.00%,0.00%,$0.00,$0.00,$0.00,
progress_updates,01-data/import_templates/activity_master.csv,1280,The Big -P.01-UP-20-April-26,AB-APP-B04-7TH-1010,,,,,,,,,,,10-May-26,0.00%,0.00%,$0.00,$0.00,$0.00,
progress_updates,01-data/import_templates/activity_master.csv,1281,The Big -P.01-UP-20-April-26,AB-APP-B04-7TH-1020,,,,,,,,,,,10-May-26,0.00%,0.00%,$0.00,$0.00,$0.00,
progress_updates,01-data/import_templates/activity_master.csv,1282,The Big -P.01-UP-20-April-26,AB-APP-B04-7TH-1030,,,,,,,,,,,10-May-26,0.00%,0.00%,$0.00,$0.00,$0.00,
progress_updates,01-data/import_templates/activity_master.csv,1242,The Big -P.01-UP-20-April-26,CON-B02-RF-1040,,,,,,,,,,,10-May-26,0.00%,0.00%,$0.00,$0.00,$0.00,
progress_updates,01-data/import_templates/activity_master.csv,1284,The Big -P.01-UP-20-April-26,CON-B04-8TH-1040,,,,,,,,,,,10-May-26,0.00%,0.00%,$0.00,$0.00,$0.00,
progress_updates,01-data/import_templates/activity_master.csv,1285,The Big -P.01-UP-20-April-26,AB-SUB-B04-8TH-1000,,,,,,,,,,,10-May-26,0.00%,0.00%,$0.00,$0.00,$0.00,
progress_updates,01-data/import_templates/activity_master.csv,1243,The Big -P.01-UP-20-April-26,AB-SUB-B02-RF-1000,,,,,,,,,,,10-May-26,0.00%,0.00%,$0.00,$0.00,$0.00,
progress_updates,01-data/import_templates/activity_master.csv,1252,The Big -P.01-UP-20-April-26,CON-B03-4TH-1080,,,,,,,,,,,10-May-26,0.00%,0.00%,$0.00,$0.00,$0.00,
progress_updates,01-data/import_templates/activity_master.csv,1287,The Big -P.01-UP-20-April-26,CON-B04-8TH-1050,,,,,,,,,,,10-May-26,0.00%,0.00%,$0.00,$0.00,$0.00,
progress_updates,01-data/import_templates/activity_master.csv,1254,The Big -P.01-UP-20-April-26,CON-B03-RF-1000,,,,,,,,,,,10-May-26,0.00%,0.00%,$0.00,$0.00,$0.00,
progress_updates,01-data/import_templates/activity_master.csv,1250,The Big -P.01-UP-20-April-26,CON-B02-RF-1050,,,,,,,,,,,10-May-26,0.00%,0.00%,$0.00,$0.00,$0.00,
progress_updates,01-data/import_templates/activity_master.csv,1256,The Big -P.01-UP-20-April-26,AB-APP-B03-4TH-1010,,,,,,,,,,,10-May-26,0.00%,0.00%,$0.00,$0.00,$0.00,
progress_updates,01-data/import_templates/activity_master.csv,1257,The Big -P.01-UP-20-April-26,AB-APP-B03-4TH-1020,,,,,,,,,,,10-May-26,0.00%,0.00%,$0.00,$0.00,$0.00,
progress_updates,01-data/import_templates/activity_master.csv,1258,The Big -P.01-UP-20-April-26,AB-APP-B03-4TH-1030,,,,,,,,,,,10-May-26,0.00%,0.00%,$0.00,$0.00,$0.00,
progress_updates,01-data/import_templates/activity_master.csv,1260,The Big -P.01-UP-20-April-26,CON-B03-RF-1010,,,,,,,,,,,10-May-26,0.00%,0.00%,$0.00,$0.00,$0.00,
progress_updates,01-data/import_templates/activity_master.csv,1320,The Big -P.01-UP-20-April-26,CON-B01-8TH-1060,,,,,,,,,,,10-May-26,0.00%,0.00%,$0.00,$0.00,$0.00,
progress_updates,01-data/import_templates/activity_master.csv,1264,The Big -P.01-UP-20-April-26,CON-B03-RF-1020,,,,,,,,,,,10-May-26,0.00%,0.00%,$0.00,$0.00,$0.00,
progress_updates,01-data/import_templates/activity_master.csv,1324,The Big -P.01-UP-20-April-26,CON-B01-8TH-1070,,,,,,,,,,,10-May-26,0.00%,0.00%,$0.00,$0.00,$0.00,
progress_updates,01-data/import_templates/activity_master.csv,1259,The Big -P.01-UP-20-April-26,CON-B02-RF-1060,,,,,,,,,,,10-May-26,0.00%,0.00%,$0.00,$0.00,$0.00,
progress_updates,01-data/import_templates/activity_master.csv,1299,The Big -P.01-UP-20-April-26,CON-B04-8TH-1060,,,,,,,,,,,10-May-26,0.00%,0.00%,$0.00,$0.00,$0.00,
progress_updates,01-data/import_templates/activity_master.csv,1326,The Big -P.01-UP-20-April-26,AB-SUB-B01-8TH-1010,,,,,,,,,,,10-May-26,0.00%,0.00%,$0.00,$0.00,$0.00,
progress_updates,01-data/import_templates/activity_master.csv,1327,The Big -P.01-UP-20-April-26,AB-SUB-B01-8TH-1020,,,,,,,,,,,10-May-26,0.00%,0.00%,$0.00,$0.00,$0.00,
progress_updates,01-data/import_templates/activity_master.csv,1328,The Big -P.01-UP-20-April-26,AB-SUB-B01-8TH-1030,,,,,,,,,,,10-May-26,0.00%,0.00%,$0.00,$0.00,$0.00,
progress_updates,01-data/import_templates/activity_master.csv,1329,The Big -P.01-UP-20-April-26,AB-APP-B01-8TH-1000,,,,,,,,,,,10-May-26,0.00%,0.00%,$0.00,$0.00,$0.00,
progress_updates,01-data/import_templates/activity_master.csv,1304,The Big -P.01-UP-20-April-26,CON-B04-8TH-1070,,,,,,,,,,,10-May-26,0.00%,0.00%,$0.00,$0.00,$0.00,
progress_updates,01-data/import_templates/activity_master.csv,1270,The Big -P.01-UP-20-April-26,CON-B03-RF-1030,,,,,,,,,,,10-May-26,0.00%,0.00%,$0.00,$0.00,$0.00,
progress_updates,01-data/import_templates/activity_master.csv,1305,The Big -P.01-UP-20-April-26,AB-SUB-B04-8TH-1010,,,,,,,,,,,10-May-26,0.00%,0.00%,$0.00,$0.00,$0.00,
progress_updates,01-data/import_templates/activity_master.csv,1306,The Big -P.01-UP-20-April-26,AB-SUB-B04-8TH-1020,,,,,,,,,,,10-May-26,0.00%,0.00%,$0.00,$0.00,$0.00,
progress_updates,01-data/import_templates/activity_master.csv,1307,The Big -P.01-UP-20-April-26,AB-SUB-B04-8TH-1030,,,,,,,,,,,10-May-26,0.00%,0.00%,$0.00,$0.00,$0.00,
progress_updates,01-data/import_templates/activity_master.csv,1336,The Big -P.01-UP-20-April-26,CON-B01-9TH-1000,,,,,,,,,,,10-May-26,0.00%,0.00%,$0.00,$0.00,$0.00,
progress_updates,01-data/import_templates/activity_master.csv,1263,The Big -P.01-UP-20-April-26,CON-B02-RF-1070,,,,,,,,,,,10-May-26,0.00%,0.00%,$0.00,$0.00,$0.00,
progress_updates,01-data/import_templates/activity_master.csv,1265,The Big -P.01-UP-20-April-26,AB-SUB-B02-RF-1010,,,,,,,,,,,10-May-26,0.00%,0.00%,$0.00,$0.00,$0.00,
progress_updates,01-data/import_templates/activity_master.csv,1266,The Big -P.01-UP-20-April-26,AB-SUB-B02-RF-1020,,,,,,,,,,,10-May-26,0.00%,0.00%,$0.00,$0.00,$0.00,
progress_updates,01-data/import_templates/activity_master.csv,1337,The Big -P.01-UP-20-April-26,CON-B01-9TH-1010,,,,,,,,,,,10-May-26,0.00%,0.00%,$0.00,$0.00,$0.00,
progress_updates,01-data/import_templates/activity_master.csv,1310,The Big -P.01-UP-20-April-26,CON-B04-RF-1000,,,,,,,,,,,10-May-26,0.00%,0.00%,$0.00,$0.00,$0.00,
progress_updates,01-data/import_templates/activity_master.csv,1277,The Big -P.01-UP-20-April-26,CON-B03-RF-1040,,,,,,,,,,,10-May-26,0.00%,0.00%,$0.00,$0.00,$0.00,
progress_updates,01-data/import_templates/activity_master.csv,1278,The Big -P.01-UP-20-April-26,AB-SUB-B03-RF-1000,,,,,,,,,,,10-May-26,0.00%,0.00%,$0.00,$0.00,$0.00,
progress_updates,01-data/import_templates/activity_master.csv,1311,The Big -P.01-UP-20-April-26,CON-B04-RF-1010,,,,,,,,,,,10-May-26,0.00%,0.00%,$0.00,$0.00,$0.00,
progress_updates,01-data/import_templates/activity_master.csv,1274,The Big -P.01-UP-20-April-26,AB-APP-B02-RF-1000,,,,,,,,,,,10-May-26,0.00%,0.00%,$0.00,$0.00,$0.00,
progress_updates,01-data/import_templates/activity_master.csv,1312,The Big -P.01-UP-20-April-26,AB-APP-B04-8TH-1000,,,,,,,,,,,10-May-26,0.00%,0.00%,$0.00,$0.00,$0.00,
progress_updates,01-data/import_templates/activity_master.csv,1338,The Big -P.01-UP-20-April-26,CON-B01-9TH-1020,,,,,,,,,,,10-May-26,0.00%,0.00%,$0.00,$0.00,$0.00,
progress_updates,01-data/import_templates/activity_master.csv,1313,The Big -P.01-UP-20-April-26,CON-B04-RF-1020,,,,,,,,,,,10-May-26,0.00%,0.00%,$0.00,$0.00,$0.00,
progress_updates,01-data/import_templates/activity_master.csv,1339,The Big -P.01-UP-20-April-26,CON-B01-9TH-1030,,,,,,,,,,,10-May-26,0.00%,0.00%,$0.00,$0.00,$0.00,
progress_updates,01-data/import_templates/activity_master.csv,1314,The Big -P.01-UP-20-April-26,CON-B04-RF-1030,,,,,,,,,,,10-May-26,0.00%,0.00%,$0.00,$0.00,$0.00,
progress_updates,01-data/import_templates/activity_master.csv,1286,The Big -P.01-UP-20-April-26,CON-B03-RF-1050,,,,,,,,,,,10-May-26,0.00%,0.00%,$0.00,$0.00,$0.00,
progress_updates,01-data/import_templates/activity_master.csv,1341,The Big -P.01-UP-20-April-26,CON-B01-9TH-1040,,,,,,,,,,,10-May-26,0.00%,0.00%,$0.00,$0.00,$0.00,
progress_updates,01-data/import_templates/activity_master.csv,1315,The Big -P.01-UP-20-April-26,CON-B04-RF-1040,,,,,,,,,,,10-May-26,0.00%,0.00%,$0.00,$0.00,$0.00,
progress_updates,01-data/import_templates/activity_master.csv,1317,The Big -P.01-UP-20-April-26,AB-SUB-B04-RF-1000,,,,,,,,,,,10-May-26,0.00%,0.00%,$0.00,$0.00,$0.00,
progress_updates,01-data/import_templates/activity_master.csv,1343,The Big -P.01-UP-20-April-26,AB-SUB-B01-RF-1000,,,,,,,,,,,10-May-26,0.00%,0.00%,$0.00,$0.00,$0.00,
progress_updates,01-data/import_templates/activity_master.csv,1344,The Big -P.01-UP-20-April-26,CON-B01-9TH-1050,,,,,,,,,,,10-May-26,0.00%,0.00%,$0.00,$0.00,$0.00,
progress_updates,01-data/import_templates/activity_master.csv,1319,The Big -P.01-UP-20-April-26,CON-B04-RF-1050,,,,,,,,,,,10-May-26,0.00%,0.00%,$0.00,$0.00,$0.00,
progress_updates,01-data/import_templates/activity_master.csv,1289,The Big -P.01-UP-20-April-26,CON-B03-RF-1060,,,,,,,,,,,10-May-26,0.00%,0.00%,$0.00,$0.00,$0.00,
progress_updates,01-data/import_templates/activity_master.csv,1345,The Big -P.01-UP-20-April-26,CON-B01-8TH-1080,,,,,,,,,,,10-May-26,0.00%,0.00%,$0.00,$0.00,$0.00,
progress_updates,01-data/import_templates/activity_master.csv,1323,The Big -P.01-UP-20-April-26,CON-B04-8TH-1080,,,,,,,,,,,10-May-26,0.00%,0.00%,$0.00,$0.00,$0.00,
progress_updates,01-data/import_templates/activity_master.csv,1292,The Big -P.01-UP-20-April-26,CON-B03-RF-1070,,,,,,,,,,,10-May-26,0.00%,0.00%,$0.00,$0.00,$0.00,
progress_updates,01-data/import_templates/activity_master.csv,1293,The Big -P.01-UP-20-April-26,AB-SUB-B03-RF-1010,,,,,,,,,,,10-May-26,0.00%,0.00%,$0.00,$0.00,$0.00,
progress_updates,01-data/import_templates/activity_master.csv,1294,The Big -P.01-UP-20-April-26,AB-SUB-B03-RF-1020,,,,,,,,,,,10-May-26,0.00%,0.00%,$0.00,$0.00,$0.00,
progress_updates,01-data/import_templates/activity_master.csv,1346,The Big -P.01-UP-20-April-26,CON-B01-9TH-1060,,,,,,,,,,,10-May-26,0.00%,0.00%,$0.00,$0.00,$0.00,
progress_updates,01-data/import_templates/activity_master.csv,1288,The Big -P.01-UP-20-April-26,CON-B02-RF-1080,,,,,,,,,,,10-May-26,0.00%,0.00%,$0.00,$0.00,$0.00,
progress_updates,01-data/import_templates/activity_master.csv,1325,The Big -P.01-UP-20-April-26,CON-B04-RF-1060,,,,,,,,,,,10-May-26,0.00%,0.00%,$0.00,$0.00,$0.00,
progress_updates,01-data/import_templates/activity_master.csv,1347,The Big -P.01-UP-20-April-26,AB-APP-B01-8TH-1010,,,,,,,,,,,10-May-26,0.00%,0.00%,$0.00,$0.00,$0.00,
progress_updates,01-data/import_templates/activity_master.csv,1348,The Big -P.01-UP-20-April-26,AB-APP-B01-8TH-1020,,,,,,,,,,,10-May-26,0.00%,0.00%,$0.00,$0.00,$0.00,
progress_updates,01-data/import_templates/activity_master.csv,1349,The Big -P.01-UP-20-April-26,AB-APP-B01-8TH-1030,,,,,,,,,,,10-May-26,0.00%,0.00%,$0.00,$0.00,$0.00,
progress_updates,01-data/import_templates/activity_master.csv,1350,The Big -P.01-UP-20-April-26,CON-B01-9TH-1070,,,,,,,,,,,10-May-26,0.00%,0.00%,$0.00,$0.00,$0.00,
progress_updates,01-data/import_templates/activity_master.csv,1330,The Big -P.01-UP-20-April-26,CON-B04-RF-1070,,,,,,,,,,,10-May-26,0.00%,0.00%,$0.00,$0.00,$0.00,
progress_updates,01-data/import_templates/activity_master.csv,1331,The Big -P.01-UP-20-April-26,AB-SUB-B04-RF-1010,,,,,,,,,,,10-May-26,0.00%,0.00%,$0.00,$0.00,$0.00,
progress_updates,01-data/import_templates/activity_master.csv,1332,The Big -P.01-UP-20-April-26,AB-SUB-B04-RF-1020,,,,,,,,,,,10-May-26,0.00%,0.00%,$0.00,$0.00,$0.00,
progress_updates,01-data/import_templates/activity_master.csv,1351,The Big -P.01-UP-20-April-26,AB-SUB-B01-RF-1010,,,,,,,,,,,10-May-26,0.00%,0.00%,$0.00,$0.00,$0.00,
progress_updates,01-data/import_templates/activity_master.csv,1352,The Big -P.01-UP-20-April-26,AB-SUB-B01-RF-1020,,,,,,,,,,,10-May-26,0.00%,0.00%,$0.00,$0.00,$0.00,
progress_updates,01-data/import_templates/activity_master.csv,1333,The Big -P.01-UP-20-April-26,AB-APP-B04-8TH-1010,,,,,,,,,,,10-May-26,0.00%,0.00%,$0.00,$0.00,$0.00,
progress_updates,01-data/import_templates/activity_master.csv,1334,The Big -P.01-UP-20-April-26,AB-APP-B04-8TH-1020,,,,,,,,,,,10-May-26,0.00%,0.00%,$0.00,$0.00,$0.00,
progress_updates,01-data/import_templates/activity_master.csv,1335,The Big -P.01-UP-20-April-26,AB-APP-B04-8TH-1030,,,,,,,,,,,10-May-26,0.00%,0.00%,$0.00,$0.00,$0.00,
progress_updates,01-data/import_templates/activity_master.csv,1290,The Big -P.01-UP-20-April-26,HO-1020,,,,,,,,,,,10-May-26,0.00%,0.00%,$0.00,$0.00,$0.00,
progress_updates,01-data/import_templates/activity_master.csv,1295,The Big -P.01-UP-20-April-26,AB-APP-B02-RF-1010,,,,,,,,,,,10-May-26,0.00%,0.00%,$0.00,$0.00,$0.00,
progress_updates,01-data/import_templates/activity_master.csv,1296,The Big -P.01-UP-20-April-26,AB-APP-B02-RF-1020,,,,,,,,,,,10-May-26,0.00%,0.00%,$0.00,$0.00,$0.00,
progress_updates,01-data/import_templates/activity_master.csv,1309,The Big -P.01-UP-20-April-26,AB-APP-B03-RF-1000,,,,,,,,,,,10-May-26,0.00%,0.00%,$0.00,$0.00,$0.00,
progress_updates,01-data/import_templates/activity_master.csv,1355,The Big -P.01-UP-20-April-26,CON-B01-9TH-1080,,,,,,,,,,,10-May-26,0.00%,0.00%,$0.00,$0.00,$0.00,
progress_updates,01-data/import_templates/activity_master.csv,1342,The Big -P.01-UP-20-April-26,CON-B04-RF-1080,,,,,,,,,,,10-May-26,0.00%,0.00%,$0.00,$0.00,$0.00,
progress_updates,01-data/import_templates/activity_master.csv,1316,The Big -P.01-UP-20-April-26,CON-B03-RF-1080,,,,,,,,,,,10-May-26,0.00%,0.00%,$0.00,$0.00,$0.00,
progress_updates,01-data/import_templates/activity_master.csv,1318,The Big -P.01-UP-20-April-26,HO-1030,,,,,,,,,,,10-May-26,0.00%,0.00%,$0.00,$0.00,$0.00,
progress_updates,01-data/import_templates/activity_master.csv,1356,The Big -P.01-UP-20-April-26,AB-APP-B01-RF-1000,,,,,,,,,,,10-May-26,0.00%,0.00%,$0.00,$0.00,$0.00,
progress_updates,01-data/import_templates/activity_master.csv,1340,The Big -P.01-UP-20-April-26,AB-APP-B04-RF-1000,,,,,,,,,,,10-May-26,0.00%,0.00%,$0.00,$0.00,$0.00,
progress_updates,01-data/import_templates/activity_master.csv,1321,The Big -P.01-UP-20-April-26,AB-APP-B03-RF-1010,,,,,,,,,,,10-May-26,0.00%,0.00%,$0.00,$0.00,$0.00,
progress_updates,01-data/import_templates/activity_master.csv,1322,The Big -P.01-UP-20-April-26,AB-APP-B03-RF-1020,,,,,,,,,,,10-May-26,0.00%,0.00%,$0.00,$0.00,$0.00,
progress_updates,01-data/import_templates/activity_master.csv,1358,The Big -P.01-UP-20-April-26,AB-APP-B01-RF-1010,,,,,,,,,,,10-May-26,0.00%,0.00%,$0.00,$0.00,$0.00,
progress_updates,01-data/import_templates/activity_master.csv,1359,The Big -P.01-UP-20-April-26,AB-APP-B01-RF-1020,,,,,,,,,,,10-May-26,0.00%,0.00%,$0.00,$0.00,$0.00,
progress_updates,01-data/import_templates/activity_master.csv,1353,The Big -P.01-UP-20-April-26,AB-APP-B04-RF-1010,,,,,,,,,,,10-May-26,0.00%,0.00%,$0.00,$0.00,$0.00,
progress_updates,01-data/import_templates/activity_master.csv,1354,The Big -P.01-UP-20-April-26,AB-APP-B04-RF-1020,,,,,,,,,,,10-May-26,0.00%,0.00%,$0.00,$0.00,$0.00,
progress_updates,01-data/import_templates/activity_master.csv,1360,The Big -P.01-UP-20-April-26,HO-1010,,,,,,,,,,,10-May-26,0.00%,0.00%,$0.00,$0.00,$0.00,
progress_updates,01-data/import_templates/activity_master.csv,1357,The Big -P.01-UP-20-April-26,HO-1040,,,,,,,,,,,10-May-26,0.00%,0.00%,$0.00,$0.00,$0.00,
progress_updates,01-data/import_templates/activity_master.csv,1361,The Big -P.01-UP-20-April-26,HO-1050,,,,,,,,,,,10-May-26,0.00%,0.00%,$0.00,$0.00,$0.00,
progress_updates,01-data/import_templates/activity_master.csv,1362,The Big -P.01-UP-20-April-26,HO-1000,,,,,,,,,,,10-May-26,0.00%,0.00%,$0.00,$0.00,$0.00,
progress_updates,01-data/import_templates/activity_master.csv,1363,The Big -P.01-UP-20-April-26,KD-MS-1050,,,,,,,,,,,10-May-26,0.00%,0.00%,$0.00,$0.00,$0.00,
