record_type,sheet_name,row_order,file_name,relative_path,extension,size_kb,modified,Ref No,Date,Type,Subject,Main Purpose,Key Requests,Scope Impact,Responsibility,Affected Activities,Start Dependency,Sequence Impact,Commercial Impact,Risk Type,Risk Owner,Delay Risk,EOT Potential,Claim Strength,Required Actions,project_id,Thread,SAMCO Ref No,SAMCO Sheet Row,SAMCO Date,SAMCO Type,SAMCO Subject,Related ACE Ref No(s),ACE Sheet Row(s),ACE Date(s),ACE Subject(s),Relationship,Confidence,SAMCO Claim Strength,ACE Claim Strength,SAMCO Delay Risk,ACE Delay Risk,Recommended Follow-up,ACE Ref No,ACE Sheet Row,ACE Date,ACE Type,ACE Subject,Related SAMCO Ref No(s),SAMCO Sheet Row(s),SAMCO Subject(s),Thread(s),ACE EOT Potential,ACE Required Actions,SAMCO Ref(s),6,Main Link,Priority,Next Action,Source File,Direction,Reference,Classification,Issue Thread,Status,Message
inbox_file,Inbox Files,1,032.pdf,07-letters_intelligence/inbox/From ACE/032.pdf,pdf,126.3,2026-08-13T21:25:37,,,,,,,,,,,,,,,,,,,,,,,,,,,,,,,,,,,,,,,,,,,,,,,,,,,,,,,,,,,
inbox_file,Inbox Files,2,033.pdf,07-letters_intelligence/inbox/From ACE/033.pdf,pdf,126.3,2026-08-13T21:25:37,,,,,,,,,,,,,,,,,,,,,,,,,,,,,,,,,,,,,,,,,,,,,,,,,,,,,,,,,,,
inbox_file,Inbox Files,3,034-Submission of proof of payment for engineering stamps due on contractual works..pdf,07-letters_intelligence/inbox/From ACE/034-Submission of proof of payment for engineering stamps due on contractual works..pdf,pdf,118.2,2026-08-13T21:25:37,,,,,,,,,,,,,,,,,,,,,,,,,,,,,,,,,,,,,,,,,,,,,,,,,,,,,,,,,,,
inbox_file,Inbox Files,4,035-Re Notification of Reinforcement Steel Supply Status and Entitlement to Tim Extensions.pdf,07-letters_intelligence/inbox/From ACE/035-Re Notification of Reinforcement Steel Supply Status and Entitlement to Tim Extensions.pdf,pdf,87.2,2026-08-13T21:25:37,,,,,,,,,,,,,,,,,,,,,,,,,,,,,,,,,,,,,,,,,,,,,,,,,,,,,,,,,,,
inbox_file,Inbox Files,5,036-Failure to Achieve Section (1) Milestone within the contractual Due Date.pdf,07-letters_intelligence/inbox/From ACE/036-Failure to Achieve Section (1) Milestone within the contractual Due Date.pdf,pdf,77.5,2026-08-13T21:25:37,,,,,,,,,,,,,,,,,,,,,,,,,,,,,,,,,,,,,,,,,,,,,,,,,,,,,,,,,,,
inbox_file,Inbox Files,6,037-Notice of Slow Progress Rate and Comments on Monthly Progress Report - April 2026.pdf,07-letters_intelligence/inbox/From ACE/037-Notice of Slow Progress Rate and Comments on Monthly Progress Report - April 2026.pdf,pdf,254.1,2026-08-13T21:25:37,,,,,,,,,,,,,,,,,,,,,,,,,,,,,,,,,,,,,,,,,,,,,,,,,,,,,,,,,,,
inbox_file,Inbox Files,7,BD-CW-SAMCO-ACE-LET-STR-072.pdf,07-letters_intelligence/inbox/From SAMCO/BD-CW-SAMCO-ACE-LET-STR-072.pdf,pdf,1479.1,2026-08-13T21:25:37,,,,,,,,,,,,,,,,,,,,,,,,,,,,,,,,,,,,,,,,,,,,,,,,,,,,,,,,,,,
inbox_file,Inbox Files,8,BD-CW-SAMCO-ACE-LET-STR-073.pdf,07-letters_intelligence/inbox/From SAMCO/BD-CW-SAMCO-ACE-LET-STR-073.pdf,pdf,179.2,2026-08-13T21:25:37,,,,,,,,,,,,,,,,,,,,,,,,,,,,,,,,,,,,,,,,,,,,,,,,,,,,,,,,,,,
inbox_file,Inbox Files,9,BD-CW-SAMCO-ACE-LET-STR-074.pdf,07-letters_intelligence/inbox/From SAMCO/BD-CW-SAMCO-ACE-LET-STR-074.pdf,pdf,197.8,2026-08-13T21:25:37,,,,,,,,,,,,,,,,,,,,,,,,,,,,,,,,,,,,,,,,,,,,,,,,,,,,,,,,,,,
inbox_file,Inbox Files,10,BD-CW-SAMCO-ACE-LET-STR-075.pdf,07-letters_intelligence/inbox/From SAMCO/BD-CW-SAMCO-ACE-LET-STR-075.pdf,pdf,114.4,2026-08-13T21:25:37,,,,,,,,,,,,,,,,,,,,,,,,,,,,,,,,,,,,,,,,,,,,,,,,,,,,,,,,,,,
inbox_file,Inbox Files,11,BD-CW-SAMCO-ACE-LET-STR-076.pdf,07-letters_intelligence/inbox/From SAMCO/BD-CW-SAMCO-ACE-LET-STR-076.pdf,pdf,161.8,2026-08-13T21:25:37,,,,,,,,,,,,,,,,,,,,,,,,,,,,,,,,,,,,,,,,,,,,,,,,,,,,,,,,,,,
inbox_file,Inbox Files,12,BD-CW-SAMCO-ACE-LET-STR-077.pdf,07-letters_intelligence/inbox/From SAMCO/BD-CW-SAMCO-ACE-LET-STR-077.pdf,pdf,286.4,2026-08-13T21:25:37,,,,,,,,,,,,,,,,,,,,,,,,,,,,,,,,,,,,,,,,,,,,,,,,,,,,,,,,,,,
inbox_file,Inbox Files,13,BD-CW-SAMCO-ACE-LET-STR-078.pdf,07-letters_intelligence/inbox/From SAMCO/BD-CW-SAMCO-ACE-LET-STR-078.pdf,pdf,225.4,2026-08-13T21:25:37,,,,,,,,,,,,,,,,,,,,,,,,,,,,,,,,,,,,,,,,,,,,,,,,,,,,,,,,,,,
inbox_file,Inbox Files,14,BD-CW-SAMCO-ACE-LET-STR-079.pdf,07-letters_intelligence/inbox/From SAMCO/BD-CW-SAMCO-ACE-LET-STR-079.pdf,pdf,119.5,2026-08-13T21:25:37,,,,,,,,,,,,,,,,,,,,,,,,,,,,,,,,,,,,,,,,,,,,,,,,,,,,,,,,,,,
inbox_file,Inbox Files,15,BD-CW-SAMCO-ACE-LET-STR-080.pdf,07-letters_intelligence/inbox/From SAMCO/BD-CW-SAMCO-ACE-LET-STR-080.pdf,pdf,127.6,2026-08-13T21:25:38,,,,,,,,,,,,,,,,,,,,,,,,,,,,,,,,,,,,,,,,,,,,,,,,,,,,,,,,,,,
inbox_file,Inbox Files,16,BD-CW-SAMCO-ACE-LET-STR-081.pdf,07-letters_intelligence/inbox/From SAMCO/BD-CW-SAMCO-ACE-LET-STR-081.pdf,pdf,41.7,2026-08-13T21:25:38,,,,,,,,,,,,,,,,,,,,,,,,,,,,,,,,,,,,,,,,,,,,,,,,,,,,,,,,,,,
inbox_file,Inbox Files,17,BD-CW-SAMCO-ACE-LET-STR-082.pdf,07-letters_intelligence/inbox/From SAMCO/BD-CW-SAMCO-ACE-LET-STR-082.pdf,pdf,390.2,2026-08-13T21:25:38,,,,,,,,,,,,,,,,,,,,,,,,,,,,,,,,,,,,,,,,,,,,,,,,,,,,,,,,,,,
letter_register,From SAMCO to ACE,1,,,,,,BD-CW-SAMCO-ACE-LET-STR-001,20-May-2025,Delegation,Delegation of Authority,Authorize SAMCO representative for project matters,Acknowledge delegated authority,,SAMCO,Project administration,,,,Administrative,SAMCO,,,,Record authorized representative,The Big -P.01-UP-20-April-26,,,,,,,,,,,,,,,,,,,,,,,,,,,,,,,,,,,,,,,,
letter_register,From SAMCO to ACE,2,,,,,,BD-CW-SAMCO-ACE-LET-STR-002,30-Jun-2025,Delegation,Delegation of Authority,Update/confirm SAMCO authorized representative,Acknowledge Eng. Ahmed El Geady authority,,SAMCO,Project administration,,,,Administrative,SAMCO,,,,Update correspondence matrix,The Big -P.01-UP-20-April-26,,,,,,,,,,,,,,,,,,,,,,,,,,,,,,,,,,,,,,,,
letter_register,From SAMCO to ACE,3,,,,,,BD-CW-SAMCO-ACE-LET-STR-003,30-Jun-2025,Response / Reservation,RE: Outstanding Deliverables - Urgent Response Required,Respond to ACE-PM notices on overdue deliverables and delay items,"Confirm TC1 installed, request soil replacement completion schedule, submit PM CV, reserve baseline dependency",No new scope; start tied to soil replacement by others,"Shared: SAMCO for submittals, Employer/others for soil works","Tower cranes, baseline program, shop drawings, soil replacement, steel inventory",Completion of soil replacement and confirmed start date,High impact on baseline and start of works,Potential prolongation if dependencies remain unresolved,Schedule / Interface,Shared,High,Moderate,Moderate,Close outstanding submittals and issue confirmed soil replacement schedule,The Big -P.01-UP-20-April-26,,,,,,,,,,,,,,,,,,,,,,,,,,,,,,,,,,,,,,,,
letter_register,From SAMCO to ACE,4,,,,,,BD-CW-SAMCO-ACE-LET-STR-004,28-Aug-2025,Notice / Site Condition,RE: Site Survey Findings and Allocation of Concrete Batching Plant,"Record survey deviations, ramp changes, batching plant location, and Zone 2 handover conditions","Review survey findings, approve guidance, accept owner cost/time if batching plant relocated","Site boundaries, ramp, batching plant and Zone 2 handover affected",Owner/Engineer for handover/location; SAMCO for execution after access,"Boundary excavation, ramp works, batching plant, Zone 2 works",Full land handover; Zone 2 commencement three months after handover,"Medium to High, especially Zone 2",Possible relocation cost and time extension,Site Access / Interface,Shared / Owner,High,Moderate to High,Moderate,Issue final survey decisions and confirm batching plant/ramp instructions,The Big -P.01-UP-20-April-26,,,,,,,,,,,,,,,,,,,,,,,,,,,,,,,,,,,,,,,,
letter_register,From SAMCO to ACE,5,,,,,,BD-CW-SAMCO-ACE-LET-STR-005,10-Sep-2025,Notice of Delay / Site Obstacle,RE: Documentation of Site Obstacles Affecting Project Progress,Document water leakage and inability to complete testing/excavation,"Resolve leakage, notify when clear, exclude affected period from contract duration",No scope change; site condition obstructs works,Owner/Engineer for utility issue; SAMCO to resume after clearance,"DCPT, open pits, tank survey, excavation",Leakage repair and safe site access,High for affected testing/excavation sequence,Potential prolongation and remediation cost,Site Condition / Delay,Owner / Shared,High,Moderate to High,Moderate,"Repair leakage, document affected period, update recovery plan",The Big -P.01-UP-20-April-26,,,,,,,,,,,,,,,,,,,,,,,,,,,,,,,,,,,,,,,,
letter_register,From SAMCO to ACE,6,,,,,,BD-CW-SAMCO-ACE-LET-STR-006,22-Sep-2025,Response,RE: Response to Letter No. BD-ACEPM-SAMCO-LET-004,Confirm contractual submissions are being completed,"Submit staff, schedule, HSE, QAP, BBS and reports progressively",No scope impact,SAMCO,Pre-construction submittals and reporting,Contractual submission cycle,Medium if approvals lag,Low direct commercial impact,Contract Compliance,SAMCO,Medium,Low,Weak,Submit remaining contractual documents,The Big -P.01-UP-20-April-26,,,,,,,,,,,,,,,,,,,,,,,,,,,,,,,,,,,,,,,,
letter_register,From SAMCO to ACE,7,,,,,,BD-CW-SAMCO-ACE-LET-STR-007,24-Sep-2025,Response / Reservation,RE: Response to Letter No. BD-ACEPM-SAMCO-LET-005,Respond to ACE-PM rejection of site obstacle position,"Confirm tests resumed/completed, state approvals route, reserve contractual claims",No scope change; records time effects from leakage,Shared,"Soil tests, grid leveling, excavation drawings, reporting",Leakage repair and consultant approvals,Medium,Potential future claim if substantiated,Site Condition / Contract,Shared,Medium,Conditional,Moderate,Track approvals and submit any claim with particulars,The Big -P.01-UP-20-April-26,,,,,,,,,,,,,,,,,,,,,,,,,,,,,,,,,,,,,,,,
letter_register,From SAMCO to ACE,8,,,,,,BD-CW-SAMCO-ACE-LET-STR-008,24-Sep-2025,Claim Notice / Reservation,Response Regarding Site Ramp Modification Works,Reserve entitlement for ramp modification works outside original scope,Recognize cost and time compensation for ramp widening/level changes,Potential additional access route works,Employer/Engineer if instructed; SAMCO if accepted as access obligation,"Service ramp, material access, site logistics",Engineer instruction and agreed compensation basis,Medium,Additional payment and EOT claimed,Access / Variation,Shared,Medium,Conditional,Moderate,Issue determination on ramp scope and compensation,The Big -P.01-UP-20-April-26,,,,,,,,,,,,,,,,,,,,,,,,,,,,,,,,,,,,,,,,
letter_register,From SAMCO to ACE,9,,,,,,BD-CW-SAMCO-ACE-LET-STR-009,24-Sep-2025,Submittal,Submission of Consultant CV and Approval Certificate,Submit nominated design review consultant details,Approve consultant CV and syndicate certificate,No construction scope impact,SAMCO / Engineer,Design review consultant appointment,Engineer approval before design review,Medium if approval delays design review,Low direct; possible delay if rejected,Technical / Approval,Shared,Medium,Low to Moderate,Weak to Moderate,Review and approve/reject consultant submittal,The Big -P.01-UP-20-April-26,,,,,,,,,,,,,,,,,,,,,,,,,,,,,,,,,,,,,,,,
letter_register,From SAMCO to ACE,10,,,,,,BD-CW-SAMCO-ACE-LET-STR-010,25-Sep-2025,Procurement Request,Supply of reinforcement steel for the project,Request first delivery of reinforcement steel,Supply listed steel quantities by diameter,No scope change; material supply obligation triggered,Owner / Employer supply arrangement,Reinforcement procurement and early structural works,Owner steel supply before fabrication/installation,Medium,Potential delay and self-procurement cost if late,Procurement,Owner,Medium,Conditional,Moderate,Confirm and deliver first steel order,The Big -P.01-UP-20-April-26,,,,,,,,,,,,,,,,,,,,,,,,,,,,,,,,,,,,,,,,
letter_register,From SAMCO to ACE,11,,,,,,BD-CW-SAMCO-ACE-LET-STR-011,29-Sep-2025,Procurement Revision / Coordination,Request to Reduce First Reinforcement Steel Delivery,Adjust steel order due to site constraints and revised active workface,Reduce first delivery to raft/tank wall dowels; later submit second delivery,No scope change; sequencing and storage adjusted,Shared,"Steel supply, B1-B4 excavation/soil replacement",Official handover of obstruction-free boundaries,Medium,Avoids storage damage; may affect procurement sequence,Procurement / Site Logistics,Shared,Medium,Conditional,Moderate,Approve revised quantities and coordinate later delivery,The Big -P.01-UP-20-April-26,,,,,,,,,,,,,,,,,,,,,,,,,,,,,,,,,,,,,,,,
letter_register,From SAMCO to ACE,12,,,,,,BD-CW-SAMCO-ACE-LET-STR-012,30-Sep-2025,Meeting Follow-up,Meeting Minutes and Follow-up on Discussed Points,Record 25-Sep meeting outcomes and open actions,"Provide missing design packages, signboard decision, B1-B4 boundaries/levels, pipe repair update",Potential design/access/interface impact,Owner/Engineer for data and handover; SAMCO for follow-up,"Design review, boundary marking, tank works, excavation",Owner contractor completion and complete design package,High for affected work fronts,Potential delay and disruption if unresolved,Interface / Design / Site Access,Shared / Owner,High,Moderate,Moderate,"Issue missing drawings, boundaries, repair status and instructions",The Big -P.01-UP-20-April-26,,,,,,,,,,,,,,,,,,,,,,,,,,,,,,,,,,,,,,,,
letter_register,From SAMCO to ACE,13,,,,,,BD-CW-SAMCO-ACE-LET-STR-013,30-Sep-2025,Notice of Suspension,Pipe Breakage and Suspension of Excavation Works,Notify pipe breakage stopped excavation/spoil removal,Repair pipes and address resulting damage before resumption,No scope change; remedial works may arise,Owner/Engineer for utility repair; SAMCO to resume after clearance,"Tank excavation, spoil removal, B5/B6/B14/B15 area",Pipe repair and damage rectification,High on tank excavation,Potential delay and remedial cost,Utility / Site Condition,Owner / Shared,High,Moderate to High,Moderate,"Repair pipes, document damage, confirm restart date",The Big -P.01-UP-20-April-26,,,,,,,,,,,,,,,,,,,,,,,,,,,,,,,,,,,,,,,,
letter_register,From SAMCO to ACE,14,,,,,,BD-CW-SAMCO-ACE-LET-STR-014,05-Oct-2025,Notice / Reservation,Implications of Water Pipe Break,Reserve no responsibility and record impact on backfilling/boreholes,"Seek guidance, technical tests, consultant recommendations and settlement of extra quantities",Potential additional backfilling/remedial scope,Owner/Engineer for utility damage and instructions; SAMCO if formally assigned,"Backfilling, verification boreholes, affected rear area",Safe remediation and geotechnical confirmation,High for affected area,Extra quantities and possible delay entitlement,Utility / Geotechnical / Commercial,Owner / Shared,High,Moderate to High,Moderate to Strong,"Issue technical instruction, remove obstacles, measure extra works",The Big -P.01-UP-20-April-26,,,,,,,,,,,,,,,,,,,,,,,,,,,,,,,,,,,,,,,,
letter_register,From SAMCO to ACE,15,,,,,,BD-CW-SAMCO-ACE-LET-STR-015,06-Oct-2025,Document Request,Reminder to Submit Final Package and Signed Hard Copies,Request complete IFC package to support variation notice process,"Provide approved stamped structural, architectural and MEP IFC drawings",No direct scope change; enables clash review and notices,Engineer / Employer,"Design review, clash detection, variation notices",Complete approved IFC package,Medium,Potential loss/late variation notice if not provided,Design / Contract Notice,Engineer / Employer,Medium,Conditional,Moderate,Transmit complete stamped IFC package,The Big -P.01-UP-20-April-26,,,,,,,,,,,,,,,,,,,,,,,,,,,,,,,,,,,,,,,,
letter_register,From SAMCO to ACE,16,,,,,,BD-CW-SAMCO-ACE-LET-STR-016,07-Oct-2025,Contract Position / Reservation,Clarification Regarding Coordination Responsibilities,Clarify SAMCO responsibility excludes MEP works by employer-appointed subcontractors,Provide MEP drawings/materials via MEP subcontractor or issue VO if SAMCO must execute,Potential new MEP/interface scope if instructed,Employer/MEP subcontractor; SAMCO coordination only unless varied,"MEP flanges, sleeves, tie-ins, shop drawings",Appointment/input from MEP contractor or formal variation,High if MEP interfaces block structural works,Potential variation cost/time,Scope / Interface,Employer / Shared,High,Moderate,Moderate,Appoint/coordinate MEP contractor or issue formal variation,The Big -P.01-UP-20-April-26,,,,,,,,,,,,,,,,,,,,,,,,,,,,,,,,,,,,,,,,
letter_register,From SAMCO to ACE,17,,,,,,BD-CW-SAMCO-ACE-LET-STR-017,09-Oct-2025,Variation Response / Rejection,Response to VI ROYA-BIG-2025-VI-001,Reject utility protection/supporting works as excluded from contract,Treat utility protection as compensated variation with time impact,Additional utility protection works outside priced scope,Employer/Engineer if instructed; SAMCO after variation agreement,"Existing utilities, protection works, high-risk areas","Formal VI, agreed methodology and valuation",High if protection required before excavation/structure,Additional payment and EOT claimed,Variation / Utility,Employer / Shared,High,Moderate to High,Strong,"Issue proper VI, define method, value cost/time",The Big -P.01-UP-20-April-26,,,,,,,,,,,,,,,,,,,,,,,,,,,,,,,,,,,,,,,,
letter_register,From SAMCO to ACE,18,,,,,,BD-CW-SAMCO-ACE-LET-STR-018,13-Oct-2025,Response / Delay Mitigation,Response Regarding Delay of Works at Site,Explain reasons soil replacement had not fully started,Provide instruction on proceeding without test results; consider ramp/test/geogrid timing,No new scope; execution constrained by tests/ramp/access,Shared,"B1/B2 soil replacement, ramps, geogrid/geocell procurement","Test results, service ramp repair, clear handover",High for soil replacement start,Potential delay if tests/instructions delayed,Schedule / Site Logistics,Shared,High,Moderate,Moderate,Give instruction on material execution and expedite ramp/test approvals,The Big -P.01-UP-20-April-26,,,,,,,,,,,,,,,,,,,,,,,,,,,,,,,,,,,,,,,,
letter_register,From SAMCO to ACE,19,,,,,,BD-CW-SAMCO-ACE-LET-STR-019,26-Oct-2025,Design Request,Request for Complete Set of IFC Drawings,Request full IFC set after major design changes observed,"Provide approved architectural, structural, mechanical and electrical IFC drawings",Potential design change impact,Engineer / Employer,"Design review, coordination, program update",Complete IFC package,High,Possible time/cost if changes affect works,Design Information,Engineer / Employer,High,Moderate,Moderate to Strong,Issue complete coordinated IFC package,The Big -P.01-UP-20-April-26,,,,,,,,,,,,,,,,,,,,,,,,,,,,,,,,,,,,,,,,
letter_register,From SAMCO to ACE,20,,,,,,BD-CW-SAMCO-ACE-LET-STR-020,27-Oct-2025,Status Update / Reservation,Project Status Update - Buildings B1 to B17,Record current status and constraints across project zones,"Provide missing IFC/MEP data, confirm MEP contractor, resolve holds",No direct scope; identifies constraints,Shared,"B1-B17 works, tank, replacement soil, drawings","Missing drawings, MEP appointment, soil results",Medium to High,Potential delay if constraints persist,Progress / Interface,Shared,Medium to High,Conditional,Moderate,Close missing data and unblock held areas,The Big -P.01-UP-20-April-26,,,,,,,,,,,,,,,,,,,,,,,,,,,,,,,,,,,,,,,,
letter_register,From SAMCO to ACE,21,,,,,,BD-CW-SAMCO-ACE-LET-STR-021,29-Oct-2025,Insurance Undertaking,Contractor Commitment to Maintain Required Insurance,Undertake compliance with contractual insurance requirements,"Accept contractor liability for gaps, deductibles and deviations",No scope impact,SAMCO,"Insurance coverage, site risk",Policy issuance/maintenance,Low direct,Potential uninsured loss borne by SAMCO,Insurance / Contract,SAMCO,Low,,,Maintain compliant policies and originals,The Big -P.01-UP-20-April-26,,,,,,,,,,,,,,,,,,,,,,,,,,,,,,,,,,,,,,,,
letter_register,From SAMCO to ACE,22,,,,,,BD-CW-SAMCO-ACE-LET-STR-022,23-Nov-2025,Status Update / Reservation,Project Status Update - Buildings B1 to B17,Update progress and identify pending approvals/data,"Provide design review approval, MEP/basement drawings, BOQ, soil feedback",No new scope; highlights holds,Shared,"B1-B17, tank, waterproofing, soil replacement","Approvals, drawings and soil reports",Medium to High,Potential delay if pending items remain,Progress / Design / Geotechnical,Shared,Medium to High,Conditional,Moderate,Issue pending approvals and missing documents,The Big -P.01-UP-20-April-26,,,,,,,,,,,,,,,,,,,,,,,,,,,,,,,,,,,,,,,,
letter_register,From SAMCO to ACE,23,,,,,,BD-CW-SAMCO-ACE-LET-STR-023,23-Nov-2025,Technical Query,Related to Waterproofing Works,Seek clarification on waterproofing system needed for 10-year warranty,Confirm insulation materials/system to use,Possible upgraded waterproofing specification,Engineer / Consultant,Basement/tank waterproofing,Material/system clarification before execution,Medium,Potential additional cost for upgraded system,Technical / Variation,Engineer / Employer,Medium,Conditional,Moderate,Confirm waterproofing system and approve revised submittal,The Big -P.01-UP-20-April-26,,,,,,,,,,,,,,,,,,,,,,,,,,,,,,,,,,,,,,,,
letter_register,From SAMCO to ACE,24,,,,,,BD-CW-SAMCO-ACE-LET-STR-024,24-Nov-2025,Variation Rejection,Response to VI BD-ACEPM-SAMCO-VI-0003,Reject execution of MEP works as outside SAMCO scope,Appoint qualified MEP contractor; limit SAMCO to coordination,Potential MEP first-fix/interface scope disputed,Employer/MEP contractor; SAMCO coordination only,"MEP first fix, flanges/sleeves, tank interfaces",MEP contractor appointment or formal change,High,Potential time/cost if MEP not appointed,Scope / Variation,Employer / Shared,High,Moderate,Moderate,Resolve scope and appoint/authorize MEP execution,The Big -P.01-UP-20-April-26,,,,,,,,,,,,,,,,,,,,,,,,,,,,,,,,,,,,,,,,
letter_register,From SAMCO to ACE,25,,,,,,BD-CW-SAMCO-ACE-LET-STR-025,26-Nov-2025,Procurement Request,Supply of Reinforcement Steel - Second Delivery,Request second reinforcement steel delivery,Supply listed steel quantities,No scope change,Owner / Employer supply arrangement,Reinforcement procurement and fabrication,Owner steel supply,Medium,Potential delay if supply late,Procurement,Owner,Medium,Conditional,Moderate,Confirm and deliver second steel order,The Big -P.01-UP-20-April-26,,,,,,,,,,,,,,,,,,,,,,,,,,,,,,,,,,,,,,,,
letter_register,From SAMCO to ACE,26,,,,,,BD-CW-SAMCO-ACE-LET-STR-026,30-Nov-2025,Technical Meeting Request,Reply of Design Review,Request urgent meeting to resolve design review comments,Hold meeting 02-Dec with owner/designer/consultants; approve final designs,No direct scope; may lead to design changes,Engineer / Employer / Designers,"Raft foundation, reinforcement preparation, design review",Resolution before raft reinforcement,High,Potential delay if final design not approved,Design / Coordination,Shared / Employer,High,Moderate,Moderate,Arrange meeting and close design comments,The Big -P.01-UP-20-April-26,,,,,,,,,,,,,,,,,,,,,,,,,,,,,,,,,,,,,,,,
letter_register,From SAMCO to ACE,27,,,,,,BD-CW-SAMCO-ACE-LET-STR-027,30-Nov-2025,Formal Rejection / Reservation,Formal Rejection of Assigning MEP Works,Set SAMCO position that MEP is outside civil/structural scope,"Withdraw MEP assignment, appoint MEP contractor, record SAMCO non-responsibility for delays",MEP scope disputed as outside contract,Employer/MEP contractor; SAMCO coordination only,"MEP first fix, tank interfaces, structural continuity",MEP contractor appointment or agreed VO,High,Potential prolongation/variation if MEP assigned,Scope / Contract,Employer / Shared,High,Moderate,Moderate,Issue scope determination and MEP execution route,The Big -P.01-UP-20-April-26,,,,,,,,,,,,,,,,,,,,,,,,,,,,,,,,,,,,,,,,
letter_register,From SAMCO to ACE,28,,,,,,BD-CW-SAMCO-ACE-LET-STR-028,06-Dec-2025,Payment Submission,Submission of Interim Payment Certificate No. 1,Submit IPC No. 1 for review and approval,Review and approve IPC 1,No scope impact,Engineer / Employer for certification/payment,Payment certification,Submission of IPC,"Low schedule, high cash-flow relevance",Payment due under contract,Commercial / Payment,Employer / Engineer,Low,Conditional,,Certify and pay IPC 1,The Big -P.01-UP-20-April-26,,,,,,,,,,,,,,,,,,,,,,,,,,,,,,,,,,,,,,,,
letter_register,From SAMCO to ACE,29,,,,,,BD-CW-SAMCO-ACE-LET-STR-029,07-Dec-2025,Design Reservation,Design Review,Clarify design modifications are outside SAMCO obligation and affect start readiness,Resolve design comments at least 10 days before reinforcement; allow 20 days for major redesign,Potential redesign or shop drawing rework,Designer/Engineer for design; SAMCO for review/execution,"Design review, shop drawings, raft reinforcement",Final approved design and closed comments,High,Potential time/cost for redesign or rework,Design / Schedule,Employer / Designer,High,Moderate,Moderate,Close design review comments and confirm design basis,The Big -P.01-UP-20-April-26,,,,,,,,,,,,,,,,,,,,,,,,,,,,,,,,,,,,,,,,
letter_register,From SAMCO to ACE,30,,,,,,BD-CW-SAMCO-ACE-LET-STR-030,11-Dec-2025,Response / Design Reservation,Re: Design Review,Explain incomplete design packages delayed comprehensive review,"Provide latest complete structural, architectural and MEP IFC packages and resolve design status",Potential design/information delay,Engineer / Employer,"Design review, IFC coordination, program",Complete design information,High,Potential delay if incomplete information persists,Design Information,Engineer / Employer,High,Moderate,Moderate to Strong,Issue coordinated complete IFC set and final design instruction,The Big -P.01-UP-20-April-26,,,,,,,,,,,,,,,,,,,,,,,,,,,,,,,,,,,,,,,,
letter_register,From SAMCO to ACE,31,,,,,,BD-CW-SAMCO-ACE-LET-STR-031,11-Dec-2025,Weather Notice,Postponement of Insulation Works Due to Weather,Notify insulation start postponed due rain/weather,Resume after surface dryness and safe conditions,No scope change,Weather / SAMCO safety decision,Waterproofing/insulation works,Suitable weather and dry surface,Low to Medium,Minor productivity impact,Weather / Safety,Shared / Force Majeure-like,Low,Low / Conditional,Weak,Record weather and resume when suitable,The Big -P.01-UP-20-April-26,,,,,,,,,,,,,,,,,,,,,,,,,,,,,,,,,,,,,,,,
letter_register,From SAMCO to ACE,32,,,,,,BD-CW-SAMCO-ACE-LET-STR-032,11-Dec-2025,Design Request,Request for Complete Package for Coordination - TRA-007,Request missing basement/foundation MEP package,"Provide complete lower-level electrical, HVAC and mechanical drawings",No direct scope; enables coordination,Engineer / Employer / Designers,"MEP coordination, basement/foundation interfaces",Complete MEP package,Medium to High,Potential delay to coordinated shop drawings,Design Information / Interface,Engineer / Employer,Medium to High,Conditional,Moderate,Issue missing basement/foundation MEP package,The Big -P.01-UP-20-April-26,,,,,,,,,,,,,,,,,,,,,,,,,,,,,,,,,,,,,,,,
letter_register,From SAMCO to ACE,33,,,,,,BD-CW-SAMCO-ACE-LET-STR-033,15-Dec-2025,Response / Reporting Position,Response to LET-021 Periodic Reports,Explain contractual reports require approved baseline schedule,"Approve/comment time schedule, align reporting format, continue daily reports",No scope impact,Shared,"Progress reporting, time schedule, controls",Approved baseline programme,Medium,Potential IPC/reporting dispute,Contract Administration,Shared,Medium,Low to Moderate,Weak to Moderate,Close programme comments and agree report template,The Big -P.01-UP-20-April-26,,,,,,,,,,,,,,,,,,,,,,,,,,,,,,,,,,,,,,,,
letter_register,From SAMCO to ACE,34,,,,,,BD-CW-SAMCO-ACE-LET-STR-034,17-Dec-2025,Design Review / Reservation,Re: Design Review,Transmit NECB design review outcome and seek decision on criteria,Confirm whether to proceed with Prime criteria or redesign under NECB criteria,Possible major redesign if conservative criteria adopted,Employer/Designer/Engineer,"Structural design, foundations, columns, slabs, beams",Decision on adopted design criteria,High,Major cost/time if redesign required,Design / Technical,Employer / Designer,High,High if redesign,Strong if criteria/design changed,Issue formal design criteria decision and redesign instruction if needed,The Big -P.01-UP-20-April-26,,,,,,,,,,,,,,,,,,,,,,,,,,,,,,,,,,,,,,,,
letter_register,From SAMCO to ACE,35,,,,,,BD-CW-SAMCO-ACE-LET-STR-035,18-Dec-2025,Variation Rejection / Contract Position,Response to LET-019 and VI-0003,Reiterate flanges are MEP/mechanical and outside civil scope,Appoint MEP contractor; reject VI-0003; reserve rights,MEP/flange scope disputed,Employer/MEP contractor,"Ground water tank flanges, MEP interfaces",Scope determination or formal compensated VO,High,Potential variation and delay cost,Scope / Variation,Employer / Shared,High,Moderate,Moderate,Resolve disputed scope and issue formal instruction/valuation,The Big -P.01-UP-20-April-26,,,,,,,,,,,,,,,,,,,,,,,,,,,,,,,,,,,,,,,,
letter_register,From SAMCO to ACE,36,,,,,,BD-CW-SAMCO-ACE-LET-STR-036,21-Dec-2025,Variation Request,Request for VI - CPTu and DCPT Works,Request variation instruction and payment for extra geotechnical tests,Issue VI for CPTu and compensate CPTu/DCPT test points,Additional testing scope,Owner/Engineer if instructed; SAMCO for execution,"CPTu, DCPT, B6/B14/B15 soil verification",Owner consultant request/test instruction,Low to Medium,Additional measured cost,Variation / Geotechnical,Employer / Shared,Low to Medium,Low / Conditional,Moderate,Issue VI and agree valuation,The Big -P.01-UP-20-April-26,,,,,,,,,,,,,,,,,,,,,,,,,,,,,,,,,,,,,,,,
letter_register,From SAMCO to ACE,37,,,,,,BD-CW-SAMCO-ACE-LET-STR-037,24-Dec-2025,Status Update / Request,Project Status Update - Buildings B1 to B17,Update progress and list blockers across groups,"Provide MEP package, BOQ, missing drawings and soil feedback",No direct scope; identifies holds,Shared,"B1-B17, tank, soil, waterproofing, steel fabrication",Missing MEP/BOQ/drawings/soil approvals,Medium to High,Potential delay if blockers remain,Progress / Interface,Shared,Medium to High,Conditional,Moderate,Close blockers and issue pending information,The Big -P.01-UP-20-April-26,,,,,,,,,,,,,,,,,,,,,,,,,,,,,,,,,,,,,,,,
letter_register,From SAMCO to ACE,38,,,,,,BD-CW-SAMCO-ACE-LET-STR-038,21-Jan-2026,Payment Recommendation / Attachment,ACEPM Recommendation of Monthly Interim Payment No. 2,Record ACEPM recommended IPC No. 2 amount and deductions,Proceed with Roya action/payment based on recommendation,No scope impact,ACEPM / Roya / Employer,IPC 2 certification/payment,Technical/commercial review of IPC,"Low schedule, cash-flow impact",Payment certification affects cash flow,Commercial / Payment,Employer / Engineer,Low,Conditional,,Process recommended IPC 2 payment,The Big -P.01-UP-20-April-26,,,,,,,,,,,,,,,,,,,,,,,,,,,,,,,,,,,,,,,,
letter_register,From SAMCO to ACE,39,,,,,,BD-CW-SAMCO-ACE-LET-STR-039,04-Jan-2026,Notice / Site Incident,Water Pipeline Leakage and Its Impact on Project Works,Document 31-Dec leakage and 01-Jan sanitary pipe damage,Recognize additional works and responsibility limits,Possible remedial/rework scope,Owner/utility repair team; SAMCO for mitigation/rework if instructed,"Formwork, plain raft preparations, trench/diversion, pipeline area",Utility repair and clearance,Medium,Potential rework and additional cost,Utility / Site Condition,Owner / Shared,Medium,Conditional,Moderate,"Assess damage, instruct/measure rework, prevent recurrence",The Big -P.01-UP-20-April-26,,,,,,,,,,,,,,,,,,,,,,,,,,,,,,,,,,,,,,,,
letter_register,From SAMCO to ACE,40,,,,,,BD-CW-SAMCO-ACE-LET-STR-040,05-Jan-2026,Reservation / Design Instruction Request,Continuation of Works and Final Written Instructions,Confirm continuation under approved design while reserving rights,Issue final written instructions and accept design responsibility boundaries,No immediate scope; future redesign may vary works,Employer/Designer for design; SAMCO for execution,"B1-B4 design review, approved designs, structural works",Written instruction/design confirmation,High if later design changes,Potential EOT/cost for future redesign,Design / Contract,Employer / Designer,Medium to High,Conditional High,Strong if later change occurs,Issue clear written instruction/design confirmation,The Big -P.01-UP-20-April-26,,,,,,,,,,,,,,,,,,,,,,,,,,,,,,,,,,,,,,,,
letter_register,From SAMCO to ACE,41,,,,,,BD-CW-SAMCO-ACE-LET-STR-041,06-Jan-2026,Urgent Notice / Conditional Proposal,Critical Interface Issue on Critical Path,Notify sewage pipeline conflict through tank base slab and offer temporary mitigation,"Provide approved MEP docs, supervision, written approval and VO/payment terms",Temporary MEP/interface works within tank raft,Employer/MEP consultant; SAMCO only if authorized,"Tank base slab, sewage pipeline, MEP first fix, concrete casting","Written instruction, approved drawings/specs, MEP supervision",High critical path impact,Cost reimbursement/VO and possible delay,Interface / MEP / Critical Path,Employer / Shared,High,High,Strong if instruction delayed,Issue urgent VO/instruction and approved technical package,The Big -P.01-UP-20-April-26,,,,,,,,,,,,,,,,,,,,,,,,,,,,,,,,,,,,,,,,
letter_register,From SAMCO to ACE,42,,,,,,BD-CW-SAMCO-ACE-LET-STR-042,06-Jan-2026,Procurement Request,Supply of Reinforcement Steel - Third Delivery,Request third reinforcement steel delivery,Supply listed steel quantities,No scope change,Owner / Employer supply arrangement,Reinforcement procurement and fabrication,Owner steel supply,Medium,Potential delay if late,Procurement,Owner,Medium,Conditional,Moderate,Confirm and deliver third steel order,The Big -P.01-UP-20-April-26,,,,,,,,,,,,,,,,,,,,,,,,,,,,,,,,,,,,,,,,
letter_register,From SAMCO to ACE,43,,,,,,BD-CW-SAMCO-ACE-LET-STR-043,12-Jan-2026,Weather Notice,Suspension of Tower Crane Operations,Notify crane suspension due high winds,Resume crane operation when weather permits,No scope impact,Weather / SAMCO safety decision,Tower crane lifting operations,Safe wind conditions,Low to Medium,Minor productivity impact,Weather / Safety,Shared / Weather,Low,Low / Conditional,Weak,Record suspension and resume safely,The Big -P.01-UP-20-April-26,,,,,,,,,,,,,,,,,,,,,,,,,,,,,,,,,,,,,,,,
letter_register,From SAMCO to ACE,44,,,,,,BD-CW-SAMCO-ACE-LET-STR-044,15-Jan-2026,Procurement Delay Notice,Delay in Supplying Reinforcement Steel,Notify owner steel supply delay and reserve rights,"Expedite steel supply, acknowledge EOT rights, note SAMCO supplied 120 tons",No scope change; material supply delay,Owner for steel supply; SAMCO mitigation,Reinforcement fabrication/installation,Owner-supplied steel under advance payment arrangement,High,"Potential EOT, cost recovery/self-procurement",Procurement / Delay,Owner,High,Moderate to High,Moderate to Strong,Expedite supply and certify mitigation steel,The Big -P.01-UP-20-April-26,,,,,,,,,,,,,,,,,,,,,,,,,,,,,,,,,,,,,,,,
letter_register,From SAMCO to ACE,45,,,,,,BD-CW-SAMCO-ACE-LET-STR-045,22-Jan-2026,Commercial Submission,Guarantee Cheque for Reinforcement Steel,Record submission of guarantee cheque for remaining owner steel,Acknowledge cheque receipt and proceed with steel supply,No scope impact,SAMCO / Owner finance,"Steel supply guarantee, procurement",Guarantee cheque receipt,Low direct; supports steel delivery,EGP 43.75m guarantee linked to steel supply,Commercial / Procurement,Shared,Low,,,Confirm receipt and release remaining steel,The Big -P.01-UP-20-April-26,,,,,,,,,,,,,,,,,,,,,,,,,,,,,,,,,,,,,,,,
letter_register,From SAMCO to ACE,46,,,,,,BD-CW-SAMCO-ACE-LET-STR-046,24-Jan-2026,Payment Submission,Submission of Interim Payment Certificate No. 3,Submit IPC No. 3 for review and approval,Review and approve IPC 3,No scope impact,Engineer / Employer,Payment certification,IPC submission,"Low schedule, cash-flow impact",Payment due under contract,Commercial / Payment,Employer / Engineer,Low,Conditional,,Certify and pay IPC 3,The Big -P.01-UP-20-April-26,,,,,,,,,,,,,,,,,,,,,,,,,,,,,,,,,,,,,,,,
letter_register,From SAMCO to ACE,47,,,,,,BD-CW-SAMCO-ACE-LET-STR-047,24-Jan-2026,MOM Correction / Commercial Record,Additions to MOM - Coordination Meeting 19-Jan-2026,Request omitted meeting agreements be added to MOM,"Add design review code basis, VO/VAT method, bank guarantee and performance security deletion",No physical scope; commercial/contract administration impact,Shared / Employer / Engineer,"Design review, VO valuation, IPC retention/security",Accurate agreed MOM record,Medium,Affects VO valuation and payment deductions,Contract Administration / Commercial,Shared,Low to Medium,Conditional,Moderate,Revise MOM and confirm agreed commercial points,The Big -P.01-UP-20-April-26,,,,,,,,,,,,,,,,,,,,,,,,,,,,,,,,,,,,,,,,
letter_register,From SAMCO to ACE,48,,,,,,BD-CW-SAMCO-ACE-LET-STR-048,26-Jan-2026,Procurement Delay Notice,Follow-up on Delay of Reinforcement Steel Delivery,Warn steel nearly exhausted and works may suspend,Deliver delayed 26-Nov steel order immediately; reserve EOT rights,No scope change; material shortage affects works,Owner for steel supply,Steel fabrication and structural works,Steel delivery before stock depletion,High,Potential work suspension and EOT/cost,Procurement / Delay,Owner,High,High,Moderate to Strong,Deliver outstanding steel urgently,The Big -P.01-UP-20-April-26,,,,,,,,,,,,,,,,,,,,,,,,,,,,,,,,,,,,,,,,
letter_register,From SAMCO to ACE,49,,,,,,BD-CW-SAMCO-ACE-LET-STR-049,29-Jan-2026,Response / Conditional Acceptance,Response to LET-025 First Fix MEP Works,Accept first-fix MEP only subject to formal VO/procedure,"Issue VO, share BOQ or allow SAMCO to prepare BOQ, approve proposal",Adds first-fix MEP/interface works as variation,Engineer/Employer for VO; SAMCO if instructed,"MEP first fix, drawings review, concrete interfaces",Formal VI/VO and approved BOQ/proposal,High if not instructed,Variation payment and time implications,Variation / MEP Interface,Shared / Employer,High,Moderate,Moderate,Issue VO/BOQ and process proposal under Clause 13.3,The Big -P.01-UP-20-April-26,,,,,,,,,,,,,,,,,,,,,,,,,,,,,,,,,,,,,,,,
letter_register,From SAMCO to ACE,50,,,,,,BD-CW-SAMCO-ACE-LET-STR-050,03-Feb-2026,Notice of Variation,Concrete Strength/Cement Content Difference,Notify discrepancy between BOQ and approved structural drawings,Approve cost variation for 300/300 to 350/350 concrete change,Increased concrete strength/cement content for structural frame,Engineer/Designer for instruction; SAMCO for execution,"Columns, slabs, beams, shear walls, stairs",PCO RFI instruction and approved drawings,Medium,Additional concrete cost,Variation / Quantity/Specification,Employer / Engineer,Medium,Low to Moderate,Strong,Review and approve cost variation,The Big -P.01-UP-20-April-26,,,,,,,,,,,,,,,,,,,,,,,,,,,,,,,,,,,,,,,,
letter_register,From SAMCO to ACE,51,,,,,,BD-CW-SAMCO-ACE-LET-STR-051,07-Feb-2026,Procurement Delay / EOT Notice,Reinforcement Steel Supply Status and EOT Entitlement,Notify depletion and non-delivery of second/third steel orders,"Expedite owner steel, acknowledge EOT and consequences, note SAMCO supplied 300 tons",No scope change; material supply delay,Owner for steel; SAMCO mitigation,Reinforcement works and fabrication,Owner delivery of second and third orders,High,"Potential EOT, cost and disruption",Procurement / Delay,Owner,High,High,Moderate to Strong,Deliver pending steel and record mitigation quantities,The Big -P.01-UP-20-April-26,,,,,,,,,,,,,,,,,,,,,,,,,,,,,,,,,,,,,,,,
letter_register,From SAMCO to ACE,52,,,,,,BD-CW-SAMCO-ACE-LET-STR-052,16-Feb-2026,Status Update / Reservation,Project Status Update - Buildings B1 to B17,Update progress and record unresolved design/MEP/steel/BOQ/soil issues,"Issue pending instructions, drawings, BOQ, soil feedback and steel supply",No direct scope; multiple blockers identified,Shared / Employer,"B1-B17, tank, raft, columns, steel, MEP, soil","Pending approvals, steel deliveries, design review, soil results",High,Potential cumulative delay/cost if unresolved,Progress / Interface / Procurement,Shared / Owner,High,Conditional High,Moderate,Resolve listed blockers and update schedule,The Big -P.01-UP-20-April-26,,,,,,,,,,,,,,,,,,,,,,,,,,,,,,,,,,,,,,,,
letter_register,From SAMCO to ACE,53,,,,,,BD-CW-SAMCO-ACE-LET-STR-053,24-Feb-2026,Procurement Delay / Commercial Claim Reservation,Reinforcement Steel Order No. 2 Delay,Record late/irregular supply and request revised distribution/payment,"Expedite outstanding quantities, approve diameter redistribution, certify/pay SAMCO-procured steel",No scope change; procurement sequence modified,Owner for supply; SAMCO mitigation,"Reinforcement order 2, fabrication, structural works",Approval and delivery of adjusted steel order,High,Payment for self-procured steel and possible EOT/cost,Procurement / Commercial,Owner,High,High,Strong,"Approve redistribution, deliver steel, certify SAMCO material",The Big -P.01-UP-20-April-26,,,,,,,,,,,,,,,,,,,,,,,,,,,,,,,,,,,,,,,,
letter_register,From SAMCO to ACE,54,,,,,,BD-CW-SAMCO-ACE-LET-STR-054,24-Feb-2026,Payment Delay Notice,IPC Payment Status,Notify late IPC payment and reserve delay interest/EOT/cost rights,Confirm payment timeline for outstanding IPCs,No scope impact but cash-flow risk,Employer / Engineer,"IPC 1, IPC 2, IPC 3 payments",Contractual 45-day payment period,Medium through cash flow,Delay interest and possible finance/prolongation claim,Commercial / Payment,Employer,Medium,Conditional,Moderate,Confirm/pay outstanding IPCs and interest if due,The Big -P.01-UP-20-April-26,,,,,,,,,,,,,,,,,,,,,,,,,,,,,,,,,,,,,,,,
letter_register,From SAMCO to ACE,55,,,,,,BD-CW-SAMCO-ACE-LET-STR-055,24-Feb-2026,Payment Record,Actual Receipt Date of Cheque - IPC 1,Record actual cheque receipt date for IPC 1,Use 10-Feb-2026 as actual receipt date for payment period,No scope impact,Employer / SAMCO,IPC 1 payment record,Cheque physical receipt,Low,Affects delay interest calculation,Commercial / Payment,Employer,Low,,Moderate,Record actual payment receipt date,The Big -P.01-UP-20-April-26,,,,,,,,,,,,,,,,,,,,,,,,,,,,,,,,,,,,,,,,
letter_register,From SAMCO to ACE,56,,,,,,BD-CW-SAMCO-ACE-LET-STR-056,25-Feb-2026,Payment Submission,Submission of Interim Payment Certificate No. 4,Submit IPC No. 4 for review and approval,Review and approve IPC 4,No scope impact,Engineer / Employer,Payment certification,IPC submission,"Low schedule, cash-flow impact",Payment due under contract,Commercial / Payment,Employer / Engineer,Low,Conditional,,Certify and pay IPC 4,The Big -P.01-UP-20-April-26,,,,,,,,,,,,,,,,,,,,,,,,,,,,,,,,,,,,,,,,
letter_register,From SAMCO to ACE,57,,,,,,BD-CW-SAMCO-ACE-LET-STR-057,11-Mar-2026,Delay Notice / Design Information,Delayed Technical Responses and Outstanding Coordinated Drawings,Notify missing coordinated drawings and delayed RFI responses may affect future works,Issue final coordinated drawings and respond to RFIs/technical conflicts,Potential design coordination impacts,Engineer / Employer / Consultant,"Tank raft, MEP/structural/architectural coordination, future activities",Final coordinated drawings and RFI responses,High,Potential EOT/cost from delayed information,Design Information / Interface,Engineer / Employer,High,High,Strong,Issue RFI responses and coordinated drawings urgently,The Big -P.01-UP-20-April-26,,,,,,,,,,,,,,,,,,,,,,,,,,,,,,,,,,,,,,,,
letter_register,From SAMCO to ACE,58,,,,,,BD-CW-SAMCO-ACE-LET-STR-058,14-Mar-2026,Weather Notice,Work Suspension Due to Severe Weather,Notify temporary suspension from strong winds/dust,Record weather suspension; resume next day,No scope impact,Weather / SAMCO safety decision,General site works,Safe weather conditions,Low,Minor productivity impact,Weather / Safety,Weather,Low,Low / Conditional,Weak,Record event and resume works,The Big -P.01-UP-20-April-26,,,,,,,,,,,,,,,,,,,,,,,,,,,,,,,,,,,,,,,,
letter_register,From SAMCO to ACE,59,,,,,,BD-CW-SAMCO-ACE-LET-STR-059,25-Mar-2026,Payment Submission,Submission of Interim Payment Certificate No. 5,Submit IPC No. 5 for review and approval,Review and approve IPC 5,No scope impact,Engineer / Employer,Payment certification,IPC submission,"Low schedule, cash-flow impact",Payment due under contract,Commercial / Payment,Employer / Engineer,Low,Conditional,,Certify and pay IPC 5,The Big -P.01-UP-20-April-26,,,,,,,,,,,,,,,,,,,,,,,,,,,,,,,,,,,,,,,,
letter_register,From SAMCO to ACE,60,,,,,,BD-CW-SAMCO-ACE-LET-STR-060,25-Mar-2026,Weather Notice,Work Interruption Due to Adverse Weather,Notify interruption from heavy rainfall 25-26 Mar,Record interruption; resume 28-Mar,No scope impact,Weather / SAMCO safety decision,General site works,Weather improvement,Low to Medium,Minor to moderate productivity impact,Weather / Delay,Weather,Medium,Conditional,Weak to Moderate,Record event and update weather log,The Big -P.01-UP-20-April-26,,,,,,,,,,,,,,,,,,,,,,,,,,,,,,,,,,,,,,,,
letter_register,From SAMCO to ACE,61,,,,,,BD-CW-SAMCO-ACE-LET-STR-061,29-Mar-2026,Weather Notice,Work Interruption Due to Adverse Weather,Notify workforce could not attend due heavy rainfall,Record interruption; resume 30-Mar,No scope impact,Weather / SAMCO workforce,"Steel fixing, carpentry, general site works",Weather improvement and workforce return,Low to Medium,Productivity loss,Weather / Delay,Weather,Medium,Conditional,Weak to Moderate,Record event and update schedule impact if any,The Big -P.01-UP-20-April-26,,,,,,,,,,,,,,,,,,,,,,,,,,,,,,,,,,,,,,,,
letter_register,From SAMCO to ACE,62,,,,,,BD-CW-SAMCO-ACE-LET-STR-062,31-Mar-2026,Procurement Delay Notice,Follow-up on Reinforcement Steel Delivery,Notify order 2 partly delivered and order 3 outstanding,Urgently expedite pending steel; reserve EOT/cost; record SAMCO supplied over 420 tons,No scope change; material supply delay,Owner for steel; SAMCO mitigation,Reinforcement works,Full delivery of second and third steel orders,High,Potential EOT/cost and mitigation payment,Procurement / Delay,Owner,High,High,Strong,Deliver steel and certify mitigation material,The Big -P.01-UP-20-April-26,,,,,,,,,,,,,,,,,,,,,,,,,,,,,,,,,,,,,,,,
letter_register,From SAMCO to ACE,63,,,,,,BD-CW-SAMCO-ACE-LET-STR-063,31-Mar-2026,Design Change Notice,Comparison of Design Issued 18-Mar-2026 vs 27-Oct-2025,Identify discrepancies after works already executed under prior approved design,Maintain approved executed works and issue clear coordinated revisions,Potential redesign/rework risk,Employer/Designer/Engineer,"Foundations, columns, retaining walls, slabs, stairs/cores",Decision on new design vs executed approved works,High,"Potential rework, delay and cost",Design Change / Rework,Employer / Designer,High,High,Strong,Issue coordinated revision clouded drawings and direction on executed works,The Big -P.01-UP-20-April-26,,,,,,,,,,,,,,,,,,,,,,,,,,,,,,,,,,,,,,,,
letter_register,From SAMCO to ACE,64,,,,,,BD-CW-SAMCO-ACE-LET-STR-064,02-Apr-2026,Notice of Claim,Delay in Technical Clarifications,Notify RFI delays are halting water tank/sump/electrical/stair activities,"Respond urgently to RFIs 3,4,5,6; acknowledge time/cost claim rights",No scope change; information delay blocks works,Engineer / Consultant,"Water tank, basement sumps, electrical works, staircases",RFI responses,High,EOT and cost claim reserved,Design Information / Delay,Engineer / Consultant,High,High,Strong,Issue RFI responses and assess time/cost impact,The Big -P.01-UP-20-April-26,,,,,,,,,,,,,,,,,,,,,,,,,,,,,,,,,,,,,,,,
letter_register,From SAMCO to ACE,65,,,,,,BD-CW-SAMCO-ACE-LET-STR-065,02-Apr-2026,Weather Notice,Work Interruption Due to Adverse Weather,Notify workforce interruption from rainfall,Record interruption; resume 04-Apr,No scope impact,Weather / SAMCO workforce,"Steel fixing, carpentry, general site works",Weather improvement and workforce return,Low to Medium,Productivity loss,Weather / Delay,Weather,Medium,Conditional,Weak to Moderate,Record event and update schedule impact if any,The Big -P.01-UP-20-April-26,,,,,,,,,,,,,,,,,,,,,,,,,,,,,,,,,,,,,,,,
letter_register,From SAMCO to ACE,66,,,,,,BD-CW-SAMCO-ACE-LET-STR-066,11-Apr-2026,Notice of Claim,Modifications Included in Latest Design Package,Notify RFI 16 delay prevents column activities despite mobilized resources,Respond urgently to RFI 16; reserve time/cost for idle/manpower impact,Potential design modification impact,Engineer / Consultant / Designer,"Columns in B1-B4, carpentry and steel works",RFI 16 response/design decision,High,"Potential idle resources, EOT and cost",Design Information / Delay,Engineer / Consultant,High,High,Strong,Issue RFI 16 response and coordinate latest design,The Big -P.01-UP-20-April-26,,,,,,,,,,,,,,,,,,,,,,,,,,,,,,,,,,,,,,,,
letter_register,From SAMCO to ACE,67,,,,,,BD-CW-SAMCO-ACE-LET-STR-067,16-Apr-2026,Notice of Claim,Design Discrepancies and Impact on Time and Cost,Notify conflicting October 2025 and March 2026 structural packages make execution unfeasible,Issue one complete coordinated structural package; reserve EOT and all costs/losses,Potential redesign/rework and work suspension,Employer/Designer/Engineer,"Columns, slabs, beams, shop drawings, structural package",Final coordinated structural package and RFI 17 response,High critical sequence impact,"EOT, cost, loss/expense claim reserved",Design Discrepancy / Suspension,Employer / Designer,High,High,Strong,Issue single coordinated package and instruction to resume,The Big -P.01-UP-20-April-26,,,,,,,,,,,,,,,,,,,,,,,,,,,,,,,,,,,,,,,,
letter_register,From SAMCO to ACE,68,,,,,,BD-CW-SAMCO-ACE-LET-STR-068,16-Apr-2026,Payment Delay Notice,Follow-up on Settlement of IPCs,Record late/outstanding IPC payments and reserve financial rights,"Confirm payment timeline, pay outstanding IPCs, apply interest where due",No scope impact but cash-flow risk,Employer / Engineer,IPC 1-5 settlement,Contractual payment periods,Medium to High via cash flow,"Delay interest, EOT/cost rights reserved",Commercial / Payment,Employer,Medium,Conditional,Moderate to Strong,Confirm/pay IPCs and address interest entitlement,The Big -P.01-UP-20-April-26,,,,,,,,,,,,,,,,,,,,,,,,,,,,,,,,,,,,,,,,
letter_register,From SAMCO to ACE,69,,,,,,BD-CW-SAMCO-ACE-LET-STR-069,19-Apr-2026,Procurement Delay / Cumulative Impact Notice,Follow-up on Reinforcement Steel Supply and Cumulative Project Impact,Record cumulative owner steel delay and mitigation by SAMCO,"Expedite remaining steel; acknowledge EOT, associated costs and contractual entitlements",No scope change; procurement delay affecting sequence,Owner for steel; SAMCO mitigation,"Reinforcement supply, fabrication, critical structural works",Full delivery of order 2 balance and order 3,High,EOT and cost from self-procurement/prolongation,Procurement / Delay,Owner,High,High,Strong,"Deliver remaining steel, certify mitigation, assess cumulative delay",The Big -P.01-UP-20-April-26,,,,,,,,,,,,,,,,,,,,,,,,,,,,,,,,,,,,,,,,
letter_register,From SAMCO to ACE,70,,,,,,BD-CW-SAMCO-ACE-LET-STR-070,25-Apr-2026,Payment Submission,Submission of Interim Payment Certificate No. 6,Submit IPC No. 6 for review and approval,Review and approve IPC 6,No scope impact,Engineer / Employer for certification/payment,Payment certification,IPC submission,"Low schedule, cash-flow impact",Payment due under contract,Commercial / Payment,Employer / Engineer,Low,Conditional,,Certify and pay IPC 6,The Big -P.01-UP-20-April-26,,,,,,,,,,,,,,,,,,,,,,,,,,,,,,,,,,,,,,,,
letter_register,From SAMCO to ACE,71,,,,,,BD-CW-SAMCO-ACE-LET-STR-071,27-Apr-2026,Early Warning / Notice under Sub-Clause 20.1,Early Warning & Notification of Fact (pursuant to Sub-Clause 20.1) – Site Progress and Constraints for Buildings B1-B4,Notify the Engineer of site progress constraints and preserve contractual entitlement,Immediate response to RFI No. 17; issue updated/complete structural design package; complete outstanding Employer-supplied reinforcement steel deliveries; confirm clarification to permit slab works,Yes – structural works are affected by design discrepancies and material non-availability,Employer (steel supply) / Engineer (design clarification),Excavation/backfilling continuity; foundation completion; waterproofing; concrete columns; retaining walls; water tank works; slab works for Building B3; reinforcement steel-dependent structural activities,Slab works awaiting RFI response and updated design; reinforcement steel-dependent works awaiting full Employer supply,Out-of-sequence execution; slab works suspended pending clarification; structural package changed in March 2026 versus previously approved shop drawings,Additional cost exposure for contractor-procured steel (>500 tons); productivity loss; prolongation risk; possible disruption to sequence-driven execution,Supply chain / Design coordination / Contractual entitlement,Employer / Engineer,High,High,Strong,Expedite RFI response; issue updated design; deliver pending steel; assess critical path and delay impact; preserve records for claim substantiation,The Big -P.01-UP-20-April-26,,,,,,,,,,,,,,,,,,,,,,,,,,,,,,,,,,,,,,,,
letter_register,From SAMCO to ACE,72,,,,,,BD-CW-SAMCO-ACE-LET-STR-072,27-Apr-2026,Submission / Meeting Minutes,Submission of Minutes of Meetings - MEP Works (First Fix).,Submit MEP first-fix meeting minutes and preserve rights over missing information and design conflicts,Take note of the MOMs and issue any missing information / clarifications required for execution,First-fix MEP works prior to concrete casting,Engineer / Design parties for information; SAMCO for execution only,"MEP first fix, embedded items, concrete casting interfaces",Approved drawings and coordinated details before casting,Design conflicts and missing details can block first-fix execution and concrete casting sequence,Potential time and cost consequences expressly reserved,Interface / Design coordination,Engineer / Employer,High,Moderate,Moderate to Strong,"Confirm MOM instructions, close design conflicts, and issue clarifications before casting",The Big -P.01-UP-20-April-26,,,,,,,,,,,,,,,,,,,,,,,,,,,,,,,,,,,,,,,,
letter_register,From SAMCO to ACE,73,,,,,,BD-CW-SAMCO-ACE-LET-STR-073,28-Apr-2026,Clarification / Technical Notice,Scope Clarification - Internal Tank Waterproofing.,Request clarification on internal tank waterproofing scope and execution arrangement,"Confirm status, responsible scope, and final execution arrangement for internal waterproofing","Potential interface between structural scope, architectural scope, and internal tank waterproofing system",Engineer / Employer clarification on final scope,"Water tank internal waterproofing, repair / injection sequence, final lining works",Architectural package issuance and Engineer instruction,Unclear waterproofing scope can delay the final tank execution sequence,"Potential variation, warranty, and scope implications",Technical / Scope clarification,Engineer / Employer,Medium,Conditional,Moderate,Issue formal clarification on waterproofing scope and execution arrangement,The Big -P.01-UP-20-April-26,,,,,,,,,,,,,,,,,,,,,,,,,,,,,,,,,,,,,,,,
letter_register,From SAMCO to ACE,74,,,,,,BD-CW-SAMCO-ACE-LET-STR-074,29-Apr-2026,Response / Reporting Compliance,Re: Non-Compliance with Submission of Weekly Progress Reports.,Respond to weekly reporting non-compliance notice and confirm recovery submissions,Allow one week to submit backlog and align a unified reporting format,No scope impact; controls and reporting compliance,SAMCO for reporting; project-framework alignment is shared,"Weekly reporting, baseline monitoring, progress documentation",Stable agreed reporting format and project phasing context,"No direct physical delay, but contractual administration and reporting visibility are affected",Possible withholding / compliance exposure if unresolved,Controls / Contract compliance,SAMCO / Shared,Medium,Low,Weak to Moderate,Submit outstanding weekly reports and agree a unified reporting template,The Big -P.01-UP-20-April-26,,,,,,,,,,,,,,,,,,,,,,,,,,,,,,,,,,,,,,,,
letter_register,From SAMCO to ACE,75,,,,,,BD-CW-SAMCO-ACE-LET-STR-075,30-Apr-2026,Commercial Response / Reservation,Re: BD-ACEPM-SAMCO-LET-031,Respond to IPC settlement clarification and reserve rights due to project constraints,Continue timely certification and payment of IPCs under the Contract,No scope impact but payment administration is affected by project constraints,Employer / Engineer for certification and payment; external constraints affecting progress are beyond SAMCO control,"IPCs, valuation of executed works, commercial administration",Certification cycle and removal of steel/design/approval constraints,Reduced progress and valuation because of employer / engineer-driven constraints,Cash-flow exposure and reserved EOT / cost entitlement,Commercial / Payment,Employer / Engineer,Medium,Conditional,Moderate,Facilitate certification / payment and address the delaying constraints,The Big -P.01-UP-20-April-26,,,,,,,,,,,,,,,,,,,,,,,,,,,,,,,,,,,,,,,,
letter_register,From SAMCO to ACE,76,,,,,,BD-CW-SAMCO-ACE-LET-STR-076,09-May-2026,Notice of Claim / Design Discrepancy,Notice of Claim - Impact of Revised Structural Drawings on Project Progress [Sub-Clause 1.9 / 8.4 / 20.1],Notify a claim for delay caused by revised structural packages and conflicting instructions,Acknowledge the delay event and assess EOT / cost implications,"Columns, shuttering, slabs, shop drawings, and construction sequence",Engineer / Employer design management,"Columns, shuttering, slab elements, shop drawing development",Final coordinated structural package and consistent instructions,Works were suspended from 24-Mar-2026 until 30-Apr-2026 and the critical path was disrupted,Direct and indirect cost claim; prolongation exposure,Design coordination / Claim,Engineer / Employer,High,High,Strong,"Recognize the hold period, issue a clear coordinated design basis, and assess the claim",The Big -P.01-UP-20-April-26,,,,,,,,,,,,,,,,,,,,,,,,,,,,,,,,,,,,,,,,
letter_register,From SAMCO to ACE,77,,,,,,BD-CW-SAMCO-ACE-LET-STR-077,11-May-2026,Variation Notice / Reservation of Rights,Notice of Variation and Reservation of Rights - Backfilling Works Behind Retaining Wall.,Treat retaining-wall backfilling as a variation and preserve time / cost entitlement,"Issue a Variation Order covering cost, time, and measurement procedure",Additional backfilling methodology beyond original BOQ scope,Employer / Engineer to issue VO and confirm valuation route,Retaining wall backfilling and dependent structural / earthworks activities,Variation Order or written instruction,Delay in VO / instruction can affect execution and the critical path,"Direct cost, overhead / profit, prolongation, and measurement entitlement",Variation / Commercial,Employer / Engineer,High,High,Strong,Issue the VO or written instruction and confirm valuation / time treatment,The Big -P.01-UP-20-April-26,,,,,,,,,,,,,,,,,,,,,,,,,,,,,,,,,,,,,,,,
letter_register,From SAMCO to ACE,78,,,,,,BD-CW-SAMCO-ACE-LET-STR-078,11-May-2026,Meeting Minutes Submission,Submission of MOM - Site Meeting for Mechanical Works (First Fix) Held on Wednesday 06/05/2026.,Submit first-fix MEP site meeting minutes for record,Review the MOM and issue comments or amendments if any,MEP first-fix coordination and execution records,"Shared coordination between SAMCO, Engineer, and MEP stakeholders",First-fix mechanical works and related coordination items,Site coordination decisions and recorded action closure,Unresolved coordination items can delay first-fix and related civil sequencing,Potential indirect time / coordination consequences,Coordination / Interface,Shared,Medium,Conditional,Moderate,Close the MOM action items and confirm the first-fix coordination route,The Big -P.01-UP-20-April-26,,,,,,,,,,,,,,,,,,,,,,,,,,,,,,,,,,,,,,,,
letter_register,From SAMCO to ACE,79,,,,,,BD-CW-SAMCO-ACE-LET-STR-079,24-May-2026,Procurement Delay / EOT Response,Reply to Notification of Reinforcement Steel Supply Status and Entitlement to Time Extensions,Rebut the steel supply status notice and confirm delayed employer steel caused actual delay,Acknowledge the time impact and confirm the status of outstanding steel supply,No scope change; employer free-issue steel delivery affected execution sequence,Employer / Client steel supply,Reinforcement works and steel-dependent structural activities,Full and timely delivery of steel batches,Delayed second batch and revised third batch requirements disrupted the planned construction sequence,Time-impact claim and mitigation cost exposure,Procurement / Delay,Employer,High,High,Strong,"Finalize third-batch details, confirm prior supplies, and assess the time impact",The Big -P.01-UP-20-April-26,,,,,,,,,,,,,,,,,,,,,,,,,,,,,,,,,,,,,,,,
letter_register,From SAMCO to ACE,80,,,,,,BD-CW-SAMCO-ACE-LET-STR-080,24-May-2026,Delay Notice Response / Reservation,Response to Notice - Alleged Failure to Achieve Section (1) Milestone,"Respond to the milestone-failure notice and explain the combined steel, IFC, and RFI impacts",Assess the milestone position in the proper contractual context and accept a revised plan,Section (1) milestone and critical structural activities,Employer (steel) / Engineer (IFC and RFI response),"Steel-dependent critical activities, suspended IFC-affected works, Section (1) milestone","Timely steel supply, resolved IFC conflicts, and timely RFI responses",Progress was disrupted from 18-Mar-2026 and milestone recovery now depends on the revised plan,Potential EOT and claim rights expressly preserved,Schedule / Design / Supply,Employer / Engineer,High,High,Strong,"Assess impacted activities, review the revised plan, and evaluate entitlement",The Big -P.01-UP-20-April-26,,,,,,,,,,,,,,,,,,,,,,,,,,,,,,,,,,,,,,,,
letter_register,From SAMCO to ACE,81,,,,,,BD-CW-SAMCO-ACE-LET-STR-081,24-May-2026,Payment Submission,Submission of Interim Payment Certificate No. 7,Submit IPC No. 7 for review and approval,Review and approve IPC 7,No scope impact,Engineer / Employer for certification/payment,Payment certification,IPC submission,"Low schedule, cash-flow impact",Payment due under contract,Commercial / Payment,Employer / Engineer,Low,Conditional,,Certify and pay IPC 7,The Big -P.01-UP-20-April-26,,,,,,,,,,,,,,,,,,,,,,,,,,,,,,,,,,,,,,,,
letter_register,From SAMCO to ACE,82,,,,,,BD-CW-SAMCO-ACE-LET-STR-082,25-May-2026,Clarification / Claim Notice,"Clarification on Internal Waterproofing System, Execution Sequence and Performance Warranty - Water Tank.",Clarify the water-tank waterproofing system and reserve claim rights over delayed instruction,Confirm the final approved waterproofing system and responsible executing party,"Tank waterproofing, repair / injection sequence, and warranty responsibility",Engineer / Employer / architectural scope clarification,"Water tank repair works, internal waterproofing, and warranty completion path","Engineer clarification, approved system, and coordinated architectural information",Tank works sequence and warranty path remain blocked without final instruction,Potential additional cost and EOT claim due to delayed clarification,Technical / Contractual entitlement,Engineer / Employer,High,High,Moderate to Strong,Issue the final instruction on the waterproofing system and assess entitlement effects,The Big -P.01-UP-20-April-26,,,,,,,,,,,,,,,,,,,,,,,,,,,,,,,,,,,,,,,,
letter_register,From ACE to SAMCO,1,,,,,,BD-ACEPM-SAMCO-LET-001,24-Jun-2025,Notice,Outstanding Deliverables,Record overdue deliverables,"Submit crane, program, CV, methodology, soil report, steel data",No new scope,Contractor,"Cranes, soil replacement, shop drawings, steel",Crane/docs before soil works,High,Possible delay damages,Schedule/contract,Contractor,High,Low,Contractor weak,Submit all overdue items,The Big -P.01-UP-20-April-26,,,,,,,,,,,,,,,,,,,,,,,,,,,,,,,,,,,,,,,,
letter_register,From ACE to SAMCO,2,,,,,,BD-ACEPM-SAMCO-LET-002,25-Jun-2025,Delay notice,Tower Crane No. 1 delay,Warn crane delay affects soil works,Start TC1 installation and confirm date,No new scope,Contractor,"TC1, soil replacement",TC1 needed before soil stage,High,Contractor delay exposure,Schedule,Contractor,High,Low,Contractor weak,Install TC1 immediately,The Big -P.01-UP-20-April-26,,,,,,,,,,,,,,,,,,,,,,,,,,,,,,,,,,,,,,,,
letter_register,From ACE to SAMCO,3,,,,,,BD-ACEPM-SAMCO-LET-003,31-Aug-2025,Clarification,Survey and batching plant,"Respond to survey, ramp, batching plant issues",Follow consultant review; finalize plant/ramp position,Possible interface impact,Shared,"Boundaries, ramp, plant, Zone 2",Zone 2 after full handover,Medium,Possible relocation cost/time if owner-caused,Interface/site,Shared,Medium,Conditional,Moderate if owner-caused,Close reviews and approvals,The Big -P.01-UP-20-April-26,,,,,,,,,,,,,,,,,,,,,,,,,,,,,,,,,,,,,,,,
letter_register,From ACE to SAMCO,4,,,,,,BD-ACEPM-SAMCO-LET-004,17-Sep-2025,Submission notice,Required contractual submissions,Enforce pre-construction submissions,"Staff, program, HSE, QA, BBS, reports",No new scope,Contractor,"Mobilization, procurement, reporting",Submissions before proper progress,Medium,Procurement/payment risk,Contract/schedule,Contractor,High,Low,Contractor weak,Submit full package,The Big -P.01-UP-20-April-26,,,,,,,,,,,,,,,,,,,,,,,,,,,,,,,,,,,,,,,,
letter_register,From ACE to SAMCO,5,,,,,,BD-ACEPM-SAMCO-LET-005,17-Sep-2025,Response,Site obstacles B1-B4,Rebut handover/leakage delay claim,Follow claim procedure; submit program,No change; events closed,Contractor,"Handover, tests, leakage, program",Commencement fixed 11-Sep-2025,Low/Medium,No EOT recognized,Contract/site,Contractor,Low,Low,Contractor weak,Submit compliant claim if any,The Big -P.01-UP-20-April-26,,,,,,,,,,,,,,,,,,,,,,,,,,,,,,,,,,,,,,,,
letter_register,From ACE to SAMCO,6,,,,,,BD-ACEPM-SAMCO-LET-006,22-Sep-2025,Reminder,Design verification,Enforce design verification duty,Submit consultant prequalification and report,No new scope,Contractor,Design review,Consultant approval before review,Medium,Contractor own cost,Technical/contract,Contractor,Medium,Low,Contractor weak,Submit prequalification/report,The Big -P.01-UP-20-April-26,,,,,,,,,,,,,,,,,,,,,,,,,,,,,,,,,,,,,,,,
letter_register,From ACE to SAMCO,7,,,,,,BD-ACEPM-SAMCO-LET-007,22-Sep-2025,Rejection,Insurance policy,Reject incomplete insurance,Resubmit all required policies by 08-Oct,No new scope,Contractor,"Insurance, site equipment",Valid insurance for site operations,Low/Medium,Uninsured equipment may be barred,Insurance/contract,Contractor,Medium,Low,Contractor weak,Resubmit complete policies,The Big -P.01-UP-20-April-26,,,,,,,,,,,,,,,,,,,,,,,,,,,,,,,,,,,,,,,,
letter_register,From ACE to SAMCO,8,,,,,,BD-ACEPM-SAMCO-LET-008,28-Sep-2025,Claim rejection,Site ramp works,Reject cost/EOT for ramp,Maintain/modify access route at own cost,Within contractor scope,Contractor,"Ramp, access, deliveries",Access route by contractor,Medium,No payment or EOT,Access/commercial,Contractor,Medium,,Contractor weak,Maintain ramp and proceed,The Big -P.01-UP-20-April-26,,,,,,,,,,,,,,,,,,,,,,,,,,,,,,,,,,,,,,,,
letter_register,From ACE to SAMCO,9,,,,,,BD-ACEPM-SAMCO-LET-009,28-Sep-2025,Access clarification,Borehole locations,Clarify boreholes outside handed site,Complete access/procedure before works,Outside handed area,Shared,Confirmatory boreholes,Site possession/permissions,Low/Medium,No direct impact,Access/permit,Shared,Low,Conditional,Moderate if owner blocks access,Formalize approvals,The Big -P.01-UP-20-April-26,,,,,,,,,,,,,,,,,,,,,,,,,,,,,,,,,,,,,,,,
letter_register,From ACE to SAMCO,10,,,,,,BD-ACEPM-SAMCO-LET-010,02-Oct-2025,Submittal rejection,Consultant CV/design review,Reject proposed consultant CV,Submit 3 accredited consultant firms,No new scope,Contractor,Design review consultant,Approval before design review,Medium,Contractor delay risk,Technical/contract,Contractor,Medium,Low,Contractor weak,Resubmit consultant package,The Big -P.01-UP-20-April-26,,,,,,,,,,,,,,,,,,,,,,,,,,,,,,,,,,,,,,,,
letter_register,From ACE to SAMCO,11,,,,,,BD-ACEPM-SAMCO-LET-011,04-Oct-2025,Response/instruction,Pipe breakage/excavation,Close leakage issue; instruct rectification,Proceed with corrective works,Corrective works area,Contractor,"Excavation, B5/B6/B14/B15 area",Leak already repaired,Medium,No time/cost admitted,Site/technical,Contractor/shared,Low/Medium,Low,Contractor weak,Execute rectification,The Big -P.01-UP-20-April-26,,,,,,,,,,,,,,,,,,,,,,,,,,,,,,,,,,,,,,,,
letter_register,From ACE to SAMCO,12,,,,,,BD-ACEPM-SAMCO-LET-012,05-Oct-2025,Procedure notice,Variation procedure,Remind 14-day notice rule,Submit notices for scope/time/cost impact,Procedure only,Contractor,All potential variations,Notice after instruction,Low direct,Preserves/limits entitlement,Contract/commercial,Contractor,Low,Conditional,Depends on compliance,Follow 13.3 notice process,The Big -P.01-UP-20-April-26,,,,,,,,,,,,,,,,,,,,,,,,,,,,,,,,,,,,,,,,
letter_register,From ACE to SAMCO,13,,,,,,BD-ACEPM-SAMCO-LET-013,05-Oct-2025,Technical instruction,Soil replacement recommendation,Instruct per Civitech comments,Follow geotechnical recommendations,Technical clarification,Contractor/Civitech,"Ground tank foundation, soil tests",Civitech approval/comments,Medium,No determination,Geotechnical,Shared,Medium,Conditional,Moderate if scope changes,Implement comments,The Big -P.01-UP-20-April-26,,,,,,,,,,,,,,,,,,,,,,,,,,,,,,,,,,,,,,,,
letter_register,From ACE to SAMCO,14,,,,,,BD-ACEPM-SAMCO-LET-014,12-Oct-2025,Delay notice,Soil replacement B1/B2,Warn no start after instruction,"Start gravel supply, works, tests",No new scope,Contractor,B1/B2 soil replacement,Handover/instruction on 07-Oct,High,Employer reserves claims/damages,Schedule/quality,Contractor,High,Low,Employer strong,Mobilize and test,The Big -P.01-UP-20-April-26,,,,,,,,,,,,,,,,,,,,,,,,,,,,,,,,,,,,,,,,
letter_register,From ACE to SAMCO,15,,,,,,BD-ACEPM-SAMCO-LET-015,15-Oct-2025,Response,Delay of works at site,Rebut contractor delay position,Start B3/B4; continue supply/access duties,B1/B2 by Employer; B3/B4 by Contractor,Contractor,"Earthworks, soil supply, access",B3/B4 handed 07-Sep,High,Contractor bears supply/access risk,Schedule/contract,Contractor,High,Low,Contractor weak,Proceed and maintain access,The Big -P.01-UP-20-April-26,,,,,,,,,,,,,,,,,,,,,,,,,,,,,,,,,,,,,,,,
letter_register,From ACE to SAMCO,16,,,,,,BD-ACEPM-SAMCO-LET-016,20-Oct-2025,Coordination response,Reinforcement steel quantity,Clarify first steel requisition priority,Proceed with prioritized quantities,No scope change,Shared,Steel first delivery,Contractor requisition,Medium,Supply coordination risk,Procurement,Shared,Medium,Conditional,Moderate if owner delay proven,Confirm quantities/delivery,The Big -P.01-UP-20-April-26,,,,,,,,,,,,,,,,,,,,,,,,,,,,,,,,,,,,,,,,
letter_register,From ACE to SAMCO,17,,,,,,BD-ACEPM-SAMCO-LET-017,26-Nov-2025,Variation enforcement,VI-0003 rejection,Reject refusal of variation,Execute VI immediately,Variation/interface works affirmed,Contractor,MEP/interface/enabling works,VI under 13.1/13.3,High,Remedies/delay damages reserved,Contract/schedule,Contractor,High,Low,Employer strong,Execute VI; submit proposal,The Big -P.01-UP-20-April-26,,,,,,,,,,,,,,,,,,,,,,,,,,,,,,,,,,,,,,,,
letter_register,From ACE to SAMCO,18,,,,,,BD-ACEPM-SAMCO-LET-018,03-Dec-2025,Non-compliance notice,Programme delay,Record missing revised program,Submit revised program addressing comments,No new scope,Contractor,"Project program, monitoring",Approved program needed,High,Possible 8.6/8.7 actions,Schedule/contract,Contractor,High,Low,Contractor weak,Resubmit program,The Big -P.01-UP-20-April-26,,,,,,,,,,,,,,,,,,,,,,,,,,,,,,,,,,,,,,,,
letter_register,From ACE to SAMCO,19,,,,,,BD-ACEPM-SAMCO-LET-019,04-Dec-2025,Variation rebuttal,GWT flanges,Reject refusal of VI Ref. 4,Execute supply/install flanges,Variation scope affirmed,Contractor,Ground water tank flanges,Binding VI unless goods unavailable,High,Remedies reserved,Contract/technical,Contractor,High,Low,Employer strong,Execute works,The Big -P.01-UP-20-April-26,,,,,,,,,,,,,,,,,,,,,,,,,,,,,,,,,,,,,,,,
letter_register,From ACE to SAMCO,20,,,,,,BD-ACEPM-SAMCO-LET-020,08-Dec-2025,Delay notice,Design review,Demand full design review,Submit comprehensive report for all works,No design change instructed,Contractor,Structural design review,Due before 11-Nov,High,May lose EOT/cost entitlement,Technical/schedule,Contractor,High,Low,Contractor weak,Issue full report,The Big -P.01-UP-20-April-26,,,,,,,,,,,,,,,,,,,,,,,,,,,,,,,,,,,,,,,,
letter_register,From ACE to SAMCO,21,,,,,,BD-ACEPM-SAMCO-LET-021,10-Dec-2025,Reporting notice,Periodic reports delay,Record missing weekly/monthly reports,Submit overdue reports,No scope impact,Contractor,"Reports, logs, IPC support",From commencement/monthly cycle,Medium,IPC withholding possible,Controls/commercial,Contractor,Medium,Low,Contractor weak,Submit reports,The Big -P.01-UP-20-April-26,,,,,,,,,,,,,,,,,,,,,,,,,,,,,,,,,,,,,,,,
letter_register,From ACE to SAMCO,22,,,,,,BD-ACEPM-SAMCO-LET-022,28-Dec-2025,Design clarification,Design review,Respond to limited B1/B2 review,Complete review for all buildings/elements,No relief; criteria clarified,Contractor,"B1-B4, foundations, slabs, systems",Review all works under 4.1,High,No liability relief,Technical/contract,Contractor,High,Conditional low,Weak/uncertain,Submit remaining feedback,The Big -P.01-UP-20-April-26,,,,,,,,,,,,,,,,,,,,,,,,,,,,,,,,,,,,,,,,
letter_register,From ACE to SAMCO,23,,,,,,BD-ACEPM-SAMCO-LET-023,11-Jan-2026,Incident closure,Water pipeline leakage,Confirm leak resolved/no impact,None beyond monitoring,No scope impact,Employer handled support,"Utility protection, nearby works",Incident closed 01-Jan,Low,No cost/time accepted,Site condition,Closed,Low,,Contractor weak,Monitor pipe supports,The Big -P.01-UP-20-April-26,,,,,,,,,,,,,,,,,,,,,,,,,,,,,,,,,,,,,,,,
letter_register,From ACE to SAMCO,24,,,,,,BD-ACEPM-SAMCO-LET-024,22-Jan-2026,Criteria clarification,Adopted design criteria,Confirm seismic criteria/IF 1.0,Proceed with review using clarified criteria,No scope change,Contractor,Structural design review,Use Employer criteria,Medium/High,No waiver/relief,Technical/contract,Contractor,Medium,Low,Contractor weak,Continue verification,The Big -P.01-UP-20-April-26,,,,,,,,,,,,,,,,,,,,,,,,,,,,,,,,,,,,,,,,
letter_register,From ACE to SAMCO,25,,,,,,BD-ACEPM-SAMCO-LET-025,27-Jan-2026,Contract interpretation,MEP first fix variation,Confirm first fix works are required,Execute unless goods unavailable notice,Variation/necessary works affirmed,Contractor,"Sleeves, flange adapters, MEP first fix",No suspension under 13.3,High,Damages/remedies reserved,Contract/schedule,Contractor,High,Low,Employer strong,Execute variation,The Big -P.01-UP-20-April-26,,,,,,,,,,,,,,,,,,,,,,,,,,,,,,,,,,,,,,,,
letter_register,From ACE to SAMCO,26,,,,,,BD-ACEPM-SAMCO-LET-026,02-Feb-2026,Variation clarification,Response to LET-025,Confirm VIs already issued,Execute VIs and submit proposal,Current VIs only; new works need instruction,Contractor,"VI-0003/0004, coordination studies",Written instruction for new works,High,Valued through 13.3 proposal,Contract/commercial,Contractor/shared,High,Conditional,Moderate if procedure followed,Execute and submit proposal,The Big -P.01-UP-20-April-26,,,,,,,,,,,,,,,,,,,,,,,,,,,,,,,,,,,,,,,,
letter_register,From ACE to SAMCO,27,,,,,,BD-ACEPM-SAMCO-LET-027,15-Feb-2026,Commercial notice,Required breakdown delay,Warn missing breakdown affects payments,Submit breakdown within 7 days,No physical scope,Contractor,"IPCs, tax/value breakdown, variations",Breakdown for certification,Low direct,IPC deferral/adjustment risk,Commercial/contract,Contractor,Low,,Contractor weak,Submit breakdown,The Big -P.01-UP-20-April-26,,,,,,,,,,,,,,,,,,,,,,,,,,,,,,,,,,,,,,,,
letter_register,From ACE to SAMCO,28,,,,,,BD-ACEPM-SAMCO-LET-028,16-Feb-2026,EOT rebuttal,Steel supply status,Confirm steel delivered; require mitigation,"Plan resources, sequence, submit mitigation",No scope change,Contractor,Reinforcement works,Steel delivered; contractor planning,High,Delay damages reserved,Procurement/schedule,Contractor,High,Low/conditional,Weak to moderate,Submit mitigation plan,The Big -P.01-UP-20-April-26,,,,,,,,,,,,,,,,,,,,,,,,,,,,,,,,,,,,,,,,
letter_register,From ACE to SAMCO,29,,,,,,BD-ACEPM-SAMCO-LET-029,24-Feb-2026,Protocol notice,Project status update,Reject routine status letters as contractual basis,Use reports/meetings or proper notices,No scope impact,Contractor,B1-B17 status reporting,Approved channels,Low,No waiver/recognition,Contract/admin,Contractor,Low,,Contractor weak,Use correct channels,The Big -P.01-UP-20-April-26,,,,,,,,,,,,,,,,,,,,,,,,,,,,,,,,,,,,,,,,
letter_register,From ACE to SAMCO,30,,,,,,BD-ACEPM-SAMCO-LET-030,15-Mar-2026,Report comments,February 2026 MPR,Comment on incomplete monthly report,"Revise report with milestones, logs, SPI, VO status",No scope impact,Contractor,"Monthly reporting, controls",Due monthly; comply GR 8.3,Medium,Issues not entitlement; claims under 20.1,Controls/commercial,Contractor,Medium,Low,Contractor weak,Revise/resubmit MPR,The Big -P.01-UP-20-April-26,,,,,,,,,,,,,,,,,,,,,,,,,,,,,,,,,,,,,,,,
letter_register,From ACE to SAMCO,31,,,,,,BD-ACEPM-SAMCO-LET-031,19-Apr-2026,Payment clarification,IPC settlement follow-up,Reject overdue payment allegation,Comply with IPC threshold/monthly cycle,No scope impact,Contractor,"IPCs 1-3, payment certification",IPC must meet 70% monthly cash flow,Low,Admin payments not waiver,Commercial/contract,Contractor,Low,,Contractor weak,Submit compliant IPCs,The Big -P.01-UP-20-April-26,,,,,,,,,,,,,,,,,,,,,,,,,,,,,,,,,,,,,,,,
letter_register,From ACE to SAMCO,32,,,,,,BD-ACEPM-SAMCO-LET-033,05-May-2026,Contractual Response / Rejection,Re: Early Warning & Notification of Fact (pursuant to Sub-Clause 20.1) – Site Progress and Constraints for Buildings B1–B4,Reject the contractor's notice as a valid Sub-Clause 20.1 claim and require compliance with formal notice/claim procedure,Submit a fully detailed claim within 42 days; provide clear substantiation of the event and its effects; follow the contract communication protocol for valid contractual notices,No direct scope variation acknowledged,Contractor (for procedural compliance),Claim administration / notice compliance rather than works execution,Valid notice and detailed claim submission under Sub-Clause 20.1,No recognition of entitlement from the referenced correspondence; the Engineer treats the submission as a general narrative rather than a valid claim,No commercial entitlement acknowledged; rights expressly reserved by Employer and Engineer,Procedural / contractual compliance,Contractor,Medium,Low / Conditional,Contractor weak,Resubmit a properly substantiated claim/notice in strict compliance with the Contract; attach supporting records and formal causal linkage,The Big -P.01-UP-20-April-26,,,,,,,,,,,,,,,,,,,,,,,,,,,,,,,,,,,,,,,,
letter_register,From ACE to SAMCO,33,,,,,,BD-ACEPM-SAMCO-LET-034,06-May-2026,Commercial Compliance / Deduction Notice,Submission of proof of payment for engineering stamps due on contractual works.,Require official proof of engineering-stamp payment and reserve deduction from upcoming payments if proof is not submitted.,Submit official approved documents and receipts proving payment of engineering stamps before approval of the next payment certificate.,No scope change,Contractor,Payment certification / engineering-stamp compliance,,Low,Possible deduction / withholding from upcoming payments,Commercial / compliance,Contractor,Low,Low,Employer strong,Submit engineering-stamp payment proof and receipts immediately,The Big -P.01-UP-20-April-26,,,,,,,,,,,,,,,,,,,,,,,,,,,,,,,,,,,,,,,,
letter_register,From ACE to SAMCO,34,,,,,,BD-ACEPM-SAMCO-LET-035,11-May-2026,EOT rebuttal / steel supply position,Re: Notification of Reinforcement Steel Supply Status and Entitlement to Time Extensions,"Reject the contractor's steel time-extension position, confirm the final remaining steel batch was delivered, and require mitigation to maintain completion.","Proceed diligently, mitigate any delay effects, maintain the Time for Completion, and submit a mitigation plan.",No scope change,Contractor,Reinforcement works and steel-dependent structural activities,Usable steel delivery and contractor mitigation planning,High,No entitlement acknowledged; rights expressly reserved,Procurement / schedule,Contractor,High,Low / Conditional,Contractor weak,Submit mitigation plan and maintain progress despite delivered steel,The Big -P.01-UP-20-April-26,,,,,,,,,,,,,,,,,,,,,,,,,,,,,,,,,,,,,,,,
letter_register,From ACE to SAMCO,35,,,,,,BD-ACEPM-SAMCO-LET-036,11-May-2026,Delay notice / rate of progress,Failure to Achieve Section (1) Milestone within the Contractual Due Date,Record failure to achieve the Section (1) milestone and require a recovery plan under the contract.,Submit a detailed recovery plan within 10 days and take immediate actions to expedite the Works.,No scope change,Contractor,Ground floor ceiling slab milestone and dependent critical structural works,Recovery planning and improved rate of progress,High,Possible delay damages and contractual exposure if slippage continues,Schedule / milestone compliance,Contractor,High,Low / Conditional,Contractor weak,Submit recovery plan and accelerate progress immediately,The Big -P.01-UP-20-April-26,,,,,,,,,,,,,,,,,,,,,,,,,,,,,,,,,,,,,,,,
letter_register,From ACE to SAMCO,36,,,,,,BD-ACEPM-SAMCO-LET-037,17-May-2026,Slow progress notice / monthly report comments,Notice of Slow Progress Rate and Comments on Monthly Progress Report - April 2026,Record slow progress against the approved programme and require correction of the April monthly report and mitigation measures.,"Address all monthly report comments, re-submit the report officially, improve performance, and provide a mitigation / recovery report.",No scope change,Contractor,"Critical project activities, progress reporting, and recovery planning",Corrected progress reporting and immediate corrective actions,High,Possible contractor liability for consequences of non-compliance,Schedule / reporting / contractual compliance,Contractor,High,Low / Conditional,Contractor weak,"Correct the April report, improve resource allocation, and submit mitigation measures",The Big -P.01-UP-20-April-26,,,,,,,,,,,,,,,,,,,,,,,,,,,,,,,,,,,,,,,,
letter_register,SAMCO to ACE Links,1,,,,,,,,,,,,,,,,,,,,,,,,The Big -P.01-UP-20-April-26,Concrete specification variation,BD-CW-SAMCO-ACE-LET-STR-050,51,03-Feb-2026,Notice of Variation,Concrete Strength/Cement Content Difference,,,,,No direct ACE response in table,Low,Strong,,Medium,,Locate Engineer determination/VO response,,,,,,,,,,,,,,,,,,,,,,,
letter_register,SAMCO to ACE Links,2,,,,,,,,,,,,,,,,,,,,,,,,The Big -P.01-UP-20-April-26,Contractual submissions,BD-CW-SAMCO-ACE-LET-STR-006,7,22-Sep-2025,Response,RE: Response to Letter No. BD-ACEPM-SAMCO-LET-004,BD-ACEPM-SAMCO-LET-004,5,17-Sep-2025,BD-ACEPM-SAMCO-LET-004 - Required contractual submissions,Response to ACE submission notice,High,Weak,Contractor weak,Medium,High,Track remaining submission approvals,,,,,,,,,,,,,,,,,,,,,,,
letter_register,SAMCO to ACE Links,3,,,,,,,,,,,,,,,,,,,,,,,,The Big -P.01-UP-20-April-26,Critical MEP interface / tank base slab,BD-CW-SAMCO-ACE-LET-STR-041,42,06-Jan-2026,Urgent Notice / Conditional Proposal,Critical Interface Issue on Critical Path,BD-ACEPM-SAMCO-LET-025; BD-ACEPM-SAMCO-LET-026,26; 27,27-Jan-2026; 02-Feb-2026,BD-ACEPM-SAMCO-LET-025 - MEP first fix variation | BD-ACEPM-SAMCO-LET-026 - Response to LET-025,Directly related to MEP first-fix instruction thread,High,Strong if instruction delayed,Employer strong; Moderate if procedure followed,High,High; High,"Issue urgent VO, approved drawings and supervision",,,,,,,,,,,,,,,,,,,,,,,
letter_register,SAMCO to ACE Links,4,,,,,,,,,,,,,,,,,,,,,,,,The Big -P.01-UP-20-April-26,Delegation / administration,BD-CW-SAMCO-ACE-LET-STR-001,2,20-May-2025,Delegation,Delegation of Authority,,,,,No direct ACE response in table,Low,,,,,Keep for authority record only,,,,,,,,,,,,,,,,,,,,,,,
letter_register,SAMCO to ACE Links,5,,,,,,,,,,,,,,,,,,,,,,,,The Big -P.01-UP-20-April-26,Delegation / administration,BD-CW-SAMCO-ACE-LET-STR-002,3,30-Jun-2025,Delegation,Delegation of Authority,,,,,No direct ACE response in table,Low,,,,,Keep for authority record only,,,,,,,,,,,,,,,,,,,,,,,
letter_register,SAMCO to ACE Links,6,,,,,,,,,,,,,,,,,,,,,,,,The Big -P.01-UP-20-April-26,Design discrepancies / claim,BD-CW-SAMCO-ACE-LET-STR-067,68,16-Apr-2026,Notice of Claim,Design Discrepancies and Impact on Time and Cost,,,,,No direct ACE response in table,Low,Strong,,High,,Track pending RFI 17 / coordinated package response,,,,,,,,,,,,,,,,,,,,,,,
letter_register,SAMCO to ACE Links,7,,,,,,,,,,,,,,,,,,,,,,,,The Big -P.01-UP-20-April-26,Design discrepancy / revised package,BD-CW-SAMCO-ACE-LET-STR-063,64,31-Mar-2026,Design Change Notice,Comparison of Design Issued 18-Mar-2026 vs 27-Oct-2025,BD-ACEPM-SAMCO-LET-022; BD-ACEPM-SAMCO-LET-024,23; 25,28-Dec-2025; 22-Jan-2026,BD-ACEPM-SAMCO-LET-022 - Design review | BD-ACEPM-SAMCO-LET-024 - Adopted design criteria,Same design criteria/review thread,Medium,Strong,Weak/uncertain; Contractor weak,High,High; Medium,Issue coordinated revision decision for executed works,,,,,,,,,,,,,,,,,,,,,,,
letter_register,SAMCO to ACE Links,8,,,,,,,,,,,,,,,,,,,,,,,,The Big -P.01-UP-20-April-26,Design modification / RFI 16 delay,BD-CW-SAMCO-ACE-LET-STR-066,67,11-Apr-2026,Notice of Claim,Modifications Included in Latest Design Package,,,,,No direct ACE response in table,Low,Strong,,High,,Link to RFI 16 response when available,,,,,,,,,,,,,,,,,,,,,,,
letter_register,SAMCO to ACE Links,9,,,,,,,,,,,,,,,,,,,,,,,,The Big -P.01-UP-20-April-26,Design review,BD-CW-SAMCO-ACE-LET-STR-026,27,30-Nov-2025,Technical Meeting Request,Reply of Design Review,BD-ACEPM-SAMCO-LET-020; BD-ACEPM-SAMCO-LET-022,21; 23,08-Dec-2025; 28-Dec-2025,BD-ACEPM-SAMCO-LET-020 - Design review | BD-ACEPM-SAMCO-LET-022 - Design review,Same design review thread,Medium,Moderate,Contractor weak; Weak/uncertain,High,High; High,Hold/record technical meeting outcomes,,,,,,,,,,,,,,,,,,,,,,,
letter_register,SAMCO to ACE Links,10,,,,,,,,,,,,,,,,,,,,,,,,The Big -P.01-UP-20-April-26,Design review,BD-CW-SAMCO-ACE-LET-STR-029,30,07-Dec-2025,Design Reservation,Design Review,BD-ACEPM-SAMCO-LET-020,21,08-Dec-2025,BD-ACEPM-SAMCO-LET-020 - Design review,Same design review delay thread,High,Moderate,Contractor weak,High,High,Close comments before reinforcement start,,,,,,,,,,,,,,,,,,,,,,,
letter_register,SAMCO to ACE Links,11,,,,,,,,,,,,,,,,,,,,,,,,The Big -P.01-UP-20-April-26,Design review / criteria,BD-CW-SAMCO-ACE-LET-STR-030,31,11-Dec-2025,Response / Design Reservation,Re: Design Review,BD-ACEPM-SAMCO-LET-020; BD-ACEPM-SAMCO-LET-022; BD-ACEPM-SAMCO-LET-024,21; 23; 25,08-Dec-2025; 28-Dec-2025; 22-Jan-2026,BD-ACEPM-SAMCO-LET-020 - Design review | BD-ACEPM-SAMCO-LET-022 - Design review | BD-ACEPM-SAMCO-LET-024 - Adopted design criteria,Response to ACE design review letters and later criteria clarification,High,Moderate to Strong,Contractor weak; Weak/uncertain; Contractor weak,High,High; High; Medium,Confirm final design criteria and review scope,,,,,,,,,,,,,,,,,,,,,,,
letter_register,SAMCO to ACE Links,12,,,,,,,,,,,,,,,,,,,,,,,,The Big -P.01-UP-20-April-26,Design review / criteria,BD-CW-SAMCO-ACE-LET-STR-034,35,17-Dec-2025,Design Review / Reservation,Re: Design Review,BD-ACEPM-SAMCO-LET-022; BD-ACEPM-SAMCO-LET-024,23; 25,28-Dec-2025; 22-Jan-2026,BD-ACEPM-SAMCO-LET-022 - Design review | BD-ACEPM-SAMCO-LET-024 - Adopted design criteria,Directly addressed by ACE design clarification/criteria letters,High,Strong if criteria/design changed,Weak/uncertain; Contractor weak,High,High; Medium,Confirm adopted criteria and designer liability position,,,,,,,,,,,,,,,,,,,,,,,
letter_register,SAMCO to ACE Links,13,,,,,,,,,,,,,,,,,,,,,,,,The Big -P.01-UP-20-April-26,Design review / criteria,BD-CW-SAMCO-ACE-LET-STR-040,41,05-Jan-2026,Reservation / Design Instruction Request,Continuation of Works and Final Written Instructions,BD-ACEPM-SAMCO-LET-022; BD-ACEPM-SAMCO-LET-024,23; 25,28-Dec-2025; 22-Jan-2026,BD-ACEPM-SAMCO-LET-022 - Design review | BD-ACEPM-SAMCO-LET-024 - Adopted design criteria,Same design instruction and criteria thread,High,Strong if later change occurs,Weak/uncertain; Contractor weak,Medium to High,High; Medium,Keep written instruction and rights reservation,,,,,,,,,,,,,,,,,,,,,,,
letter_register,SAMCO to ACE Links,14,,,,,,,,,,,,,,,,,,,,,,,,The Big -P.01-UP-20-April-26,Design verification consultant,BD-CW-SAMCO-ACE-LET-STR-009,10,24-Sep-2025,Submittal,Submission of Consultant CV and Approval Certificate,BD-ACEPM-SAMCO-LET-006; BD-ACEPM-SAMCO-LET-010,7; 11,22-Sep-2025; 02-Oct-2025,BD-ACEPM-SAMCO-LET-006 - Design verification | BD-ACEPM-SAMCO-LET-010 - Consultant CV/design review,Submittal linked to ACE design verification/rejection letters,High,Weak to Moderate,Contractor weak; Contractor weak,Medium,Medium; Medium,Resubmit consultant package if not approved,,,,,,,,,,,,,,,,,,,,,,,
letter_register,SAMCO to ACE Links,15,,,,,,,,,,,,,,,,,,,,,,,,The Big -P.01-UP-20-April-26,Geotechnical tests / soil recommendation,BD-CW-SAMCO-ACE-LET-STR-036,37,21-Dec-2025,Variation Request,Request for VI - CPTu and DCPT Works,BD-ACEPM-SAMCO-LET-013,14,05-Oct-2025,BD-ACEPM-SAMCO-LET-013 - Soil replacement recommendation,Same geotechnical instruction thread,Medium,Moderate,Moderate if scope changes,Low to Medium,Medium,Issue VI/valuation for extra tests if instructed,,,,,,,,,,,,,,,,,,,,,,,
letter_register,SAMCO to ACE Links,16,,,,,,,,,,,,,,,,,,,,,,,,The Big -P.01-UP-20-April-26,IFC drawings / design review,BD-CW-SAMCO-ACE-LET-STR-019,20,26-Oct-2025,Design Request,Request for Complete Set of IFC Drawings,BD-ACEPM-SAMCO-LET-020,21,08-Dec-2025,BD-ACEPM-SAMCO-LET-020 - Design review,Same design information thread,Medium,Moderate to Strong,Contractor weak,High,High,Confirm complete IFC issue dates and design change impact,,,,,,,,,,,,,,,,,,,,,,,
letter_register,SAMCO to ACE Links,17,,,,,,,,,,,,,,,,,,,,,,,,The Big -P.01-UP-20-April-26,Insurance,BD-CW-SAMCO-ACE-LET-STR-021,22,29-Oct-2025,Insurance Undertaking,Contractor Commitment to Maintain Required Insurance,BD-ACEPM-SAMCO-LET-007,8,22-Sep-2025,BD-ACEPM-SAMCO-LET-007 - Insurance policy,Response/undertaking after ACE insurance rejection,High,,Contractor weak,Low,Medium,Close insurance compliance evidence,,,,,,,,,,,,,,,,,,,,,,,
letter_register,SAMCO to ACE Links,18,,,,,,,,,,,,,,,,,,,,,,,,The Big -P.01-UP-20-April-26,IPC / payment,BD-CW-SAMCO-ACE-LET-STR-046,47,24-Jan-2026,Payment Submission,Submission of Interim Payment Certificate No. 3,BD-ACEPM-SAMCO-LET-027; BD-ACEPM-SAMCO-LET-031,28; 32,15-Feb-2026; 19-Apr-2026,BD-ACEPM-SAMCO-LET-027 - Required breakdown delay | BD-ACEPM-SAMCO-LET-031 - IPC settlement follow-up,IPC submission linked to payment/breakdown correspondence,Medium,,Contractor weak; Contractor weak,Low,Low; Low,Track certification and payment date,,,,,,,,,,,,,,,,,,,,,,,
letter_register,SAMCO to ACE Links,19,,,,,,,,,,,,,,,,,,,,,,,,The Big -P.01-UP-20-April-26,IPC / payment / breakdown,BD-CW-SAMCO-ACE-LET-STR-028,29,06-Dec-2025,Payment Submission,Submission of Interim Payment Certificate No. 1,BD-ACEPM-SAMCO-LET-027; BD-ACEPM-SAMCO-LET-031,28; 32,15-Feb-2026; 19-Apr-2026,BD-ACEPM-SAMCO-LET-027 - Required breakdown delay | BD-ACEPM-SAMCO-LET-031 - IPC settlement follow-up,IPC submission later affected by breakdown/payment correspondence,Medium,,Contractor weak; Contractor weak,Low,Low; Low,"Track certification, breakdown and payment dates",,,,,,,,,,,,,,,,,,,,,,,
letter_register,SAMCO to ACE Links,20,,,,,,,,,,,,,,,,,,,,,,,,The Big -P.01-UP-20-April-26,IPC / payment recommendation,BD-CW-SAMCO-ACE-LET-STR-038,39,21-Jan-2026,Payment Recommendation / Attachment,ACEPM Recommendation of Monthly Interim Payment No. 2,BD-ACEPM-SAMCO-LET-031,32,19-Apr-2026,BD-ACEPM-SAMCO-LET-031 - IPC settlement follow-up,Related IPC/payment thread; document is ACEPM/Roya attachment,Medium,,Contractor weak,Low,Low,"Treat as payment support, not SAMCO cover letter",,,,,,,,,,,,,,,,,,,,,,,
letter_register,SAMCO to ACE Links,21,,,,,,,,,,,,,,,,,,,,,,,,The Big -P.01-UP-20-April-26,IPC payment,BD-CW-SAMCO-ACE-LET-STR-056,57,25-Feb-2026,Payment Submission,Submission of Interim Payment Certificate No. 4,BD-ACEPM-SAMCO-LET-031,32,19-Apr-2026,BD-ACEPM-SAMCO-LET-031 - IPC settlement follow-up,Same IPC payment thread,Medium,,Contractor weak,Low,Low,Track IPC 4 certification/payment,,,,,,,,,,,,,,,,,,,,,,,
letter_register,SAMCO to ACE Links,22,,,,,,,,,,,,,,,,,,,,,,,,The Big -P.01-UP-20-April-26,IPC payment,BD-CW-SAMCO-ACE-LET-STR-059,60,25-Mar-2026,Payment Submission,Submission of Interim Payment Certificate No. 5,BD-ACEPM-SAMCO-LET-031,32,19-Apr-2026,BD-ACEPM-SAMCO-LET-031 - IPC settlement follow-up,Same IPC payment thread,Medium,,Contractor weak,Low,Low,Track IPC 5 due date/payment,,,,,,,,,,,,,,,,,,,,,,,
letter_register,SAMCO to ACE Links,23,,,,,,,,,,,,,,,,,,,,,,,,The Big -P.01-UP-20-April-26,IPC payment delay,BD-CW-SAMCO-ACE-LET-STR-054,55,24-Feb-2026,Payment Delay Notice,IPC Payment Status,BD-ACEPM-SAMCO-LET-031,32,19-Apr-2026,BD-ACEPM-SAMCO-LET-031 - IPC settlement follow-up,Directly answered by ACE payment clarification,High,Moderate,Contractor weak,Medium,Low,"Reconcile due dates, thresholds and delay interest",,,,,,,,,,,,,,,,,,,,,,,
letter_register,SAMCO to ACE Links,24,,,,,,,,,,,,,,,,,,,,,,,,The Big -P.01-UP-20-April-26,IPC payment delay,BD-CW-SAMCO-ACE-LET-STR-055,56,24-Feb-2026,Payment Record,Actual Receipt Date of Cheque - IPC 1,BD-ACEPM-SAMCO-LET-031,32,19-Apr-2026,BD-ACEPM-SAMCO-LET-031 - IPC settlement follow-up,Same IPC payment thread,High,Moderate,Contractor weak,Low,Low,Use actual cheque receipt date in payment analysis,,,,,,,,,,,,,,,,,,,,,,,
letter_register,SAMCO to ACE Links,25,,,,,,,,,,,,,,,,,,,,,,,,The Big -P.01-UP-20-April-26,IPC payment delay,BD-CW-SAMCO-ACE-LET-STR-068,69,16-Apr-2026,Payment Delay Notice,Follow-up on Settlement of IPCs,BD-ACEPM-SAMCO-LET-031,32,19-Apr-2026,BD-ACEPM-SAMCO-LET-031 - IPC settlement follow-up,Directly answered by ACE payment clarification,High,Moderate to Strong,Contractor weak,Medium,Low,Reconcile IPC chronology and payment entitlement,,,,,,,,,,,,,,,,,,,,,,,
letter_register,SAMCO to ACE Links,26,,,,,,,,,,,,,,,,,,,,,,,,The Big -P.01-UP-20-April-26,MEP coordination / first fix,BD-CW-SAMCO-ACE-LET-STR-016,17,07-Oct-2025,Contract Position / Reservation,Clarification Regarding Coordination Responsibilities,BD-ACEPM-SAMCO-LET-017; BD-ACEPM-SAMCO-LET-025,18; 26,26-Nov-2025; 27-Jan-2026,BD-ACEPM-SAMCO-LET-017 - VI-0003 rejection | BD-ACEPM-SAMCO-LET-025 - MEP first fix variation,Same MEP responsibility dispute thread,Medium,Moderate,Employer strong; Employer strong,High,High; High,Resolve scope by instruction/variation and MEP package,,,,,,,,,,,,,,,,,,,,,,,
letter_register,SAMCO to ACE Links,27,,,,,,,,,,,,,,,,,,,,,,,,The Big -P.01-UP-20-April-26,MEP first fix,BD-CW-SAMCO-ACE-LET-STR-049,50,29-Jan-2026,Response / Conditional Acceptance,Response to LET-025 First Fix MEP Works,BD-ACEPM-SAMCO-LET-025; BD-ACEPM-SAMCO-LET-026,26; 27,27-Jan-2026; 02-Feb-2026,BD-ACEPM-SAMCO-LET-025 - MEP first fix variation | BD-ACEPM-SAMCO-LET-026 - Response to LET-025,Direct response to ACE first-fix interpretation/clarification,High,Moderate,Employer strong; Moderate if procedure followed,High,High; High,Issue/price VO and monitor execution,,,,,,,,,,,,,,,,,,,,,,,
letter_register,SAMCO to ACE Links,28,,,,,,,,,,,,,,,,,,,,,,,,The Big -P.01-UP-20-April-26,MEP package / first fix,BD-CW-SAMCO-ACE-LET-STR-032,33,11-Dec-2025,Design Request,Request for Complete Package for Coordination - TRA-007,BD-ACEPM-SAMCO-LET-025; BD-ACEPM-SAMCO-LET-026,26; 27,27-Jan-2026; 02-Feb-2026,BD-ACEPM-SAMCO-LET-025 - MEP first fix variation | BD-ACEPM-SAMCO-LET-026 - Response to LET-025,Same MEP first-fix coordination thread,Medium,Moderate,Employer strong; Moderate if procedure followed,Medium to High,High; High,Issue complete MEP basement/foundation package,,,,,,,,,,,,,,,,,,,,,,,
letter_register,SAMCO to ACE Links,29,,,,,,,,,,,,,,,,,,,,,,,,The Big -P.01-UP-20-April-26,MOM additions / commercial terms,BD-CW-SAMCO-ACE-LET-STR-047,48,24-Jan-2026,MOM Correction / Commercial Record,Additions to MOM - Coordination Meeting 19-Jan-2026,BD-ACEPM-SAMCO-LET-024; BD-ACEPM-SAMCO-LET-031,25; 32,22-Jan-2026; 19-Apr-2026,BD-ACEPM-SAMCO-LET-024 - Adopted design criteria | BD-ACEPM-SAMCO-LET-031 - IPC settlement follow-up,Links to design criteria and payment/security discussions,Medium,Moderate,Contractor weak; Contractor weak,Low to Medium,Medium; Low,Update MOM and commercial record,,,,,,,,,,,,,,,,,,,,,,,
letter_register,SAMCO to ACE Links,30,,,,,,,,,,,,,,,,,,,,,,,,The Big -P.01-UP-20-April-26,Outstanding deliverables / tower cranes,BD-CW-SAMCO-ACE-LET-STR-003,4,30-Jun-2025,Response / Reservation,RE: Outstanding Deliverables - Urgent Response Required,BD-ACEPM-SAMCO-LET-001; BD-ACEPM-SAMCO-LET-002,2; 3,24-Jun-2025; 25-Jun-2025,BD-ACEPM-SAMCO-LET-001 - Outstanding Deliverables | BD-ACEPM-SAMCO-LET-002 - Tower Crane No. 1 delay,Direct response to ACE notices,High,Moderate,Contractor weak; Contractor weak,High,High; High,Close remaining deliverables and confirm baseline dependency,,,,,,,,,,,,,,,,,,,,,,,
letter_register,SAMCO to ACE Links,31,,,,,,,,,,,,,,,,,,,,,,,,The Big -P.01-UP-20-April-26,Periodic reports / programme,BD-CW-SAMCO-ACE-LET-STR-033,34,15-Dec-2025,Response / Reporting Position,Response to LET-021 Periodic Reports,BD-ACEPM-SAMCO-LET-021,22,10-Dec-2025,BD-ACEPM-SAMCO-LET-021 - Periodic reports delay,Direct response to ACE reporting notice,High,Weak to Moderate,Contractor weak,Medium,Medium,Agree baseline/reporting basis,,,,,,,,,,,,,,,,,,,,,,,
letter_register,SAMCO to ACE Links,32,,,,,,,,,,,,,,,,,,,,,,,,The Big -P.01-UP-20-April-26,Pipe breakage / leakage impact,BD-CW-SAMCO-ACE-LET-STR-014,15,05-Oct-2025,Notice / Reservation,Implications of Water Pipe Break,BD-ACEPM-SAMCO-LET-011; BD-ACEPM-SAMCO-LET-023,12; 24,04-Oct-2025; 11-Jan-2026,BD-ACEPM-SAMCO-LET-011 - Pipe breakage/excavation | BD-ACEPM-SAMCO-LET-023 - Water pipeline leakage,Same leakage/impact thread,Medium,Moderate to Strong,Contractor weak; Contractor weak,High,Low/Medium; Low,Separate incident impact from later closed leakage position,,,,,,,,,,,,,,,,,,,,,,,
letter_register,SAMCO to ACE Links,33,,,,,,,,,,,,,,,,,,,,,,,,The Big -P.01-UP-20-April-26,Pipe breakage / tank excavation,BD-CW-SAMCO-ACE-LET-STR-012,13,30-Sep-2025,Meeting Follow-up,Meeting Minutes and Follow-up on Discussed Points,BD-ACEPM-SAMCO-LET-011,12,04-Oct-2025,BD-ACEPM-SAMCO-LET-011 - Pipe breakage/excavation,Same incident thread,Medium,Moderate,Contractor weak,High,Low/Medium,Confirm repair status and restart logic,,,,,,,,,,,,,,,,,,,,,,,
letter_register,SAMCO to ACE Links,34,,,,,,,,,,,,,,,,,,,,,,,,The Big -P.01-UP-20-April-26,Pipe breakage / tank excavation,BD-CW-SAMCO-ACE-LET-STR-013,14,30-Sep-2025,Notice of Suspension,Pipe Breakage and Suspension of Excavation Works,BD-ACEPM-SAMCO-LET-011,12,04-Oct-2025,BD-ACEPM-SAMCO-LET-011 - Pipe breakage/excavation,Directly addressed by ACE response,High,Moderate,Contractor weak,High,Low/Medium,Record repair completion and affected period,,,,,,,,,,,,,,,,,,,,,,,
letter_register,SAMCO to ACE Links,35,,,,,,,,,,,,,,,,,,,,,,,,The Big -P.01-UP-20-April-26,Project status / design / steel,BD-CW-SAMCO-ACE-LET-STR-052,53,16-Feb-2026,Status Update / Reservation,Project Status Update - Buildings B1 to B17,BD-ACEPM-SAMCO-LET-022; BD-ACEPM-SAMCO-LET-024; BD-ACEPM-SAMCO-LET-028; BD-ACEPM-SAMCO-LET-029,23; 25; 29; 30,28-Dec-2025; 22-Jan-2026; 16-Feb-2026; 24-Feb-2026,BD-ACEPM-SAMCO-LET-022 - Design review | BD-ACEPM-SAMCO-LET-024 - Adopted design criteria | BD-ACEPM-SAMCO-LET-028 - Steel supply status | BD-ACEPM-SAMCO-LET-029 - Project status update,Status update linked to multiple ACE positions,Medium,Moderate,Weak/uncertain; Contractor weak; Weak to moderate; Contractor weak,High,High; Medium; High; Low,Separate routine status from claim notices,,,,,,,,,,,,,,,,,,,,,,,
letter_register,SAMCO to ACE Links,36,,,,,,,,,,,,,,,,,,,,,,,,The Big -P.01-UP-20-April-26,Project status updates,BD-CW-SAMCO-ACE-LET-STR-020,21,27-Oct-2025,Status Update / Reservation,Project Status Update - Buildings B1 to B17,BD-ACEPM-SAMCO-LET-029,30,24-Feb-2026,BD-ACEPM-SAMCO-LET-029 - Project status update,ACE later rejects status letters as contractual basis,Medium,Moderate,Contractor weak,Medium to High,Low,Use reports/MOMs for routine status and notices for claims,,,,,,,,,,,,,,,,,,,,,,,
letter_register,SAMCO to ACE Links,37,,,,,,,,,,,,,,,,,,,,,,,,The Big -P.01-UP-20-April-26,Project status updates,BD-CW-SAMCO-ACE-LET-STR-022,23,23-Nov-2025,Status Update / Reservation,Project Status Update - Buildings B1 to B17,BD-ACEPM-SAMCO-LET-029,30,24-Feb-2026,BD-ACEPM-SAMCO-LET-029 - Project status update,ACE later rejects status letters as contractual basis,Medium,Moderate,Contractor weak,Medium to High,Low,Move progress content into formal reports,,,,,,,,,,,,,,,,,,,,,,,
letter_register,SAMCO to ACE Links,38,,,,,,,,,,,,,,,,,,,,,,,,The Big -P.01-UP-20-April-26,Project status updates,BD-CW-SAMCO-ACE-LET-STR-037,38,24-Dec-2025,Status Update / Request,Project Status Update - Buildings B1 to B17,BD-ACEPM-SAMCO-LET-029,30,24-Feb-2026,BD-ACEPM-SAMCO-LET-029 - Project status update,ACE later rejects status letters as contractual basis,Medium,Moderate,Contractor weak,Medium to High,Low,Shift progress updates into approved reports,,,,,,,,,,,,,,,,,,,,,,,
letter_register,SAMCO to ACE Links,39,,,,,,,,,,,,,,,,,,,,,,,,The Big -P.01-UP-20-April-26,Ramp / access route,BD-CW-SAMCO-ACE-LET-STR-008,9,24-Sep-2025,Claim Notice / Reservation,Response Regarding Site Ramp Modification Works,BD-ACEPM-SAMCO-LET-008,9,28-Sep-2025,BD-ACEPM-SAMCO-LET-008 - Site ramp works,Directly related to ACE claim rejection,High,Moderate,Contractor weak,Medium,Medium,Determine whether access work is contractor obligation or variation,,,,,,,,,,,,,,,,,,,,,,,
letter_register,SAMCO to ACE Links,40,,,,,,,,,,,,,,,,,,,,,,,,The Big -P.01-UP-20-April-26,Reinforcement steel supply,BD-CW-SAMCO-ACE-LET-STR-010,11,25-Sep-2025,Procurement Request,Supply of reinforcement steel for the project,BD-ACEPM-SAMCO-LET-016,17,20-Oct-2025,BD-ACEPM-SAMCO-LET-016 - Reinforcement steel quantity,Same steel requisition thread,Medium,Moderate,Moderate if owner delay proven,Medium,Medium,Confirm owner supply priority and delivery,,,,,,,,,,,,,,,,,,,,,,,
letter_register,SAMCO to ACE Links,41,,,,,,,,,,,,,,,,,,,,,,,,The Big -P.01-UP-20-April-26,Reinforcement steel supply,BD-CW-SAMCO-ACE-LET-STR-011,12,29-Sep-2025,Procurement Revision / Coordination,Request to Reduce First Reinforcement Steel Delivery,BD-ACEPM-SAMCO-LET-016,17,20-Oct-2025,BD-ACEPM-SAMCO-LET-016 - Reinforcement steel quantity,Directly addressed by ACE response,High,Moderate,Moderate if owner delay proven,Medium,Medium,Align revised first delivery quantity,,,,,,,,,,,,,,,,,,,,,,,
letter_register,SAMCO to ACE Links,42,,,,,,,,,,,,,,,,,,,,,,,,The Big -P.01-UP-20-April-26,Reinforcement steel supply,BD-CW-SAMCO-ACE-LET-STR-025,26,26-Nov-2025,Procurement Request,Supply of Reinforcement Steel - Second Delivery,BD-ACEPM-SAMCO-LET-028,29,16-Feb-2026,BD-ACEPM-SAMCO-LET-028 - Steel supply status,Same steel delay thread,Medium,Moderate,Weak to moderate,Medium,High,Track order 2 delivery dates and mitigation,,,,,,,,,,,,,,,,,,,,,,,
letter_register,SAMCO to ACE Links,43,,,,,,,,,,,,,,,,,,,,,,,,The Big -P.01-UP-20-April-26,Reinforcement steel supply,BD-CW-SAMCO-ACE-LET-STR-042,43,06-Jan-2026,Procurement Request,Supply of Reinforcement Steel - Third Delivery,BD-ACEPM-SAMCO-LET-028,29,16-Feb-2026,BD-ACEPM-SAMCO-LET-028 - Steel supply status,Same steel delay/supply thread,Medium,Moderate,Weak to moderate,Medium,High,Track third order delivery,,,,,,,,,,,,,,,,,,,,,,,
letter_register,SAMCO to ACE Links,44,,,,,,,,,,,,,,,,,,,,,,,,The Big -P.01-UP-20-April-26,Reinforcement steel supply,BD-CW-SAMCO-ACE-LET-STR-044,45,15-Jan-2026,Procurement Delay Notice,Delay in Supplying Reinforcement Steel,BD-ACEPM-SAMCO-LET-028,29,16-Feb-2026,BD-ACEPM-SAMCO-LET-028 - Steel supply status,Directly related to ACE steel rebuttal,High,Moderate to Strong,Weak to moderate,High,High,"Measure supply delay, mitigation and schedule impact",,,,,,,,,,,,,,,,,,,,,,,
letter_register,SAMCO to ACE Links,45,,,,,,,,,,,,,,,,,,,,,,,,The Big -P.01-UP-20-April-26,Reinforcement steel supply,BD-CW-SAMCO-ACE-LET-STR-048,49,26-Jan-2026,Procurement Delay Notice,Follow-up on Delay of Reinforcement Steel Delivery,BD-ACEPM-SAMCO-LET-028,29,16-Feb-2026,BD-ACEPM-SAMCO-LET-028 - Steel supply status,Directly related to ACE steel rebuttal,High,Moderate to Strong,Weak to moderate,High,High,Assess near-suspension and EOT notice compliance,,,,,,,,,,,,,,,,,,,,,,,
letter_register,SAMCO to ACE Links,46,,,,,,,,,,,,,,,,,,,,,,,,The Big -P.01-UP-20-April-26,Reinforcement steel supply,BD-CW-SAMCO-ACE-LET-STR-051,52,07-Feb-2026,Procurement Delay / EOT Notice,Reinforcement Steel Supply Status and EOT Entitlement,BD-ACEPM-SAMCO-LET-028,29,16-Feb-2026,BD-ACEPM-SAMCO-LET-028 - Steel supply status,Directly related to ACE steel rebuttal,High,Moderate to Strong,Weak to moderate,High,High,Track SAMCO-supplied 300 tons and EOT basis,,,,,,,,,,,,,,,,,,,,,,,
letter_register,SAMCO to ACE Links,47,,,,,,,,,,,,,,,,,,,,,,,,The Big -P.01-UP-20-April-26,Reinforcement steel supply,BD-CW-SAMCO-ACE-LET-STR-053,54,24-Feb-2026,Procurement Delay / Commercial Claim Reservation,Reinforcement Steel Order No. 2 Delay,BD-ACEPM-SAMCO-LET-028,29,16-Feb-2026,BD-ACEPM-SAMCO-LET-028 - Steel supply status,Directly related to ACE steel rebuttal,High,Strong,Weak to moderate,High,High,Approve revised distribution and certify mitigation steel,,,,,,,,,,,,,,,,,,,,,,,
letter_register,SAMCO to ACE Links,48,,,,,,,,,,,,,,,,,,,,,,,,The Big -P.01-UP-20-April-26,Reinforcement steel supply,BD-CW-SAMCO-ACE-LET-STR-062,63,31-Mar-2026,Procurement Delay Notice,Follow-up on Reinforcement Steel Delivery,BD-ACEPM-SAMCO-LET-028,29,16-Feb-2026,BD-ACEPM-SAMCO-LET-028 - Steel supply status,Same steel delay thread after ACE rebuttal,High,Strong,Weak to moderate,High,High,Update cumulative delay and mitigation record,,,,,,,,,,,,,,,,,,,,,,,
letter_register,SAMCO to ACE Links,49,,,,,,,,,,,,,,,,,,,,,,,,The Big -P.01-UP-20-April-26,Reinforcement steel supply,BD-CW-SAMCO-ACE-LET-STR-069,70,19-Apr-2026,Procurement Delay / Cumulative Impact Notice,Follow-up on Reinforcement Steel Supply and Cumulative Project Impact,BD-ACEPM-SAMCO-LET-028,29,16-Feb-2026,BD-ACEPM-SAMCO-LET-028 - Steel supply status,Same cumulative steel delay thread,High,Strong,Weak to moderate,High,High,Assess cumulative EOT/cost and owner supply record,,,,,,,,,,,,,,,,,,,,,,,
letter_register,SAMCO to ACE Links,50,,,,,,,,,,,,,,,,,,,,,,,,The Big -P.01-UP-20-April-26,Reinforcement steel supply / guarantee cheque,BD-CW-SAMCO-ACE-LET-STR-045,46,22-Jan-2026,Commercial Submission,Guarantee Cheque for Reinforcement Steel,BD-ACEPM-SAMCO-LET-028,29,16-Feb-2026,BD-ACEPM-SAMCO-LET-028 - Steel supply status,Same steel supply arrangement thread,Medium,,Weak to moderate,Low,High,Confirm cheque acceptance and release steel,,,,,,,,,,,,,,,,,,,,,,,
letter_register,SAMCO to ACE Links,51,,,,,,,,,,,,,,,,,,,,,,,,The Big -P.01-UP-20-April-26,RFI delay claim,BD-CW-SAMCO-ACE-LET-STR-064,65,02-Apr-2026,Notice of Claim,Delay in Technical Clarifications,,,,,No direct ACE response in table,Low,Strong,,High,,Link to RFI response log when available,,,,,,,,,,,,,,,,,,,,,,,
letter_register,SAMCO to ACE Links,52,,,,,,,,,,,,,,,,,,,,,,,,The Big -P.01-UP-20-April-26,Site obstacles / water leakage,BD-CW-SAMCO-ACE-LET-STR-005,6,10-Sep-2025,Notice of Delay / Site Obstacle,RE: Documentation of Site Obstacles Affecting Project Progress,BD-ACEPM-SAMCO-LET-005,6,17-Sep-2025,BD-ACEPM-SAMCO-LET-005 - Site obstacles B1-B4,Directly referenced by ACE response,High,Moderate,Contractor weak,High,Low,Substantiate any EOT with programme and records,,,,,,,,,,,,,,,,,,,,,,,
letter_register,SAMCO to ACE Links,53,,,,,,,,,,,,,,,,,,,,,,,,The Big -P.01-UP-20-April-26,Site obstacles / water leakage,BD-CW-SAMCO-ACE-LET-STR-007,8,24-Sep-2025,Response / Reservation,RE: Response to Letter No. BD-ACEPM-SAMCO-LET-005,BD-ACEPM-SAMCO-LET-005,6,17-Sep-2025,BD-ACEPM-SAMCO-LET-005 - Site obstacles B1-B4,Follow-up response on same issue,High,Moderate,Contractor weak,Medium,Low,Maintain claim records and approval history,,,,,,,,,,,,,,,,,,,,,,,
letter_register,SAMCO to ACE Links,54,,,,,,,,,,,,,,,,,,,,,,,,The Big -P.01-UP-20-April-26,Soil replacement delay,BD-CW-SAMCO-ACE-LET-STR-018,19,13-Oct-2025,Response / Delay Mitigation,Response Regarding Delay of Works at Site,BD-ACEPM-SAMCO-LET-014; BD-ACEPM-SAMCO-LET-015,15; 16,12-Oct-2025; 15-Oct-2025,BD-ACEPM-SAMCO-LET-014 - Soil replacement B1/B2 | BD-ACEPM-SAMCO-LET-015 - Delay of works at site,Direct response to ACE delay letters,High,Moderate,Employer strong; Contractor weak,High,High; High,Clarify instruction to proceed pending tests and ramp status,,,,,,,,,,,,,,,,,,,,,,,
letter_register,SAMCO to ACE Links,55,,,,,,,,,,,,,,,,,,,,,,,,The Big -P.01-UP-20-April-26,Survey / batching plant / Zone 2,BD-CW-SAMCO-ACE-LET-STR-004,5,28-Aug-2025,Notice / Site Condition,RE: Site Survey Findings and Allocation of Concrete Batching Plant,BD-ACEPM-SAMCO-LET-003,4,31-Aug-2025,BD-ACEPM-SAMCO-LET-003 - Survey and batching plant,Directly related by subject and ACE response,High,Moderate,Moderate if owner-caused,High,Medium,"Close survey, batching plant and handover decisions",,,,,,,,,,,,,,,,,,,,,,,
letter_register,SAMCO to ACE Links,56,,,,,,,,,,,,,,,,,,,,,,,,The Big -P.01-UP-20-April-26,Technical responses / coordinated drawings,BD-CW-SAMCO-ACE-LET-STR-057,58,11-Mar-2026,Delay Notice / Design Information,Delayed Technical Responses and Outstanding Coordinated Drawings,,,,,No direct ACE response in table,Low,Strong,,High,,Prepare separate claim chronology for RFIs,,,,,,,,,,,,,,,,,,,,,,,
letter_register,SAMCO to ACE Links,57,,,,,,,,,,,,,,,,,,,,,,,,The Big -P.01-UP-20-April-26,Utility protection variation,BD-CW-SAMCO-ACE-LET-STR-017,18,09-Oct-2025,Variation Response / Rejection,Response to VI ROYA-BIG-2025-VI-001,,,,,No direct ACE response in table,Low,Strong,,High,,Link to separate VI file if available,,,,,,,,,,,,,,,,,,,,,,,
letter_register,SAMCO to ACE Links,58,,,,,,,,,,,,,,,,,,,,,,,,The Big -P.01-UP-20-April-26,Variation procedure / IFC package,BD-CW-SAMCO-ACE-LET-STR-015,16,06-Oct-2025,Document Request,Reminder to Submit Final Package and Signed Hard Copies,BD-ACEPM-SAMCO-LET-012,13,05-Oct-2025,BD-ACEPM-SAMCO-LET-012 - Variation procedure,Response to ACE variation procedure notice,High,Moderate,Depends on compliance,Medium,Low,Issue complete IFC package or preserve notice rights,,,,,,,,,,,,,,,,,,,,,,,
letter_register,SAMCO to ACE Links,59,,,,,,,,,,,,,,,,,,,,,,,,The Big -P.01-UP-20-April-26,VI-0003 / flanges / MEP,BD-CW-SAMCO-ACE-LET-STR-035,36,18-Dec-2025,Variation Rejection / Contract Position,Response to LET-019 and VI-0003,BD-ACEPM-SAMCO-LET-019; BD-ACEPM-SAMCO-LET-025,20; 26,04-Dec-2025; 27-Jan-2026,BD-ACEPM-SAMCO-LET-019 - GWT flanges | BD-ACEPM-SAMCO-LET-025 - MEP first fix variation,Direct response to ACE flanges rebuttal,High,Moderate,Employer strong; Employer strong,High,High; High,Resolve flanges scope and formal variation position,,,,,,,,,,,,,,,,,,,,,,,
letter_register,SAMCO to ACE Links,60,,,,,,,,,,,,,,,,,,,,,,,,The Big -P.01-UP-20-April-26,VI-0003 / MEP works,BD-CW-SAMCO-ACE-LET-STR-024,25,24-Nov-2025,Variation Rejection,Response to VI BD-ACEPM-SAMCO-VI-0003,BD-ACEPM-SAMCO-LET-017,18,26-Nov-2025,BD-ACEPM-SAMCO-LET-017 - VI-0003 rejection,Directly referenced by ACE enforcement letter,High,Moderate,Employer strong,High,High,Resolve disputed scope and proceed under formal instruction,,,,,,,,,,,,,,,,,,,,,,,
letter_register,SAMCO to ACE Links,61,,,,,,,,,,,,,,,,,,,,,,,,The Big -P.01-UP-20-April-26,VI-0003 / MEP works / flanges,BD-CW-SAMCO-ACE-LET-STR-027,28,30-Nov-2025,Formal Rejection / Reservation,Formal Rejection of Assigning MEP Works,BD-ACEPM-SAMCO-LET-017; BD-ACEPM-SAMCO-LET-019; BD-ACEPM-SAMCO-LET-025,18; 20; 26,26-Nov-2025; 04-Dec-2025; 27-Jan-2026,BD-ACEPM-SAMCO-LET-017 - VI-0003 rejection | BD-ACEPM-SAMCO-LET-019 - GWT flanges | BD-ACEPM-SAMCO-LET-025 - MEP first fix variation,Directly related to ACE rebuttals and interpretation letters,High,Moderate,Employer strong; Employer strong; Employer strong,High,High; High; High,Settle MEP/flange scope and valuation route,,,,,,,,,,,,,,,,,,,,,,,
letter_register,SAMCO to ACE Links,62,,,,,,,,,,,,,,,,,,,,,,,,The Big -P.01-UP-20-April-26,Water pipeline leakage,BD-CW-SAMCO-ACE-LET-STR-039,40,04-Jan-2026,Notice / Site Incident,Water Pipeline Leakage and Its Impact on Project Works,BD-ACEPM-SAMCO-LET-023,24,11-Jan-2026,BD-ACEPM-SAMCO-LET-023 - Water pipeline leakage,Directly answered by ACE closure letter,High,Moderate,Contractor weak,Medium,Low,Confirm no residual impact or document rework separately,,,,,,,,,,,,,,,,,,,,,,,
letter_register,SAMCO to ACE Links,63,,,,,,,,,,,,,,,,,,,,,,,,The Big -P.01-UP-20-April-26,Waterproofing materials,BD-CW-SAMCO-ACE-LET-STR-023,24,23-Nov-2025,Technical Query,Related to Waterproofing Works,,,,,No direct ACE response in table,Low,Moderate,,Medium,,Request/locate waterproofing clarification response,,,,,,,,,,,,,,,,,,,,,,,
letter_register,SAMCO to ACE Links,64,,,,,,,,,,,,,,,,,,,,,,,,The Big -P.01-UP-20-April-26,Weather,BD-CW-SAMCO-ACE-LET-STR-058,59,14-Mar-2026,Weather Notice,Work Suspension Due to Severe Weather,,,,,No direct ACE response in table,Low,Weak,,Low,,Keep weather log only,,,,,,,,,,,,,,,,,,,,,,,
letter_register,SAMCO to ACE Links,65,,,,,,,,,,,,,,,,,,,,,,,,The Big -P.01-UP-20-April-26,Weather,BD-CW-SAMCO-ACE-LET-STR-060,61,25-Mar-2026,Weather Notice,Work Interruption Due to Adverse Weather,,,,,No direct ACE response in table,Low,Weak to Moderate,,Medium,,Keep weather log only,,,,,,,,,,,,,,,,,,,,,,,
letter_register,SAMCO to ACE Links,66,,,,,,,,,,,,,,,,,,,,,,,,The Big -P.01-UP-20-April-26,Weather,BD-CW-SAMCO-ACE-LET-STR-061,62,29-Mar-2026,Weather Notice,Work Interruption Due to Adverse Weather,,,,,No direct ACE response in table,Low,Weak to Moderate,,Medium,,Keep weather log only,,,,,,,,,,,,,,,,,,,,,,,
letter_register,SAMCO to ACE Links,67,,,,,,,,,,,,,,,,,,,,,,,,The Big -P.01-UP-20-April-26,Weather,BD-CW-SAMCO-ACE-LET-STR-065,66,02-Apr-2026,Weather Notice,Work Interruption Due to Adverse Weather,,,,,No direct ACE response in table,Low,Weak to Moderate,,Medium,,Keep weather log only,,,,,,,,,,,,,,,,,,,,,,,
letter_register,SAMCO to ACE Links,68,,,,,,,,,,,,,,,,,,,,,,,,The Big -P.01-UP-20-April-26,Weather / insulation,BD-CW-SAMCO-ACE-LET-STR-031,32,11-Dec-2025,Weather Notice,Postponement of Insulation Works Due to Weather,,,,,No direct ACE response in table,Low,Weak,,Low,,Keep weather record only,,,,,,,,,,,,,,,,,,,,,,,
letter_register,SAMCO to ACE Links,69,,,,,,,,,,,,,,,,,,,,,,,,The Big -P.01-UP-20-April-26,Weather / tower cranes,BD-CW-SAMCO-ACE-LET-STR-043,44,12-Jan-2026,Weather Notice,Suspension of Tower Crane Operations,,,,,No direct ACE response in table,Low,Weak,,Low,,Keep weather/crane log only,,,,,,,,,,,,,,,,,,,,,,,
letter_register,SAMCO to ACE Links,70,,,,,,,,,,,,,,,,,,,,,,,,The Big -P.01-UP-20-April-26,Site progress / steel supply / RFI 17 / B1-B4 structural package,BD-CW-SAMCO-ACE-LET-STR-071,72,27-Apr-2026,Early Warning / Notice under Sub-Clause 20.1,Early Warning & Notification of Fact – Site Progress and Constraints for Buildings B1-B4,BD-ACEPM-SAMCO-LET-033,33,05-May-2026,Re: Early Warning & Notification of Fact (pursuant to Sub-Clause 20.1) – Site Progress and Constraints for Buildings B1-B4,ACE response rejects the notice on procedural grounds and requires a compliant claim,High,Strong,ACE strong procedurally / Contractor weak on compliance,High,Medium,Convert the notice into a formal Sub-Clause 20.1 claim with supporting delay/cost evidence and response to the RFI/design discrepancy issue,,,,,,,,,,,,,,,,,,,,,,,
letter_register,SAMCO to ACE Links,71,,,,,,,,,,,,,,,,,,,,,,,,The Big -P.01-UP-20-April-26,Payments / IPCs / breakdown,BD-CW-SAMCO-ACE-LET-STR-070,71,25-Apr-2026,Payment Submission,Submission of Interim Payment Certificate No. 6,,,,,Same IPC / payment thread; no direct ACE response in current source table,Medium,,,Low,,"Review, certify, and pay IPC 6 within the contractual period",,,,,,,,,,,,,,,,,,,,,,,
letter_register,SAMCO to ACE Links,72,,,,,,,,,,,,,,,,,,,,,,,,The Big -P.01-UP-20-April-26,MEP / first fix / flanges / VI-0003,BD-CW-SAMCO-ACE-LET-STR-072,73,27-Apr-2026,Submission / Meeting Minutes,Submission of Minutes of Meetings - MEP Works (First Fix).,,,,,Same MEP first-fix coordination thread; no direct ACE response identified in the current source table,Medium,Moderate to Strong,,High,,Formalize first-fix responsibilities and close outstanding design conflicts,,,,,,,,,,,,,,,,,,,,,,,
letter_register,SAMCO to ACE Links,73,,,,,,,,,,,,,,,,,,,,,,,,The Big -P.01-UP-20-April-26,Waterproofing materials,BD-CW-SAMCO-ACE-LET-STR-073,74,28-Apr-2026,Clarification / Technical Notice,Scope Clarification - Internal Tank Waterproofing.,,,,,No direct ACE response in current source table,Low,Moderate,,Medium,,Locate Engineer decision on internal waterproofing system and execution route,,,,,,,,,,,,,,,,,,,,,,,
letter_register,SAMCO to ACE Links,74,,,,,,,,,,,,,,,,,,,,,,,,The Big -P.01-UP-20-April-26,Contractual submissions / reports,BD-CW-SAMCO-ACE-LET-STR-074,75,29-Apr-2026,Response / Reporting Compliance,Re: Non-Compliance with Submission of Weekly Progress Reports.,BD-ACEPM-SAMCO-LET-032,,,,Direct response to ACE weekly reporting notice; ACE source letter is not available in the current workbook,High,Weak to Moderate,,Medium,,Submit the overdue weekly reports and close the reporting-compliance issue formally,,,,,,,,,,,,,,,,,,,,,,,
letter_register,SAMCO to ACE Links,75,,,,,,,,,,,,,,,,,,,,,,,,The Big -P.01-UP-20-April-26,Payments / IPCs / breakdown,BD-CW-SAMCO-ACE-LET-STR-075,76,30-Apr-2026,Commercial Response / Reservation,Re: BD-ACEPM-SAMCO-LET-031,BD-ACEPM-SAMCO-LET-031,32,19-Apr-2026,IPC settlement follow-up,Direct response to ACE IPC clarification / threshold letter,High,Moderate,Contractor weak,Medium,Low,"Reconcile IPC thresholds, due dates, and the constraint-driven reduction in certified values",,,,,,,,,,,,,,,,,,,,,,,
letter_register,SAMCO to ACE Links,76,,,,,,,,,,,,,,,,,,,,,,,,The Big -P.01-UP-20-April-26,Site progress / steel supply / RFI 17 / structural package discrepancy,BD-CW-SAMCO-ACE-LET-STR-076,77,09-May-2026,Notice of Claim / Design Discrepancy,Notice of Claim - Impact of Revised Structural Drawings on Project Progress [Sub-Clause 1.9 / 8.4 / 20.1],,,,,Follow-on design package claim within the same structural discrepancy thread; no direct ACE reply in the current source table,Medium,Strong,,High,,Convert the design discrepancy chronology into a full cause-effect claim with hold period evidence,,,,,,,,,,,,,,,,,,,,,,,
letter_register,SAMCO to ACE Links,77,,,,,,,,,,,,,,,,,,,,,,,,The Big -P.01-UP-20-April-26,Retaining wall backfilling variation,BD-CW-SAMCO-ACE-LET-STR-077,78,11-May-2026,Variation Notice / Reservation of Rights,Notice of Variation and Reservation of Rights - Backfilling Works Behind Retaining Wall.,,,,,No direct ACE response in current source table,Low,Strong,,High,,"Issue VO, measure the work, and assess the critical-path impact of delayed instruction",,,,,,,,,,,,,,,,,,,,,,,
letter_register,SAMCO to ACE Links,78,,,,,,,,,,,,,,,,,,,,,,,,The Big -P.01-UP-20-April-26,MEP / first fix / flanges / VI-0003,BD-CW-SAMCO-ACE-LET-STR-078,79,11-May-2026,Meeting Minutes Submission,Submission of MOM - Site Meeting for Mechanical Works (First Fix) Held on Wednesday 06/05/2026.,,,,,Same MEP first-fix coordination thread; no direct ACE response identified in the current source table,Medium,Moderate,,Medium,,Track closure of MEP first-fix action items and preserve interface records,,,,,,,,,,,,,,,,,,,,,,,
letter_register,SAMCO to ACE Links,79,,,,,,,,,,,,,,,,,,,,,,,,The Big -P.01-UP-20-April-26,Reinforcement steel supply,BD-CW-SAMCO-ACE-LET-STR-079,80,24-May-2026,Procurement Delay / EOT Response,Reply to Notification of Reinforcement Steel Supply Status and Entitlement to Time Extensions,BD-ACEPM-SAMCO-LET-035,35,11-May-2026,Re: Notification of Reinforcement Steel Supply Status and Entitlement to Time Extensions,Direct response to ACE steel supply / time-extension position,High,Strong,,High,,"Reconcile delivery dates, pending quantities, and the updated time-impact narrative",,,,,,,,,,,,,,,,,,,,,,,
letter_register,SAMCO to ACE Links,80,,,,,,,,,,,,,,,,,,,,,,,,The Big -P.01-UP-20-April-26,Site progress / steel supply / RFI 17 / structural package discrepancy,BD-CW-SAMCO-ACE-LET-STR-080,81,24-May-2026,Delay Notice Response / Reservation,Response to Notice - Alleged Failure to Achieve Section (1) Milestone,BD-ACEPM-SAMCO-LET-036,36,11-May-2026,Failure to Achieve Section (1) Milestone within the Contractual Due Date,Direct response to ACE milestone-failure notice,High,Strong,,High,,"Tie the milestone miss to explicit steel, IFC, and RFI cause-effect records and submit the revised plan",,,,,,,,,,,,,,,,,,,,,,,
letter_register,SAMCO to ACE Links,81,,,,,,,,,,,,,,,,,,,,,,,,The Big -P.01-UP-20-April-26,Payments / IPCs / breakdown,BD-CW-SAMCO-ACE-LET-STR-081,82,24-May-2026,Payment Submission,Submission of Interim Payment Certificate No. 7,,,,,Same IPC / payment thread; no direct ACE response in current source table,Medium,,,Low,,"Review, certify, and pay IPC 7 within the contractual period",,,,,,,,,,,,,,,,,,,,,,,
letter_register,SAMCO to ACE Links,82,,,,,,,,,,,,,,,,,,,,,,,,The Big -P.01-UP-20-April-26,Waterproofing materials,BD-CW-SAMCO-ACE-LET-STR-082,83,25-May-2026,Clarification / Claim Notice,"Clarification on Internal Waterproofing System, Execution Sequence and Performance Warranty - Water Tank.",,,,,No direct ACE response in current source table; this is a follow-on clarification / claim notice to STR-073 and the tank RFI,Medium,Moderate to Strong,,High,,Resolve the waterproofing system decision and preserve the sequence / warranty claim record,,,,,,,,,,,,,,,,,,,,,,,
letter_register,ACE to SAMCO Links,1,,,,,,,,,,,,,,,,,,,,,,,,The Big -P.01-UP-20-April-26,,,,,,,,,,,,,,Contractor weak,,High,,BD-ACEPM-SAMCO-LET-001,2,24-Jun-2025,Notice,Outstanding Deliverables,BD-CW-SAMCO-ACE-LET-STR-003,4,BD-CW-SAMCO-ACE-LET-STR-003 - RE: Outstanding Deliverables - Urgent Response Required,Outstanding deliverables / tower cranes,Low,Submit all overdue items,,,,,,,,,,,,
letter_register,ACE to SAMCO Links,2,,,,,,,,,,,,,,,,,,,,,,,,The Big -P.01-UP-20-April-26,,,,,,,,,,,,,,Contractor weak,,High,,BD-ACEPM-SAMCO-LET-002,3,25-Jun-2025,Delay notice,Tower Crane No. 1 delay,BD-CW-SAMCO-ACE-LET-STR-003,4,BD-CW-SAMCO-ACE-LET-STR-003 - RE: Outstanding Deliverables - Urgent Response Required,Outstanding deliverables / tower cranes,Low,Install TC1 immediately,,,,,,,,,,,,
letter_register,ACE to SAMCO Links,3,,,,,,,,,,,,,,,,,,,,,,,,The Big -P.01-UP-20-April-26,,,,,,,,,,,,,,Moderate if owner-caused,,Medium,,BD-ACEPM-SAMCO-LET-003,4,31-Aug-2025,Clarification,Survey and batching plant,BD-CW-SAMCO-ACE-LET-STR-004,5,BD-CW-SAMCO-ACE-LET-STR-004 - RE: Site Survey Findings and Allocation of Concrete Batching Plant,Survey / batching plant / Zone 2,Conditional,Close reviews and approvals,,,,,,,,,,,,
letter_register,ACE to SAMCO Links,4,,,,,,,,,,,,,,,,,,,,,,,,The Big -P.01-UP-20-April-26,,,,,,,,,,,,,,Contractor weak,,High,,BD-ACEPM-SAMCO-LET-004,5,17-Sep-2025,Submission notice,Required contractual submissions,BD-CW-SAMCO-ACE-LET-STR-006,7,BD-CW-SAMCO-ACE-LET-STR-006 - RE: Response to Letter No. BD-ACEPM-SAMCO-LET-004,Contractual submissions,Low,Submit full package,,,,,,,,,,,,
letter_register,ACE to SAMCO Links,5,,,,,,,,,,,,,,,,,,,,,,,,The Big -P.01-UP-20-April-26,,,,,,,,,,,,,,Contractor weak,,Low,,BD-ACEPM-SAMCO-LET-005,6,17-Sep-2025,Response,Site obstacles B1-B4,BD-CW-SAMCO-ACE-LET-STR-005; BD-CW-SAMCO-ACE-LET-STR-007,6; 8,BD-CW-SAMCO-ACE-LET-STR-005 - RE: Documentation of Site Obstacles Affecting Project Progress | BD-CW-SAMCO-ACE-LET-STR-007 - RE: Response to Letter No. BD-ACEPM-SAMCO-LET-005,Site obstacles / water leakage,Low,Submit compliant claim if any,,,,,,,,,,,,
letter_register,ACE to SAMCO Links,6,,,,,,,,,,,,,,,,,,,,,,,,The Big -P.01-UP-20-April-26,,,,,,,,,,,,,,Contractor weak,,Medium,,BD-ACEPM-SAMCO-LET-006,7,22-Sep-2025,Reminder,Design verification,BD-CW-SAMCO-ACE-LET-STR-009,10,BD-CW-SAMCO-ACE-LET-STR-009 - Submission of Consultant CV and Approval Certificate,Design verification consultant,Low,Submit prequalification/report,,,,,,,,,,,,
letter_register,ACE to SAMCO Links,7,,,,,,,,,,,,,,,,,,,,,,,,The Big -P.01-UP-20-April-26,,,,,,,,,,,,,,Contractor weak,,Medium,,BD-ACEPM-SAMCO-LET-007,8,22-Sep-2025,Rejection,Insurance policy,BD-CW-SAMCO-ACE-LET-STR-021,22,BD-CW-SAMCO-ACE-LET-STR-021 - Contractor Commitment to Maintain Required Insurance,Insurance,Low,Resubmit complete policies,,,,,,,,,,,,
letter_register,ACE to SAMCO Links,8,,,,,,,,,,,,,,,,,,,,,,,,The Big -P.01-UP-20-April-26,,,,,,,,,,,,,,Contractor weak,,Medium,,BD-ACEPM-SAMCO-LET-008,9,28-Sep-2025,Claim rejection,Site ramp works,BD-CW-SAMCO-ACE-LET-STR-008,9,BD-CW-SAMCO-ACE-LET-STR-008 - Response Regarding Site Ramp Modification Works,Ramp / access route,,Maintain ramp and proceed,,,,,,,,,,,,
letter_register,ACE to SAMCO Links,9,,,,,,,,,,,,,,,,,,,,,,,,The Big -P.01-UP-20-April-26,,,,,,,,,,,,,,Moderate if owner blocks access,,Low,,BD-ACEPM-SAMCO-LET-009,10,28-Sep-2025,Access clarification,Borehole locations,,,,,Conditional,Formalize approvals,,,,,,,,,,,,
letter_register,ACE to SAMCO Links,10,,,,,,,,,,,,,,,,,,,,,,,,The Big -P.01-UP-20-April-26,,,,,,,,,,,,,,Contractor weak,,Medium,,BD-ACEPM-SAMCO-LET-010,11,02-Oct-2025,Submittal rejection,Consultant CV/design review,BD-CW-SAMCO-ACE-LET-STR-009,10,BD-CW-SAMCO-ACE-LET-STR-009 - Submission of Consultant CV and Approval Certificate,Design verification consultant,Low,Resubmit consultant package,,,,,,,,,,,,
letter_register,ACE to SAMCO Links,11,,,,,,,,,,,,,,,,,,,,,,,,The Big -P.01-UP-20-April-26,,,,,,,,,,,,,,Contractor weak,,Low/Medium,,BD-ACEPM-SAMCO-LET-011,12,04-Oct-2025,Response/instruction,Pipe breakage/excavation,BD-CW-SAMCO-ACE-LET-STR-012; BD-CW-SAMCO-ACE-LET-STR-013; BD-CW-SAMCO-ACE-LET-STR-014,13; 14; 15,BD-CW-SAMCO-ACE-LET-STR-012 - Meeting Minutes and Follow-up on Discussed Points | BD-CW-SAMCO-ACE-LET-STR-013 - Pipe Breakage and Suspension of Excavation Works | BD-CW-SAMCO-ACE-LET-STR-014 - Implications of Water Pipe Break,Pipe breakage / leakage impact; Pipe breakage / tank excavation,Low,Execute rectification,,,,,,,,,,,,
letter_register,ACE to SAMCO Links,12,,,,,,,,,,,,,,,,,,,,,,,,The Big -P.01-UP-20-April-26,,,,,,,,,,,,,,Depends on compliance,,Low,,BD-ACEPM-SAMCO-LET-012,13,05-Oct-2025,Procedure notice,Variation procedure,BD-CW-SAMCO-ACE-LET-STR-015,16,BD-CW-SAMCO-ACE-LET-STR-015 - Reminder to Submit Final Package and Signed Hard Copies,Variation procedure / IFC package,Conditional,Follow 13.3 notice process,,,,,,,,,,,,
letter_register,ACE to SAMCO Links,13,,,,,,,,,,,,,,,,,,,,,,,,The Big -P.01-UP-20-April-26,,,,,,,,,,,,,,Moderate if scope changes,,Medium,,BD-ACEPM-SAMCO-LET-013,14,05-Oct-2025,Technical instruction,Soil replacement recommendation,BD-CW-SAMCO-ACE-LET-STR-036,37,BD-CW-SAMCO-ACE-LET-STR-036 - Request for VI - CPTu and DCPT Works,Geotechnical tests / soil recommendation,Conditional,Implement comments,,,,,,,,,,,,
letter_register,ACE to SAMCO Links,14,,,,,,,,,,,,,,,,,,,,,,,,The Big -P.01-UP-20-April-26,,,,,,,,,,,,,,Employer strong,,High,,BD-ACEPM-SAMCO-LET-014,15,12-Oct-2025,Delay notice,Soil replacement B1/B2,BD-CW-SAMCO-ACE-LET-STR-018,19,BD-CW-SAMCO-ACE-LET-STR-018 - Response Regarding Delay of Works at Site,Soil replacement delay,Low,Mobilize and test,,,,,,,,,,,,
letter_register,ACE to SAMCO Links,15,,,,,,,,,,,,,,,,,,,,,,,,The Big -P.01-UP-20-April-26,,,,,,,,,,,,,,Contractor weak,,High,,BD-ACEPM-SAMCO-LET-015,16,15-Oct-2025,Response,Delay of works at site,BD-CW-SAMCO-ACE-LET-STR-018,19,BD-CW-SAMCO-ACE-LET-STR-018 - Response Regarding Delay of Works at Site,Soil replacement delay,Low,Proceed and maintain access,,,,,,,,,,,,
letter_register,ACE to SAMCO Links,16,,,,,,,,,,,,,,,,,,,,,,,,The Big -P.01-UP-20-April-26,,,,,,,,,,,,,,Moderate if owner delay proven,,Medium,,BD-ACEPM-SAMCO-LET-016,17,20-Oct-2025,Coordination response,Reinforcement steel quantity,BD-CW-SAMCO-ACE-LET-STR-010; BD-CW-SAMCO-ACE-LET-STR-011,11; 12,BD-CW-SAMCO-ACE-LET-STR-010 - Supply of reinforcement steel for the project | BD-CW-SAMCO-ACE-LET-STR-011 - Request to Reduce First Reinforcement Steel Delivery,Reinforcement steel supply,Conditional,Confirm quantities/delivery,,,,,,,,,,,,
letter_register,ACE to SAMCO Links,17,,,,,,,,,,,,,,,,,,,,,,,,The Big -P.01-UP-20-April-26,,,,,,,,,,,,,,Employer strong,,High,,BD-ACEPM-SAMCO-LET-017,18,26-Nov-2025,Variation enforcement,VI-0003 rejection,BD-CW-SAMCO-ACE-LET-STR-016; BD-CW-SAMCO-ACE-LET-STR-024; BD-CW-SAMCO-ACE-LET-STR-027,17; 25; 28,BD-CW-SAMCO-ACE-LET-STR-016 - Clarification Regarding Coordination Responsibilities | BD-CW-SAMCO-ACE-LET-STR-024 - Response to VI BD-ACEPM-SAMCO-VI-0003 | BD-CW-SAMCO-ACE-LET-STR-027 - Formal Rejection of Assigning MEP Works,MEP coordination / first fix; VI-0003 / MEP works; VI-0003 / MEP works / flanges,Low,Execute VI; submit proposal,,,,,,,,,,,,
letter_register,ACE to SAMCO Links,18,,,,,,,,,,,,,,,,,,,,,,,,The Big -P.01-UP-20-April-26,,,,,,,,,,,,,,Contractor weak,,High,,BD-ACEPM-SAMCO-LET-018,19,03-Dec-2025,Non-compliance notice,Programme delay,,,,,Low,Resubmit program,,,,,,,,,,,,
letter_register,ACE to SAMCO Links,19,,,,,,,,,,,,,,,,,,,,,,,,The Big -P.01-UP-20-April-26,,,,,,,,,,,,,,Employer strong,,High,,BD-ACEPM-SAMCO-LET-019,20,04-Dec-2025,Variation rebuttal,GWT flanges,BD-CW-SAMCO-ACE-LET-STR-027; BD-CW-SAMCO-ACE-LET-STR-035,28; 36,BD-CW-SAMCO-ACE-LET-STR-027 - Formal Rejection of Assigning MEP Works | BD-CW-SAMCO-ACE-LET-STR-035 - Response to LET-019 and VI-0003,VI-0003 / flanges / MEP; VI-0003 / MEP works / flanges,Low,Execute works,,,,,,,,,,,,
letter_register,ACE to SAMCO Links,20,,,,,,,,,,,,,,,,,,,,,,,,The Big -P.01-UP-20-April-26,,,,,,,,,,,,,,Contractor weak,,High,,BD-ACEPM-SAMCO-LET-020,21,08-Dec-2025,Delay notice,Design review,BD-CW-SAMCO-ACE-LET-STR-019; BD-CW-SAMCO-ACE-LET-STR-026; BD-CW-SAMCO-ACE-LET-STR-029; BD-CW-SAMCO-ACE-LET-STR-030,20; 27; 30; 31,BD-CW-SAMCO-ACE-LET-STR-019 - Request for Complete Set of IFC Drawings | BD-CW-SAMCO-ACE-LET-STR-026 - Reply of Design Review | BD-CW-SAMCO-ACE-LET-STR-029 - Design Review | BD-CW-SAMCO-ACE-LET-STR-030 - Re: Design Review,Design review; Design review / criteria; IFC drawings / design review,Low,Issue full report,,,,,,,,,,,,
letter_register,ACE to SAMCO Links,21,,,,,,,,,,,,,,,,,,,,,,,,The Big -P.01-UP-20-April-26,,,,,,,,,,,,,,Contractor weak,,Medium,,BD-ACEPM-SAMCO-LET-021,22,10-Dec-2025,Reporting notice,Periodic reports delay,BD-CW-SAMCO-ACE-LET-STR-033,34,BD-CW-SAMCO-ACE-LET-STR-033 - Response to LET-021 Periodic Reports,Periodic reports / programme,Low,Submit reports,,,,,,,,,,,,
letter_register,ACE to SAMCO Links,22,,,,,,,,,,,,,,,,,,,,,,,,The Big -P.01-UP-20-April-26,,,,,,,,,,,,,,Weak/uncertain,,High,,BD-ACEPM-SAMCO-LET-022,23,28-Dec-2025,Design clarification,Design review,BD-CW-SAMCO-ACE-LET-STR-026; BD-CW-SAMCO-ACE-LET-STR-030; BD-CW-SAMCO-ACE-LET-STR-034; BD-CW-SAMCO-ACE-LET-STR-040; BD-CW-SAMCO-ACE-LET-STR-052; BD-CW-SAMCO-ACE-LET-STR-063,27; 31; 35; 41; 53; 64,BD-CW-SAMCO-ACE-LET-STR-026 - Reply of Design Review | BD-CW-SAMCO-ACE-LET-STR-030 - Re: Design Review | BD-CW-SAMCO-ACE-LET-STR-034 - Re: Design Review | BD-CW-SAMCO-ACE-LET-STR-040 - Continuation of Works and Final Written Instructions | BD-CW-SAMCO-ACE-LET-STR-052 - Project Status Update - Buildings B1 to B17 | BD-CW-SAMCO-ACE-LET-STR-063 - Comparison of Design Issued 18-Mar-2026 vs 27-Oct-2025,Design discrepancy / revised package; Design review; Design review / criteria; Project status / design / steel,Conditional low,Submit remaining feedback,,,,,,,,,,,,
letter_register,ACE to SAMCO Links,23,,,,,,,,,,,,,,,,,,,,,,,,The Big -P.01-UP-20-April-26,,,,,,,,,,,,,,Contractor weak,,Low,,BD-ACEPM-SAMCO-LET-023,24,11-Jan-2026,Incident closure,Water pipeline leakage,BD-CW-SAMCO-ACE-LET-STR-014; BD-CW-SAMCO-ACE-LET-STR-039,15; 40,BD-CW-SAMCO-ACE-LET-STR-014 - Implications of Water Pipe Break | BD-CW-SAMCO-ACE-LET-STR-039 - Water Pipeline Leakage and Its Impact on Project Works,Pipe breakage / leakage impact; Water pipeline leakage,,Monitor pipe supports,,,,,,,,,,,,
letter_register,ACE to SAMCO Links,24,,,,,,,,,,,,,,,,,,,,,,,,The Big -P.01-UP-20-April-26,,,,,,,,,,,,,,Contractor weak,,Medium,,BD-ACEPM-SAMCO-LET-024,25,22-Jan-2026,Criteria clarification,Adopted design criteria,BD-CW-SAMCO-ACE-LET-STR-030; BD-CW-SAMCO-ACE-LET-STR-034; BD-CW-SAMCO-ACE-LET-STR-040; BD-CW-SAMCO-ACE-LET-STR-047; BD-CW-SAMCO-ACE-LET-STR-052; BD-CW-SAMCO-ACE-LET-STR-063,31; 35; 41; 48; 53; 64,BD-CW-SAMCO-ACE-LET-STR-030 - Re: Design Review | BD-CW-SAMCO-ACE-LET-STR-034 - Re: Design Review | BD-CW-SAMCO-ACE-LET-STR-040 - Continuation of Works and Final Written Instructions | BD-CW-SAMCO-ACE-LET-STR-047 - Additions to MOM - Coordination Meeting 19-Jan-2026 | BD-CW-SAMCO-ACE-LET-STR-052 - Project Status Update - Buildings B1 to B17 | BD-CW-SAMCO-ACE-LET-STR-063 - Comparison of Design Issued 18-Mar-2026 vs 27-Oct-2025,Design discrepancy / revised package; Design review / criteria; MOM additions / commercial terms; Project status / design / steel,Low,Continue verification,,,,,,,,,,,,
letter_register,ACE to SAMCO Links,25,,,,,,,,,,,,,,,,,,,,,,,,The Big -P.01-UP-20-April-26,,,,,,,,,,,,,,Employer strong,,High,,BD-ACEPM-SAMCO-LET-025,26,27-Jan-2026,Contract interpretation,MEP first fix variation,BD-CW-SAMCO-ACE-LET-STR-016; BD-CW-SAMCO-ACE-LET-STR-027; BD-CW-SAMCO-ACE-LET-STR-032; BD-CW-SAMCO-ACE-LET-STR-035; BD-CW-SAMCO-ACE-LET-STR-041; BD-CW-SAMCO-ACE-LET-STR-049,17; 28; 33; 36; 42; 50,BD-CW-SAMCO-ACE-LET-STR-016 - Clarification Regarding Coordination Responsibilities | BD-CW-SAMCO-ACE-LET-STR-027 - Formal Rejection of Assigning MEP Works | BD-CW-SAMCO-ACE-LET-STR-032 - Request for Complete Package for Coordination - TRA-007 | BD-CW-SAMCO-ACE-LET-STR-035 - Response to LET-019 and VI-0003 | BD-CW-SAMCO-ACE-LET-STR-041 - Critical Interface Issue on Critical Path | BD-CW-SAMCO-ACE-LET-STR-049 - Response to LET-025 First Fix MEP Works,Critical MEP interface / tank base slab; MEP coordination / first fix; MEP first fix; MEP package / first fix; VI-0003 / flanges / MEP; VI-0003 / MEP works / flanges,Low,Execute variation,,,,,,,,,,,,
letter_register,ACE to SAMCO Links,26,,,,,,,,,,,,,,,,,,,,,,,,The Big -P.01-UP-20-April-26,,,,,,,,,,,,,,Moderate if procedure followed,,High,,BD-ACEPM-SAMCO-LET-026,27,02-Feb-2026,Variation clarification,Response to LET-025,BD-CW-SAMCO-ACE-LET-STR-032; BD-CW-SAMCO-ACE-LET-STR-041; BD-CW-SAMCO-ACE-LET-STR-049,33; 42; 50,BD-CW-SAMCO-ACE-LET-STR-032 - Request for Complete Package for Coordination - TRA-007 | BD-CW-SAMCO-ACE-LET-STR-041 - Critical Interface Issue on Critical Path | BD-CW-SAMCO-ACE-LET-STR-049 - Response to LET-025 First Fix MEP Works,Critical MEP interface / tank base slab; MEP first fix; MEP package / first fix,Conditional,Execute and submit proposal,,,,,,,,,,,,
letter_register,ACE to SAMCO Links,27,,,,,,,,,,,,,,,,,,,,,,,,The Big -P.01-UP-20-April-26,,,,,,,,,,,,,,Contractor weak,,Low,,BD-ACEPM-SAMCO-LET-027,28,15-Feb-2026,Commercial notice,Required breakdown delay,BD-CW-SAMCO-ACE-LET-STR-028; BD-CW-SAMCO-ACE-LET-STR-046,29; 47,BD-CW-SAMCO-ACE-LET-STR-028 - Submission of Interim Payment Certificate No. 1 | BD-CW-SAMCO-ACE-LET-STR-046 - Submission of Interim Payment Certificate No. 3,IPC / payment; IPC / payment / breakdown,,Submit breakdown,,,,,,,,,,,,
letter_register,ACE to SAMCO Links,28,,,,,,,,,,,,,,,,,,,,,,,,The Big -P.01-UP-20-April-26,,,,,,,,,,,,,,Weak to moderate,,High,,BD-ACEPM-SAMCO-LET-028,29,16-Feb-2026,EOT rebuttal,Steel supply status,BD-CW-SAMCO-ACE-LET-STR-025; BD-CW-SAMCO-ACE-LET-STR-042; BD-CW-SAMCO-ACE-LET-STR-044; BD-CW-SAMCO-ACE-LET-STR-045; BD-CW-SAMCO-ACE-LET-STR-048; BD-CW-SAMCO-ACE-LET-STR-051; BD-CW-SAMCO-ACE-LET-STR-052; BD-CW-SAMCO-ACE-LET-STR-053; BD-CW-SAMCO-ACE-LET-STR-062; BD-CW-SAMCO-ACE-LET-STR-069,26; 43; 45; 46; 49; 52; 53; 54; 63; 70,BD-CW-SAMCO-ACE-LET-STR-025 - Supply of Reinforcement Steel - Second Delivery | BD-CW-SAMCO-ACE-LET-STR-042 - Supply of Reinforcement Steel - Third Delivery | BD-CW-SAMCO-ACE-LET-STR-044 - Delay in Supplying Reinforcement Steel | BD-CW-SAMCO-ACE-LET-STR-045 - Guarantee Cheque for Reinforcement Steel | BD-CW-SAMCO-ACE-LET-STR-048 - Follow-up on Delay of Reinforcement Steel Delivery | BD-CW-SAMCO-ACE-LET-STR-051 - Reinforcement Steel Supply Status and EOT Entitlement | BD-CW-SAMCO-ACE-LET-STR-052 - Project Status Update - Buildings B1 to B17 | BD-CW-SAMCO-ACE-LET-STR-053 - Reinforcement Steel Order No. 2 Delay | BD-CW-SAMCO-ACE-LET-STR-062 - Follow-up on Reinforcement Steel Delivery | BD-CW-SAMCO-ACE-LET-STR-069 - Follow-up on Reinforcement Steel Supply and Cumulative Project Impact,Project status / design / steel; Reinforcement steel supply; Reinforcement steel supply / guarantee cheque,Low/conditional,Submit mitigation plan,,,,,,,,,,,,
letter_register,ACE to SAMCO Links,29,,,,,,,,,,,,,,,,,,,,,,,,The Big -P.01-UP-20-April-26,,,,,,,,,,,,,,Contractor weak,,Low,,BD-ACEPM-SAMCO-LET-029,30,24-Feb-2026,Protocol notice,Project status update,BD-CW-SAMCO-ACE-LET-STR-020; BD-CW-SAMCO-ACE-LET-STR-022; BD-CW-SAMCO-ACE-LET-STR-037; BD-CW-SAMCO-ACE-LET-STR-052,21; 23; 38; 53,BD-CW-SAMCO-ACE-LET-STR-020 - Project Status Update - Buildings B1 to B17 | BD-CW-SAMCO-ACE-LET-STR-022 - Project Status Update - Buildings B1 to B17 | BD-CW-SAMCO-ACE-LET-STR-037 - Project Status Update - Buildings B1 to B17 | BD-CW-SAMCO-ACE-LET-STR-052 - Project Status Update - Buildings B1 to B17,Project status / design / steel; Project status updates,,Use correct channels,,,,,,,,,,,,
letter_register,ACE to SAMCO Links,30,,,,,,,,,,,,,,,,,,,,,,,,The Big -P.01-UP-20-April-26,,,,,,,,,,,,,,Contractor weak,,Medium,,BD-ACEPM-SAMCO-LET-030,31,15-Mar-2026,Report comments,February 2026 MPR,,,,,Low,Revise/resubmit MPR,,,,,,,,,,,,
letter_register,ACE to SAMCO Links,31,,,,,,,,,,,,,,,,,,,,,,,,The Big -P.01-UP-20-April-26,,,,,,,,,,,,,,Contractor weak,,Low,,BD-ACEPM-SAMCO-LET-031,32,19-Apr-2026,Payment clarification,IPC settlement follow-up,BD-CW-SAMCO-ACE-LET-STR-028; BD-CW-SAMCO-ACE-LET-STR-038; BD-CW-SAMCO-ACE-LET-STR-046; BD-CW-SAMCO-ACE-LET-STR-047; BD-CW-SAMCO-ACE-LET-STR-054; BD-CW-SAMCO-ACE-LET-STR-055; BD-CW-SAMCO-ACE-LET-STR-056; BD-CW-SAMCO-ACE-LET-STR-059; BD-CW-SAMCO-ACE-LET-STR-068; BD-CW-SAMCO-ACE-LET-STR-075,29; 39; 47; 48; 55; 56; 57; 60; 69; 76,BD-CW-SAMCO-ACE-LET-STR-028 - Submission of Interim Payment Certificate No. 1; BD-CW-SAMCO-ACE-LET-STR-038 - ACEPM Recommendation of Monthly Interim Payment No. 2; BD-CW-SAMCO-ACE-LET-STR-046 - Submission of Interim Payment Certificate No. 3; BD-CW-SAMCO-ACE-LET-STR-047 - Additions to MOM - Coordination Meeting 19-Jan-2026; BD-CW-SAMCO-ACE-LET-STR-054 - IPC Payment Status; BD-CW-SAMCO-ACE-LET-STR-055 - Actual Receipt Date of Cheque - IPC 1; BD-CW-SAMCO-ACE-LET-STR-056 - Submission of Interim Payment Certificate No. 4; BD-CW-SAMCO-ACE-LET-STR-059 - Submission of Interim Payment Certificate No. 5; BD-CW-SAMCO-ACE-LET-STR-068 - Follow-up on Settlement of IPCs; BD-CW-SAMCO-ACE-LET-STR-075 - Re: BD-ACEPM-SAMCO-LET-031,IPC / payment; IPC / payment / breakdown; IPC / payment recommendation; IPC payment; IPC payment delay; MOM additions / commercial terms; Payments / IPCs / breakdown,,Submit compliant IPCs,,,,,,,,,,,,
letter_register,ACE to SAMCO Links,32,,,,,,,,,,,,,,,,,,,,,,,,The Big -P.01-UP-20-April-26,,,,,,,,,,,,,,Contractor weak,,Medium,,BD-ACEPM-SAMCO-LET-033,2,05-May-2026,Contractual Response / Rejection,Re: Early Warning & Notification of Fact (pursuant to Sub-Clause 20.1) – Site Progress and Constraints for Buildings B1-B4,BD-CW-SAMCO-ACE-LET-STR-071,2,BD-CW-SAMCO-ACE-LET-STR-071 - Early Warning & Notification of Fact – Site Progress and Constraints for Buildings B1-B4,Site progress / steel supply / RFI 17 / B1-B4 structural package,Low / Conditional,Require a compliant detailed claim and supporting substantiation; preserve rights with formal contractual correspondence,,,,,,,,,,,,
letter_register,ACE to SAMCO Links,33,,,,,,,,,,,,,,,,,,,,,,,,The Big -P.01-UP-20-April-26,,,,,,,,,,,,,,Employer strong,,Low,,BD-ACEPM-SAMCO-LET-034,34,06-May-2026,Commercial Compliance / Deduction Notice,Submission of proof of payment for engineering stamps due on contractual works.,,,,Engineering stamps / contractual deductions,Low,Submit engineering-stamp receipts or accept deduction treatment before the next certificate,,,,,,,,,,,,
letter_register,ACE to SAMCO Links,34,,,,,,,,,,,,,,,,,,,,,,,,The Big -P.01-UP-20-April-26,,,,,,,,,,,,,,Contractor weak,,High,,BD-ACEPM-SAMCO-LET-035,35,11-May-2026,EOT rebuttal / steel supply position,Re: Notification of Reinforcement Steel Supply Status and Entitlement to Time Extensions,BD-CW-SAMCO-ACE-LET-STR-025; BD-CW-SAMCO-ACE-LET-STR-042; BD-CW-SAMCO-ACE-LET-STR-044; BD-CW-SAMCO-ACE-LET-STR-048; BD-CW-SAMCO-ACE-LET-STR-051; BD-CW-SAMCO-ACE-LET-STR-062; BD-CW-SAMCO-ACE-LET-STR-069; BD-CW-SAMCO-ACE-LET-STR-079,26; 43; 45; 49; 52; 63; 70; 80,BD-CW-SAMCO-ACE-LET-STR-025 - Supply of Reinforcement Steel - Second Delivery | BD-CW-SAMCO-ACE-LET-STR-042 - Supply of Reinforcement Steel - Third Delivery | BD-CW-SAMCO-ACE-LET-STR-044 - Delay in Supplying Reinforcement Steel | BD-CW-SAMCO-ACE-LET-STR-048 - Follow-up on Delay of Reinforcement Steel Delivery | BD-CW-SAMCO-ACE-LET-STR-051 - Reinforcement Steel Supply Status and EOT Entitlement | BD-CW-SAMCO-ACE-LET-STR-062 - Follow-up on Reinforcement Steel Delivery | BD-CW-SAMCO-ACE-LET-STR-069 - Follow-up on Reinforcement Steel Supply and Cumulative Project Impact | BD-CW-SAMCO-ACE-LET-STR-079 - Reply to Notification of Reinforcement Steel Supply Status and Entitlement to Time Extensions,Reinforcement steel supply,Low / Conditional,"Submit mitigation plan, reconcile delivery dates, and maintain progress despite steel delivery completion",,,,,,,,,,,,
letter_register,ACE to SAMCO Links,35,,,,,,,,,,,,,,,,,,,,,,,,The Big -P.01-UP-20-April-26,,,,,,,,,,,,,,Contractor weak,,High,,BD-ACEPM-SAMCO-LET-036,36,11-May-2026,Delay notice / rate of progress,Failure to Achieve Section (1) Milestone within the Contractual Due Date,BD-CW-SAMCO-ACE-LET-STR-071; BD-CW-SAMCO-ACE-LET-STR-076; BD-CW-SAMCO-ACE-LET-STR-080,72; 77; 81,BD-CW-SAMCO-ACE-LET-STR-071 - Early Warning & Notification of Fact (pursuant to Sub-Clause 20.1) – Site Progress and Constraints for Buildings B1-B4 | BD-CW-SAMCO-ACE-LET-STR-076 - Notice of Claim - Impact of Revised Structural Drawings on Project Progress [Sub-Clause 1.9 / 8.4 / 20.1] | BD-CW-SAMCO-ACE-LET-STR-080 - Response to Notice - Alleged Failure to Achieve Section (1) Milestone,Site progress / steel supply / RFI 17 / structural package discrepancy,Low / Conditional,Submit recovery plan and assess milestone position against the actual steel / IFC / RFI impacts,,,,,,,,,,,,
letter_register,ACE to SAMCO Links,36,,,,,,,,,,,,,,,,,,,,,,,,The Big -P.01-UP-20-April-26,,,,,,,,,,,,,,Contractor weak,,High,,BD-ACEPM-SAMCO-LET-037,37,17-May-2026,Slow progress notice / monthly report comments,Notice of Slow Progress Rate and Comments on Monthly Progress Report - April 2026,BD-CW-SAMCO-ACE-LET-STR-074,75,BD-CW-SAMCO-ACE-LET-STR-074 - Re: Non-Compliance with Submission of Weekly Progress Reports.,Contractual submissions / reports,Low / Conditional,"Correct the monthly report, improve progress, and submit mitigation / recovery actions",,,,,,,,,,,,
letter_register,Issue Threads,1,,,,,,,,,,,,,,,,,,,,,,,,The Big -P.01-UP-20-April-26,Outstanding deliverables / tower cranes,,,,,,,,,,,,,,,,,,,,,,,,,,,,STR-003,LET-001; LET-002,ACE notice followed by SAMCO rebuttal/updates,High,Confirm closed deliverables and baseline dependency,,,,,,,
letter_register,Issue Threads,2,,,,,,,,,,,,,,,,,,,,,,,,The Big -P.01-UP-20-April-26,Survey / batching plant / Zone 2,,,,,,,,,,,,,,,,,,,,,,,,,,,,STR-004,LET-003,SAMCO raised site/survey issues; ACE issued clarification,Medium,Close survey/ramp/batching plant decisions,,,,,,,
letter_register,Issue Threads,3,,,,,,,,,,,,,,,,,,,,,,,,The Big -P.01-UP-20-April-26,Contractual submissions / reports,,,,,,,,,,,,,,,,,,,,,,,,,,,,STR-006; STR-033; STR-074,LET-004; LET-018; LET-021; LET-030; LET-032; LET-037,"Submittals, programme, periodic reporting compliance, and slow-progress reporting comments.",High,"Agree reporting baseline, submit overdue weekly / corrected monthly reports, and close the reporting-compliance and recovery-plan issues.",,,,,,,
letter_register,Issue Threads,4,,,,,,,,,,,,,,,,,,,,,,,,The Big -P.01-UP-20-April-26,Water leakage / pipe breakage,,,,,,,,,,,,,,,,,,,,,,,,,,,,STR-005; STR-007; STR-012; STR-013; STR-014; STR-039,LET-005; LET-011; LET-023,Contractor notices vs ACE closures/rejections,High,Separate closed incidents from substantiated rework/EOT claims,,,,,,,
letter_register,Issue Threads,5,,,,,,,,,,,,,,,,,,,,,,,,The Big -P.01-UP-20-April-26,Ramp / access route,,,,,,,,,,,,,,,,,,,,,,,,,,,,STR-008; STR-018,LET-008; LET-014; LET-015,Access responsibility and soil replacement delay,High,Determine access-route cost/time responsibility,,,,,,,
letter_register,Issue Threads,6,,,,,,,,,,,,,,,,,,,,,,,,The Big -P.01-UP-20-April-26,Design verification / design criteria,,,,,,,,,,,,,,,,,,,,,,,,,,,,STR-009; STR-019; STR-026; STR-029; STR-030; STR-034; STR-040; STR-047; STR-063; STR-064; STR-066; STR-067,LET-006; LET-010; LET-020; LET-022; LET-024,"Design review, criteria, revised package and RFIs",High,Issue one coordinated design basis and close RFI/design-change impacts,,,,,,,
letter_register,Issue Threads,7,,,,,,,,,,,,,,,,,,,,,,,,The Big -P.01-UP-20-April-26,Insurance,,,,,,,,,,,,,,,,,,,,,,,,,,,,STR-021,LET-007,ACE rejection followed by SAMCO undertaking,Medium,Confirm compliant original insurance policies,,,,,,,
letter_register,Issue Threads,8,,,,,,,,,,,,,,,,,,,,,,,,The Big -P.01-UP-20-April-26,MEP / first fix / flanges / VI-0003,,,,,,,,,,,,,,,,,,,,,,,,,,,,STR-016; STR-024; STR-027; STR-035; STR-041; STR-049; STR-072; STR-078,LET-017; LET-019; LET-025; LET-026,Scope dispute and first-fix coordination evolving into conditional execution under VO and MOM instructions,High,"Finalize VO, BOQ, supervision, first-fix responsibilities, and close MOM action items.",,,,,,,
letter_register,Issue Threads,9,,,,,,,,,,,,,,,,,,,,,,,,The Big -P.01-UP-20-April-26,Geotechnical / soil recommendations,,,,,,,,,,,,,,,,,,,,,,,,,,,,STR-036; STR-037; STR-052,LET-013,Extra tests and geotechnical recommendations,Medium,Value instructed tests and close soil recommendations,,,,,,,
letter_register,Issue Threads,10,,,,,,,,,,,,,,,,,,,,,,,,The Big -P.01-UP-20-April-26,Reinforcement steel supply,,,,,,,,,,,,,,,,,,,,,,,,,,,,STR-010; STR-011; STR-025; STR-042; STR-044; STR-045; STR-048; STR-051; STR-053; STR-062; STR-069; STR-079,LET-016; LET-028; LET-035,"Owner steel supply delay, mitigation deliveries, and time-impact entitlement",High,"Reconcile delivery dates, mitigation quantities, third-batch requirements, and time impact.",,,,,,,
letter_register,Issue Threads,11,,,,,,,,,,,,,,,,,,,,,,,,The Big -P.01-UP-20-April-26,Project status updates,,,,,,,,,,,,,,,,,,,,,,,,,,,,STR-020; STR-022; STR-037; STR-052,LET-029,SAMCO routine status letters vs ACE protocol objection,Medium,Move routine status to reports/MOM; reserve letters for notices,,,,,,,
letter_register,Issue Threads,12,,,,,,,,,,,,,,,,,,,,,,,,The Big -P.01-UP-20-April-26,Payments / IPCs / breakdown,,,,,,,,,,,,,,,,,,,,,,,,,,,,STR-028; STR-038; STR-046; STR-054; STR-055; STR-056; STR-059; STR-068; STR-070; STR-075; STR-081,LET-027; LET-031,IPC submissions and payment-delay allegations versus ACE threshold response and project-constraint reservation,High,"Reconcile IPC thresholds, due dates, certification timing, deductions, and interest exposure.",,,,,,,
letter_register,Issue Threads,13,,,,,,,,,,,,,,,,,,,,,,,,The Big -P.01-UP-20-April-26,Weather notices,,,,,,,,,,,,,,,,,,,,,,,,,,,,STR-031; STR-043; STR-058; STR-060; STR-061; STR-065,,Weather/safety records with no ACE response in table,Low,Keep weather log and prove critical-path effect if claimed,,,,,,,
letter_register,Issue Threads,14,,,,,,,,,,,,,,,,,,,,,,,,The Big -P.01-UP-20-April-26,Waterproofing materials,,,,,,,,,,,,,,,,,,,,,,,,,,,,STR-023; STR-073; STR-082,,"Clarification and claim path on internal tank waterproofing scope, sequence, and warranty",High,"Issue a final waterproofing decision and document its sequence, scope, and entitlement effects.",,,,,,,
letter_register,Issue Threads,15,,,,,,,,,,,,,,,,,,,,,,,,The Big -P.01-UP-20-April-26,Concrete specification variation,,,,,,,,,,,,,,,,,,,,,,,,,,,,STR-050,,Notice of variation for concrete strength/cement content,Medium,Locate Engineer determination and valuation,,,,,,,
letter_register,Issue Threads,16,,,,,,,,,,,,,,,,,,,,,,,,The Big -P.01-UP-20-April-26,Site progress / steel supply / RFI 17 / structural package discrepancy,,,,,,,,,,,,,,,,,,,,,,,,,,,,STR-071; STR-076; STR-080,LET-033; LET-036,"SAMCO claim chain on structural-package discrepancies, steel supply, delayed technical response, and milestone impact",High,"Convert the notice chain into a compliant substantiated claim with critical-path, milestone, and cause-effect evidence.",,,,,,,
letter_register,Issue Threads,17,,,,,,,,,,,,,,,,,,,,,,,,The Big -P.01-UP-20-April-26,Retaining wall backfilling variation,,,,,,,,,,,,,,,,,,,,,,,,,,,,STR-077,,Variation notice for retaining-wall backfilling with no ACE response in the current source table,High,"Issue the VO, confirm valuation, and assess any critical-path effect from delayed instruction.",,,,,,,
letter_register,Issue Threads,18,,,,,,,,,,,,,,,,,,,,,,,,The Big -P.01-UP-20-April-26,Engineering stamps / contractual deductions,,,,,,,,,,,,,,,,,,,,,,,,,,,,,LET-034,ACE requested proof of engineering-stamp payment and reserved deduction from future certificates if proof is not submitted.,Medium,Submit the supporting receipts or confirm how deductions will be handled in the next certificate workflow.,,,,,,,
letter_register,From Contractor,1,,,,,,BD-CW-SAMCO-ACE-LET-STR-001,20-May-2025,Delegation,Delegation of Authority,Authorize SAMCO representative for project matters,Acknowledge delegated authority,,SAMCO,Project administration,,,,Administrative,SAMCO,,,,Record authorized representative,The Big -P.01-UP-20-April-26,,,,,,,,,,,,,,,,,,,,,,,,,,,,,,,,,,,,,,,,
letter_register,From Contractor,2,,,,,,BD-CW-SAMCO-ACE-LET-STR-002,30-Jun-2025,Delegation,Delegation of Authority,Update/confirm SAMCO authorized representative,Acknowledge Eng. Ahmed El Geady authority,,SAMCO,Project administration,,,,Administrative,SAMCO,,,,Update correspondence matrix,The Big -P.01-UP-20-April-26,,,,,,,,,,,,,,,,,,,,,,,,,,,,,,,,,,,,,,,,
letter_register,From Contractor,3,,,,,,BD-CW-SAMCO-ACE-LET-STR-003,30-Jun-2025,Response / Reservation,RE: Outstanding Deliverables - Urgent Response Required,Respond to ACE-PM notices on overdue deliverables and delay items,"Confirm TC1 installed, request soil replacement completion schedule, submit PM CV, reserve baseline dependency",No new scope; start tied to soil replacement by others,"Shared: SAMCO for submittals, Employer/others for soil works","Tower cranes, baseline program, shop drawings, soil replacement, steel inventory",Completion of soil replacement and confirmed start date,High impact on baseline and start of works,Potential prolongation if dependencies remain unresolved,Schedule / Interface,Shared,High,Moderate,Moderate,Close outstanding submittals and issue confirmed soil replacement schedule,The Big -P.01-UP-20-April-26,,,,,,,,,,,,,,,,,,,,,,,,,,,,,,,,,,,,,,,,
letter_register,From Contractor,4,,,,,,BD-CW-SAMCO-ACE-LET-STR-004,28-Aug-2025,Notice / Site Condition,RE: Site Survey Findings and Allocation of Concrete Batching Plant,"Record survey deviations, ramp changes, batching plant location, and Zone 2 handover conditions","Review survey findings, approve guidance, accept owner cost/time if batching plant relocated","Site boundaries, ramp, batching plant and Zone 2 handover affected",Owner/Engineer for handover/location; SAMCO for execution after access,"Boundary excavation, ramp works, batching plant, Zone 2 works",Full land handover; Zone 2 commencement three months after handover,"Medium to High, especially Zone 2",Possible relocation cost and time extension,Site Access / Interface,Shared / Owner,High,Moderate to High,Moderate,Issue final survey decisions and confirm batching plant/ramp instructions,The Big -P.01-UP-20-April-26,,,,,,,,,,,,,,,,,,,,,,,,,,,,,,,,,,,,,,,,
letter_register,From Contractor,5,,,,,,BD-CW-SAMCO-ACE-LET-STR-005,10-Sep-2025,Notice of Delay / Site Obstacle,RE: Documentation of Site Obstacles Affecting Project Progress,Document water leakage and inability to complete testing/excavation,"Resolve leakage, notify when clear, exclude affected period from contract duration",No scope change; site condition obstructs works,Owner/Engineer for utility issue; SAMCO to resume after clearance,"DCPT, open pits, tank survey, excavation",Leakage repair and safe site access,High for affected testing/excavation sequence,Potential prolongation and remediation cost,Site Condition / Delay,Owner / Shared,High,Moderate to High,Moderate,"Repair leakage, document affected period, update recovery plan",The Big -P.01-UP-20-April-26,,,,,,,,,,,,,,,,,,,,,,,,,,,,,,,,,,,,,,,,
letter_register,From Contractor,6,,,,,,BD-CW-SAMCO-ACE-LET-STR-006,22-Sep-2025,Response,RE: Response to Letter No. BD-ACEPM-SAMCO-LET-004,Confirm contractual submissions are being completed,"Submit staff, schedule, HSE, QAP, BBS and reports progressively",No scope impact,SAMCO,Pre-construction submittals and reporting,Contractual submission cycle,Medium if approvals lag,Low direct commercial impact,Contract Compliance,SAMCO,Medium,Low,Weak,Submit remaining contractual documents,The Big -P.01-UP-20-April-26,,,,,,,,,,,,,,,,,,,,,,,,,,,,,,,,,,,,,,,,
letter_register,From Contractor,7,,,,,,BD-CW-SAMCO-ACE-LET-STR-007,24-Sep-2025,Response / Reservation,RE: Response to Letter No. BD-ACEPM-SAMCO-LET-005,Respond to ACE-PM rejection of site obstacle position,"Confirm tests resumed/completed, state approvals route, reserve contractual claims",No scope change; records time effects from leakage,Shared,"Soil tests, grid leveling, excavation drawings, reporting",Leakage repair and consultant approvals,Medium,Potential future claim if substantiated,Site Condition / Contract,Shared,Medium,Conditional,Moderate,Track approvals and submit any claim with particulars,The Big -P.01-UP-20-April-26,,,,,,,,,,,,,,,,,,,,,,,,,,,,,,,,,,,,,,,,
letter_register,From Contractor,8,,,,,,BD-CW-SAMCO-ACE-LET-STR-008,24-Sep-2025,Claim Notice / Reservation,Response Regarding Site Ramp Modification Works,Reserve entitlement for ramp modification works outside original scope,Recognize cost and time compensation for ramp widening/level changes,Potential additional access route works,Employer/Engineer if instructed; SAMCO if accepted as access obligation,"Service ramp, material access, site logistics",Engineer instruction and agreed compensation basis,Medium,Additional payment and EOT claimed,Access / Variation,Shared,Medium,Conditional,Moderate,Issue determination on ramp scope and compensation,The Big -P.01-UP-20-April-26,,,,,,,,,,,,,,,,,,,,,,,,,,,,,,,,,,,,,,,,
letter_register,From Contractor,9,,,,,,BD-CW-SAMCO-ACE-LET-STR-009,24-Sep-2025,Submittal,Submission of Consultant CV and Approval Certificate,Submit nominated design review consultant details,Approve consultant CV and syndicate certificate,No construction scope impact,SAMCO / Engineer,Design review consultant appointment,Engineer approval before design review,Medium if approval delays design review,Low direct; possible delay if rejected,Technical / Approval,Shared,Medium,Low to Moderate,Weak to Moderate,Review and approve/reject consultant submittal,The Big -P.01-UP-20-April-26,,,,,,,,,,,,,,,,,,,,,,,,,,,,,,,,,,,,,,,,
letter_register,From Contractor,10,,,,,,BD-CW-SAMCO-ACE-LET-STR-010,25-Sep-2025,Procurement Request,Supply of reinforcement steel for the project,Request first delivery of reinforcement steel,Supply listed steel quantities by diameter,No scope change; material supply obligation triggered,Owner / Employer supply arrangement,Reinforcement procurement and early structural works,Owner steel supply before fabrication/installation,Medium,Potential delay and self-procurement cost if late,Procurement,Owner,Medium,Conditional,Moderate,Confirm and deliver first steel order,The Big -P.01-UP-20-April-26,,,,,,,,,,,,,,,,,,,,,,,,,,,,,,,,,,,,,,,,
letter_register,From Contractor,11,,,,,,BD-CW-SAMCO-ACE-LET-STR-011,29-Sep-2025,Procurement Revision / Coordination,Request to Reduce First Reinforcement Steel Delivery,Adjust steel order due to site constraints and revised active workface,Reduce first delivery to raft/tank wall dowels; later submit second delivery,No scope change; sequencing and storage adjusted,Shared,"Steel supply, B1-B4 excavation/soil replacement",Official handover of obstruction-free boundaries,Medium,Avoids storage damage; may affect procurement sequence,Procurement / Site Logistics,Shared,Medium,Conditional,Moderate,Approve revised quantities and coordinate later delivery,The Big -P.01-UP-20-April-26,,,,,,,,,,,,,,,,,,,,,,,,,,,,,,,,,,,,,,,,
letter_register,From Contractor,12,,,,,,BD-CW-SAMCO-ACE-LET-STR-012,30-Sep-2025,Meeting Follow-up,Meeting Minutes and Follow-up on Discussed Points,Record 25-Sep meeting outcomes and open actions,"Provide missing design packages, signboard decision, B1-B4 boundaries/levels, pipe repair update",Potential design/access/interface impact,Owner/Engineer for data and handover; SAMCO for follow-up,"Design review, boundary marking, tank works, excavation",Owner contractor completion and complete design package,High for affected work fronts,Potential delay and disruption if unresolved,Interface / Design / Site Access,Shared / Owner,High,Moderate,Moderate,"Issue missing drawings, boundaries, repair status and instructions",The Big -P.01-UP-20-April-26,,,,,,,,,,,,,,,,,,,,,,,,,,,,,,,,,,,,,,,,
letter_register,From Contractor,13,,,,,,BD-CW-SAMCO-ACE-LET-STR-013,30-Sep-2025,Notice of Suspension,Pipe Breakage and Suspension of Excavation Works,Notify pipe breakage stopped excavation/spoil removal,Repair pipes and address resulting damage before resumption,No scope change; remedial works may arise,Owner/Engineer for utility repair; SAMCO to resume after clearance,"Tank excavation, spoil removal, B5/B6/B14/B15 area",Pipe repair and damage rectification,High on tank excavation,Potential delay and remedial cost,Utility / Site Condition,Owner / Shared,High,Moderate to High,Moderate,"Repair pipes, document damage, confirm restart date",The Big -P.01-UP-20-April-26,,,,,,,,,,,,,,,,,,,,,,,,,,,,,,,,,,,,,,,,
letter_register,From Contractor,14,,,,,,BD-CW-SAMCO-ACE-LET-STR-014,05-Oct-2025,Notice / Reservation,Implications of Water Pipe Break,Reserve no responsibility and record impact on backfilling/boreholes,"Seek guidance, technical tests, consultant recommendations and settlement of extra quantities",Potential additional backfilling/remedial scope,Owner/Engineer for utility damage and instructions; SAMCO if formally assigned,"Backfilling, verification boreholes, affected rear area",Safe remediation and geotechnical confirmation,High for affected area,Extra quantities and possible delay entitlement,Utility / Geotechnical / Commercial,Owner / Shared,High,Moderate to High,Moderate to Strong,"Issue technical instruction, remove obstacles, measure extra works",The Big -P.01-UP-20-April-26,,,,,,,,,,,,,,,,,,,,,,,,,,,,,,,,,,,,,,,,
letter_register,From Contractor,15,,,,,,BD-CW-SAMCO-ACE-LET-STR-015,06-Oct-2025,Document Request,Reminder to Submit Final Package and Signed Hard Copies,Request complete IFC package to support variation notice process,"Provide approved stamped structural, architectural and MEP IFC drawings",No direct scope change; enables clash review and notices,Engineer / Employer,"Design review, clash detection, variation notices",Complete approved IFC package,Medium,Potential loss/late variation notice if not provided,Design / Contract Notice,Engineer / Employer,Medium,Conditional,Moderate,Transmit complete stamped IFC package,The Big -P.01-UP-20-April-26,,,,,,,,,,,,,,,,,,,,,,,,,,,,,,,,,,,,,,,,
letter_register,From Contractor,16,,,,,,BD-CW-SAMCO-ACE-LET-STR-016,07-Oct-2025,Contract Position / Reservation,Clarification Regarding Coordination Responsibilities,Clarify SAMCO responsibility excludes MEP works by employer-appointed subcontractors,Provide MEP drawings/materials via MEP subcontractor or issue VO if SAMCO must execute,Potential new MEP/interface scope if instructed,Employer/MEP subcontractor; SAMCO coordination only unless varied,"MEP flanges, sleeves, tie-ins, shop drawings",Appointment/input from MEP contractor or formal variation,High if MEP interfaces block structural works,Potential variation cost/time,Scope / Interface,Employer / Shared,High,Moderate,Moderate,Appoint/coordinate MEP contractor or issue formal variation,The Big -P.01-UP-20-April-26,,,,,,,,,,,,,,,,,,,,,,,,,,,,,,,,,,,,,,,,
letter_register,From Contractor,17,,,,,,BD-CW-SAMCO-ACE-LET-STR-017,09-Oct-2025,Variation Response / Rejection,Response to VI ROYA-BIG-2025-VI-001,Reject utility protection/supporting works as excluded from contract,Treat utility protection as compensated variation with time impact,Additional utility protection works outside priced scope,Employer/Engineer if instructed; SAMCO after variation agreement,"Existing utilities, protection works, high-risk areas","Formal VI, agreed methodology and valuation",High if protection required before excavation/structure,Additional payment and EOT claimed,Variation / Utility,Employer / Shared,High,Moderate to High,Strong,"Issue proper VI, define method, value cost/time",The Big -P.01-UP-20-April-26,,,,,,,,,,,,,,,,,,,,,,,,,,,,,,,,,,,,,,,,
letter_register,From Contractor,18,,,,,,BD-CW-SAMCO-ACE-LET-STR-018,13-Oct-2025,Response / Delay Mitigation,Response Regarding Delay of Works at Site,Explain reasons soil replacement had not fully started,Provide instruction on proceeding without test results; consider ramp/test/geogrid timing,No new scope; execution constrained by tests/ramp/access,Shared,"B1/B2 soil replacement, ramps, geogrid/geocell procurement","Test results, service ramp repair, clear handover",High for soil replacement start,Potential delay if tests/instructions delayed,Schedule / Site Logistics,Shared,High,Moderate,Moderate,Give instruction on material execution and expedite ramp/test approvals,The Big -P.01-UP-20-April-26,,,,,,,,,,,,,,,,,,,,,,,,,,,,,,,,,,,,,,,,
letter_register,From Contractor,19,,,,,,BD-CW-SAMCO-ACE-LET-STR-019,26-Oct-2025,Design Request,Request for Complete Set of IFC Drawings,Request full IFC set after major design changes observed,"Provide approved architectural, structural, mechanical and electrical IFC drawings",Potential design change impact,Engineer / Employer,"Design review, coordination, program update",Complete IFC package,High,Possible time/cost if changes affect works,Design Information,Engineer / Employer,High,Moderate,Moderate to Strong,Issue complete coordinated IFC package,The Big -P.01-UP-20-April-26,,,,,,,,,,,,,,,,,,,,,,,,,,,,,,,,,,,,,,,,
letter_register,From Contractor,20,,,,,,BD-CW-SAMCO-ACE-LET-STR-020,27-Oct-2025,Status Update / Reservation,Project Status Update - Buildings B1 to B17,Record current status and constraints across project zones,"Provide missing IFC/MEP data, confirm MEP contractor, resolve holds",No direct scope; identifies constraints,Shared,"B1-B17 works, tank, replacement soil, drawings","Missing drawings, MEP appointment, soil results",Medium to High,Potential delay if constraints persist,Progress / Interface,Shared,Medium to High,Conditional,Moderate,Close missing data and unblock held areas,The Big -P.01-UP-20-April-26,,,,,,,,,,,,,,,,,,,,,,,,,,,,,,,,,,,,,,,,
letter_register,From Contractor,21,,,,,,BD-CW-SAMCO-ACE-LET-STR-021,29-Oct-2025,Insurance Undertaking,Contractor Commitment to Maintain Required Insurance,Undertake compliance with contractual insurance requirements,"Accept contractor liability for gaps, deductibles and deviations",No scope impact,SAMCO,"Insurance coverage, site risk",Policy issuance/maintenance,Low direct,Potential uninsured loss borne by SAMCO,Insurance / Contract,SAMCO,Low,,,Maintain compliant policies and originals,The Big -P.01-UP-20-April-26,,,,,,,,,,,,,,,,,,,,,,,,,,,,,,,,,,,,,,,,
letter_register,From Contractor,22,,,,,,BD-CW-SAMCO-ACE-LET-STR-022,23-Nov-2025,Status Update / Reservation,Project Status Update - Buildings B1 to B17,Update progress and identify pending approvals/data,"Provide design review approval, MEP/basement drawings, BOQ, soil feedback",No new scope; highlights holds,Shared,"B1-B17, tank, waterproofing, soil replacement","Approvals, drawings and soil reports",Medium to High,Potential delay if pending items remain,Progress / Design / Geotechnical,Shared,Medium to High,Conditional,Moderate,Issue pending approvals and missing documents,The Big -P.01-UP-20-April-26,,,,,,,,,,,,,,,,,,,,,,,,,,,,,,,,,,,,,,,,
letter_register,From Contractor,23,,,,,,BD-CW-SAMCO-ACE-LET-STR-023,23-Nov-2025,Technical Query,Related to Waterproofing Works,Seek clarification on waterproofing system needed for 10-year warranty,Confirm insulation materials/system to use,Possible upgraded waterproofing specification,Engineer / Consultant,Basement/tank waterproofing,Material/system clarification before execution,Medium,Potential additional cost for upgraded system,Technical / Variation,Engineer / Employer,Medium,Conditional,Moderate,Confirm waterproofing system and approve revised submittal,The Big -P.01-UP-20-April-26,,,,,,,,,,,,,,,,,,,,,,,,,,,,,,,,,,,,,,,,
letter_register,From Contractor,24,,,,,,BD-CW-SAMCO-ACE-LET-STR-024,24-Nov-2025,Variation Rejection,Response to VI BD-ACEPM-SAMCO-VI-0003,Reject execution of MEP works as outside SAMCO scope,Appoint qualified MEP contractor; limit SAMCO to coordination,Potential MEP first-fix/interface scope disputed,Employer/MEP contractor; SAMCO coordination only,"MEP first fix, flanges/sleeves, tank interfaces",MEP contractor appointment or formal change,High,Potential time/cost if MEP not appointed,Scope / Variation,Employer / Shared,High,Moderate,Moderate,Resolve scope and appoint/authorize MEP execution,The Big -P.01-UP-20-April-26,,,,,,,,,,,,,,,,,,,,,,,,,,,,,,,,,,,,,,,,
letter_register,From Contractor,25,,,,,,BD-CW-SAMCO-ACE-LET-STR-025,26-Nov-2025,Procurement Request,Supply of Reinforcement Steel - Second Delivery,Request second reinforcement steel delivery,Supply listed steel quantities,No scope change,Owner / Employer supply arrangement,Reinforcement procurement and fabrication,Owner steel supply,Medium,Potential delay if supply late,Procurement,Owner,Medium,Conditional,Moderate,Confirm and deliver second steel order,The Big -P.01-UP-20-April-26,,,,,,,,,,,,,,,,,,,,,,,,,,,,,,,,,,,,,,,,
letter_register,From Contractor,26,,,,,,BD-CW-SAMCO-ACE-LET-STR-026,30-Nov-2025,Technical Meeting Request,Reply of Design Review,Request urgent meeting to resolve design review comments,Hold meeting 02-Dec with owner/designer/consultants; approve final designs,No direct scope; may lead to design changes,Engineer / Employer / Designers,"Raft foundation, reinforcement preparation, design review",Resolution before raft reinforcement,High,Potential delay if final design not approved,Design / Coordination,Shared / Employer,High,Moderate,Moderate,Arrange meeting and close design comments,The Big -P.01-UP-20-April-26,,,,,,,,,,,,,,,,,,,,,,,,,,,,,,,,,,,,,,,,
letter_register,From Contractor,27,,,,,,BD-CW-SAMCO-ACE-LET-STR-027,30-Nov-2025,Formal Rejection / Reservation,Formal Rejection of Assigning MEP Works,Set SAMCO position that MEP is outside civil/structural scope,"Withdraw MEP assignment, appoint MEP contractor, record SAMCO non-responsibility for delays",MEP scope disputed as outside contract,Employer/MEP contractor; SAMCO coordination only,"MEP first fix, tank interfaces, structural continuity",MEP contractor appointment or agreed VO,High,Potential prolongation/variation if MEP assigned,Scope / Contract,Employer / Shared,High,Moderate,Moderate,Issue scope determination and MEP execution route,The Big -P.01-UP-20-April-26,,,,,,,,,,,,,,,,,,,,,,,,,,,,,,,,,,,,,,,,
letter_register,From Contractor,28,,,,,,BD-CW-SAMCO-ACE-LET-STR-028,06-Dec-2025,Payment Submission,Submission of Interim Payment Certificate No. 1,Submit IPC No. 1 for review and approval,Review and approve IPC 1,No scope impact,Engineer / Employer for certification/payment,Payment certification,Submission of IPC,"Low schedule, high cash-flow relevance",Payment due under contract,Commercial / Payment,Employer / Engineer,Low,Conditional,,Certify and pay IPC 1,The Big -P.01-UP-20-April-26,,,,,,,,,,,,,,,,,,,,,,,,,,,,,,,,,,,,,,,,
letter_register,From Contractor,29,,,,,,BD-CW-SAMCO-ACE-LET-STR-029,07-Dec-2025,Design Reservation,Design Review,Clarify design modifications are outside SAMCO obligation and affect start readiness,Resolve design comments at least 10 days before reinforcement; allow 20 days for major redesign,Potential redesign or shop drawing rework,Designer/Engineer for design; SAMCO for review/execution,"Design review, shop drawings, raft reinforcement",Final approved design and closed comments,High,Potential time/cost for redesign or rework,Design / Schedule,Employer / Designer,High,Moderate,Moderate,Close design review comments and confirm design basis,The Big -P.01-UP-20-April-26,,,,,,,,,,,,,,,,,,,,,,,,,,,,,,,,,,,,,,,,
letter_register,From Contractor,30,,,,,,BD-CW-SAMCO-ACE-LET-STR-030,11-Dec-2025,Response / Design Reservation,Re: Design Review,Explain incomplete design packages delayed comprehensive review,"Provide latest complete structural, architectural and MEP IFC packages and resolve design status",Potential design/information delay,Engineer / Employer,"Design review, IFC coordination, program",Complete design information,High,Potential delay if incomplete information persists,Design Information,Engineer / Employer,High,Moderate,Moderate to Strong,Issue coordinated complete IFC set and final design instruction,The Big -P.01-UP-20-April-26,,,,,,,,,,,,,,,,,,,,,,,,,,,,,,,,,,,,,,,,
letter_register,From Contractor,31,,,,,,BD-CW-SAMCO-ACE-LET-STR-031,11-Dec-2025,Weather Notice,Postponement of Insulation Works Due to Weather,Notify insulation start postponed due rain/weather,Resume after surface dryness and safe conditions,No scope change,Weather / SAMCO safety decision,Waterproofing/insulation works,Suitable weather and dry surface,Low to Medium,Minor productivity impact,Weather / Safety,Shared / Force Majeure-like,Low,Low / Conditional,Weak,Record weather and resume when suitable,The Big -P.01-UP-20-April-26,,,,,,,,,,,,,,,,,,,,,,,,,,,,,,,,,,,,,,,,
letter_register,From Contractor,32,,,,,,BD-CW-SAMCO-ACE-LET-STR-032,11-Dec-2025,Design Request,Request for Complete Package for Coordination - TRA-007,Request missing basement/foundation MEP package,"Provide complete lower-level electrical, HVAC and mechanical drawings",No direct scope; enables coordination,Engineer / Employer / Designers,"MEP coordination, basement/foundation interfaces",Complete MEP package,Medium to High,Potential delay to coordinated shop drawings,Design Information / Interface,Engineer / Employer,Medium to High,Conditional,Moderate,Issue missing basement/foundation MEP package,The Big -P.01-UP-20-April-26,,,,,,,,,,,,,,,,,,,,,,,,,,,,,,,,,,,,,,,,
letter_register,From Contractor,33,,,,,,BD-CW-SAMCO-ACE-LET-STR-033,15-Dec-2025,Response / Reporting Position,Response to LET-021 Periodic Reports,Explain contractual reports require approved baseline schedule,"Approve/comment time schedule, align reporting format, continue daily reports",No scope impact,Shared,"Progress reporting, time schedule, controls",Approved baseline programme,Medium,Potential IPC/reporting dispute,Contract Administration,Shared,Medium,Low to Moderate,Weak to Moderate,Close programme comments and agree report template,The Big -P.01-UP-20-April-26,,,,,,,,,,,,,,,,,,,,,,,,,,,,,,,,,,,,,,,,
letter_register,From Contractor,34,,,,,,BD-CW-SAMCO-ACE-LET-STR-034,17-Dec-2025,Design Review / Reservation,Re: Design Review,Transmit NECB design review outcome and seek decision on criteria,Confirm whether to proceed with Prime criteria or redesign under NECB criteria,Possible major redesign if conservative criteria adopted,Employer/Designer/Engineer,"Structural design, foundations, columns, slabs, beams",Decision on adopted design criteria,High,Major cost/time if redesign required,Design / Technical,Employer / Designer,High,High if redesign,Strong if criteria/design changed,Issue formal design criteria decision and redesign instruction if needed,The Big -P.01-UP-20-April-26,,,,,,,,,,,,,,,,,,,,,,,,,,,,,,,,,,,,,,,,
letter_register,From Contractor,35,,,,,,BD-CW-SAMCO-ACE-LET-STR-035,18-Dec-2025,Variation Rejection / Contract Position,Response to LET-019 and VI-0003,Reiterate flanges are MEP/mechanical and outside civil scope,Appoint MEP contractor; reject VI-0003; reserve rights,MEP/flange scope disputed,Employer/MEP contractor,"Ground water tank flanges, MEP interfaces",Scope determination or formal compensated VO,High,Potential variation and delay cost,Scope / Variation,Employer / Shared,High,Moderate,Moderate,Resolve disputed scope and issue formal instruction/valuation,The Big -P.01-UP-20-April-26,,,,,,,,,,,,,,,,,,,,,,,,,,,,,,,,,,,,,,,,
letter_register,From Contractor,36,,,,,,BD-CW-SAMCO-ACE-LET-STR-036,21-Dec-2025,Variation Request,Request for VI - CPTu and DCPT Works,Request variation instruction and payment for extra geotechnical tests,Issue VI for CPTu and compensate CPTu/DCPT test points,Additional testing scope,Owner/Engineer if instructed; SAMCO for execution,"CPTu, DCPT, B6/B14/B15 soil verification",Owner consultant request/test instruction,Low to Medium,Additional measured cost,Variation / Geotechnical,Employer / Shared,Low to Medium,Low / Conditional,Moderate,Issue VI and agree valuation,The Big -P.01-UP-20-April-26,,,,,,,,,,,,,,,,,,,,,,,,,,,,,,,,,,,,,,,,
letter_register,From Contractor,37,,,,,,BD-CW-SAMCO-ACE-LET-STR-037,24-Dec-2025,Status Update / Request,Project Status Update - Buildings B1 to B17,Update progress and list blockers across groups,"Provide MEP package, BOQ, missing drawings and soil feedback",No direct scope; identifies holds,Shared,"B1-B17, tank, soil, waterproofing, steel fabrication",Missing MEP/BOQ/drawings/soil approvals,Medium to High,Potential delay if blockers remain,Progress / Interface,Shared,Medium to High,Conditional,Moderate,Close blockers and issue pending information,The Big -P.01-UP-20-April-26,,,,,,,,,,,,,,,,,,,,,,,,,,,,,,,,,,,,,,,,
letter_register,From Contractor,38,,,,,,BD-CW-SAMCO-ACE-LET-STR-038,21-Jan-2026,Payment Recommendation / Attachment,ACEPM Recommendation of Monthly Interim Payment No. 2,Record ACEPM recommended IPC No. 2 amount and deductions,Proceed with Roya action/payment based on recommendation,No scope impact,ACEPM / Roya / Employer,IPC 2 certification/payment,Technical/commercial review of IPC,"Low schedule, cash-flow impact",Payment certification affects cash flow,Commercial / Payment,Employer / Engineer,Low,Conditional,,Process recommended IPC 2 payment,The Big -P.01-UP-20-April-26,,,,,,,,,,,,,,,,,,,,,,,,,,,,,,,,,,,,,,,,
letter_register,From Contractor,39,,,,,,BD-CW-SAMCO-ACE-LET-STR-039,04-Jan-2026,Notice / Site Incident,Water Pipeline Leakage and Its Impact on Project Works,Document 31-Dec leakage and 01-Jan sanitary pipe damage,Recognize additional works and responsibility limits,Possible remedial/rework scope,Owner/utility repair team; SAMCO for mitigation/rework if instructed,"Formwork, plain raft preparations, trench/diversion, pipeline area",Utility repair and clearance,Medium,Potential rework and additional cost,Utility / Site Condition,Owner / Shared,Medium,Conditional,Moderate,"Assess damage, instruct/measure rework, prevent recurrence",The Big -P.01-UP-20-April-26,,,,,,,,,,,,,,,,,,,,,,,,,,,,,,,,,,,,,,,,
letter_register,From Contractor,40,,,,,,BD-CW-SAMCO-ACE-LET-STR-040,05-Jan-2026,Reservation / Design Instruction Request,Continuation of Works and Final Written Instructions,Confirm continuation under approved design while reserving rights,Issue final written instructions and accept design responsibility boundaries,No immediate scope; future redesign may vary works,Employer/Designer for design; SAMCO for execution,"B1-B4 design review, approved designs, structural works",Written instruction/design confirmation,High if later design changes,Potential EOT/cost for future redesign,Design / Contract,Employer / Designer,Medium to High,Conditional High,Strong if later change occurs,Issue clear written instruction/design confirmation,The Big -P.01-UP-20-April-26,,,,,,,,,,,,,,,,,,,,,,,,,,,,,,,,,,,,,,,,
letter_register,From Contractor,41,,,,,,BD-CW-SAMCO-ACE-LET-STR-041,06-Jan-2026,Urgent Notice / Conditional Proposal,Critical Interface Issue on Critical Path,Notify sewage pipeline conflict through tank base slab and offer temporary mitigation,"Provide approved MEP docs, supervision, written approval and VO/payment terms",Temporary MEP/interface works within tank raft,Employer/MEP consultant; SAMCO only if authorized,"Tank base slab, sewage pipeline, MEP first fix, concrete casting","Written instruction, approved drawings/specs, MEP supervision",High critical path impact,Cost reimbursement/VO and possible delay,Interface / MEP / Critical Path,Employer / Shared,High,High,Strong if instruction delayed,Issue urgent VO/instruction and approved technical package,The Big -P.01-UP-20-April-26,,,,,,,,,,,,,,,,,,,,,,,,,,,,,,,,,,,,,,,,
letter_register,From Contractor,42,,,,,,BD-CW-SAMCO-ACE-LET-STR-042,06-Jan-2026,Procurement Request,Supply of Reinforcement Steel - Third Delivery,Request third reinforcement steel delivery,Supply listed steel quantities,No scope change,Owner / Employer supply arrangement,Reinforcement procurement and fabrication,Owner steel supply,Medium,Potential delay if late,Procurement,Owner,Medium,Conditional,Moderate,Confirm and deliver third steel order,The Big -P.01-UP-20-April-26,,,,,,,,,,,,,,,,,,,,,,,,,,,,,,,,,,,,,,,,
letter_register,From Contractor,43,,,,,,BD-CW-SAMCO-ACE-LET-STR-043,12-Jan-2026,Weather Notice,Suspension of Tower Crane Operations,Notify crane suspension due high winds,Resume crane operation when weather permits,No scope impact,Weather / SAMCO safety decision,Tower crane lifting operations,Safe wind conditions,Low to Medium,Minor productivity impact,Weather / Safety,Shared / Weather,Low,Low / Conditional,Weak,Record suspension and resume safely,The Big -P.01-UP-20-April-26,,,,,,,,,,,,,,,,,,,,,,,,,,,,,,,,,,,,,,,,
letter_register,From Contractor,44,,,,,,BD-CW-SAMCO-ACE-LET-STR-044,15-Jan-2026,Procurement Delay Notice,Delay in Supplying Reinforcement Steel,Notify owner steel supply delay and reserve rights,"Expedite steel supply, acknowledge EOT rights, note SAMCO supplied 120 tons",No scope change; material supply delay,Owner for steel supply; SAMCO mitigation,Reinforcement fabrication/installation,Owner-supplied steel under advance payment arrangement,High,"Potential EOT, cost recovery/self-procurement",Procurement / Delay,Owner,High,Moderate to High,Moderate to Strong,Expedite supply and certify mitigation steel,The Big -P.01-UP-20-April-26,,,,,,,,,,,,,,,,,,,,,,,,,,,,,,,,,,,,,,,,
letter_register,From Contractor,45,,,,,,BD-CW-SAMCO-ACE-LET-STR-045,22-Jan-2026,Commercial Submission,Guarantee Cheque for Reinforcement Steel,Record submission of guarantee cheque for remaining owner steel,Acknowledge cheque receipt and proceed with steel supply,No scope impact,SAMCO / Owner finance,"Steel supply guarantee, procurement",Guarantee cheque receipt,Low direct; supports steel delivery,EGP 43.75m guarantee linked to steel supply,Commercial / Procurement,Shared,Low,,,Confirm receipt and release remaining steel,The Big -P.01-UP-20-April-26,,,,,,,,,,,,,,,,,,,,,,,,,,,,,,,,,,,,,,,,
letter_register,From Contractor,46,,,,,,BD-CW-SAMCO-ACE-LET-STR-046,24-Jan-2026,Payment Submission,Submission of Interim Payment Certificate No. 3,Submit IPC No. 3 for review and approval,Review and approve IPC 3,No scope impact,Engineer / Employer,Payment certification,IPC submission,"Low schedule, cash-flow impact",Payment due under contract,Commercial / Payment,Employer / Engineer,Low,Conditional,,Certify and pay IPC 3,The Big -P.01-UP-20-April-26,,,,,,,,,,,,,,,,,,,,,,,,,,,,,,,,,,,,,,,,
letter_register,From Contractor,47,,,,,,BD-CW-SAMCO-ACE-LET-STR-047,24-Jan-2026,MOM Correction / Commercial Record,Additions to MOM - Coordination Meeting 19-Jan-2026,Request omitted meeting agreements be added to MOM,"Add design review code basis, VO/VAT method, bank guarantee and performance security deletion",No physical scope; commercial/contract administration impact,Shared / Employer / Engineer,"Design review, VO valuation, IPC retention/security",Accurate agreed MOM record,Medium,Affects VO valuation and payment deductions,Contract Administration / Commercial,Shared,Low to Medium,Conditional,Moderate,Revise MOM and confirm agreed commercial points,The Big -P.01-UP-20-April-26,,,,,,,,,,,,,,,,,,,,,,,,,,,,,,,,,,,,,,,,
letter_register,From Contractor,48,,,,,,BD-CW-SAMCO-ACE-LET-STR-048,26-Jan-2026,Procurement Delay Notice,Follow-up on Delay of Reinforcement Steel Delivery,Warn steel nearly exhausted and works may suspend,Deliver delayed 26-Nov steel order immediately; reserve EOT rights,No scope change; material shortage affects works,Owner for steel supply,Steel fabrication and structural works,Steel delivery before stock depletion,High,Potential work suspension and EOT/cost,Procurement / Delay,Owner,High,High,Moderate to Strong,Deliver outstanding steel urgently,The Big -P.01-UP-20-April-26,,,,,,,,,,,,,,,,,,,,,,,,,,,,,,,,,,,,,,,,
letter_register,From Contractor,49,,,,,,BD-CW-SAMCO-ACE-LET-STR-049,29-Jan-2026,Response / Conditional Acceptance,Response to LET-025 First Fix MEP Works,Accept first-fix MEP only subject to formal VO/procedure,"Issue VO, share BOQ or allow SAMCO to prepare BOQ, approve proposal",Adds first-fix MEP/interface works as variation,Engineer/Employer for VO; SAMCO if instructed,"MEP first fix, drawings review, concrete interfaces",Formal VI/VO and approved BOQ/proposal,High if not instructed,Variation payment and time implications,Variation / MEP Interface,Shared / Employer,High,Moderate,Moderate,Issue VO/BOQ and process proposal under Clause 13.3,The Big -P.01-UP-20-April-26,,,,,,,,,,,,,,,,,,,,,,,,,,,,,,,,,,,,,,,,
letter_register,From Contractor,50,,,,,,BD-CW-SAMCO-ACE-LET-STR-050,03-Feb-2026,Notice of Variation,Concrete Strength/Cement Content Difference,Notify discrepancy between BOQ and approved structural drawings,Approve cost variation for 300/300 to 350/350 concrete change,Increased concrete strength/cement content for structural frame,Engineer/Designer for instruction; SAMCO for execution,"Columns, slabs, beams, shear walls, stairs",PCO RFI instruction and approved drawings,Medium,Additional concrete cost,Variation / Quantity/Specification,Employer / Engineer,Medium,Low to Moderate,Strong,Review and approve cost variation,The Big -P.01-UP-20-April-26,,,,,,,,,,,,,,,,,,,,,,,,,,,,,,,,,,,,,,,,
letter_register,From Contractor,51,,,,,,BD-CW-SAMCO-ACE-LET-STR-051,07-Feb-2026,Procurement Delay / EOT Notice,Reinforcement Steel Supply Status and EOT Entitlement,Notify depletion and non-delivery of second/third steel orders,"Expedite owner steel, acknowledge EOT and consequences, note SAMCO supplied 300 tons",No scope change; material supply delay,Owner for steel; SAMCO mitigation,Reinforcement works and fabrication,Owner delivery of second and third orders,High,"Potential EOT, cost and disruption",Procurement / Delay,Owner,High,High,Moderate to Strong,Deliver pending steel and record mitigation quantities,The Big -P.01-UP-20-April-26,,,,,,,,,,,,,,,,,,,,,,,,,,,,,,,,,,,,,,,,
letter_register,From Contractor,52,,,,,,BD-CW-SAMCO-ACE-LET-STR-052,16-Feb-2026,Status Update / Reservation,Project Status Update - Buildings B1 to B17,Update progress and record unresolved design/MEP/steel/BOQ/soil issues,"Issue pending instructions, drawings, BOQ, soil feedback and steel supply",No direct scope; multiple blockers identified,Shared / Employer,"B1-B17, tank, raft, columns, steel, MEP, soil","Pending approvals, steel deliveries, design review, soil results",High,Potential cumulative delay/cost if unresolved,Progress / Interface / Procurement,Shared / Owner,High,Conditional High,Moderate,Resolve listed blockers and update schedule,The Big -P.01-UP-20-April-26,,,,,,,,,,,,,,,,,,,,,,,,,,,,,,,,,,,,,,,,
letter_register,From Contractor,53,,,,,,BD-CW-SAMCO-ACE-LET-STR-053,24-Feb-2026,Procurement Delay / Commercial Claim Reservation,Reinforcement Steel Order No. 2 Delay,Record late/irregular supply and request revised distribution/payment,"Expedite outstanding quantities, approve diameter redistribution, certify/pay SAMCO-procured steel",No scope change; procurement sequence modified,Owner for supply; SAMCO mitigation,"Reinforcement order 2, fabrication, structural works",Approval and delivery of adjusted steel order,High,Payment for self-procured steel and possible EOT/cost,Procurement / Commercial,Owner,High,High,Strong,"Approve redistribution, deliver steel, certify SAMCO material",The Big -P.01-UP-20-April-26,,,,,,,,,,,,,,,,,,,,,,,,,,,,,,,,,,,,,,,,
letter_register,From Contractor,54,,,,,,BD-CW-SAMCO-ACE-LET-STR-054,24-Feb-2026,Payment Delay Notice,IPC Payment Status,Notify late IPC payment and reserve delay interest/EOT/cost rights,Confirm payment timeline for outstanding IPCs,No scope impact but cash-flow risk,Employer / Engineer,"IPC 1, IPC 2, IPC 3 payments",Contractual 45-day payment period,Medium through cash flow,Delay interest and possible finance/prolongation claim,Commercial / Payment,Employer,Medium,Conditional,Moderate,Confirm/pay outstanding IPCs and interest if due,The Big -P.01-UP-20-April-26,,,,,,,,,,,,,,,,,,,,,,,,,,,,,,,,,,,,,,,,
letter_register,From Contractor,55,,,,,,BD-CW-SAMCO-ACE-LET-STR-055,24-Feb-2026,Payment Record,Actual Receipt Date of Cheque - IPC 1,Record actual cheque receipt date for IPC 1,Use 10-Feb-2026 as actual receipt date for payment period,No scope impact,Employer / SAMCO,IPC 1 payment record,Cheque physical receipt,Low,Affects delay interest calculation,Commercial / Payment,Employer,Low,,Moderate,Record actual payment receipt date,The Big -P.01-UP-20-April-26,,,,,,,,,,,,,,,,,,,,,,,,,,,,,,,,,,,,,,,,
letter_register,From Contractor,56,,,,,,BD-CW-SAMCO-ACE-LET-STR-056,25-Feb-2026,Payment Submission,Submission of Interim Payment Certificate No. 4,Submit IPC No. 4 for review and approval,Review and approve IPC 4,No scope impact,Engineer / Employer,Payment certification,IPC submission,"Low schedule, cash-flow impact",Payment due under contract,Commercial / Payment,Employer / Engineer,Low,Conditional,,Certify and pay IPC 4,The Big -P.01-UP-20-April-26,,,,,,,,,,,,,,,,,,,,,,,,,,,,,,,,,,,,,,,,
letter_register,From Contractor,57,,,,,,BD-CW-SAMCO-ACE-LET-STR-057,11-Mar-2026,Delay Notice / Design Information,Delayed Technical Responses and Outstanding Coordinated Drawings,Notify missing coordinated drawings and delayed RFI responses may affect future works,Issue final coordinated drawings and respond to RFIs/technical conflicts,Potential design coordination impacts,Engineer / Employer / Consultant,"Tank raft, MEP/structural/architectural coordination, future activities",Final coordinated drawings and RFI responses,High,Potential EOT/cost from delayed information,Design Information / Interface,Engineer / Employer,High,High,Strong,Issue RFI responses and coordinated drawings urgently,The Big -P.01-UP-20-April-26,,,,,,,,,,,,,,,,,,,,,,,,,,,,,,,,,,,,,,,,
letter_register,From Contractor,58,,,,,,BD-CW-SAMCO-ACE-LET-STR-058,14-Mar-2026,Weather Notice,Work Suspension Due to Severe Weather,Notify temporary suspension from strong winds/dust,Record weather suspension; resume next day,No scope impact,Weather / SAMCO safety decision,General site works,Safe weather conditions,Low,Minor productivity impact,Weather / Safety,Weather,Low,Low / Conditional,Weak,Record event and resume works,The Big -P.01-UP-20-April-26,,,,,,,,,,,,,,,,,,,,,,,,,,,,,,,,,,,,,,,,
letter_register,From Contractor,59,,,,,,BD-CW-SAMCO-ACE-LET-STR-059,25-Mar-2026,Payment Submission,Submission of Interim Payment Certificate No. 5,Submit IPC No. 5 for review and approval,Review and approve IPC 5,No scope impact,Engineer / Employer,Payment certification,IPC submission,"Low schedule, cash-flow impact",Payment due under contract,Commercial / Payment,Employer / Engineer,Low,Conditional,,Certify and pay IPC 5,The Big -P.01-UP-20-April-26,,,,,,,,,,,,,,,,,,,,,,,,,,,,,,,,,,,,,,,,
letter_register,From Contractor,60,,,,,,BD-CW-SAMCO-ACE-LET-STR-060,25-Mar-2026,Weather Notice,Work Interruption Due to Adverse Weather,Notify interruption from heavy rainfall 25-26 Mar,Record interruption; resume 28-Mar,No scope impact,Weather / SAMCO safety decision,General site works,Weather improvement,Low to Medium,Minor to moderate productivity impact,Weather / Delay,Weather,Medium,Conditional,Weak to Moderate,Record event and update weather log,The Big -P.01-UP-20-April-26,,,,,,,,,,,,,,,,,,,,,,,,,,,,,,,,,,,,,,,,
letter_register,From Contractor,61,,,,,,BD-CW-SAMCO-ACE-LET-STR-061,29-Mar-2026,Weather Notice,Work Interruption Due to Adverse Weather,Notify workforce could not attend due heavy rainfall,Record interruption; resume 30-Mar,No scope impact,Weather / SAMCO workforce,"Steel fixing, carpentry, general site works",Weather improvement and workforce return,Low to Medium,Productivity loss,Weather / Delay,Weather,Medium,Conditional,Weak to Moderate,Record event and update schedule impact if any,The Big -P.01-UP-20-April-26,,,,,,,,,,,,,,,,,,,,,,,,,,,,,,,,,,,,,,,,
letter_register,From Contractor,62,,,,,,BD-CW-SAMCO-ACE-LET-STR-062,31-Mar-2026,Procurement Delay Notice,Follow-up on Reinforcement Steel Delivery,Notify order 2 partly delivered and order 3 outstanding,Urgently expedite pending steel; reserve EOT/cost; record SAMCO supplied over 420 tons,No scope change; material supply delay,Owner for steel; SAMCO mitigation,Reinforcement works,Full delivery of second and third steel orders,High,Potential EOT/cost and mitigation payment,Procurement / Delay,Owner,High,High,Strong,Deliver steel and certify mitigation material,The Big -P.01-UP-20-April-26,,,,,,,,,,,,,,,,,,,,,,,,,,,,,,,,,,,,,,,,
letter_register,From Contractor,63,,,,,,BD-CW-SAMCO-ACE-LET-STR-063,31-Mar-2026,Design Change Notice,Comparison of Design Issued 18-Mar-2026 vs 27-Oct-2025,Identify discrepancies after works already executed under prior approved design,Maintain approved executed works and issue clear coordinated revisions,Potential redesign/rework risk,Employer/Designer/Engineer,"Foundations, columns, retaining walls, slabs, stairs/cores",Decision on new design vs executed approved works,High,"Potential rework, delay and cost",Design Change / Rework,Employer / Designer,High,High,Strong,Issue coordinated revision clouded drawings and direction on executed works,The Big -P.01-UP-20-April-26,,,,,,,,,,,,,,,,,,,,,,,,,,,,,,,,,,,,,,,,
letter_register,From Contractor,64,,,,,,BD-CW-SAMCO-ACE-LET-STR-064,02-Apr-2026,Notice of Claim,Delay in Technical Clarifications,Notify RFI delays are halting water tank/sump/electrical/stair activities,"Respond urgently to RFIs 3,4,5,6; acknowledge time/cost claim rights",No scope change; information delay blocks works,Engineer / Consultant,"Water tank, basement sumps, electrical works, staircases",RFI responses,High,EOT and cost claim reserved,Design Information / Delay,Engineer / Consultant,High,High,Strong,Issue RFI responses and assess time/cost impact,The Big -P.01-UP-20-April-26,,,,,,,,,,,,,,,,,,,,,,,,,,,,,,,,,,,,,,,,
letter_register,From Contractor,65,,,,,,BD-CW-SAMCO-ACE-LET-STR-065,02-Apr-2026,Weather Notice,Work Interruption Due to Adverse Weather,Notify workforce interruption from rainfall,Record interruption; resume 04-Apr,No scope impact,Weather / SAMCO workforce,"Steel fixing, carpentry, general site works",Weather improvement and workforce return,Low to Medium,Productivity loss,Weather / Delay,Weather,Medium,Conditional,Weak to Moderate,Record event and update schedule impact if any,The Big -P.01-UP-20-April-26,,,,,,,,,,,,,,,,,,,,,,,,,,,,,,,,,,,,,,,,
letter_register,From Contractor,66,,,,,,BD-CW-SAMCO-ACE-LET-STR-066,11-Apr-2026,Notice of Claim,Modifications Included in Latest Design Package,Notify RFI 16 delay prevents column activities despite mobilized resources,Respond urgently to RFI 16; reserve time/cost for idle/manpower impact,Potential design modification impact,Engineer / Consultant / Designer,"Columns in B1-B4, carpentry and steel works",RFI 16 response/design decision,High,"Potential idle resources, EOT and cost",Design Information / Delay,Engineer / Consultant,High,High,Strong,Issue RFI 16 response and coordinate latest design,The Big -P.01-UP-20-April-26,,,,,,,,,,,,,,,,,,,,,,,,,,,,,,,,,,,,,,,,
letter_register,From Contractor,67,,,,,,BD-CW-SAMCO-ACE-LET-STR-067,16-Apr-2026,Notice of Claim,Design Discrepancies and Impact on Time and Cost,Notify conflicting October 2025 and March 2026 structural packages make execution unfeasible,Issue one complete coordinated structural package; reserve EOT and all costs/losses,Potential redesign/rework and work suspension,Employer/Designer/Engineer,"Columns, slabs, beams, shop drawings, structural package",Final coordinated structural package and RFI 17 response,High critical sequence impact,"EOT, cost, loss/expense claim reserved",Design Discrepancy / Suspension,Employer / Designer,High,High,Strong,Issue single coordinated package and instruction to resume,The Big -P.01-UP-20-April-26,,,,,,,,,,,,,,,,,,,,,,,,,,,,,,,,,,,,,,,,
letter_register,From Contractor,68,,,,,,BD-CW-SAMCO-ACE-LET-STR-068,16-Apr-2026,Payment Delay Notice,Follow-up on Settlement of IPCs,Record late/outstanding IPC payments and reserve financial rights,"Confirm payment timeline, pay outstanding IPCs, apply interest where due",No scope impact but cash-flow risk,Employer / Engineer,IPC 1-5 settlement,Contractual payment periods,Medium to High via cash flow,"Delay interest, EOT/cost rights reserved",Commercial / Payment,Employer,Medium,Conditional,Moderate to Strong,Confirm/pay IPCs and address interest entitlement,The Big -P.01-UP-20-April-26,,,,,,,,,,,,,,,,,,,,,,,,,,,,,,,,,,,,,,,,
letter_register,From Contractor,69,,,,,,BD-CW-SAMCO-ACE-LET-STR-069,19-Apr-2026,Procurement Delay / Cumulative Impact Notice,Follow-up on Reinforcement Steel Supply and Cumulative Project Impact,Record cumulative owner steel delay and mitigation by SAMCO,"Expedite remaining steel; acknowledge EOT, associated costs and contractual entitlements",No scope change; procurement delay affecting sequence,Owner for steel; SAMCO mitigation,"Reinforcement supply, fabrication, critical structural works",Full delivery of order 2 balance and order 3,High,EOT and cost from self-procurement/prolongation,Procurement / Delay,Owner,High,High,Strong,"Deliver remaining steel, certify mitigation, assess cumulative delay",The Big -P.01-UP-20-April-26,,,,,,,,,,,,,,,,,,,,,,,,,,,,,,,,,,,,,,,,
letter_register,From Contractor,70,,,,,,BD-CW-SAMCO-ACE-LET-STR-070,25-Apr-2026,Payment Submission,Submission of Interim Payment Certificate No. 6,Submit IPC No. 6 for review and approval,Review and approve IPC 6,No scope impact,Engineer / Employer for certification/payment,Payment certification,IPC submission,"Low schedule, cash-flow impact",Payment due under contract,Commercial / Payment,Employer / Engineer,Low,Conditional,,Certify and pay IPC 6,The Big -P.01-UP-20-April-26,,,,,,,,,,,,,,,,,,,,,,,,,,,,,,,,,,,,,,,,
letter_register,From Contractor,71,,,,,,BD-CW-SAMCO-ACE-LET-STR-071,27-Apr-2026,Early Warning / Notice under Sub-Clause 20.1,Early Warning & Notification of Fact (pursuant to Sub-Clause 20.1) – Site Progress and Constraints for Buildings B1-B4,Notify the Engineer of site progress constraints and preserve contractual entitlement,Immediate response to RFI No. 17; issue updated/complete structural design package; complete outstanding Employer-supplied reinforcement steel deliveries; confirm clarification to permit slab works,Yes – structural works are affected by design discrepancies and material non-availability,Employer (steel supply) / Engineer (design clarification),Excavation/backfilling continuity; foundation completion; waterproofing; concrete columns; retaining walls; water tank works; slab works for Building B3; reinforcement steel-dependent structural activities,Slab works awaiting RFI response and updated design; reinforcement steel-dependent works awaiting full Employer supply,Out-of-sequence execution; slab works suspended pending clarification; structural package changed in March 2026 versus previously approved shop drawings,Additional cost exposure for contractor-procured steel (>500 tons); productivity loss; prolongation risk; possible disruption to sequence-driven execution,Supply chain / Design coordination / Contractual entitlement,Employer / Engineer,High,High,Strong,Expedite RFI response; issue updated design; deliver pending steel; assess critical path and delay impact; preserve records for claim substantiation,The Big -P.01-UP-20-April-26,,,,,,,,,,,,,,,,,,,,,,,,,,,,,,,,,,,,,,,,
letter_register,From Contractor,72,,,,,,BD-CW-SAMCO-ACE-LET-STR-072,27-Apr-2026,Submission / Meeting Minutes,Submission of Minutes of Meetings - MEP Works (First Fix).,Submit MEP first-fix meeting minutes and preserve rights over missing information and design conflicts,Take note of the MOMs and issue any missing information / clarifications required for execution,First-fix MEP works prior to concrete casting,Engineer / Design parties for information; SAMCO for execution only,"MEP first fix, embedded items, concrete casting interfaces",Approved drawings and coordinated details before casting,Design conflicts and missing details can block first-fix execution and concrete casting sequence,Potential time and cost consequences expressly reserved,Interface / Design coordination,Engineer / Employer,High,Moderate,Moderate to Strong,"Confirm MOM instructions, close design conflicts, and issue clarifications before casting",The Big -P.01-UP-20-April-26,,,,,,,,,,,,,,,,,,,,,,,,,,,,,,,,,,,,,,,,
letter_register,From Contractor,73,,,,,,BD-CW-SAMCO-ACE-LET-STR-073,28-Apr-2026,Clarification / Technical Notice,Scope Clarification - Internal Tank Waterproofing.,Request clarification on internal tank waterproofing scope and execution arrangement,"Confirm status, responsible scope, and final execution arrangement for internal waterproofing","Potential interface between structural scope, architectural scope, and internal tank waterproofing system",Engineer / Employer clarification on final scope,"Water tank internal waterproofing, repair / injection sequence, final lining works",Architectural package issuance and Engineer instruction,Unclear waterproofing scope can delay the final tank execution sequence,"Potential variation, warranty, and scope implications",Technical / Scope clarification,Engineer / Employer,Medium,Conditional,Moderate,Issue formal clarification on waterproofing scope and execution arrangement,The Big -P.01-UP-20-April-26,,,,,,,,,,,,,,,,,,,,,,,,,,,,,,,,,,,,,,,,
letter_register,From Contractor,74,,,,,,BD-CW-SAMCO-ACE-LET-STR-074,29-Apr-2026,Response / Reporting Compliance,Re: Non-Compliance with Submission of Weekly Progress Reports.,Respond to weekly reporting non-compliance notice and confirm recovery submissions,Allow one week to submit backlog and align a unified reporting format,No scope impact; controls and reporting compliance,SAMCO for reporting; project-framework alignment is shared,"Weekly reporting, baseline monitoring, progress documentation",Stable agreed reporting format and project phasing context,"No direct physical delay, but contractual administration and reporting visibility are affected",Possible withholding / compliance exposure if unresolved,Controls / Contract compliance,SAMCO / Shared,Medium,Low,Weak to Moderate,Submit outstanding weekly reports and agree a unified reporting template,The Big -P.01-UP-20-April-26,,,,,,,,,,,,,,,,,,,,,,,,,,,,,,,,,,,,,,,,
letter_register,From Contractor,75,,,,,,BD-CW-SAMCO-ACE-LET-STR-075,30-Apr-2026,Commercial Response / Reservation,Re: BD-ACEPM-SAMCO-LET-031,Respond to IPC settlement clarification and reserve rights due to project constraints,Continue timely certification and payment of IPCs under the Contract,No scope impact but payment administration is affected by project constraints,Employer / Engineer for certification and payment; external constraints affecting progress are beyond SAMCO control,"IPCs, valuation of executed works, commercial administration",Certification cycle and removal of steel/design/approval constraints,Reduced progress and valuation because of employer / engineer-driven constraints,Cash-flow exposure and reserved EOT / cost entitlement,Commercial / Payment,Employer / Engineer,Medium,Conditional,Moderate,Facilitate certification / payment and address the delaying constraints,The Big -P.01-UP-20-April-26,,,,,,,,,,,,,,,,,,,,,,,,,,,,,,,,,,,,,,,,
letter_register,From Contractor,76,,,,,,BD-CW-SAMCO-ACE-LET-STR-076,09-May-2026,Notice of Claim / Design Discrepancy,Notice of Claim - Impact of Revised Structural Drawings on Project Progress [Sub-Clause 1.9 / 8.4 / 20.1],Notify a claim for delay caused by revised structural packages and conflicting instructions,Acknowledge the delay event and assess EOT / cost implications,"Columns, shuttering, slabs, shop drawings, and construction sequence",Engineer / Employer design management,"Columns, shuttering, slab elements, shop drawing development",Final coordinated structural package and consistent instructions,Works were suspended from 24-Mar-2026 until 30-Apr-2026 and the critical path was disrupted,Direct and indirect cost claim; prolongation exposure,Design coordination / Claim,Engineer / Employer,High,High,Strong,"Recognize the hold period, issue a clear coordinated design basis, and assess the claim",The Big -P.01-UP-20-April-26,,,,,,,,,,,,,,,,,,,,,,,,,,,,,,,,,,,,,,,,
letter_register,From Contractor,77,,,,,,BD-CW-SAMCO-ACE-LET-STR-077,11-May-2026,Variation Notice / Reservation of Rights,Notice of Variation and Reservation of Rights - Backfilling Works Behind Retaining Wall.,Treat retaining-wall backfilling as a variation and preserve time / cost entitlement,"Issue a Variation Order covering cost, time, and measurement procedure",Additional backfilling methodology beyond original BOQ scope,Employer / Engineer to issue VO and confirm valuation route,Retaining wall backfilling and dependent structural / earthworks activities,Variation Order or written instruction,Delay in VO / instruction can affect execution and the critical path,"Direct cost, overhead / profit, prolongation, and measurement entitlement",Variation / Commercial,Employer / Engineer,High,High,Strong,Issue the VO or written instruction and confirm valuation / time treatment,The Big -P.01-UP-20-April-26,,,,,,,,,,,,,,,,,,,,,,,,,,,,,,,,,,,,,,,,
letter_register,From Contractor,78,,,,,,BD-CW-SAMCO-ACE-LET-STR-078,11-May-2026,Meeting Minutes Submission,Submission of MOM - Site Meeting for Mechanical Works (First Fix) Held on Wednesday 06/05/2026.,Submit first-fix MEP site meeting minutes for record,Review the MOM and issue comments or amendments if any,MEP first-fix coordination and execution records,"Shared coordination between SAMCO, Engineer, and MEP stakeholders",First-fix mechanical works and related coordination items,Site coordination decisions and recorded action closure,Unresolved coordination items can delay first-fix and related civil sequencing,Potential indirect time / coordination consequences,Coordination / Interface,Shared,Medium,Conditional,Moderate,Close the MOM action items and confirm the first-fix coordination route,The Big -P.01-UP-20-April-26,,,,,,,,,,,,,,,,,,,,,,,,,,,,,,,,,,,,,,,,
letter_register,From Contractor,79,,,,,,BD-CW-SAMCO-ACE-LET-STR-079,24-May-2026,Procurement Delay / EOT Response,Reply to Notification of Reinforcement Steel Supply Status and Entitlement to Time Extensions,Rebut the steel supply status notice and confirm delayed employer steel caused actual delay,Acknowledge the time impact and confirm the status of outstanding steel supply,No scope change; employer free-issue steel delivery affected execution sequence,Employer / Client steel supply,Reinforcement works and steel-dependent structural activities,Full and timely delivery of steel batches,Delayed second batch and revised third batch requirements disrupted the planned construction sequence,Time-impact claim and mitigation cost exposure,Procurement / Delay,Employer,High,High,Strong,"Finalize third-batch details, confirm prior supplies, and assess the time impact",The Big -P.01-UP-20-April-26,,,,,,,,,,,,,,,,,,,,,,,,,,,,,,,,,,,,,,,,
letter_register,From Contractor,80,,,,,,BD-CW-SAMCO-ACE-LET-STR-080,24-May-2026,Delay Notice Response / Reservation,Response to Notice - Alleged Failure to Achieve Section (1) Milestone,"Respond to the milestone-failure notice and explain the combined steel, IFC, and RFI impacts",Assess the milestone position in the proper contractual context and accept a revised plan,Section (1) milestone and critical structural activities,Employer (steel) / Engineer (IFC and RFI response),"Steel-dependent critical activities, suspended IFC-affected works, Section (1) milestone","Timely steel supply, resolved IFC conflicts, and timely RFI responses",Progress was disrupted from 18-Mar-2026 and milestone recovery now depends on the revised plan,Potential EOT and claim rights expressly preserved,Schedule / Design / Supply,Employer / Engineer,High,High,Strong,"Assess impacted activities, review the revised plan, and evaluate entitlement",The Big -P.01-UP-20-April-26,,,,,,,,,,,,,,,,,,,,,,,,,,,,,,,,,,,,,,,,
letter_register,From Contractor,81,,,,,,BD-CW-SAMCO-ACE-LET-STR-081,24-May-2026,Payment Submission,Submission of Interim Payment Certificate No. 7,Submit IPC No. 7 for review and approval,Review and approve IPC 7,No scope impact,Engineer / Employer for certification/payment,Payment certification,IPC submission,"Low schedule, cash-flow impact",Payment due under contract,Commercial / Payment,Employer / Engineer,Low,Conditional,,Certify and pay IPC 7,The Big -P.01-UP-20-April-26,,,,,,,,,,,,,,,,,,,,,,,,,,,,,,,,,,,,,,,,
letter_register,From Contractor,82,,,,,,BD-CW-SAMCO-ACE-LET-STR-082,25-May-2026,Clarification / Claim Notice,"Clarification on Internal Waterproofing System, Execution Sequence and Performance Warranty - Water Tank.",Clarify the water-tank waterproofing system and reserve claim rights over delayed instruction,Confirm the final approved waterproofing system and responsible executing party,"Tank waterproofing, repair / injection sequence, and warranty responsibility",Engineer / Employer / architectural scope clarification,"Water tank repair works, internal waterproofing, and warranty completion path","Engineer clarification, approved system, and coordinated architectural information",Tank works sequence and warranty path remain blocked without final instruction,Potential additional cost and EOT claim due to delayed clarification,Technical / Contractual entitlement,Engineer / Employer,High,High,Moderate to Strong,Issue the final instruction on the waterproofing system and assess entitlement effects,The Big -P.01-UP-20-April-26,,,,,,,,,,,,,,,,,,,,,,,,,,,,,,,,,,,,,,,,
letter_register,From Consultant,1,,,,,,BD-ACEPM-SAMCO-LET-001,24-Jun-2025,Notice,Outstanding Deliverables,Record overdue deliverables,"Submit crane, program, CV, methodology, soil report, steel data",No new scope,Contractor,"Cranes, soil replacement, shop drawings, steel",Crane/docs before soil works,High,Possible delay damages,Schedule/contract,Contractor,High,Low,Contractor weak,Submit all overdue items,The Big -P.01-UP-20-April-26,,,,,,,,,,,,,,,,,,,,,,,,,,,,,,,,,,,,,,,,
letter_register,From Consultant,2,,,,,,BD-ACEPM-SAMCO-LET-002,25-Jun-2025,Delay notice,Tower Crane No. 1 delay,Warn crane delay affects soil works,Start TC1 installation and confirm date,No new scope,Contractor,"TC1, soil replacement",TC1 needed before soil stage,High,Contractor delay exposure,Schedule,Contractor,High,Low,Contractor weak,Install TC1 immediately,The Big -P.01-UP-20-April-26,,,,,,,,,,,,,,,,,,,,,,,,,,,,,,,,,,,,,,,,
letter_register,From Consultant,3,,,,,,BD-ACEPM-SAMCO-LET-003,31-Aug-2025,Clarification,Survey and batching plant,"Respond to survey, ramp, batching plant issues",Follow consultant review; finalize plant/ramp position,Possible interface impact,Shared,"Boundaries, ramp, plant, Zone 2",Zone 2 after full handover,Medium,Possible relocation cost/time if owner-caused,Interface/site,Shared,Medium,Conditional,Moderate if owner-caused,Close reviews and approvals,The Big -P.01-UP-20-April-26,,,,,,,,,,,,,,,,,,,,,,,,,,,,,,,,,,,,,,,,
letter_register,From Consultant,4,,,,,,BD-ACEPM-SAMCO-LET-004,17-Sep-2025,Submission notice,Required contractual submissions,Enforce pre-construction submissions,"Staff, program, HSE, QA, BBS, reports",No new scope,Contractor,"Mobilization, procurement, reporting",Submissions before proper progress,Medium,Procurement/payment risk,Contract/schedule,Contractor,High,Low,Contractor weak,Submit full package,The Big -P.01-UP-20-April-26,,,,,,,,,,,,,,,,,,,,,,,,,,,,,,,,,,,,,,,,
letter_register,From Consultant,5,,,,,,BD-ACEPM-SAMCO-LET-005,17-Sep-2025,Response,Site obstacles B1-B4,Rebut handover/leakage delay claim,Follow claim procedure; submit program,No change; events closed,Contractor,"Handover, tests, leakage, program",Commencement fixed 11-Sep-2025,Low/Medium,No EOT recognized,Contract/site,Contractor,Low,Low,Contractor weak,Submit compliant claim if any,The Big -P.01-UP-20-April-26,,,,,,,,,,,,,,,,,,,,,,,,,,,,,,,,,,,,,,,,
letter_register,From Consultant,6,,,,,,BD-ACEPM-SAMCO-LET-006,22-Sep-2025,Reminder,Design verification,Enforce design verification duty,Submit consultant prequalification and report,No new scope,Contractor,Design review,Consultant approval before review,Medium,Contractor own cost,Technical/contract,Contractor,Medium,Low,Contractor weak,Submit prequalification/report,The Big -P.01-UP-20-April-26,,,,,,,,,,,,,,,,,,,,,,,,,,,,,,,,,,,,,,,,
letter_register,From Consultant,7,,,,,,BD-ACEPM-SAMCO-LET-007,22-Sep-2025,Rejection,Insurance policy,Reject incomplete insurance,Resubmit all required policies by 08-Oct,No new scope,Contractor,"Insurance, site equipment",Valid insurance for site operations,Low/Medium,Uninsured equipment may be barred,Insurance/contract,Contractor,Medium,Low,Contractor weak,Resubmit complete policies,The Big -P.01-UP-20-April-26,,,,,,,,,,,,,,,,,,,,,,,,,,,,,,,,,,,,,,,,
letter_register,From Consultant,8,,,,,,BD-ACEPM-SAMCO-LET-008,28-Sep-2025,Claim rejection,Site ramp works,Reject cost/EOT for ramp,Maintain/modify access route at own cost,Within contractor scope,Contractor,"Ramp, access, deliveries",Access route by contractor,Medium,No payment or EOT,Access/commercial,Contractor,Medium,,Contractor weak,Maintain ramp and proceed,The Big -P.01-UP-20-April-26,,,,,,,,,,,,,,,,,,,,,,,,,,,,,,,,,,,,,,,,
letter_register,From Consultant,9,,,,,,BD-ACEPM-SAMCO-LET-009,28-Sep-2025,Access clarification,Borehole locations,Clarify boreholes outside handed site,Complete access/procedure before works,Outside handed area,Shared,Confirmatory boreholes,Site possession/permissions,Low/Medium,No direct impact,Access/permit,Shared,Low,Conditional,Moderate if owner blocks access,Formalize approvals,The Big -P.01-UP-20-April-26,,,,,,,,,,,,,,,,,,,,,,,,,,,,,,,,,,,,,,,,
letter_register,From Consultant,10,,,,,,BD-ACEPM-SAMCO-LET-010,02-Oct-2025,Submittal rejection,Consultant CV/design review,Reject proposed consultant CV,Submit 3 accredited consultant firms,No new scope,Contractor,Design review consultant,Approval before design review,Medium,Contractor delay risk,Technical/contract,Contractor,Medium,Low,Contractor weak,Resubmit consultant package,The Big -P.01-UP-20-April-26,,,,,,,,,,,,,,,,,,,,,,,,,,,,,,,,,,,,,,,,
letter_register,From Consultant,11,,,,,,BD-ACEPM-SAMCO-LET-011,04-Oct-2025,Response/instruction,Pipe breakage/excavation,Close leakage issue; instruct rectification,Proceed with corrective works,Corrective works area,Contractor,"Excavation, B5/B6/B14/B15 area",Leak already repaired,Medium,No time/cost admitted,Site/technical,Contractor/shared,Low/Medium,Low,Contractor weak,Execute rectification,The Big -P.01-UP-20-April-26,,,,,,,,,,,,,,,,,,,,,,,,,,,,,,,,,,,,,,,,
letter_register,From Consultant,12,,,,,,BD-ACEPM-SAMCO-LET-012,05-Oct-2025,Procedure notice,Variation procedure,Remind 14-day notice rule,Submit notices for scope/time/cost impact,Procedure only,Contractor,All potential variations,Notice after instruction,Low direct,Preserves/limits entitlement,Contract/commercial,Contractor,Low,Conditional,Depends on compliance,Follow 13.3 notice process,The Big -P.01-UP-20-April-26,,,,,,,,,,,,,,,,,,,,,,,,,,,,,,,,,,,,,,,,
letter_register,From Consultant,13,,,,,,BD-ACEPM-SAMCO-LET-013,05-Oct-2025,Technical instruction,Soil replacement recommendation,Instruct per Civitech comments,Follow geotechnical recommendations,Technical clarification,Contractor/Civitech,"Ground tank foundation, soil tests",Civitech approval/comments,Medium,No determination,Geotechnical,Shared,Medium,Conditional,Moderate if scope changes,Implement comments,The Big -P.01-UP-20-April-26,,,,,,,,,,,,,,,,,,,,,,,,,,,,,,,,,,,,,,,,
letter_register,From Consultant,14,,,,,,BD-ACEPM-SAMCO-LET-014,12-Oct-2025,Delay notice,Soil replacement B1/B2,Warn no start after instruction,"Start gravel supply, works, tests",No new scope,Contractor,B1/B2 soil replacement,Handover/instruction on 07-Oct,High,Employer reserves claims/damages,Schedule/quality,Contractor,High,Low,Employer strong,Mobilize and test,The Big -P.01-UP-20-April-26,,,,,,,,,,,,,,,,,,,,,,,,,,,,,,,,,,,,,,,,
letter_register,From Consultant,15,,,,,,BD-ACEPM-SAMCO-LET-015,15-Oct-2025,Response,Delay of works at site,Rebut contractor delay position,Start B3/B4; continue supply/access duties,B1/B2 by Employer; B3/B4 by Contractor,Contractor,"Earthworks, soil supply, access",B3/B4 handed 07-Sep,High,Contractor bears supply/access risk,Schedule/contract,Contractor,High,Low,Contractor weak,Proceed and maintain access,The Big -P.01-UP-20-April-26,,,,,,,,,,,,,,,,,,,,,,,,,,,,,,,,,,,,,,,,
letter_register,From Consultant,16,,,,,,BD-ACEPM-SAMCO-LET-016,20-Oct-2025,Coordination response,Reinforcement steel quantity,Clarify first steel requisition priority,Proceed with prioritized quantities,No scope change,Shared,Steel first delivery,Contractor requisition,Medium,Supply coordination risk,Procurement,Shared,Medium,Conditional,Moderate if owner delay proven,Confirm quantities/delivery,The Big -P.01-UP-20-April-26,,,,,,,,,,,,,,,,,,,,,,,,,,,,,,,,,,,,,,,,
letter_register,From Consultant,17,,,,,,BD-ACEPM-SAMCO-LET-017,26-Nov-2025,Variation enforcement,VI-0003 rejection,Reject refusal of variation,Execute VI immediately,Variation/interface works affirmed,Contractor,MEP/interface/enabling works,VI under 13.1/13.3,High,Remedies/delay damages reserved,Contract/schedule,Contractor,High,Low,Employer strong,Execute VI; submit proposal,The Big -P.01-UP-20-April-26,,,,,,,,,,,,,,,,,,,,,,,,,,,,,,,,,,,,,,,,
letter_register,From Consultant,18,,,,,,BD-ACEPM-SAMCO-LET-018,03-Dec-2025,Non-compliance notice,Programme delay,Record missing revised program,Submit revised program addressing comments,No new scope,Contractor,"Project program, monitoring",Approved program needed,High,Possible 8.6/8.7 actions,Schedule/contract,Contractor,High,Low,Contractor weak,Resubmit program,The Big -P.01-UP-20-April-26,,,,,,,,,,,,,,,,,,,,,,,,,,,,,,,,,,,,,,,,
letter_register,From Consultant,19,,,,,,BD-ACEPM-SAMCO-LET-019,04-Dec-2025,Variation rebuttal,GWT flanges,Reject refusal of VI Ref. 4,Execute supply/install flanges,Variation scope affirmed,Contractor,Ground water tank flanges,Binding VI unless goods unavailable,High,Remedies reserved,Contract/technical,Contractor,High,Low,Employer strong,Execute works,The Big -P.01-UP-20-April-26,,,,,,,,,,,,,,,,,,,,,,,,,,,,,,,,,,,,,,,,
letter_register,From Consultant,20,,,,,,BD-ACEPM-SAMCO-LET-020,08-Dec-2025,Delay notice,Design review,Demand full design review,Submit comprehensive report for all works,No design change instructed,Contractor,Structural design review,Due before 11-Nov,High,May lose EOT/cost entitlement,Technical/schedule,Contractor,High,Low,Contractor weak,Issue full report,The Big -P.01-UP-20-April-26,,,,,,,,,,,,,,,,,,,,,,,,,,,,,,,,,,,,,,,,
letter_register,From Consultant,21,,,,,,BD-ACEPM-SAMCO-LET-021,10-Dec-2025,Reporting notice,Periodic reports delay,Record missing weekly/monthly reports,Submit overdue reports,No scope impact,Contractor,"Reports, logs, IPC support",From commencement/monthly cycle,Medium,IPC withholding possible,Controls/commercial,Contractor,Medium,Low,Contractor weak,Submit reports,The Big -P.01-UP-20-April-26,,,,,,,,,,,,,,,,,,,,,,,,,,,,,,,,,,,,,,,,
letter_register,From Consultant,22,,,,,,BD-ACEPM-SAMCO-LET-022,28-Dec-2025,Design clarification,Design review,Respond to limited B1/B2 review,Complete review for all buildings/elements,No relief; criteria clarified,Contractor,"B1-B4, foundations, slabs, systems",Review all works under 4.1,High,No liability relief,Technical/contract,Contractor,High,Conditional low,Weak/uncertain,Submit remaining feedback,The Big -P.01-UP-20-April-26,,,,,,,,,,,,,,,,,,,,,,,,,,,,,,,,,,,,,,,,
letter_register,From Consultant,23,,,,,,BD-ACEPM-SAMCO-LET-023,11-Jan-2026,Incident closure,Water pipeline leakage,Confirm leak resolved/no impact,None beyond monitoring,No scope impact,Employer handled support,"Utility protection, nearby works",Incident closed 01-Jan,Low,No cost/time accepted,Site condition,Closed,Low,,Contractor weak,Monitor pipe supports,The Big -P.01-UP-20-April-26,,,,,,,,,,,,,,,,,,,,,,,,,,,,,,,,,,,,,,,,
letter_register,From Consultant,24,,,,,,BD-ACEPM-SAMCO-LET-024,22-Jan-2026,Criteria clarification,Adopted design criteria,Confirm seismic criteria/IF 1.0,Proceed with review using clarified criteria,No scope change,Contractor,Structural design review,Use Employer criteria,Medium/High,No waiver/relief,Technical/contract,Contractor,Medium,Low,Contractor weak,Continue verification,The Big -P.01-UP-20-April-26,,,,,,,,,,,,,,,,,,,,,,,,,,,,,,,,,,,,,,,,
letter_register,From Consultant,25,,,,,,BD-ACEPM-SAMCO-LET-025,27-Jan-2026,Contract interpretation,MEP first fix variation,Confirm first fix works are required,Execute unless goods unavailable notice,Variation/necessary works affirmed,Contractor,"Sleeves, flange adapters, MEP first fix",No suspension under 13.3,High,Damages/remedies reserved,Contract/schedule,Contractor,High,Low,Employer strong,Execute variation,The Big -P.01-UP-20-April-26,,,,,,,,,,,,,,,,,,,,,,,,,,,,,,,,,,,,,,,,
letter_register,From Consultant,26,,,,,,BD-ACEPM-SAMCO-LET-026,02-Feb-2026,Variation clarification,Response to LET-025,Confirm VIs already issued,Execute VIs and submit proposal,Current VIs only; new works need instruction,Contractor,"VI-0003/0004, coordination studies",Written instruction for new works,High,Valued through 13.3 proposal,Contract/commercial,Contractor/shared,High,Conditional,Moderate if procedure followed,Execute and submit proposal,The Big -P.01-UP-20-April-26,,,,,,,,,,,,,,,,,,,,,,,,,,,,,,,,,,,,,,,,
letter_register,From Consultant,27,,,,,,BD-ACEPM-SAMCO-LET-027,15-Feb-2026,Commercial notice,Required breakdown delay,Warn missing breakdown affects payments,Submit breakdown within 7 days,No physical scope,Contractor,"IPCs, tax/value breakdown, variations",Breakdown for certification,Low direct,IPC deferral/adjustment risk,Commercial/contract,Contractor,Low,,Contractor weak,Submit breakdown,The Big -P.01-UP-20-April-26,,,,,,,,,,,,,,,,,,,,,,,,,,,,,,,,,,,,,,,,
letter_register,From Consultant,28,,,,,,BD-ACEPM-SAMCO-LET-028,16-Feb-2026,EOT rebuttal,Steel supply status,Confirm steel delivered; require mitigation,"Plan resources, sequence, submit mitigation",No scope change,Contractor,Reinforcement works,Steel delivered; contractor planning,High,Delay damages reserved,Procurement/schedule,Contractor,High,Low/conditional,Weak to moderate,Submit mitigation plan,The Big -P.01-UP-20-April-26,,,,,,,,,,,,,,,,,,,,,,,,,,,,,,,,,,,,,,,,
letter_register,From Consultant,29,,,,,,BD-ACEPM-SAMCO-LET-029,24-Feb-2026,Protocol notice,Project status update,Reject routine status letters as contractual basis,Use reports/meetings or proper notices,No scope impact,Contractor,B1-B17 status reporting,Approved channels,Low,No waiver/recognition,Contract/admin,Contractor,Low,,Contractor weak,Use correct channels,The Big -P.01-UP-20-April-26,,,,,,,,,,,,,,,,,,,,,,,,,,,,,,,,,,,,,,,,
letter_register,From Consultant,30,,,,,,BD-ACEPM-SAMCO-LET-030,15-Mar-2026,Report comments,February 2026 MPR,Comment on incomplete monthly report,"Revise report with milestones, logs, SPI, VO status",No scope impact,Contractor,"Monthly reporting, controls",Due monthly; comply GR 8.3,Medium,Issues not entitlement; claims under 20.1,Controls/commercial,Contractor,Medium,Low,Contractor weak,Revise/resubmit MPR,The Big -P.01-UP-20-April-26,,,,,,,,,,,,,,,,,,,,,,,,,,,,,,,,,,,,,,,,
letter_register,From Consultant,31,,,,,,BD-ACEPM-SAMCO-LET-031,19-Apr-2026,Payment clarification,IPC settlement follow-up,Reject overdue payment allegation,Comply with IPC threshold/monthly cycle,No scope impact,Contractor,"IPCs 1-3, payment certification",IPC must meet 70% monthly cash flow,Low,Admin payments not waiver,Commercial/contract,Contractor,Low,,Contractor weak,Submit compliant IPCs,The Big -P.01-UP-20-April-26,,,,,,,,,,,,,,,,,,,,,,,,,,,,,,,,,,,,,,,,
letter_register,From Consultant,32,,,,,,BD-ACEPM-SAMCO-LET-033,05-May-2026,Contractual Response / Rejection,Re: Early Warning & Notification of Fact (pursuant to Sub-Clause 20.1) – Site Progress and Constraints for Buildings B1–B4,Reject the contractor's notice as a valid Sub-Clause 20.1 claim and require compliance with formal notice/claim procedure,Submit a fully detailed claim within 42 days; provide clear substantiation of the event and its effects; follow the contract communication protocol for valid contractual notices,No direct scope variation acknowledged,Contractor (for procedural compliance),Claim administration / notice compliance rather than works execution,Valid notice and detailed claim submission under Sub-Clause 20.1,No recognition of entitlement from the referenced correspondence; the Engineer treats the submission as a general narrative rather than a valid claim,No commercial entitlement acknowledged; rights expressly reserved by Employer and Engineer,Procedural / contractual compliance,Contractor,Medium,Low / Conditional,Contractor weak,Resubmit a properly substantiated claim/notice in strict compliance with the Contract; attach supporting records and formal causal linkage,The Big -P.01-UP-20-April-26,,,,,,,,,,,,,,,,,,,,,,,,,,,,,,,,,,,,,,,,
letter_register,From Consultant,33,,,,,,BD-ACEPM-SAMCO-LET-034,06-May-2026,Commercial Compliance / Deduction Notice,Submission of proof of payment for engineering stamps due on contractual works.,Require official proof of engineering-stamp payment and reserve deduction from upcoming payments if proof is not submitted.,Submit official approved documents and receipts proving payment of engineering stamps before approval of the next payment certificate.,No scope change,Contractor,Payment certification / engineering-stamp compliance,,Low,Possible deduction / withholding from upcoming payments,Commercial / compliance,Contractor,Low,Low,Employer strong,Submit engineering-stamp payment proof and receipts immediately,The Big -P.01-UP-20-April-26,,,,,,,,,,,,,,,,,,,,,,,,,,,,,,,,,,,,,,,,
letter_register,From Consultant,34,,,,,,BD-ACEPM-SAMCO-LET-035,11-May-2026,EOT rebuttal / steel supply position,Re: Notification of Reinforcement Steel Supply Status and Entitlement to Time Extensions,"Reject the contractor's steel time-extension position, confirm the final remaining steel batch was delivered, and require mitigation to maintain completion.","Proceed diligently, mitigate any delay effects, maintain the Time for Completion, and submit a mitigation plan.",No scope change,Contractor,Reinforcement works and steel-dependent structural activities,Usable steel delivery and contractor mitigation planning,High,No entitlement acknowledged; rights expressly reserved,Procurement / schedule,Contractor,High,Low / Conditional,Contractor weak,Submit mitigation plan and maintain progress despite delivered steel,The Big -P.01-UP-20-April-26,,,,,,,,,,,,,,,,,,,,,,,,,,,,,,,,,,,,,,,,
letter_register,From Consultant,35,,,,,,BD-ACEPM-SAMCO-LET-036,11-May-2026,Delay notice / rate of progress,Failure to Achieve Section (1) Milestone within the Contractual Due Date,Record failure to achieve the Section (1) milestone and require a recovery plan under the contract.,Submit a detailed recovery plan within 10 days and take immediate actions to expedite the Works.,No scope change,Contractor,Ground floor ceiling slab milestone and dependent critical structural works,Recovery planning and improved rate of progress,High,Possible delay damages and contractual exposure if slippage continues,Schedule / milestone compliance,Contractor,High,Low / Conditional,Contractor weak,Submit recovery plan and accelerate progress immediately,The Big -P.01-UP-20-April-26,,,,,,,,,,,,,,,,,,,,,,,,,,,,,,,,,,,,,,,,
letter_register,From Consultant,36,,,,,,BD-ACEPM-SAMCO-LET-037,17-May-2026,Slow progress notice / monthly report comments,Notice of Slow Progress Rate and Comments on Monthly Progress Report - April 2026,Record slow progress against the approved programme and require correction of the April monthly report and mitigation measures.,"Address all monthly report comments, re-submit the report officially, improve performance, and provide a mitigation / recovery report.",No scope change,Contractor,"Critical project activities, progress reporting, and recovery planning",Corrected progress reporting and immediate corrective actions,High,Possible contractor liability for consequences of non-compliance,Schedule / reporting / contractual compliance,Contractor,High,Low / Conditional,Contractor weak,"Correct the April report, improve resource allocation, and submit mitigation measures",The Big -P.01-UP-20-April-26,,,,,,,,,,,,,,,,,,,,,,,,,,,,,,,,,,,,,,,,
letter_register,Contractor Links,1,,,,,,,,,,,,,,,,,,,,,,,,The Big -P.01-UP-20-April-26,Concrete specification variation,BD-CW-SAMCO-ACE-LET-STR-050,51,03-Feb-2026,Notice of Variation,Concrete Strength/Cement Content Difference,,,,,No direct ACE response in table,Low,Strong,,Medium,,Locate Engineer determination/VO response,,,,,,,,,,,,,,,,,,,,,,,
letter_register,Contractor Links,2,,,,,,,,,,,,,,,,,,,,,,,,The Big -P.01-UP-20-April-26,Contractual submissions,BD-CW-SAMCO-ACE-LET-STR-006,7,22-Sep-2025,Response,RE: Response to Letter No. BD-ACEPM-SAMCO-LET-004,BD-ACEPM-SAMCO-LET-004,5,17-Sep-2025,BD-ACEPM-SAMCO-LET-004 - Required contractual submissions,Response to ACE submission notice,High,Weak,Contractor weak,Medium,High,Track remaining submission approvals,,,,,,,,,,,,,,,,,,,,,,,
letter_register,Contractor Links,3,,,,,,,,,,,,,,,,,,,,,,,,The Big -P.01-UP-20-April-26,Critical MEP interface / tank base slab,BD-CW-SAMCO-ACE-LET-STR-041,42,06-Jan-2026,Urgent Notice / Conditional Proposal,Critical Interface Issue on Critical Path,BD-ACEPM-SAMCO-LET-025; BD-ACEPM-SAMCO-LET-026,26; 27,27-Jan-2026; 02-Feb-2026,BD-ACEPM-SAMCO-LET-025 - MEP first fix variation | BD-ACEPM-SAMCO-LET-026 - Response to LET-025,Directly related to MEP first-fix instruction thread,High,Strong if instruction delayed,Employer strong; Moderate if procedure followed,High,High; High,"Issue urgent VO, approved drawings and supervision",,,,,,,,,,,,,,,,,,,,,,,
letter_register,Contractor Links,4,,,,,,,,,,,,,,,,,,,,,,,,The Big -P.01-UP-20-April-26,Delegation / administration,BD-CW-SAMCO-ACE-LET-STR-001,2,20-May-2025,Delegation,Delegation of Authority,,,,,No direct ACE response in table,Low,,,,,Keep for authority record only,,,,,,,,,,,,,,,,,,,,,,,
letter_register,Contractor Links,5,,,,,,,,,,,,,,,,,,,,,,,,The Big -P.01-UP-20-April-26,Delegation / administration,BD-CW-SAMCO-ACE-LET-STR-002,3,30-Jun-2025,Delegation,Delegation of Authority,,,,,No direct ACE response in table,Low,,,,,Keep for authority record only,,,,,,,,,,,,,,,,,,,,,,,
letter_register,Contractor Links,6,,,,,,,,,,,,,,,,,,,,,,,,The Big -P.01-UP-20-April-26,Design discrepancies / claim,BD-CW-SAMCO-ACE-LET-STR-067,68,16-Apr-2026,Notice of Claim,Design Discrepancies and Impact on Time and Cost,,,,,No direct ACE response in table,Low,Strong,,High,,Track pending RFI 17 / coordinated package response,,,,,,,,,,,,,,,,,,,,,,,
letter_register,Contractor Links,7,,,,,,,,,,,,,,,,,,,,,,,,The Big -P.01-UP-20-April-26,Design discrepancy / revised package,BD-CW-SAMCO-ACE-LET-STR-063,64,31-Mar-2026,Design Change Notice,Comparison of Design Issued 18-Mar-2026 vs 27-Oct-2025,BD-ACEPM-SAMCO-LET-022; BD-ACEPM-SAMCO-LET-024,23; 25,28-Dec-2025; 22-Jan-2026,BD-ACEPM-SAMCO-LET-022 - Design review | BD-ACEPM-SAMCO-LET-024 - Adopted design criteria,Same design criteria/review thread,Medium,Strong,Weak/uncertain; Contractor weak,High,High; Medium,Issue coordinated revision decision for executed works,,,,,,,,,,,,,,,,,,,,,,,
letter_register,Contractor Links,8,,,,,,,,,,,,,,,,,,,,,,,,The Big -P.01-UP-20-April-26,Design modification / RFI 16 delay,BD-CW-SAMCO-ACE-LET-STR-066,67,11-Apr-2026,Notice of Claim,Modifications Included in Latest Design Package,,,,,No direct ACE response in table,Low,Strong,,High,,Link to RFI 16 response when available,,,,,,,,,,,,,,,,,,,,,,,
letter_register,Contractor Links,9,,,,,,,,,,,,,,,,,,,,,,,,The Big -P.01-UP-20-April-26,Design review,BD-CW-SAMCO-ACE-LET-STR-026,27,30-Nov-2025,Technical Meeting Request,Reply of Design Review,BD-ACEPM-SAMCO-LET-020; BD-ACEPM-SAMCO-LET-022,21; 23,08-Dec-2025; 28-Dec-2025,BD-ACEPM-SAMCO-LET-020 - Design review | BD-ACEPM-SAMCO-LET-022 - Design review,Same design review thread,Medium,Moderate,Contractor weak; Weak/uncertain,High,High; High,Hold/record technical meeting outcomes,,,,,,,,,,,,,,,,,,,,,,,
letter_register,Contractor Links,10,,,,,,,,,,,,,,,,,,,,,,,,The Big -P.01-UP-20-April-26,Design review,BD-CW-SAMCO-ACE-LET-STR-029,30,07-Dec-2025,Design Reservation,Design Review,BD-ACEPM-SAMCO-LET-020,21,08-Dec-2025,BD-ACEPM-SAMCO-LET-020 - Design review,Same design review delay thread,High,Moderate,Contractor weak,High,High,Close comments before reinforcement start,,,,,,,,,,,,,,,,,,,,,,,
letter_register,Contractor Links,11,,,,,,,,,,,,,,,,,,,,,,,,The Big -P.01-UP-20-April-26,Design review / criteria,BD-CW-SAMCO-ACE-LET-STR-030,31,11-Dec-2025,Response / Design Reservation,Re: Design Review,BD-ACEPM-SAMCO-LET-020; BD-ACEPM-SAMCO-LET-022; BD-ACEPM-SAMCO-LET-024,21; 23; 25,08-Dec-2025; 28-Dec-2025; 22-Jan-2026,BD-ACEPM-SAMCO-LET-020 - Design review | BD-ACEPM-SAMCO-LET-022 - Design review | BD-ACEPM-SAMCO-LET-024 - Adopted design criteria,Response to ACE design review letters and later criteria clarification,High,Moderate to Strong,Contractor weak; Weak/uncertain; Contractor weak,High,High; High; Medium,Confirm final design criteria and review scope,,,,,,,,,,,,,,,,,,,,,,,
letter_register,Contractor Links,12,,,,,,,,,,,,,,,,,,,,,,,,The Big -P.01-UP-20-April-26,Design review / criteria,BD-CW-SAMCO-ACE-LET-STR-034,35,17-Dec-2025,Design Review / Reservation,Re: Design Review,BD-ACEPM-SAMCO-LET-022; BD-ACEPM-SAMCO-LET-024,23; 25,28-Dec-2025; 22-Jan-2026,BD-ACEPM-SAMCO-LET-022 - Design review | BD-ACEPM-SAMCO-LET-024 - Adopted design criteria,Directly addressed by ACE design clarification/criteria letters,High,Strong if criteria/design changed,Weak/uncertain; Contractor weak,High,High; Medium,Confirm adopted criteria and designer liability position,,,,,,,,,,,,,,,,,,,,,,,
letter_register,Contractor Links,13,,,,,,,,,,,,,,,,,,,,,,,,The Big -P.01-UP-20-April-26,Design review / criteria,BD-CW-SAMCO-ACE-LET-STR-040,41,05-Jan-2026,Reservation / Design Instruction Request,Continuation of Works and Final Written Instructions,BD-ACEPM-SAMCO-LET-022; BD-ACEPM-SAMCO-LET-024,23; 25,28-Dec-2025; 22-Jan-2026,BD-ACEPM-SAMCO-LET-022 - Design review | BD-ACEPM-SAMCO-LET-024 - Adopted design criteria,Same design instruction and criteria thread,High,Strong if later change occurs,Weak/uncertain; Contractor weak,Medium to High,High; Medium,Keep written instruction and rights reservation,,,,,,,,,,,,,,,,,,,,,,,
letter_register,Contractor Links,14,,,,,,,,,,,,,,,,,,,,,,,,The Big -P.01-UP-20-April-26,Design verification consultant,BD-CW-SAMCO-ACE-LET-STR-009,10,24-Sep-2025,Submittal,Submission of Consultant CV and Approval Certificate,BD-ACEPM-SAMCO-LET-006; BD-ACEPM-SAMCO-LET-010,7; 11,22-Sep-2025; 02-Oct-2025,BD-ACEPM-SAMCO-LET-006 - Design verification | BD-ACEPM-SAMCO-LET-010 - Consultant CV/design review,Submittal linked to ACE design verification/rejection letters,High,Weak to Moderate,Contractor weak; Contractor weak,Medium,Medium; Medium,Resubmit consultant package if not approved,,,,,,,,,,,,,,,,,,,,,,,
letter_register,Contractor Links,15,,,,,,,,,,,,,,,,,,,,,,,,The Big -P.01-UP-20-April-26,Geotechnical tests / soil recommendation,BD-CW-SAMCO-ACE-LET-STR-036,37,21-Dec-2025,Variation Request,Request for VI - CPTu and DCPT Works,BD-ACEPM-SAMCO-LET-013,14,05-Oct-2025,BD-ACEPM-SAMCO-LET-013 - Soil replacement recommendation,Same geotechnical instruction thread,Medium,Moderate,Moderate if scope changes,Low to Medium,Medium,Issue VI/valuation for extra tests if instructed,,,,,,,,,,,,,,,,,,,,,,,
letter_register,Contractor Links,16,,,,,,,,,,,,,,,,,,,,,,,,The Big -P.01-UP-20-April-26,IFC drawings / design review,BD-CW-SAMCO-ACE-LET-STR-019,20,26-Oct-2025,Design Request,Request for Complete Set of IFC Drawings,BD-ACEPM-SAMCO-LET-020,21,08-Dec-2025,BD-ACEPM-SAMCO-LET-020 - Design review,Same design information thread,Medium,Moderate to Strong,Contractor weak,High,High,Confirm complete IFC issue dates and design change impact,,,,,,,,,,,,,,,,,,,,,,,
letter_register,Contractor Links,17,,,,,,,,,,,,,,,,,,,,,,,,The Big -P.01-UP-20-April-26,Insurance,BD-CW-SAMCO-ACE-LET-STR-021,22,29-Oct-2025,Insurance Undertaking,Contractor Commitment to Maintain Required Insurance,BD-ACEPM-SAMCO-LET-007,8,22-Sep-2025,BD-ACEPM-SAMCO-LET-007 - Insurance policy,Response/undertaking after ACE insurance rejection,High,,Contractor weak,Low,Medium,Close insurance compliance evidence,,,,,,,,,,,,,,,,,,,,,,,
letter_register,Contractor Links,18,,,,,,,,,,,,,,,,,,,,,,,,The Big -P.01-UP-20-April-26,IPC / payment,BD-CW-SAMCO-ACE-LET-STR-046,47,24-Jan-2026,Payment Submission,Submission of Interim Payment Certificate No. 3,BD-ACEPM-SAMCO-LET-027; BD-ACEPM-SAMCO-LET-031,28; 32,15-Feb-2026; 19-Apr-2026,BD-ACEPM-SAMCO-LET-027 - Required breakdown delay | BD-ACEPM-SAMCO-LET-031 - IPC settlement follow-up,IPC submission linked to payment/breakdown correspondence,Medium,,Contractor weak; Contractor weak,Low,Low; Low,Track certification and payment date,,,,,,,,,,,,,,,,,,,,,,,
letter_register,Contractor Links,19,,,,,,,,,,,,,,,,,,,,,,,,The Big -P.01-UP-20-April-26,IPC / payment / breakdown,BD-CW-SAMCO-ACE-LET-STR-028,29,06-Dec-2025,Payment Submission,Submission of Interim Payment Certificate No. 1,BD-ACEPM-SAMCO-LET-027; BD-ACEPM-SAMCO-LET-031,28; 32,15-Feb-2026; 19-Apr-2026,BD-ACEPM-SAMCO-LET-027 - Required breakdown delay | BD-ACEPM-SAMCO-LET-031 - IPC settlement follow-up,IPC submission later affected by breakdown/payment correspondence,Medium,,Contractor weak; Contractor weak,Low,Low; Low,"Track certification, breakdown and payment dates",,,,,,,,,,,,,,,,,,,,,,,
letter_register,Contractor Links,20,,,,,,,,,,,,,,,,,,,,,,,,The Big -P.01-UP-20-April-26,IPC / payment recommendation,BD-CW-SAMCO-ACE-LET-STR-038,39,21-Jan-2026,Payment Recommendation / Attachment,ACEPM Recommendation of Monthly Interim Payment No. 2,BD-ACEPM-SAMCO-LET-031,32,19-Apr-2026,BD-ACEPM-SAMCO-LET-031 - IPC settlement follow-up,Related IPC/payment thread; document is ACEPM/Roya attachment,Medium,,Contractor weak,Low,Low,"Treat as payment support, not SAMCO cover letter",,,,,,,,,,,,,,,,,,,,,,,
letter_register,Contractor Links,21,,,,,,,,,,,,,,,,,,,,,,,,The Big -P.01-UP-20-April-26,IPC payment,BD-CW-SAMCO-ACE-LET-STR-056,57,25-Feb-2026,Payment Submission,Submission of Interim Payment Certificate No. 4,BD-ACEPM-SAMCO-LET-031,32,19-Apr-2026,BD-ACEPM-SAMCO-LET-031 - IPC settlement follow-up,Same IPC payment thread,Medium,,Contractor weak,Low,Low,Track IPC 4 certification/payment,,,,,,,,,,,,,,,,,,,,,,,
letter_register,Contractor Links,22,,,,,,,,,,,,,,,,,,,,,,,,The Big -P.01-UP-20-April-26,IPC payment,BD-CW-SAMCO-ACE-LET-STR-059,60,25-Mar-2026,Payment Submission,Submission of Interim Payment Certificate No. 5,BD-ACEPM-SAMCO-LET-031,32,19-Apr-2026,BD-ACEPM-SAMCO-LET-031 - IPC settlement follow-up,Same IPC payment thread,Medium,,Contractor weak,Low,Low,Track IPC 5 due date/payment,,,,,,,,,,,,,,,,,,,,,,,
letter_register,Contractor Links,23,,,,,,,,,,,,,,,,,,,,,,,,The Big -P.01-UP-20-April-26,IPC payment delay,BD-CW-SAMCO-ACE-LET-STR-054,55,24-Feb-2026,Payment Delay Notice,IPC Payment Status,BD-ACEPM-SAMCO-LET-031,32,19-Apr-2026,BD-ACEPM-SAMCO-LET-031 - IPC settlement follow-up,Directly answered by ACE payment clarification,High,Moderate,Contractor weak,Medium,Low,"Reconcile due dates, thresholds and delay interest",,,,,,,,,,,,,,,,,,,,,,,
letter_register,Contractor Links,24,,,,,,,,,,,,,,,,,,,,,,,,The Big -P.01-UP-20-April-26,IPC payment delay,BD-CW-SAMCO-ACE-LET-STR-055,56,24-Feb-2026,Payment Record,Actual Receipt Date of Cheque - IPC 1,BD-ACEPM-SAMCO-LET-031,32,19-Apr-2026,BD-ACEPM-SAMCO-LET-031 - IPC settlement follow-up,Same IPC payment thread,High,Moderate,Contractor weak,Low,Low,Use actual cheque receipt date in payment analysis,,,,,,,,,,,,,,,,,,,,,,,
letter_register,Contractor Links,25,,,,,,,,,,,,,,,,,,,,,,,,The Big -P.01-UP-20-April-26,IPC payment delay,BD-CW-SAMCO-ACE-LET-STR-068,69,16-Apr-2026,Payment Delay Notice,Follow-up on Settlement of IPCs,BD-ACEPM-SAMCO-LET-031,32,19-Apr-2026,BD-ACEPM-SAMCO-LET-031 - IPC settlement follow-up,Directly answered by ACE payment clarification,High,Moderate to Strong,Contractor weak,Medium,Low,Reconcile IPC chronology and payment entitlement,,,,,,,,,,,,,,,,,,,,,,,
letter_register,Contractor Links,26,,,,,,,,,,,,,,,,,,,,,,,,The Big -P.01-UP-20-April-26,MEP coordination / first fix,BD-CW-SAMCO-ACE-LET-STR-016,17,07-Oct-2025,Contract Position / Reservation,Clarification Regarding Coordination Responsibilities,BD-ACEPM-SAMCO-LET-017; BD-ACEPM-SAMCO-LET-025,18; 26,26-Nov-2025; 27-Jan-2026,BD-ACEPM-SAMCO-LET-017 - VI-0003 rejection | BD-ACEPM-SAMCO-LET-025 - MEP first fix variation,Same MEP responsibility dispute thread,Medium,Moderate,Employer strong; Employer strong,High,High; High,Resolve scope by instruction/variation and MEP package,,,,,,,,,,,,,,,,,,,,,,,
letter_register,Contractor Links,27,,,,,,,,,,,,,,,,,,,,,,,,The Big -P.01-UP-20-April-26,MEP first fix,BD-CW-SAMCO-ACE-LET-STR-049,50,29-Jan-2026,Response / Conditional Acceptance,Response to LET-025 First Fix MEP Works,BD-ACEPM-SAMCO-LET-025; BD-ACEPM-SAMCO-LET-026,26; 27,27-Jan-2026; 02-Feb-2026,BD-ACEPM-SAMCO-LET-025 - MEP first fix variation | BD-ACEPM-SAMCO-LET-026 - Response to LET-025,Direct response to ACE first-fix interpretation/clarification,High,Moderate,Employer strong; Moderate if procedure followed,High,High; High,Issue/price VO and monitor execution,,,,,,,,,,,,,,,,,,,,,,,
letter_register,Contractor Links,28,,,,,,,,,,,,,,,,,,,,,,,,The Big -P.01-UP-20-April-26,MEP package / first fix,BD-CW-SAMCO-ACE-LET-STR-032,33,11-Dec-2025,Design Request,Request for Complete Package for Coordination - TRA-007,BD-ACEPM-SAMCO-LET-025; BD-ACEPM-SAMCO-LET-026,26; 27,27-Jan-2026; 02-Feb-2026,BD-ACEPM-SAMCO-LET-025 - MEP first fix variation | BD-ACEPM-SAMCO-LET-026 - Response to LET-025,Same MEP first-fix coordination thread,Medium,Moderate,Employer strong; Moderate if procedure followed,Medium to High,High; High,Issue complete MEP basement/foundation package,,,,,,,,,,,,,,,,,,,,,,,
letter_register,Contractor Links,29,,,,,,,,,,,,,,,,,,,,,,,,The Big -P.01-UP-20-April-26,MOM additions / commercial terms,BD-CW-SAMCO-ACE-LET-STR-047,48,24-Jan-2026,MOM Correction / Commercial Record,Additions to MOM - Coordination Meeting 19-Jan-2026,BD-ACEPM-SAMCO-LET-024; BD-ACEPM-SAMCO-LET-031,25; 32,22-Jan-2026; 19-Apr-2026,BD-ACEPM-SAMCO-LET-024 - Adopted design criteria | BD-ACEPM-SAMCO-LET-031 - IPC settlement follow-up,Links to design criteria and payment/security discussions,Medium,Moderate,Contractor weak; Contractor weak,Low to Medium,Medium; Low,Update MOM and commercial record,,,,,,,,,,,,,,,,,,,,,,,
letter_register,Contractor Links,30,,,,,,,,,,,,,,,,,,,,,,,,The Big -P.01-UP-20-April-26,Outstanding deliverables / tower cranes,BD-CW-SAMCO-ACE-LET-STR-003,4,30-Jun-2025,Response / Reservation,RE: Outstanding Deliverables - Urgent Response Required,BD-ACEPM-SAMCO-LET-001; BD-ACEPM-SAMCO-LET-002,2; 3,24-Jun-2025; 25-Jun-2025,BD-ACEPM-SAMCO-LET-001 - Outstanding Deliverables | BD-ACEPM-SAMCO-LET-002 - Tower Crane No. 1 delay,Direct response to ACE notices,High,Moderate,Contractor weak; Contractor weak,High,High; High,Close remaining deliverables and confirm baseline dependency,,,,,,,,,,,,,,,,,,,,,,,
letter_register,Contractor Links,31,,,,,,,,,,,,,,,,,,,,,,,,The Big -P.01-UP-20-April-26,Periodic reports / programme,BD-CW-SAMCO-ACE-LET-STR-033,34,15-Dec-2025,Response / Reporting Position,Response to LET-021 Periodic Reports,BD-ACEPM-SAMCO-LET-021,22,10-Dec-2025,BD-ACEPM-SAMCO-LET-021 - Periodic reports delay,Direct response to ACE reporting notice,High,Weak to Moderate,Contractor weak,Medium,Medium,Agree baseline/reporting basis,,,,,,,,,,,,,,,,,,,,,,,
letter_register,Contractor Links,32,,,,,,,,,,,,,,,,,,,,,,,,The Big -P.01-UP-20-April-26,Pipe breakage / leakage impact,BD-CW-SAMCO-ACE-LET-STR-014,15,05-Oct-2025,Notice / Reservation,Implications of Water Pipe Break,BD-ACEPM-SAMCO-LET-011; BD-ACEPM-SAMCO-LET-023,12; 24,04-Oct-2025; 11-Jan-2026,BD-ACEPM-SAMCO-LET-011 - Pipe breakage/excavation | BD-ACEPM-SAMCO-LET-023 - Water pipeline leakage,Same leakage/impact thread,Medium,Moderate to Strong,Contractor weak; Contractor weak,High,Low/Medium; Low,Separate incident impact from later closed leakage position,,,,,,,,,,,,,,,,,,,,,,,
letter_register,Contractor Links,33,,,,,,,,,,,,,,,,,,,,,,,,The Big -P.01-UP-20-April-26,Pipe breakage / tank excavation,BD-CW-SAMCO-ACE-LET-STR-012,13,30-Sep-2025,Meeting Follow-up,Meeting Minutes and Follow-up on Discussed Points,BD-ACEPM-SAMCO-LET-011,12,04-Oct-2025,BD-ACEPM-SAMCO-LET-011 - Pipe breakage/excavation,Same incident thread,Medium,Moderate,Contractor weak,High,Low/Medium,Confirm repair status and restart logic,,,,,,,,,,,,,,,,,,,,,,,
letter_register,Contractor Links,34,,,,,,,,,,,,,,,,,,,,,,,,The Big -P.01-UP-20-April-26,Pipe breakage / tank excavation,BD-CW-SAMCO-ACE-LET-STR-013,14,30-Sep-2025,Notice of Suspension,Pipe Breakage and Suspension of Excavation Works,BD-ACEPM-SAMCO-LET-011,12,04-Oct-2025,BD-ACEPM-SAMCO-LET-011 - Pipe breakage/excavation,Directly addressed by ACE response,High,Moderate,Contractor weak,High,Low/Medium,Record repair completion and affected period,,,,,,,,,,,,,,,,,,,,,,,
letter_register,Contractor Links,35,,,,,,,,,,,,,,,,,,,,,,,,The Big -P.01-UP-20-April-26,Project status / design / steel,BD-CW-SAMCO-ACE-LET-STR-052,53,16-Feb-2026,Status Update / Reservation,Project Status Update - Buildings B1 to B17,BD-ACEPM-SAMCO-LET-022; BD-ACEPM-SAMCO-LET-024; BD-ACEPM-SAMCO-LET-028; BD-ACEPM-SAMCO-LET-029,23; 25; 29; 30,28-Dec-2025; 22-Jan-2026; 16-Feb-2026; 24-Feb-2026,BD-ACEPM-SAMCO-LET-022 - Design review | BD-ACEPM-SAMCO-LET-024 - Adopted design criteria | BD-ACEPM-SAMCO-LET-028 - Steel supply status | BD-ACEPM-SAMCO-LET-029 - Project status update,Status update linked to multiple ACE positions,Medium,Moderate,Weak/uncertain; Contractor weak; Weak to moderate; Contractor weak,High,High; Medium; High; Low,Separate routine status from claim notices,,,,,,,,,,,,,,,,,,,,,,,
letter_register,Contractor Links,36,,,,,,,,,,,,,,,,,,,,,,,,The Big -P.01-UP-20-April-26,Project status updates,BD-CW-SAMCO-ACE-LET-STR-020,21,27-Oct-2025,Status Update / Reservation,Project Status Update - Buildings B1 to B17,BD-ACEPM-SAMCO-LET-029,30,24-Feb-2026,BD-ACEPM-SAMCO-LET-029 - Project status update,ACE later rejects status letters as contractual basis,Medium,Moderate,Contractor weak,Medium to High,Low,Use reports/MOMs for routine status and notices for claims,,,,,,,,,,,,,,,,,,,,,,,
letter_register,Contractor Links,37,,,,,,,,,,,,,,,,,,,,,,,,The Big -P.01-UP-20-April-26,Project status updates,BD-CW-SAMCO-ACE-LET-STR-022,23,23-Nov-2025,Status Update / Reservation,Project Status Update - Buildings B1 to B17,BD-ACEPM-SAMCO-LET-029,30,24-Feb-2026,BD-ACEPM-SAMCO-LET-029 - Project status update,ACE later rejects status letters as contractual basis,Medium,Moderate,Contractor weak,Medium to High,Low,Move progress content into formal reports,,,,,,,,,,,,,,,,,,,,,,,
letter_register,Contractor Links,38,,,,,,,,,,,,,,,,,,,,,,,,The Big -P.01-UP-20-April-26,Project status updates,BD-CW-SAMCO-ACE-LET-STR-037,38,24-Dec-2025,Status Update / Request,Project Status Update - Buildings B1 to B17,BD-ACEPM-SAMCO-LET-029,30,24-Feb-2026,BD-ACEPM-SAMCO-LET-029 - Project status update,ACE later rejects status letters as contractual basis,Medium,Moderate,Contractor weak,Medium to High,Low,Shift progress updates into approved reports,,,,,,,,,,,,,,,,,,,,,,,
letter_register,Contractor Links,39,,,,,,,,,,,,,,,,,,,,,,,,The Big -P.01-UP-20-April-26,Ramp / access route,BD-CW-SAMCO-ACE-LET-STR-008,9,24-Sep-2025,Claim Notice / Reservation,Response Regarding Site Ramp Modification Works,BD-ACEPM-SAMCO-LET-008,9,28-Sep-2025,BD-ACEPM-SAMCO-LET-008 - Site ramp works,Directly related to ACE claim rejection,High,Moderate,Contractor weak,Medium,Medium,Determine whether access work is contractor obligation or variation,,,,,,,,,,,,,,,,,,,,,,,
letter_register,Contractor Links,40,,,,,,,,,,,,,,,,,,,,,,,,The Big -P.01-UP-20-April-26,Reinforcement steel supply,BD-CW-SAMCO-ACE-LET-STR-010,11,25-Sep-2025,Procurement Request,Supply of reinforcement steel for the project,BD-ACEPM-SAMCO-LET-016,17,20-Oct-2025,BD-ACEPM-SAMCO-LET-016 - Reinforcement steel quantity,Same steel requisition thread,Medium,Moderate,Moderate if owner delay proven,Medium,Medium,Confirm owner supply priority and delivery,,,,,,,,,,,,,,,,,,,,,,,
letter_register,Contractor Links,41,,,,,,,,,,,,,,,,,,,,,,,,The Big -P.01-UP-20-April-26,Reinforcement steel supply,BD-CW-SAMCO-ACE-LET-STR-011,12,29-Sep-2025,Procurement Revision / Coordination,Request to Reduce First Reinforcement Steel Delivery,BD-ACEPM-SAMCO-LET-016,17,20-Oct-2025,BD-ACEPM-SAMCO-LET-016 - Reinforcement steel quantity,Directly addressed by ACE response,High,Moderate,Moderate if owner delay proven,Medium,Medium,Align revised first delivery quantity,,,,,,,,,,,,,,,,,,,,,,,
letter_register,Contractor Links,42,,,,,,,,,,,,,,,,,,,,,,,,The Big -P.01-UP-20-April-26,Reinforcement steel supply,BD-CW-SAMCO-ACE-LET-STR-025,26,26-Nov-2025,Procurement Request,Supply of Reinforcement Steel - Second Delivery,BD-ACEPM-SAMCO-LET-028,29,16-Feb-2026,BD-ACEPM-SAMCO-LET-028 - Steel supply status,Same steel delay thread,Medium,Moderate,Weak to moderate,Medium,High,Track order 2 delivery dates and mitigation,,,,,,,,,,,,,,,,,,,,,,,
letter_register,Contractor Links,43,,,,,,,,,,,,,,,,,,,,,,,,The Big -P.01-UP-20-April-26,Reinforcement steel supply,BD-CW-SAMCO-ACE-LET-STR-042,43,06-Jan-2026,Procurement Request,Supply of Reinforcement Steel - Third Delivery,BD-ACEPM-SAMCO-LET-028,29,16-Feb-2026,BD-ACEPM-SAMCO-LET-028 - Steel supply status,Same steel delay/supply thread,Medium,Moderate,Weak to moderate,Medium,High,Track third order delivery,,,,,,,,,,,,,,,,,,,,,,,
letter_register,Contractor Links,44,,,,,,,,,,,,,,,,,,,,,,,,The Big -P.01-UP-20-April-26,Reinforcement steel supply,BD-CW-SAMCO-ACE-LET-STR-044,45,15-Jan-2026,Procurement Delay Notice,Delay in Supplying Reinforcement Steel,BD-ACEPM-SAMCO-LET-028,29,16-Feb-2026,BD-ACEPM-SAMCO-LET-028 - Steel supply status,Directly related to ACE steel rebuttal,High,Moderate to Strong,Weak to moderate,High,High,"Measure supply delay, mitigation and schedule impact",,,,,,,,,,,,,,,,,,,,,,,
letter_register,Contractor Links,45,,,,,,,,,,,,,,,,,,,,,,,,The Big -P.01-UP-20-April-26,Reinforcement steel supply,BD-CW-SAMCO-ACE-LET-STR-048,49,26-Jan-2026,Procurement Delay Notice,Follow-up on Delay of Reinforcement Steel Delivery,BD-ACEPM-SAMCO-LET-028,29,16-Feb-2026,BD-ACEPM-SAMCO-LET-028 - Steel supply status,Directly related to ACE steel rebuttal,High,Moderate to Strong,Weak to moderate,High,High,Assess near-suspension and EOT notice compliance,,,,,,,,,,,,,,,,,,,,,,,
letter_register,Contractor Links,46,,,,,,,,,,,,,,,,,,,,,,,,The Big -P.01-UP-20-April-26,Reinforcement steel supply,BD-CW-SAMCO-ACE-LET-STR-051,52,07-Feb-2026,Procurement Delay / EOT Notice,Reinforcement Steel Supply Status and EOT Entitlement,BD-ACEPM-SAMCO-LET-028,29,16-Feb-2026,BD-ACEPM-SAMCO-LET-028 - Steel supply status,Directly related to ACE steel rebuttal,High,Moderate to Strong,Weak to moderate,High,High,Track SAMCO-supplied 300 tons and EOT basis,,,,,,,,,,,,,,,,,,,,,,,
letter_register,Contractor Links,47,,,,,,,,,,,,,,,,,,,,,,,,The Big -P.01-UP-20-April-26,Reinforcement steel supply,BD-CW-SAMCO-ACE-LET-STR-053,54,24-Feb-2026,Procurement Delay / Commercial Claim Reservation,Reinforcement Steel Order No. 2 Delay,BD-ACEPM-SAMCO-LET-028,29,16-Feb-2026,BD-ACEPM-SAMCO-LET-028 - Steel supply status,Directly related to ACE steel rebuttal,High,Strong,Weak to moderate,High,High,Approve revised distribution and certify mitigation steel,,,,,,,,,,,,,,,,,,,,,,,
letter_register,Contractor Links,48,,,,,,,,,,,,,,,,,,,,,,,,The Big -P.01-UP-20-April-26,Reinforcement steel supply,BD-CW-SAMCO-ACE-LET-STR-062,63,31-Mar-2026,Procurement Delay Notice,Follow-up on Reinforcement Steel Delivery,BD-ACEPM-SAMCO-LET-028,29,16-Feb-2026,BD-ACEPM-SAMCO-LET-028 - Steel supply status,Same steel delay thread after ACE rebuttal,High,Strong,Weak to moderate,High,High,Update cumulative delay and mitigation record,,,,,,,,,,,,,,,,,,,,,,,
letter_register,Contractor Links,49,,,,,,,,,,,,,,,,,,,,,,,,The Big -P.01-UP-20-April-26,Reinforcement steel supply,BD-CW-SAMCO-ACE-LET-STR-069,70,19-Apr-2026,Procurement Delay / Cumulative Impact Notice,Follow-up on Reinforcement Steel Supply and Cumulative Project Impact,BD-ACEPM-SAMCO-LET-028,29,16-Feb-2026,BD-ACEPM-SAMCO-LET-028 - Steel supply status,Same cumulative steel delay thread,High,Strong,Weak to moderate,High,High,Assess cumulative EOT/cost and owner supply record,,,,,,,,,,,,,,,,,,,,,,,
letter_register,Contractor Links,50,,,,,,,,,,,,,,,,,,,,,,,,The Big -P.01-UP-20-April-26,Reinforcement steel supply / guarantee cheque,BD-CW-SAMCO-ACE-LET-STR-045,46,22-Jan-2026,Commercial Submission,Guarantee Cheque for Reinforcement Steel,BD-ACEPM-SAMCO-LET-028,29,16-Feb-2026,BD-ACEPM-SAMCO-LET-028 - Steel supply status,Same steel supply arrangement thread,Medium,,Weak to moderate,Low,High,Confirm cheque acceptance and release steel,,,,,,,,,,,,,,,,,,,,,,,
letter_register,Contractor Links,51,,,,,,,,,,,,,,,,,,,,,,,,The Big -P.01-UP-20-April-26,RFI delay claim,BD-CW-SAMCO-ACE-LET-STR-064,65,02-Apr-2026,Notice of Claim,Delay in Technical Clarifications,,,,,No direct ACE response in table,Low,Strong,,High,,Link to RFI response log when available,,,,,,,,,,,,,,,,,,,,,,,
letter_register,Contractor Links,52,,,,,,,,,,,,,,,,,,,,,,,,The Big -P.01-UP-20-April-26,Site obstacles / water leakage,BD-CW-SAMCO-ACE-LET-STR-005,6,10-Sep-2025,Notice of Delay / Site Obstacle,RE: Documentation of Site Obstacles Affecting Project Progress,BD-ACEPM-SAMCO-LET-005,6,17-Sep-2025,BD-ACEPM-SAMCO-LET-005 - Site obstacles B1-B4,Directly referenced by ACE response,High,Moderate,Contractor weak,High,Low,Substantiate any EOT with programme and records,,,,,,,,,,,,,,,,,,,,,,,
letter_register,Contractor Links,53,,,,,,,,,,,,,,,,,,,,,,,,The Big -P.01-UP-20-April-26,Site obstacles / water leakage,BD-CW-SAMCO-ACE-LET-STR-007,8,24-Sep-2025,Response / Reservation,RE: Response to Letter No. BD-ACEPM-SAMCO-LET-005,BD-ACEPM-SAMCO-LET-005,6,17-Sep-2025,BD-ACEPM-SAMCO-LET-005 - Site obstacles B1-B4,Follow-up response on same issue,High,Moderate,Contractor weak,Medium,Low,Maintain claim records and approval history,,,,,,,,,,,,,,,,,,,,,,,
letter_register,Contractor Links,54,,,,,,,,,,,,,,,,,,,,,,,,The Big -P.01-UP-20-April-26,Soil replacement delay,BD-CW-SAMCO-ACE-LET-STR-018,19,13-Oct-2025,Response / Delay Mitigation,Response Regarding Delay of Works at Site,BD-ACEPM-SAMCO-LET-014; BD-ACEPM-SAMCO-LET-015,15; 16,12-Oct-2025; 15-Oct-2025,BD-ACEPM-SAMCO-LET-014 - Soil replacement B1/B2 | BD-ACEPM-SAMCO-LET-015 - Delay of works at site,Direct response to ACE delay letters,High,Moderate,Employer strong; Contractor weak,High,High; High,Clarify instruction to proceed pending tests and ramp status,,,,,,,,,,,,,,,,,,,,,,,
letter_register,Contractor Links,55,,,,,,,,,,,,,,,,,,,,,,,,The Big -P.01-UP-20-April-26,Survey / batching plant / Zone 2,BD-CW-SAMCO-ACE-LET-STR-004,5,28-Aug-2025,Notice / Site Condition,RE: Site Survey Findings and Allocation of Concrete Batching Plant,BD-ACEPM-SAMCO-LET-003,4,31-Aug-2025,BD-ACEPM-SAMCO-LET-003 - Survey and batching plant,Directly related by subject and ACE response,High,Moderate,Moderate if owner-caused,High,Medium,"Close survey, batching plant and handover decisions",,,,,,,,,,,,,,,,,,,,,,,
letter_register,Contractor Links,56,,,,,,,,,,,,,,,,,,,,,,,,The Big -P.01-UP-20-April-26,Technical responses / coordinated drawings,BD-CW-SAMCO-ACE-LET-STR-057,58,11-Mar-2026,Delay Notice / Design Information,Delayed Technical Responses and Outstanding Coordinated Drawings,,,,,No direct ACE response in table,Low,Strong,,High,,Prepare separate claim chronology for RFIs,,,,,,,,,,,,,,,,,,,,,,,
letter_register,Contractor Links,57,,,,,,,,,,,,,,,,,,,,,,,,The Big -P.01-UP-20-April-26,Utility protection variation,BD-CW-SAMCO-ACE-LET-STR-017,18,09-Oct-2025,Variation Response / Rejection,Response to VI ROYA-BIG-2025-VI-001,,,,,No direct ACE response in table,Low,Strong,,High,,Link to separate VI file if available,,,,,,,,,,,,,,,,,,,,,,,
letter_register,Contractor Links,58,,,,,,,,,,,,,,,,,,,,,,,,The Big -P.01-UP-20-April-26,Variation procedure / IFC package,BD-CW-SAMCO-ACE-LET-STR-015,16,06-Oct-2025,Document Request,Reminder to Submit Final Package and Signed Hard Copies,BD-ACEPM-SAMCO-LET-012,13,05-Oct-2025,BD-ACEPM-SAMCO-LET-012 - Variation procedure,Response to ACE variation procedure notice,High,Moderate,Depends on compliance,Medium,Low,Issue complete IFC package or preserve notice rights,,,,,,,,,,,,,,,,,,,,,,,
letter_register,Contractor Links,59,,,,,,,,,,,,,,,,,,,,,,,,The Big -P.01-UP-20-April-26,VI-0003 / flanges / MEP,BD-CW-SAMCO-ACE-LET-STR-035,36,18-Dec-2025,Variation Rejection / Contract Position,Response to LET-019 and VI-0003,BD-ACEPM-SAMCO-LET-019; BD-ACEPM-SAMCO-LET-025,20; 26,04-Dec-2025; 27-Jan-2026,BD-ACEPM-SAMCO-LET-019 - GWT flanges | BD-ACEPM-SAMCO-LET-025 - MEP first fix variation,Direct response to ACE flanges rebuttal,High,Moderate,Employer strong; Employer strong,High,High; High,Resolve flanges scope and formal variation position,,,,,,,,,,,,,,,,,,,,,,,
letter_register,Contractor Links,60,,,,,,,,,,,,,,,,,,,,,,,,The Big -P.01-UP-20-April-26,VI-0003 / MEP works,BD-CW-SAMCO-ACE-LET-STR-024,25,24-Nov-2025,Variation Rejection,Response to VI BD-ACEPM-SAMCO-VI-0003,BD-ACEPM-SAMCO-LET-017,18,26-Nov-2025,BD-ACEPM-SAMCO-LET-017 - VI-0003 rejection,Directly referenced by ACE enforcement letter,High,Moderate,Employer strong,High,High,Resolve disputed scope and proceed under formal instruction,,,,,,,,,,,,,,,,,,,,,,,
letter_register,Contractor Links,61,,,,,,,,,,,,,,,,,,,,,,,,The Big -P.01-UP-20-April-26,VI-0003 / MEP works / flanges,BD-CW-SAMCO-ACE-LET-STR-027,28,30-Nov-2025,Formal Rejection / Reservation,Formal Rejection of Assigning MEP Works,BD-ACEPM-SAMCO-LET-017; BD-ACEPM-SAMCO-LET-019; BD-ACEPM-SAMCO-LET-025,18; 20; 26,26-Nov-2025; 04-Dec-2025; 27-Jan-2026,BD-ACEPM-SAMCO-LET-017 - VI-0003 rejection | BD-ACEPM-SAMCO-LET-019 - GWT flanges | BD-ACEPM-SAMCO-LET-025 - MEP first fix variation,Directly related to ACE rebuttals and interpretation letters,High,Moderate,Employer strong; Employer strong; Employer strong,High,High; High; High,Settle MEP/flange scope and valuation route,,,,,,,,,,,,,,,,,,,,,,,
letter_register,Contractor Links,62,,,,,,,,,,,,,,,,,,,,,,,,The Big -P.01-UP-20-April-26,Water pipeline leakage,BD-CW-SAMCO-ACE-LET-STR-039,40,04-Jan-2026,Notice / Site Incident,Water Pipeline Leakage and Its Impact on Project Works,BD-ACEPM-SAMCO-LET-023,24,11-Jan-2026,BD-ACEPM-SAMCO-LET-023 - Water pipeline leakage,Directly answered by ACE closure letter,High,Moderate,Contractor weak,Medium,Low,Confirm no residual impact or document rework separately,,,,,,,,,,,,,,,,,,,,,,,
letter_register,Contractor Links,63,,,,,,,,,,,,,,,,,,,,,,,,The Big -P.01-UP-20-April-26,Waterproofing materials,BD-CW-SAMCO-ACE-LET-STR-023,24,23-Nov-2025,Technical Query,Related to Waterproofing Works,,,,,No direct ACE response in table,Low,Moderate,,Medium,,Request/locate waterproofing clarification response,,,,,,,,,,,,,,,,,,,,,,,
letter_register,Contractor Links,64,,,,,,,,,,,,,,,,,,,,,,,,The Big -P.01-UP-20-April-26,Weather,BD-CW-SAMCO-ACE-LET-STR-058,59,14-Mar-2026,Weather Notice,Work Suspension Due to Severe Weather,,,,,No direct ACE response in table,Low,Weak,,Low,,Keep weather log only,,,,,,,,,,,,,,,,,,,,,,,
letter_register,Contractor Links,65,,,,,,,,,,,,,,,,,,,,,,,,The Big -P.01-UP-20-April-26,Weather,BD-CW-SAMCO-ACE-LET-STR-060,61,25-Mar-2026,Weather Notice,Work Interruption Due to Adverse Weather,,,,,No direct ACE response in table,Low,Weak to Moderate,,Medium,,Keep weather log only,,,,,,,,,,,,,,,,,,,,,,,
letter_register,Contractor Links,66,,,,,,,,,,,,,,,,,,,,,,,,The Big -P.01-UP-20-April-26,Weather,BD-CW-SAMCO-ACE-LET-STR-061,62,29-Mar-2026,Weather Notice,Work Interruption Due to Adverse Weather,,,,,No direct ACE response in table,Low,Weak to Moderate,,Medium,,Keep weather log only,,,,,,,,,,,,,,,,,,,,,,,
letter_register,Contractor Links,67,,,,,,,,,,,,,,,,,,,,,,,,The Big -P.01-UP-20-April-26,Weather,BD-CW-SAMCO-ACE-LET-STR-065,66,02-Apr-2026,Weather Notice,Work Interruption Due to Adverse Weather,,,,,No direct ACE response in table,Low,Weak to Moderate,,Medium,,Keep weather log only,,,,,,,,,,,,,,,,,,,,,,,
letter_register,Contractor Links,68,,,,,,,,,,,,,,,,,,,,,,,,The Big -P.01-UP-20-April-26,Weather / insulation,BD-CW-SAMCO-ACE-LET-STR-031,32,11-Dec-2025,Weather Notice,Postponement of Insulation Works Due to Weather,,,,,No direct ACE response in table,Low,Weak,,Low,,Keep weather record only,,,,,,,,,,,,,,,,,,,,,,,
letter_register,Contractor Links,69,,,,,,,,,,,,,,,,,,,,,,,,The Big -P.01-UP-20-April-26,Weather / tower cranes,BD-CW-SAMCO-ACE-LET-STR-043,44,12-Jan-2026,Weather Notice,Suspension of Tower Crane Operations,,,,,No direct ACE response in table,Low,Weak,,Low,,Keep weather/crane log only,,,,,,,,,,,,,,,,,,,,,,,
letter_register,Contractor Links,70,,,,,,,,,,,,,,,,,,,,,,,,The Big -P.01-UP-20-April-26,Site progress / steel supply / RFI 17 / B1-B4 structural package,BD-CW-SAMCO-ACE-LET-STR-071,72,27-Apr-2026,Early Warning / Notice under Sub-Clause 20.1,Early Warning & Notification of Fact – Site Progress and Constraints for Buildings B1-B4,BD-ACEPM-SAMCO-LET-033,33,05-May-2026,Re: Early Warning & Notification of Fact (pursuant to Sub-Clause 20.1) – Site Progress and Constraints for Buildings B1-B4,ACE response rejects the notice on procedural grounds and requires a compliant claim,High,Strong,ACE strong procedurally / Contractor weak on compliance,High,Medium,Convert the notice into a formal Sub-Clause 20.1 claim with supporting delay/cost evidence and response to the RFI/design discrepancy issue,,,,,,,,,,,,,,,,,,,,,,,
letter_register,Contractor Links,71,,,,,,,,,,,,,,,,,,,,,,,,The Big -P.01-UP-20-April-26,Payments / IPCs / breakdown,BD-CW-SAMCO-ACE-LET-STR-070,71,25-Apr-2026,Payment Submission,Submission of Interim Payment Certificate No. 6,,,,,Same IPC / payment thread; no direct ACE response in current source table,Medium,,,Low,,"Review, certify, and pay IPC 6 within the contractual period",,,,,,,,,,,,,,,,,,,,,,,
letter_register,Contractor Links,72,,,,,,,,,,,,,,,,,,,,,,,,The Big -P.01-UP-20-April-26,MEP / first fix / flanges / VI-0003,BD-CW-SAMCO-ACE-LET-STR-072,73,27-Apr-2026,Submission / Meeting Minutes,Submission of Minutes of Meetings - MEP Works (First Fix).,,,,,Same MEP first-fix coordination thread; no direct ACE response identified in the current source table,Medium,Moderate to Strong,,High,,Formalize first-fix responsibilities and close outstanding design conflicts,,,,,,,,,,,,,,,,,,,,,,,
letter_register,Contractor Links,73,,,,,,,,,,,,,,,,,,,,,,,,The Big -P.01-UP-20-April-26,Waterproofing materials,BD-CW-SAMCO-ACE-LET-STR-073,74,28-Apr-2026,Clarification / Technical Notice,Scope Clarification - Internal Tank Waterproofing.,,,,,No direct ACE response in current source table,Low,Moderate,,Medium,,Locate Engineer decision on internal waterproofing system and execution route,,,,,,,,,,,,,,,,,,,,,,,
letter_register,Contractor Links,74,,,,,,,,,,,,,,,,,,,,,,,,The Big -P.01-UP-20-April-26,Contractual submissions / reports,BD-CW-SAMCO-ACE-LET-STR-074,75,29-Apr-2026,Response / Reporting Compliance,Re: Non-Compliance with Submission of Weekly Progress Reports.,BD-ACEPM-SAMCO-LET-032,,,,Direct response to ACE weekly reporting notice; ACE source letter is not available in the current workbook,High,Weak to Moderate,,Medium,,Submit the overdue weekly reports and close the reporting-compliance issue formally,,,,,,,,,,,,,,,,,,,,,,,
letter_register,Contractor Links,75,,,,,,,,,,,,,,,,,,,,,,,,The Big -P.01-UP-20-April-26,Payments / IPCs / breakdown,BD-CW-SAMCO-ACE-LET-STR-075,76,30-Apr-2026,Commercial Response / Reservation,Re: BD-ACEPM-SAMCO-LET-031,BD-ACEPM-SAMCO-LET-031,32,19-Apr-2026,IPC settlement follow-up,Direct response to ACE IPC clarification / threshold letter,High,Moderate,Contractor weak,Medium,Low,"Reconcile IPC thresholds, due dates, and the constraint-driven reduction in certified values",,,,,,,,,,,,,,,,,,,,,,,
letter_register,Contractor Links,76,,,,,,,,,,,,,,,,,,,,,,,,The Big -P.01-UP-20-April-26,Site progress / steel supply / RFI 17 / structural package discrepancy,BD-CW-SAMCO-ACE-LET-STR-076,77,09-May-2026,Notice of Claim / Design Discrepancy,Notice of Claim - Impact of Revised Structural Drawings on Project Progress [Sub-Clause 1.9 / 8.4 / 20.1],,,,,Follow-on design package claim within the same structural discrepancy thread; no direct ACE reply in the current source table,Medium,Strong,,High,,Convert the design discrepancy chronology into a full cause-effect claim with hold period evidence,,,,,,,,,,,,,,,,,,,,,,,
letter_register,Contractor Links,77,,,,,,,,,,,,,,,,,,,,,,,,The Big -P.01-UP-20-April-26,Retaining wall backfilling variation,BD-CW-SAMCO-ACE-LET-STR-077,78,11-May-2026,Variation Notice / Reservation of Rights,Notice of Variation and Reservation of Rights - Backfilling Works Behind Retaining Wall.,,,,,No direct ACE response in current source table,Low,Strong,,High,,"Issue VO, measure the work, and assess the critical-path impact of delayed instruction",,,,,,,,,,,,,,,,,,,,,,,
letter_register,Contractor Links,78,,,,,,,,,,,,,,,,,,,,,,,,The Big -P.01-UP-20-April-26,MEP / first fix / flanges / VI-0003,BD-CW-SAMCO-ACE-LET-STR-078,79,11-May-2026,Meeting Minutes Submission,Submission of MOM - Site Meeting for Mechanical Works (First Fix) Held on Wednesday 06/05/2026.,,,,,Same MEP first-fix coordination thread; no direct ACE response identified in the current source table,Medium,Moderate,,Medium,,Track closure of MEP first-fix action items and preserve interface records,,,,,,,,,,,,,,,,,,,,,,,
letter_register,Contractor Links,79,,,,,,,,,,,,,,,,,,,,,,,,The Big -P.01-UP-20-April-26,Reinforcement steel supply,BD-CW-SAMCO-ACE-LET-STR-079,80,24-May-2026,Procurement Delay / EOT Response,Reply to Notification of Reinforcement Steel Supply Status and Entitlement to Time Extensions,BD-ACEPM-SAMCO-LET-035,35,11-May-2026,Re: Notification of Reinforcement Steel Supply Status and Entitlement to Time Extensions,Direct response to ACE steel supply / time-extension position,High,Strong,,High,,"Reconcile delivery dates, pending quantities, and the updated time-impact narrative",,,,,,,,,,,,,,,,,,,,,,,
letter_register,Contractor Links,80,,,,,,,,,,,,,,,,,,,,,,,,The Big -P.01-UP-20-April-26,Site progress / steel supply / RFI 17 / structural package discrepancy,BD-CW-SAMCO-ACE-LET-STR-080,81,24-May-2026,Delay Notice Response / Reservation,Response to Notice - Alleged Failure to Achieve Section (1) Milestone,BD-ACEPM-SAMCO-LET-036,36,11-May-2026,Failure to Achieve Section (1) Milestone within the Contractual Due Date,Direct response to ACE milestone-failure notice,High,Strong,,High,,"Tie the milestone miss to explicit steel, IFC, and RFI cause-effect records and submit the revised plan",,,,,,,,,,,,,,,,,,,,,,,
letter_register,Contractor Links,81,,,,,,,,,,,,,,,,,,,,,,,,The Big -P.01-UP-20-April-26,Payments / IPCs / breakdown,BD-CW-SAMCO-ACE-LET-STR-081,82,24-May-2026,Payment Submission,Submission of Interim Payment Certificate No. 7,,,,,Same IPC / payment thread; no direct ACE response in current source table,Medium,,,Low,,"Review, certify, and pay IPC 7 within the contractual period",,,,,,,,,,,,,,,,,,,,,,,
letter_register,Contractor Links,82,,,,,,,,,,,,,,,,,,,,,,,,The Big -P.01-UP-20-April-26,Waterproofing materials,BD-CW-SAMCO-ACE-LET-STR-082,83,25-May-2026,Clarification / Claim Notice,"Clarification on Internal Waterproofing System, Execution Sequence and Performance Warranty - Water Tank.",,,,,No direct ACE response in current source table; this is a follow-on clarification / claim notice to STR-073 and the tank RFI,Medium,Moderate to Strong,,High,,Resolve the waterproofing system decision and preserve the sequence / warranty claim record,,,,,,,,,,,,,,,,,,,,,,,
letter_register,Consultant Links,1,,,,,,,,,,,,,,,,,,,,,,,,The Big -P.01-UP-20-April-26,,,,,,,,,,,,,,Contractor weak,,High,,BD-ACEPM-SAMCO-LET-001,2,24-Jun-2025,Notice,Outstanding Deliverables,BD-CW-SAMCO-ACE-LET-STR-003,4,BD-CW-SAMCO-ACE-LET-STR-003 - RE: Outstanding Deliverables - Urgent Response Required,Outstanding deliverables / tower cranes,Low,Submit all overdue items,,,,,,,,,,,,
letter_register,Consultant Links,2,,,,,,,,,,,,,,,,,,,,,,,,The Big -P.01-UP-20-April-26,,,,,,,,,,,,,,Contractor weak,,High,,BD-ACEPM-SAMCO-LET-002,3,25-Jun-2025,Delay notice,Tower Crane No. 1 delay,BD-CW-SAMCO-ACE-LET-STR-003,4,BD-CW-SAMCO-ACE-LET-STR-003 - RE: Outstanding Deliverables - Urgent Response Required,Outstanding deliverables / tower cranes,Low,Install TC1 immediately,,,,,,,,,,,,
letter_register,Consultant Links,3,,,,,,,,,,,,,,,,,,,,,,,,The Big -P.01-UP-20-April-26,,,,,,,,,,,,,,Moderate if owner-caused,,Medium,,BD-ACEPM-SAMCO-LET-003,4,31-Aug-2025,Clarification,Survey and batching plant,BD-CW-SAMCO-ACE-LET-STR-004,5,BD-CW-SAMCO-ACE-LET-STR-004 - RE: Site Survey Findings and Allocation of Concrete Batching Plant,Survey / batching plant / Zone 2,Conditional,Close reviews and approvals,,,,,,,,,,,,
letter_register,Consultant Links,4,,,,,,,,,,,,,,,,,,,,,,,,The Big -P.01-UP-20-April-26,,,,,,,,,,,,,,Contractor weak,,High,,BD-ACEPM-SAMCO-LET-004,5,17-Sep-2025,Submission notice,Required contractual submissions,BD-CW-SAMCO-ACE-LET-STR-006,7,BD-CW-SAMCO-ACE-LET-STR-006 - RE: Response to Letter No. BD-ACEPM-SAMCO-LET-004,Contractual submissions,Low,Submit full package,,,,,,,,,,,,
letter_register,Consultant Links,5,,,,,,,,,,,,,,,,,,,,,,,,The Big -P.01-UP-20-April-26,,,,,,,,,,,,,,Contractor weak,,Low,,BD-ACEPM-SAMCO-LET-005,6,17-Sep-2025,Response,Site obstacles B1-B4,BD-CW-SAMCO-ACE-LET-STR-005; BD-CW-SAMCO-ACE-LET-STR-007,6; 8,BD-CW-SAMCO-ACE-LET-STR-005 - RE: Documentation of Site Obstacles Affecting Project Progress | BD-CW-SAMCO-ACE-LET-STR-007 - RE: Response to Letter No. BD-ACEPM-SAMCO-LET-005,Site obstacles / water leakage,Low,Submit compliant claim if any,,,,,,,,,,,,
letter_register,Consultant Links,6,,,,,,,,,,,,,,,,,,,,,,,,The Big -P.01-UP-20-April-26,,,,,,,,,,,,,,Contractor weak,,Medium,,BD-ACEPM-SAMCO-LET-006,7,22-Sep-2025,Reminder,Design verification,BD-CW-SAMCO-ACE-LET-STR-009,10,BD-CW-SAMCO-ACE-LET-STR-009 - Submission of Consultant CV and Approval Certificate,Design verification consultant,Low,Submit prequalification/report,,,,,,,,,,,,
letter_register,Consultant Links,7,,,,,,,,,,,,,,,,,,,,,,,,The Big -P.01-UP-20-April-26,,,,,,,,,,,,,,Contractor weak,,Medium,,BD-ACEPM-SAMCO-LET-007,8,22-Sep-2025,Rejection,Insurance policy,BD-CW-SAMCO-ACE-LET-STR-021,22,BD-CW-SAMCO-ACE-LET-STR-021 - Contractor Commitment to Maintain Required Insurance,Insurance,Low,Resubmit complete policies,,,,,,,,,,,,
letter_register,Consultant Links,8,,,,,,,,,,,,,,,,,,,,,,,,The Big -P.01-UP-20-April-26,,,,,,,,,,,,,,Contractor weak,,Medium,,BD-ACEPM-SAMCO-LET-008,9,28-Sep-2025,Claim rejection,Site ramp works,BD-CW-SAMCO-ACE-LET-STR-008,9,BD-CW-SAMCO-ACE-LET-STR-008 - Response Regarding Site Ramp Modification Works,Ramp / access route,,Maintain ramp and proceed,,,,,,,,,,,,
letter_register,Consultant Links,9,,,,,,,,,,,,,,,,,,,,,,,,The Big -P.01-UP-20-April-26,,,,,,,,,,,,,,Moderate if owner blocks access,,Low,,BD-ACEPM-SAMCO-LET-009,10,28-Sep-2025,Access clarification,Borehole locations,,,,,Conditional,Formalize approvals,,,,,,,,,,,,
letter_register,Consultant Links,10,,,,,,,,,,,,,,,,,,,,,,,,The Big -P.01-UP-20-April-26,,,,,,,,,,,,,,Contractor weak,,Medium,,BD-ACEPM-SAMCO-LET-010,11,02-Oct-2025,Submittal rejection,Consultant CV/design review,BD-CW-SAMCO-ACE-LET-STR-009,10,BD-CW-SAMCO-ACE-LET-STR-009 - Submission of Consultant CV and Approval Certificate,Design verification consultant,Low,Resubmit consultant package,,,,,,,,,,,,
letter_register,Consultant Links,11,,,,,,,,,,,,,,,,,,,,,,,,The Big -P.01-UP-20-April-26,,,,,,,,,,,,,,Contractor weak,,Low/Medium,,BD-ACEPM-SAMCO-LET-011,12,04-Oct-2025,Response/instruction,Pipe breakage/excavation,BD-CW-SAMCO-ACE-LET-STR-012; BD-CW-SAMCO-ACE-LET-STR-013; BD-CW-SAMCO-ACE-LET-STR-014,13; 14; 15,BD-CW-SAMCO-ACE-LET-STR-012 - Meeting Minutes and Follow-up on Discussed Points | BD-CW-SAMCO-ACE-LET-STR-013 - Pipe Breakage and Suspension of Excavation Works | BD-CW-SAMCO-ACE-LET-STR-014 - Implications of Water Pipe Break,Pipe breakage / leakage impact; Pipe breakage / tank excavation,Low,Execute rectification,,,,,,,,,,,,
letter_register,Consultant Links,12,,,,,,,,,,,,,,,,,,,,,,,,The Big -P.01-UP-20-April-26,,,,,,,,,,,,,,Depends on compliance,,Low,,BD-ACEPM-SAMCO-LET-012,13,05-Oct-2025,Procedure notice,Variation procedure,BD-CW-SAMCO-ACE-LET-STR-015,16,BD-CW-SAMCO-ACE-LET-STR-015 - Reminder to Submit Final Package and Signed Hard Copies,Variation procedure / IFC package,Conditional,Follow 13.3 notice process,,,,,,,,,,,,
letter_register,Consultant Links,13,,,,,,,,,,,,,,,,,,,,,,,,The Big -P.01-UP-20-April-26,,,,,,,,,,,,,,Moderate if scope changes,,Medium,,BD-ACEPM-SAMCO-LET-013,14,05-Oct-2025,Technical instruction,Soil replacement recommendation,BD-CW-SAMCO-ACE-LET-STR-036,37,BD-CW-SAMCO-ACE-LET-STR-036 - Request for VI - CPTu and DCPT Works,Geotechnical tests / soil recommendation,Conditional,Implement comments,,,,,,,,,,,,
letter_register,Consultant Links,14,,,,,,,,,,,,,,,,,,,,,,,,The Big -P.01-UP-20-April-26,,,,,,,,,,,,,,Employer strong,,High,,BD-ACEPM-SAMCO-LET-014,15,12-Oct-2025,Delay notice,Soil replacement B1/B2,BD-CW-SAMCO-ACE-LET-STR-018,19,BD-CW-SAMCO-ACE-LET-STR-018 - Response Regarding Delay of Works at Site,Soil replacement delay,Low,Mobilize and test,,,,,,,,,,,,
letter_register,Consultant Links,15,,,,,,,,,,,,,,,,,,,,,,,,The Big -P.01-UP-20-April-26,,,,,,,,,,,,,,Contractor weak,,High,,BD-ACEPM-SAMCO-LET-015,16,15-Oct-2025,Response,Delay of works at site,BD-CW-SAMCO-ACE-LET-STR-018,19,BD-CW-SAMCO-ACE-LET-STR-018 - Response Regarding Delay of Works at Site,Soil replacement delay,Low,Proceed and maintain access,,,,,,,,,,,,
letter_register,Consultant Links,16,,,,,,,,,,,,,,,,,,,,,,,,The Big -P.01-UP-20-April-26,,,,,,,,,,,,,,Moderate if owner delay proven,,Medium,,BD-ACEPM-SAMCO-LET-016,17,20-Oct-2025,Coordination response,Reinforcement steel quantity,BD-CW-SAMCO-ACE-LET-STR-010; BD-CW-SAMCO-ACE-LET-STR-011,11; 12,BD-CW-SAMCO-ACE-LET-STR-010 - Supply of reinforcement steel for the project | BD-CW-SAMCO-ACE-LET-STR-011 - Request to Reduce First Reinforcement Steel Delivery,Reinforcement steel supply,Conditional,Confirm quantities/delivery,,,,,,,,,,,,
letter_register,Consultant Links,17,,,,,,,,,,,,,,,,,,,,,,,,The Big -P.01-UP-20-April-26,,,,,,,,,,,,,,Employer strong,,High,,BD-ACEPM-SAMCO-LET-017,18,26-Nov-2025,Variation enforcement,VI-0003 rejection,BD-CW-SAMCO-ACE-LET-STR-016; BD-CW-SAMCO-ACE-LET-STR-024; BD-CW-SAMCO-ACE-LET-STR-027,17; 25; 28,BD-CW-SAMCO-ACE-LET-STR-016 - Clarification Regarding Coordination Responsibilities | BD-CW-SAMCO-ACE-LET-STR-024 - Response to VI BD-ACEPM-SAMCO-VI-0003 | BD-CW-SAMCO-ACE-LET-STR-027 - Formal Rejection of Assigning MEP Works,MEP coordination / first fix; VI-0003 / MEP works; VI-0003 / MEP works / flanges,Low,Execute VI; submit proposal,,,,,,,,,,,,
letter_register,Consultant Links,18,,,,,,,,,,,,,,,,,,,,,,,,The Big -P.01-UP-20-April-26,,,,,,,,,,,,,,Contractor weak,,High,,BD-ACEPM-SAMCO-LET-018,19,03-Dec-2025,Non-compliance notice,Programme delay,,,,,Low,Resubmit program,,,,,,,,,,,,
letter_register,Consultant Links,19,,,,,,,,,,,,,,,,,,,,,,,,The Big -P.01-UP-20-April-26,,,,,,,,,,,,,,Employer strong,,High,,BD-ACEPM-SAMCO-LET-019,20,04-Dec-2025,Variation rebuttal,GWT flanges,BD-CW-SAMCO-ACE-LET-STR-027; BD-CW-SAMCO-ACE-LET-STR-035,28; 36,BD-CW-SAMCO-ACE-LET-STR-027 - Formal Rejection of Assigning MEP Works | BD-CW-SAMCO-ACE-LET-STR-035 - Response to LET-019 and VI-0003,VI-0003 / flanges / MEP; VI-0003 / MEP works / flanges,Low,Execute works,,,,,,,,,,,,
letter_register,Consultant Links,20,,,,,,,,,,,,,,,,,,,,,,,,The Big -P.01-UP-20-April-26,,,,,,,,,,,,,,Contractor weak,,High,,BD-ACEPM-SAMCO-LET-020,21,08-Dec-2025,Delay notice,Design review,BD-CW-SAMCO-ACE-LET-STR-019; BD-CW-SAMCO-ACE-LET-STR-026; BD-CW-SAMCO-ACE-LET-STR-029; BD-CW-SAMCO-ACE-LET-STR-030,20; 27; 30; 31,BD-CW-SAMCO-ACE-LET-STR-019 - Request for Complete Set of IFC Drawings | BD-CW-SAMCO-ACE-LET-STR-026 - Reply of Design Review | BD-CW-SAMCO-ACE-LET-STR-029 - Design Review | BD-CW-SAMCO-ACE-LET-STR-030 - Re: Design Review,Design review; Design review / criteria; IFC drawings / design review,Low,Issue full report,,,,,,,,,,,,
letter_register,Consultant Links,21,,,,,,,,,,,,,,,,,,,,,,,,The Big -P.01-UP-20-April-26,,,,,,,,,,,,,,Contractor weak,,Medium,,BD-ACEPM-SAMCO-LET-021,22,10-Dec-2025,Reporting notice,Periodic reports delay,BD-CW-SAMCO-ACE-LET-STR-033,34,BD-CW-SAMCO-ACE-LET-STR-033 - Response to LET-021 Periodic Reports,Periodic reports / programme,Low,Submit reports,,,,,,,,,,,,
letter_register,Consultant Links,22,,,,,,,,,,,,,,,,,,,,,,,,The Big -P.01-UP-20-April-26,,,,,,,,,,,,,,Weak/uncertain,,High,,BD-ACEPM-SAMCO-LET-022,23,28-Dec-2025,Design clarification,Design review,BD-CW-SAMCO-ACE-LET-STR-026; BD-CW-SAMCO-ACE-LET-STR-030; BD-CW-SAMCO-ACE-LET-STR-034; BD-CW-SAMCO-ACE-LET-STR-040; BD-CW-SAMCO-ACE-LET-STR-052; BD-CW-SAMCO-ACE-LET-STR-063,27; 31; 35; 41; 53; 64,BD-CW-SAMCO-ACE-LET-STR-026 - Reply of Design Review | BD-CW-SAMCO-ACE-LET-STR-030 - Re: Design Review | BD-CW-SAMCO-ACE-LET-STR-034 - Re: Design Review | BD-CW-SAMCO-ACE-LET-STR-040 - Continuation of Works and Final Written Instructions | BD-CW-SAMCO-ACE-LET-STR-052 - Project Status Update - Buildings B1 to B17 | BD-CW-SAMCO-ACE-LET-STR-063 - Comparison of Design Issued 18-Mar-2026 vs 27-Oct-2025,Design discrepancy / revised package; Design review; Design review / criteria; Project status / design / steel,Conditional low,Submit remaining feedback,,,,,,,,,,,,
letter_register,Consultant Links,23,,,,,,,,,,,,,,,,,,,,,,,,The Big -P.01-UP-20-April-26,,,,,,,,,,,,,,Contractor weak,,Low,,BD-ACEPM-SAMCO-LET-023,24,11-Jan-2026,Incident closure,Water pipeline leakage,BD-CW-SAMCO-ACE-LET-STR-014; BD-CW-SAMCO-ACE-LET-STR-039,15; 40,BD-CW-SAMCO-ACE-LET-STR-014 - Implications of Water Pipe Break | BD-CW-SAMCO-ACE-LET-STR-039 - Water Pipeline Leakage and Its Impact on Project Works,Pipe breakage / leakage impact; Water pipeline leakage,,Monitor pipe supports,,,,,,,,,,,,
letter_register,Consultant Links,24,,,,,,,,,,,,,,,,,,,,,,,,The Big -P.01-UP-20-April-26,,,,,,,,,,,,,,Contractor weak,,Medium,,BD-ACEPM-SAMCO-LET-024,25,22-Jan-2026,Criteria clarification,Adopted design criteria,BD-CW-SAMCO-ACE-LET-STR-030; BD-CW-SAMCO-ACE-LET-STR-034; BD-CW-SAMCO-ACE-LET-STR-040; BD-CW-SAMCO-ACE-LET-STR-047; BD-CW-SAMCO-ACE-LET-STR-052; BD-CW-SAMCO-ACE-LET-STR-063,31; 35; 41; 48; 53; 64,BD-CW-SAMCO-ACE-LET-STR-030 - Re: Design Review | BD-CW-SAMCO-ACE-LET-STR-034 - Re: Design Review | BD-CW-SAMCO-ACE-LET-STR-040 - Continuation of Works and Final Written Instructions | BD-CW-SAMCO-ACE-LET-STR-047 - Additions to MOM - Coordination Meeting 19-Jan-2026 | BD-CW-SAMCO-ACE-LET-STR-052 - Project Status Update - Buildings B1 to B17 | BD-CW-SAMCO-ACE-LET-STR-063 - Comparison of Design Issued 18-Mar-2026 vs 27-Oct-2025,Design discrepancy / revised package; Design review / criteria; MOM additions / commercial terms; Project status / design / steel,Low,Continue verification,,,,,,,,,,,,
letter_register,Consultant Links,25,,,,,,,,,,,,,,,,,,,,,,,,The Big -P.01-UP-20-April-26,,,,,,,,,,,,,,Employer strong,,High,,BD-ACEPM-SAMCO-LET-025,26,27-Jan-2026,Contract interpretation,MEP first fix variation,BD-CW-SAMCO-ACE-LET-STR-016; BD-CW-SAMCO-ACE-LET-STR-027; BD-CW-SAMCO-ACE-LET-STR-032; BD-CW-SAMCO-ACE-LET-STR-035; BD-CW-SAMCO-ACE-LET-STR-041; BD-CW-SAMCO-ACE-LET-STR-049,17; 28; 33; 36; 42; 50,BD-CW-SAMCO-ACE-LET-STR-016 - Clarification Regarding Coordination Responsibilities | BD-CW-SAMCO-ACE-LET-STR-027 - Formal Rejection of Assigning MEP Works | BD-CW-SAMCO-ACE-LET-STR-032 - Request for Complete Package for Coordination - TRA-007 | BD-CW-SAMCO-ACE-LET-STR-035 - Response to LET-019 and VI-0003 | BD-CW-SAMCO-ACE-LET-STR-041 - Critical Interface Issue on Critical Path | BD-CW-SAMCO-ACE-LET-STR-049 - Response to LET-025 First Fix MEP Works,Critical MEP interface / tank base slab; MEP coordination / first fix; MEP first fix; MEP package / first fix; VI-0003 / flanges / MEP; VI-0003 / MEP works / flanges,Low,Execute variation,,,,,,,,,,,,
letter_register,Consultant Links,26,,,,,,,,,,,,,,,,,,,,,,,,The Big -P.01-UP-20-April-26,,,,,,,,,,,,,,Moderate if procedure followed,,High,,BD-ACEPM-SAMCO-LET-026,27,02-Feb-2026,Variation clarification,Response to LET-025,BD-CW-SAMCO-ACE-LET-STR-032; BD-CW-SAMCO-ACE-LET-STR-041; BD-CW-SAMCO-ACE-LET-STR-049,33; 42; 50,BD-CW-SAMCO-ACE-LET-STR-032 - Request for Complete Package for Coordination - TRA-007 | BD-CW-SAMCO-ACE-LET-STR-041 - Critical Interface Issue on Critical Path | BD-CW-SAMCO-ACE-LET-STR-049 - Response to LET-025 First Fix MEP Works,Critical MEP interface / tank base slab; MEP first fix; MEP package / first fix,Conditional,Execute and submit proposal,,,,,,,,,,,,
letter_register,Consultant Links,27,,,,,,,,,,,,,,,,,,,,,,,,The Big -P.01-UP-20-April-26,,,,,,,,,,,,,,Contractor weak,,Low,,BD-ACEPM-SAMCO-LET-027,28,15-Feb-2026,Commercial notice,Required breakdown delay,BD-CW-SAMCO-ACE-LET-STR-028; BD-CW-SAMCO-ACE-LET-STR-046,29; 47,BD-CW-SAMCO-ACE-LET-STR-028 - Submission of Interim Payment Certificate No. 1 | BD-CW-SAMCO-ACE-LET-STR-046 - Submission of Interim Payment Certificate No. 3,IPC / payment; IPC / payment / breakdown,,Submit breakdown,,,,,,,,,,,,
letter_register,Consultant Links,28,,,,,,,,,,,,,,,,,,,,,,,,The Big -P.01-UP-20-April-26,,,,,,,,,,,,,,Weak to moderate,,High,,BD-ACEPM-SAMCO-LET-028,29,16-Feb-2026,EOT rebuttal,Steel supply status,BD-CW-SAMCO-ACE-LET-STR-025; BD-CW-SAMCO-ACE-LET-STR-042; BD-CW-SAMCO-ACE-LET-STR-044; BD-CW-SAMCO-ACE-LET-STR-045; BD-CW-SAMCO-ACE-LET-STR-048; BD-CW-SAMCO-ACE-LET-STR-051; BD-CW-SAMCO-ACE-LET-STR-052; BD-CW-SAMCO-ACE-LET-STR-053; BD-CW-SAMCO-ACE-LET-STR-062; BD-CW-SAMCO-ACE-LET-STR-069,26; 43; 45; 46; 49; 52; 53; 54; 63; 70,BD-CW-SAMCO-ACE-LET-STR-025 - Supply of Reinforcement Steel - Second Delivery | BD-CW-SAMCO-ACE-LET-STR-042 - Supply of Reinforcement Steel - Third Delivery | BD-CW-SAMCO-ACE-LET-STR-044 - Delay in Supplying Reinforcement Steel | BD-CW-SAMCO-ACE-LET-STR-045 - Guarantee Cheque for Reinforcement Steel | BD-CW-SAMCO-ACE-LET-STR-048 - Follow-up on Delay of Reinforcement Steel Delivery | BD-CW-SAMCO-ACE-LET-STR-051 - Reinforcement Steel Supply Status and EOT Entitlement | BD-CW-SAMCO-ACE-LET-STR-052 - Project Status Update - Buildings B1 to B17 | BD-CW-SAMCO-ACE-LET-STR-053 - Reinforcement Steel Order No. 2 Delay | BD-CW-SAMCO-ACE-LET-STR-062 - Follow-up on Reinforcement Steel Delivery | BD-CW-SAMCO-ACE-LET-STR-069 - Follow-up on Reinforcement Steel Supply and Cumulative Project Impact,Project status / design / steel; Reinforcement steel supply; Reinforcement steel supply / guarantee cheque,Low/conditional,Submit mitigation plan,,,,,,,,,,,,
letter_register,Consultant Links,29,,,,,,,,,,,,,,,,,,,,,,,,The Big -P.01-UP-20-April-26,,,,,,,,,,,,,,Contractor weak,,Low,,BD-ACEPM-SAMCO-LET-029,30,24-Feb-2026,Protocol notice,Project status update,BD-CW-SAMCO-ACE-LET-STR-020; BD-CW-SAMCO-ACE-LET-STR-022; BD-CW-SAMCO-ACE-LET-STR-037; BD-CW-SAMCO-ACE-LET-STR-052,21; 23; 38; 53,BD-CW-SAMCO-ACE-LET-STR-020 - Project Status Update - Buildings B1 to B17 | BD-CW-SAMCO-ACE-LET-STR-022 - Project Status Update - Buildings B1 to B17 | BD-CW-SAMCO-ACE-LET-STR-037 - Project Status Update - Buildings B1 to B17 | BD-CW-SAMCO-ACE-LET-STR-052 - Project Status Update - Buildings B1 to B17,Project status / design / steel; Project status updates,,Use correct channels,,,,,,,,,,,,
letter_register,Consultant Links,30,,,,,,,,,,,,,,,,,,,,,,,,The Big -P.01-UP-20-April-26,,,,,,,,,,,,,,Contractor weak,,Medium,,BD-ACEPM-SAMCO-LET-030,31,15-Mar-2026,Report comments,February 2026 MPR,,,,,Low,Revise/resubmit MPR,,,,,,,,,,,,
letter_register,Consultant Links,31,,,,,,,,,,,,,,,,,,,,,,,,The Big -P.01-UP-20-April-26,,,,,,,,,,,,,,Contractor weak,,Low,,BD-ACEPM-SAMCO-LET-031,32,19-Apr-2026,Payment clarification,IPC settlement follow-up,BD-CW-SAMCO-ACE-LET-STR-028; BD-CW-SAMCO-ACE-LET-STR-038; BD-CW-SAMCO-ACE-LET-STR-046; BD-CW-SAMCO-ACE-LET-STR-047; BD-CW-SAMCO-ACE-LET-STR-054; BD-CW-SAMCO-ACE-LET-STR-055; BD-CW-SAMCO-ACE-LET-STR-056; BD-CW-SAMCO-ACE-LET-STR-059; BD-CW-SAMCO-ACE-LET-STR-068; BD-CW-SAMCO-ACE-LET-STR-075,29; 39; 47; 48; 55; 56; 57; 60; 69; 76,BD-CW-SAMCO-ACE-LET-STR-028 - Submission of Interim Payment Certificate No. 1; BD-CW-SAMCO-ACE-LET-STR-038 - ACEPM Recommendation of Monthly Interim Payment No. 2; BD-CW-SAMCO-ACE-LET-STR-046 - Submission of Interim Payment Certificate No. 3; BD-CW-SAMCO-ACE-LET-STR-047 - Additions to MOM - Coordination Meeting 19-Jan-2026; BD-CW-SAMCO-ACE-LET-STR-054 - IPC Payment Status; BD-CW-SAMCO-ACE-LET-STR-055 - Actual Receipt Date of Cheque - IPC 1; BD-CW-SAMCO-ACE-LET-STR-056 - Submission of Interim Payment Certificate No. 4; BD-CW-SAMCO-ACE-LET-STR-059 - Submission of Interim Payment Certificate No. 5; BD-CW-SAMCO-ACE-LET-STR-068 - Follow-up on Settlement of IPCs; BD-CW-SAMCO-ACE-LET-STR-075 - Re: BD-ACEPM-SAMCO-LET-031,IPC / payment; IPC / payment / breakdown; IPC / payment recommendation; IPC payment; IPC payment delay; MOM additions / commercial terms; Payments / IPCs / breakdown,,Submit compliant IPCs,,,,,,,,,,,,
letter_register,Consultant Links,32,,,,,,,,,,,,,,,,,,,,,,,,The Big -P.01-UP-20-April-26,,,,,,,,,,,,,,Contractor weak,,Medium,,BD-ACEPM-SAMCO-LET-033,2,05-May-2026,Contractual Response / Rejection,Re: Early Warning & Notification of Fact (pursuant to Sub-Clause 20.1) – Site Progress and Constraints for Buildings B1-B4,BD-CW-SAMCO-ACE-LET-STR-071,2,BD-CW-SAMCO-ACE-LET-STR-071 - Early Warning & Notification of Fact – Site Progress and Constraints for Buildings B1-B4,Site progress / steel supply / RFI 17 / B1-B4 structural package,Low / Conditional,Require a compliant detailed claim and supporting substantiation; preserve rights with formal contractual correspondence,,,,,,,,,,,,
letter_register,Consultant Links,33,,,,,,,,,,,,,,,,,,,,,,,,The Big -P.01-UP-20-April-26,,,,,,,,,,,,,,Employer strong,,Low,,BD-ACEPM-SAMCO-LET-034,34,06-May-2026,Commercial Compliance / Deduction Notice,Submission of proof of payment for engineering stamps due on contractual works.,,,,Engineering stamps / contractual deductions,Low,Submit engineering-stamp receipts or accept deduction treatment before the next certificate,,,,,,,,,,,,
letter_register,Consultant Links,34,,,,,,,,,,,,,,,,,,,,,,,,The Big -P.01-UP-20-April-26,,,,,,,,,,,,,,Contractor weak,,High,,BD-ACEPM-SAMCO-LET-035,35,11-May-2026,EOT rebuttal / steel supply position,Re: Notification of Reinforcement Steel Supply Status and Entitlement to Time Extensions,BD-CW-SAMCO-ACE-LET-STR-025; BD-CW-SAMCO-ACE-LET-STR-042; BD-CW-SAMCO-ACE-LET-STR-044; BD-CW-SAMCO-ACE-LET-STR-048; BD-CW-SAMCO-ACE-LET-STR-051; BD-CW-SAMCO-ACE-LET-STR-062; BD-CW-SAMCO-ACE-LET-STR-069; BD-CW-SAMCO-ACE-LET-STR-079,26; 43; 45; 49; 52; 63; 70; 80,BD-CW-SAMCO-ACE-LET-STR-025 - Supply of Reinforcement Steel - Second Delivery | BD-CW-SAMCO-ACE-LET-STR-042 - Supply of Reinforcement Steel - Third Delivery | BD-CW-SAMCO-ACE-LET-STR-044 - Delay in Supplying Reinforcement Steel | BD-CW-SAMCO-ACE-LET-STR-048 - Follow-up on Delay of Reinforcement Steel Delivery | BD-CW-SAMCO-ACE-LET-STR-051 - Reinforcement Steel Supply Status and EOT Entitlement | BD-CW-SAMCO-ACE-LET-STR-062 - Follow-up on Reinforcement Steel Delivery | BD-CW-SAMCO-ACE-LET-STR-069 - Follow-up on Reinforcement Steel Supply and Cumulative Project Impact | BD-CW-SAMCO-ACE-LET-STR-079 - Reply to Notification of Reinforcement Steel Supply Status and Entitlement to Time Extensions,Reinforcement steel supply,Low / Conditional,"Submit mitigation plan, reconcile delivery dates, and maintain progress despite steel delivery completion",,,,,,,,,,,,
letter_register,Consultant Links,35,,,,,,,,,,,,,,,,,,,,,,,,The Big -P.01-UP-20-April-26,,,,,,,,,,,,,,Contractor weak,,High,,BD-ACEPM-SAMCO-LET-036,36,11-May-2026,Delay notice / rate of progress,Failure to Achieve Section (1) Milestone within the Contractual Due Date,BD-CW-SAMCO-ACE-LET-STR-071; BD-CW-SAMCO-ACE-LET-STR-076; BD-CW-SAMCO-ACE-LET-STR-080,72; 77; 81,BD-CW-SAMCO-ACE-LET-STR-071 - Early Warning & Notification of Fact (pursuant to Sub-Clause 20.1) – Site Progress and Constraints for Buildings B1-B4 | BD-CW-SAMCO-ACE-LET-STR-076 - Notice of Claim - Impact of Revised Structural Drawings on Project Progress [Sub-Clause 1.9 / 8.4 / 20.1] | BD-CW-SAMCO-ACE-LET-STR-080 - Response to Notice - Alleged Failure to Achieve Section (1) Milestone,Site progress / steel supply / RFI 17 / structural package discrepancy,Low / Conditional,Submit recovery plan and assess milestone position against the actual steel / IFC / RFI impacts,,,,,,,,,,,,
letter_register,Consultant Links,36,,,,,,,,,,,,,,,,,,,,,,,,The Big -P.01-UP-20-April-26,,,,,,,,,,,,,,Contractor weak,,High,,BD-ACEPM-SAMCO-LET-037,37,17-May-2026,Slow progress notice / monthly report comments,Notice of Slow Progress Rate and Comments on Monthly Progress Report - April 2026,BD-CW-SAMCO-ACE-LET-STR-074,75,BD-CW-SAMCO-ACE-LET-STR-074 - Re: Non-Compliance with Submission of Weekly Progress Reports.,Contractual submissions / reports,Low / Conditional,"Correct the monthly report, improve progress, and submit mitigation / recovery actions",,,,,,,,,,,,
letter_register,Auto Ingest Register,1,,,,,,,24-Feb-2026,,Re: Early Warning & Notification of Fact (pursuant to Sub-Clause 20.1)- Site Progress and Constraints for Buildings BI-B4,,,,,,,,,,,Low,,,,The Big -P.01-UP-20-April-26,,,,,,,,,,,,,,,,,,,,,,,,,,,,,,,,,,From ACE/032.pdf,Consultant to Contractor,BD-ACEPM-SAMCO-LET-033,General Correspondence,General correspondence,Already Registered,The reference already exists in the intelligence workbook.
letter_register,Auto Ingest Register,2,,,,,,,,,033,,,,,,,,,,,,,,,The Big -P.01-UP-20-April-26,,,,,,,,,,,,,,,,,,,,,,,,,,,,,,,,,,From ACE/033.pdf,Consultant to Contractor,BD-ACEPM-SAMCO-LET-033,,,Already Registered,The reference already exists in the intelligence workbook.
letter_register,Auto Ingest Register,3,,,,,,,,,034-Submission of proof of payment for engineering stamps due on contractual works.,,,,,,,,,,,,,,,The Big -P.01-UP-20-April-26,,,,,,,,,,,,,,,,,,,,,,,,,,,,,,,,,,From ACE/034-Submission of proof of payment for engineering stamps due on contractual works..pdf,Consultant to Contractor,BD-ACEPM-SAMCO-LET-034,,,Already Registered,The reference already exists in the intelligence workbook.
letter_register,Auto Ingest Register,4,,,,,,,,,035-Re Notification of Reinforcement Steel Supply Status and Entitlement to Tim Extensions,,,,,,,,,,,,,,,The Big -P.01-UP-20-April-26,,,,,,,,,,,,,,,,,,,,,,,,,,,,,,,,,,From ACE/035-Re Notification of Reinforcement Steel Supply Status and Entitlement to Tim Extensions.pdf,Consultant to Contractor,BD-ACEPM-SAMCO-LET-035,,,Already Registered,The reference already exists in the intelligence workbook.
letter_register,Auto Ingest Register,5,,,,,,,,,036-Failure to Achieve Section (1) Milestone within the contractual Due Date,,,,,,,,,,,,,,,The Big -P.01-UP-20-April-26,,,,,,,,,,,,,,,,,,,,,,,,,,,,,,,,,,From ACE/036-Failure to Achieve Section (1) Milestone within the contractual Due Date.pdf,Consultant to Contractor,BD-ACEPM-SAMCO-LET-036,,,Already Registered,The reference already exists in the intelligence workbook.
letter_register,Auto Ingest Register,6,,,,,,,,,037-Notice of Slow Progress Rate and Comments on Monthly Progress Report - April 2026,,,,,,,,,,,,,,,The Big -P.01-UP-20-April-26,,,,,,,,,,,,,,,,,,,,,,,,,,,,,,,,,,From ACE/037-Notice of Slow Progress Rate and Comments on Monthly Progress Report - April 2026.pdf,Consultant to Contractor,BD-ACEPM-SAMCO-LET-037,,,Already Registered,The reference already exists in the intelligence workbook.
letter_register,Auto Ingest Register,7,,,,,,,,,BD-CW-SAMCO-ACE-LET-STR-072,,,,,,,,,,,,,,,The Big -P.01-UP-20-April-26,,,,,,,,,,,,,,,,,,,,,,,,,,,,,,,,,,From SAMCO/BD-CW-SAMCO-ACE-LET-STR-072.pdf,Contractor to Consultant,BD-CW-SAMCO-ACE-LET-STR-072,,,Already Registered,The reference already exists in the intelligence workbook.
letter_register,Auto Ingest Register,8,,,,,,,,,BD-CW-SAMCO-ACE-LET-STR-073,,,,,,,,,,,,,,,The Big -P.01-UP-20-April-26,,,,,,,,,,,,,,,,,,,,,,,,,,,,,,,,,,From SAMCO/BD-CW-SAMCO-ACE-LET-STR-073.pdf,Contractor to Consultant,BD-CW-SAMCO-ACE-LET-STR-073,,,Already Registered,The reference already exists in the intelligence workbook.
letter_register,Auto Ingest Register,9,,,,,,,,,BD-CW-SAMCO-ACE-LET-STR-074,,,,,,,,,,,,,,,The Big -P.01-UP-20-April-26,,,,,,,,,,,,,,,,,,,,,,,,,,,,,,,,,,From SAMCO/BD-CW-SAMCO-ACE-LET-STR-074.pdf,Contractor to Consultant,BD-CW-SAMCO-ACE-LET-STR-074,,,Already Registered,The reference already exists in the intelligence workbook.
letter_register,Auto Ingest Register,10,,,,,,,,,BD-CW-SAMCO-ACE-LET-STR-075,,,,,,,,,,,,,,,The Big -P.01-UP-20-April-26,,,,,,,,,,,,,,,,,,,,,,,,,,,,,,,,,,From SAMCO/BD-CW-SAMCO-ACE-LET-STR-075.pdf,Contractor to Consultant,BD-CW-SAMCO-ACE-LET-STR-075,,,Already Registered,The reference already exists in the intelligence workbook.
letter_register,Auto Ingest Register,11,,,,,,,,,BD-CW-SAMCO-ACE-LET-STR-076,,,,,,,,,,,,,,,The Big -P.01-UP-20-April-26,,,,,,,,,,,,,,,,,,,,,,,,,,,,,,,,,,From SAMCO/BD-CW-SAMCO-ACE-LET-STR-076.pdf,Contractor to Consultant,BD-CW-SAMCO-ACE-LET-STR-076,,,Already Registered,The reference already exists in the intelligence workbook.
letter_register,Auto Ingest Register,12,,,,,,,,,BD-CW-SAMCO-ACE-LET-STR-077,,,,,,,,,,,,,,,The Big -P.01-UP-20-April-26,,,,,,,,,,,,,,,,,,,,,,,,,,,,,,,,,,From SAMCO/BD-CW-SAMCO-ACE-LET-STR-077.pdf,Contractor to Consultant,BD-CW-SAMCO-ACE-LET-STR-077,,,Already Registered,The reference already exists in the intelligence workbook.
letter_register,Auto Ingest Register,13,,,,,,,,,BD-CW-SAMCO-ACE-LET-STR-078,,,,,,,,,,,,,,,The Big -P.01-UP-20-April-26,,,,,,,,,,,,,,,,,,,,,,,,,,,,,,,,,,From SAMCO/BD-CW-SAMCO-ACE-LET-STR-078.pdf,Contractor to Consultant,BD-CW-SAMCO-ACE-LET-STR-078,,,Already Registered,The reference already exists in the intelligence workbook.
letter_register,Auto Ingest Register,14,,,,,,,,,BD-CW-SAMCO-ACE-LET-STR-079,,,,,,,,,,,,,,,The Big -P.01-UP-20-April-26,,,,,,,,,,,,,,,,,,,,,,,,,,,,,,,,,,From SAMCO/BD-CW-SAMCO-ACE-LET-STR-079.pdf,Contractor to Consultant,BD-CW-SAMCO-ACE-LET-STR-079,,,Already Registered,The reference already exists in the intelligence workbook.
letter_register,Auto Ingest Register,15,,,,,,,,,BD-CW-SAMCO-ACE-LET-STR-080,,,,,,,,,,,,,,,The Big -P.01-UP-20-April-26,,,,,,,,,,,,,,,,,,,,,,,,,,,,,,,,,,From SAMCO/BD-CW-SAMCO-ACE-LET-STR-080.pdf,Contractor to Consultant,BD-CW-SAMCO-ACE-LET-STR-080,,,Already Registered,The reference already exists in the intelligence workbook.
letter_register,Auto Ingest Register,16,,,,,,,,,BD-CW-SAMCO-ACE-LET-STR-081,,,,,,,,,,,,,,,The Big -P.01-UP-20-April-26,,,,,,,,,,,,,,,,,,,,,,,,,,,,,,,,,,From SAMCO/BD-CW-SAMCO-ACE-LET-STR-081.pdf,Contractor to Consultant,BD-CW-SAMCO-ACE-LET-STR-081,,,Already Registered,The reference already exists in the intelligence workbook.
letter_register,Auto Ingest Register,17,,,,,,,,,BD-CW-SAMCO-ACE-LET-STR-082,,,,,,,,,,,,,,,The Big -P.01-UP-20-April-26,,,,,,,,,,,,,,,,,,,,,,,,,,,,,,,,,,From SAMCO/BD-CW-SAMCO-ACE-LET-STR-082.pdf,Contractor to Consultant,BD-CW-SAMCO-ACE-LET-STR-082,,,Already Registered,The reference already exists in the intelligence workbook.
