master_project_id,master_activity_id,master_activity_row_order,master_evm_row_order,master_progress_row_order,activity__project_id,activity__wbs_id,activity__activity_id,activity__activity_name,activity__planned_start,activity__planned_finish,activity__actual_start,activity__actual_finish,activity__forecast_start,activity__forecast_finish,activity__planned_weight,activity__planned_progress,activity__actual_progress,activity__total_float_days,activity__is_critical,activity__responsible_party,evm__project_id,evm__activity_id,evm__activity_name,evm__period,evm__BAC,evm__AC,evm__EV,evm__PV,evm__CPI,evm__SPI,evm__CV,evm__SV,progress__project_id,progress__activity_id,progress__update_date,progress__planned_progress,progress__actual_progress,progress__planned_value,progress__earned_value,progress__actual_cost,progress__notes
The Big -P.01-UP-20-April-26,KD-MS-1000,0,0,0,The Big -P.01-UP-20-April-26,The Big - P.01 - UP-24-MAY-26.KD.MI,KD-MS-1000,Project Start Date,11-Sep-25,,11-Sep-25 A,,21-Dec-25,,1,1.0,1.0,,No,,The Big -P.01-UP-20-April-26,KD-MS-1000,Project Start Date,May-26,0.0,0.0,0.0,0.0,0,0.0,0,0.0,The Big -P.01-UP-20-April-26,KD-MS-1000,10-May-26,100.00%,100.00%,$0.00,$0.00,$0.00,
The Big -P.01-UP-20-April-26,KD-MS-1010,1,1,1,The Big -P.01-UP-20-April-26,The Big - P.01 - UP-24-MAY-26.KD.MI,KD-MS-1010,Contract Agreement,11-Sep-25,,11-Sep-25 A,,21-Dec-25,,1,1.0,1.0,,No,,The Big -P.01-UP-20-April-26,KD-MS-1010,Contract Agreement,May-26,0.0,0.0,0.0,0.0,0,0.0,0,0.0,The Big -P.01-UP-20-April-26,KD-MS-1010,10-May-26,100.00%,100.00%,$0.00,$0.00,$0.00,
The Big -P.01-UP-20-April-26,KD-MS-1020,2,2,2,The Big -P.01-UP-20-April-26,The Big - P.01 - UP-24-MAY-26.KD.MI,KD-MS-1020,IFC Drawing Package,11-Sep-25,,11-Sep-25 A,,21-Dec-25,,1,1.0,1.0,,No,,The Big -P.01-UP-20-April-26,KD-MS-1020,IFC Drawing Package,May-26,0.0,0.0,0.0,0.0,0,0.0,0,0.0,The Big -P.01-UP-20-April-26,KD-MS-1020,10-May-26,100.00%,100.00%,$0.00,$0.00,$0.00,
The Big -P.01-UP-20-April-26,KD-MOB-1000,3,7,7,The Big -P.01-UP-20-April-26,The Big - P.01 - UP-24-MAY-26.KD.MO,KD-MOB-1000,Surveying Works,11-Sep-25,28-Sep-25,13-Sep-25 A,29-Sep-25 A,21-Dec-25,21-Dec-25,1,1.0,1.0,,No,,The Big -P.01-UP-20-April-26,KD-MOB-1000,Surveying Works,17-May-26,0.0,0.0,0.0,0.0,0,0.0,0,0.0,The Big -P.01-UP-20-April-26,KD-MOB-1000,10-May-26,100.00%,100.00%,$0.00,$0.00,$0.00,
The Big -P.01-UP-20-April-26,KD-MOB-1010,4,8,8,The Big -P.01-UP-20-April-26,The Big - P.01 - UP-24-MAY-26.KD.MO,KD-MOB-1010,Equipment Mobilization,11-Sep-25,28-Sep-25,13-Sep-25 A,29-Sep-25 A,21-Dec-25,21-Dec-25,1,1.0,1.0,,No,,The Big -P.01-UP-20-April-26,KD-MOB-1010,Equipment Mobilization,17-May-26,0.0,0.0,0.0,0.0,0,0.0,0,0.0,The Big -P.01-UP-20-April-26,KD-MOB-1010,10-May-26,100.00%,100.00%,$0.00,$0.00,$0.00,
The Big -P.01-UP-20-April-26,KD-MOB-1020,5,9,9,The Big -P.01-UP-20-April-26,The Big - P.01 - UP-24-MAY-26.KD.MO,KD-MOB-1020,Site Preparation,11-Sep-25,28-Sep-25,13-Sep-25 A,29-Sep-25 A,21-Dec-25,21-Dec-25,1,1.0,1.0,,No,,The Big -P.01-UP-20-April-26,KD-MOB-1020,Site Preparation,17-May-26,0.0,0.0,0.0,0.0,0,0.0,0,0.0,The Big -P.01-UP-20-April-26,KD-MOB-1020,10-May-26,100.00%,100.00%,$0.00,$0.00,$0.00,
The Big -P.01-UP-20-April-26,P-MS-1000,6,3,3,The Big -P.01-UP-20-April-26,The Big - P.01 - UP-24-MAY-26.P.MS.SS,P-MS-1000,Submittal for RFT Rebar,11-Sep-25,1-Oct-25,11-Sep-25 A,01-Oct-25 A,21-Dec-25,21-Dec-25,1,1.0,1.0,,No,,The Big -P.01-UP-20-April-26,P-MS-1000,Submittal for RFT Rebar,May-26,0.0,0.0,0.0,0.0,0,0.0,0,0.0,The Big -P.01-UP-20-April-26,P-MS-1000,10-May-26,100.00%,100.00%,$0.00,$0.00,$0.00,
The Big -P.01-UP-20-April-26,E-DR-1000,7,4,4,The Big -P.01-UP-20-April-26,The Big - P.01 - UP-24-MAY-26.EN.1,E-DR-1000,Design Review,11-Sep-25,9-Nov-25,11-Sep-25 A,09-Nov-25 A,21-Dec-25,21-Dec-25,1,1.0,1.0,,No,,The Big -P.01-UP-20-April-26,E-DR-1000,Design Review,May-26,0.0,0.0,0.0,0.0,0,0.0,0,0.0,The Big -P.01-UP-20-April-26,E-DR-1000,10-May-26,100.00%,100.00%,$0.00,$0.00,$0.00,
The Big -P.01-UP-20-April-26,E-SUB-B01-REP-1000,8,5,5,The Big -P.01-UP-20-April-26,The Big - P.01 - UP-24-MAY-26.EN.2.S.P02.B01.SUB.1,E-SUB-B01-REP-1000,Submittal for General Replacement Plan & Typical Sections for Replacement / Backfilling DWGs  (B01),11-Sep-25,1-Oct-25,11-Sep-25 A,13-Nov-25 A,21-Dec-25,21-Dec-25,1,1.0,1.0,,No,,The Big -P.01-UP-20-April-26,E-SUB-B01-REP-1000,Submittal for General Replacement Plan & Typical Sections for Replacement / Backfilling DWGs  (B01),May-26,0.0,0.0,0.0,0.0,0,0.0,0,0.0,The Big -P.01-UP-20-April-26,E-SUB-B01-REP-1000,10-May-26,100.00%,100.00%,$0.00,$0.00,$0.00,
The Big -P.01-UP-20-April-26,E-SUB-B02-REP-1000,9,6,6,The Big -P.01-UP-20-April-26,The Big - P.01 - UP-24-MAY-26.EN.2.S.P02.B02.SUB.1,E-SUB-B02-REP-1000,Submittal for General Replacement Plan & Typical Sections for Replacement / Backfilling DWGs (B02),11-Sep-25,20-Sep-25,11-Sep-25 A,20-Sep-25 A,29-Jan-26,29-Jan-26,1,1.0,1.0,,No,,The Big -P.01-UP-20-April-26,E-SUB-B02-REP-1000,Submittal for General Replacement Plan & Typical Sections for Replacement / Backfilling DWGs (B02),May-26,0.0,0.0,0.0,0.0,0,0.0,0,0.0,The Big -P.01-UP-20-April-26,E-SUB-B02-REP-1000,10-May-26,100.00%,100.00%,$0.00,$0.00,$0.00,
The Big -P.01-UP-20-April-26,E-SUB-B04-WT-1000,10,97,97,The Big -P.01-UP-20-April-26,The Big - P.01 - UP-24-MAY-26.EN.2.S.P01.B04.SUB.2ndB.1,E-SUB-B04-WT-1000,Submittal for PC Raft Conc. Dim. DWGs (B04) (Water Tank),13-Sep-25,2-Oct-25,01-Nov-25 A,20-Nov-25 A,7-Feb-26,7-Feb-26,1,1.0,1.0,,No,,The Big -P.01-UP-20-April-26,E-SUB-B04-WT-1000,Submittal for PC Raft Conc. Dim. DWGs (B04) (Water Tank),17-May-26,0.0,0.0,0.0,0.0,0,0.0,0,0.0,The Big -P.01-UP-20-April-26,E-SUB-B04-WT-1000,10-May-26,100.00%,100.00%,$0.00,$0.00,$0.00,
The Big -P.01-UP-20-April-26,P-MS-1020,11,10,10,The Big -P.01-UP-20-April-26,The Big - P.01 - UP-24-MAY-26.P.MS.SS,P-MS-1020,Submittal for Soil Replacement,14-Sep-25,4-Oct-25,14-Sep-25 A,04-Oct-25 A,21-Dec-25,21-Dec-25,1,1.0,1.0,,No,,The Big -P.01-UP-20-April-26,P-MS-1020,Submittal for Soil Replacement,17-May-26,0.0,0.0,0.0,0.0,0,0.0,0,0.0,The Big -P.01-UP-20-April-26,P-MS-1020,10-May-26,100.00%,100.00%,$0.00,$0.00,$0.00,
The Big -P.01-UP-20-April-26,P-MS-1010,12,11,11,The Big -P.01-UP-20-April-26,The Big - P.01 - UP-24-MAY-26.P.MS.SS,P-MS-1010,Submittal for Plain Concrete,14-Sep-25,4-Oct-25,14-Sep-25 A,04-Oct-25 A,21-Dec-25,21-Dec-25,1,1.0,1.0,,No,,The Big -P.01-UP-20-April-26,P-MS-1010,Submittal for Plain Concrete,17-May-26,0.0,0.0,0.0,0.0,0,0.0,0,0.0,The Big -P.01-UP-20-April-26,P-MS-1010,10-May-26,100.00%,100.00%,$0.00,$0.00,$0.00,
The Big -P.01-UP-20-April-26,E-SUB-B04-WT-1010,13,100,100,The Big -P.01-UP-20-April-26,The Big - P.01 - UP-24-MAY-26.EN.2.S.P01.B04.SUB.2ndB.1,E-SUB-B04-WT-1010,Submittal for RC Raft Conc. Dim. DWGs (B04) (Water Tank),16-Sep-25,7-Oct-25,04-Nov-25 A,24-Nov-25 A,7-Feb-26,7-Feb-26,1,1.0,1.0,,No,,The Big -P.01-UP-20-April-26,E-SUB-B04-WT-1010,Submittal for RC Raft Conc. Dim. DWGs (B04) (Water Tank),17-May-26,0.0,0.0,0.0,0.0,0,0.0,0,0.0,The Big -P.01-UP-20-April-26,E-SUB-B04-WT-1010,10-May-26,100.00%,100.00%,$0.00,$0.00,$0.00,
The Big -P.01-UP-20-April-26,E-SUB-B04-WT-1020,14,103,103,The Big -P.01-UP-20-April-26,The Big - P.01 - UP-24-MAY-26.EN.2.S.P01.B04.SUB.2ndB.1,E-SUB-B04-WT-1020,Submittal for RC Raft RFT DWGs (B04) (Water Tank),20-Sep-25,11-Oct-25,08-Nov-25 A,27-Nov-25 A,7-Feb-26,7-Feb-26,1,1.0,1.0,,No,,The Big -P.01-UP-20-April-26,E-SUB-B04-WT-1020,Submittal for RC Raft RFT DWGs (B04) (Water Tank),17-May-26,0.0,0.0,0.0,0.0,0,0.0,0,0.0,The Big -P.01-UP-20-April-26,E-SUB-B04-WT-1020,10-May-26,100.00%,100.00%,$0.00,$0.00,$0.00,
The Big -P.01-UP-20-April-26,P-MS-1030,15,13,13,The Big -P.01-UP-20-April-26,The Big - P.01 - UP-24-MAY-26.P.MS.SS,P-MS-1030,Submittal for Rc Concrete,21-Sep-25,12-Oct-25,21-Sep-25 A,12-Oct-25 A,22-Dec-25,22-Dec-25,1,1.0,1.0,,No,,The Big -P.01-UP-20-April-26,P-MS-1030,Submittal for Rc Concrete,17-May-26,0.0,0.0,0.0,0.0,0,0.0,0,0.0,The Big -P.01-UP-20-April-26,P-MS-1030,10-May-26,100.00%,100.00%,$0.00,$0.00,$0.00,
The Big -P.01-UP-20-April-26,E-SUB-B04-FOOT-1000,16,14,14,The Big -P.01-UP-20-April-26,The Big - P.01 - UP-24-MAY-26.EN.2.S.P01.B04.SUB.F,E-SUB-B04-FOOT-1000,Submittal for  Waterproofing Layout Plan (B04),21-Sep-25,12-Oct-25,21-Sep-25 A,12-Oct-25 A,26-Jan-26,26-Jan-26,1,1.0,1.0,,No,,The Big -P.01-UP-20-April-26,E-SUB-B04-FOOT-1000,Submittal for  Waterproofing Layout Plan (B04),17-May-26,0.0,0.0,0.0,0.0,0,0.0,0,0.0,The Big -P.01-UP-20-April-26,E-SUB-B04-FOOT-1000,10-May-26,100.00%,100.00%,$0.00,$0.00,$0.00,
The Big -P.01-UP-20-April-26,E-SUB-B04-WT-1030,17,106,106,The Big -P.01-UP-20-April-26,The Big - P.01 - UP-24-MAY-26.EN.2.S.P01.B04.SUB.2ndB.1,E-SUB-B04-WT-1030,Submittal for Col. & Walls DWGs (B04) (Water Tank),23-Sep-25,14-Oct-25,12-Nov-25 A,30-Nov-25 A,7-Feb-26,7-Feb-26,1,1.0,1.0,,No,,The Big -P.01-UP-20-April-26,E-SUB-B04-WT-1030,Submittal for Col. & Walls DWGs (B04) (Water Tank),17-May-26,0.0,0.0,0.0,0.0,0,0.0,0,0.0,The Big -P.01-UP-20-April-26,E-SUB-B04-WT-1030,10-May-26,100.00%,100.00%,$0.00,$0.00,$0.00,
The Big -P.01-UP-20-April-26,P-MS-1040,18,18,18,The Big -P.01-UP-20-April-26,The Big - P.01 - UP-24-MAY-26.P.MS.SS,P-MS-1040,Submittal for Waterproofing,23-Sep-25,14-Oct-25,23-Sep-25 A,14-Oct-25 A,21-Dec-25,21-Dec-25,1,1.0,1.0,,No,,The Big -P.01-UP-20-April-26,P-MS-1040,Submittal for Waterproofing,17-May-26,0.0,0.0,0.0,0.0,0,0.0,0,0.0,The Big -P.01-UP-20-April-26,P-MS-1040,10-May-26,100.00%,100.00%,$0.00,$0.00,$0.00,
The Big -P.01-UP-20-April-26,P-MS-1050,19,19,19,The Big -P.01-UP-20-April-26,The Big - P.01 - UP-24-MAY-26.P.MS.SS,P-MS-1050,Submittal for cold applied damp-proofing,23-Sep-25,14-Oct-25,23-Sep-25 A,14-Oct-25 A,7-Nov-26,7-Nov-26,1,1.0,1.0,,No,,The Big -P.01-UP-20-April-26,P-MS-1050,Submittal for cold applied damp-proofing,17-May-26,0.0,0.0,0.0,0.0,0,0.0,0,0.0,The Big -P.01-UP-20-April-26,P-MS-1050,10-May-26,100.00%,100.00%,$0.00,$0.00,$0.00,
The Big -P.01-UP-20-April-26,P-MS-1060,20,17,17,The Big -P.01-UP-20-April-26,The Big - P.01 - UP-24-MAY-26.P.MS.SS,P-MS-1060,Submittal for cold Crystalline waterproofing for Water tank,23-Sep-25,14-Oct-25,23-Sep-25 A,14-Oct-25 A,20-May-27,20-May-27,1,1.0,1.0,,No,,The Big -P.01-UP-20-April-26,P-MS-1060,Submittal for cold Crystalline waterproofing for Water tank,17-May-26,0.0,0.0,0.0,0.0,0,0.0,0,0.0,The Big -P.01-UP-20-April-26,P-MS-1060,10-May-26,100.00%,100.00%,$0.00,$0.00,$0.00,
The Big -P.01-UP-20-April-26,E-APP-B02-REP-1000,21,20,20,The Big -P.01-UP-20-April-26,The Big - P.01 - UP-24-MAY-26.EN.2.A.P02.B02.SUB.1,E-APP-B02-REP-1000,Approval for General Replacement Plan & Typical Sections for Replacement / Backfilling DWGs (B02),25-Sep-25,7-Oct-25,25-Sep-25 A,07-Oct-25 A,29-Jan-26,29-Jan-26,1,1.0,1.0,,No,,The Big -P.01-UP-20-April-26,E-APP-B02-REP-1000,Approval for General Replacement Plan & Typical Sections for Replacement / Backfilling DWGs (B02),17-May-26,0.0,0.0,0.0,0.0,0,0.0,0,0.0,The Big -P.01-UP-20-April-26,E-APP-B02-REP-1000,10-May-26,100.00%,100.00%,$0.00,$0.00,$0.00,
The Big -P.01-UP-20-April-26,E-SUB-B04-WT-1040,22,108,108,The Big -P.01-UP-20-April-26,The Big - P.01 - UP-24-MAY-26.EN.2.S.P01.B04.SUB.2ndB.1,E-SUB-B04-WT-1040,Submittal for Slabs DWGs (B04) (Water Tank),27-Sep-25,18-Oct-25,14-Nov-25 A,30-Nov-25 A,10-Feb-26,10-Feb-26,1,1.0,1.0,,No,,The Big -P.01-UP-20-April-26,E-SUB-B04-WT-1040,Submittal for Slabs DWGs (B04) (Water Tank),17-May-26,0.0,0.0,0.0,0.0,0,0.0,0,0.0,The Big -P.01-UP-20-April-26,E-SUB-B04-WT-1040,10-May-26,100.00%,100.00%,$0.00,$0.00,$0.00,
The Big -P.01-UP-20-April-26,E-SUB-B03-REP-1000,23,22,22,The Big -P.01-UP-20-April-26,The Big - P.01 - UP-24-MAY-26.EN.2.S.P01.B03.SUB.1,E-SUB-B03-REP-1000,Submittal for General Replacement Plan & Typical Sections for Replacement / Backfilling DWGs (B03),27-Sep-25,18-Oct-25,27-Sep-25 A,18-Oct-25 A,12-Feb-26,12-Feb-26,1,1.0,1.0,,No,,The Big -P.01-UP-20-April-26,E-SUB-B03-REP-1000,Submittal for General Replacement Plan & Typical Sections for Replacement / Backfilling DWGs (B03),17-May-26,0.0,0.0,0.0,0.0,0,0.0,0,0.0,The Big -P.01-UP-20-April-26,E-SUB-B03-REP-1000,10-May-26,100.00%,100.00%,$0.00,$0.00,$0.00,
The Big -P.01-UP-20-April-26,E-SUB-B01-FOOT-1000,24,12,12,The Big -P.01-UP-20-April-26,The Big - P.01 - UP-24-MAY-26.EN.2.S.P02.B01.SUB.F,E-SUB-B01-FOOT-1000,Submittal for PC Raft Conc. Dim. DWGs (B01) (footing),1-Oct-25,22-Oct-25,16-Sep-25 A,27-Oct-25 A,21-Dec-25,21-Dec-25,1,1.0,1.0,,No,,The Big -P.01-UP-20-April-26,E-SUB-B01-FOOT-1000,Submittal for PC Raft Conc. Dim. DWGs (B01) (footing),17-May-26,0.0,0.0,0.0,0.0,0,0.0,0,0.0,The Big -P.01-UP-20-April-26,E-SUB-B01-FOOT-1000,10-May-26,100.00%,100.00%,$0.00,$0.00,$0.00,
The Big -P.01-UP-20-April-26,P-MA-1000,25,25,25,The Big -P.01-UP-20-April-26,The Big - P.01 - UP-24-MAY-26.P.MS.SA,P-MA-1000,Approval for RFT Rebar,2-Oct-25,14-Oct-25,02-Oct-25 A,14-Oct-25 A,21-Dec-25,21-Dec-25,1,1.0,1.0,,No,,The Big -P.01-UP-20-April-26,P-MA-1000,Approval for RFT Rebar,17-May-26,0.0,0.0,0.0,0.0,0,0.0,0,0.0,The Big -P.01-UP-20-April-26,P-MA-1000,10-May-26,100.00%,100.00%,$0.00,$0.00,$0.00,
The Big -P.01-UP-20-April-26,E-APP-B01-REP-1000,26,26,26,The Big -P.01-UP-20-April-26,The Big - P.01 - UP-24-MAY-26.EN.2.A.P02.B01.SUB.1,E-APP-B01-REP-1000,Approval for General Replacement Plan & Typical Sections for Replacement / Backfilling DWGs (B01),2-Oct-25,14-Oct-25,02-Oct-25 A,23-Nov-25 A,21-Dec-25,21-Dec-25,1,1.0,1.0,,No,,The Big -P.01-UP-20-April-26,E-APP-B01-REP-1000,Approval for General Replacement Plan & Typical Sections for Replacement / Backfilling DWGs (B01),17-May-26,0.0,0.0,0.0,0.0,0,0.0,0,0.0,The Big -P.01-UP-20-April-26,E-APP-B01-REP-1000,10-May-26,100.00%,100.00%,$0.00,$0.00,$0.00,
The Big -P.01-UP-20-April-26,E-APP-B04-WT-1000,27,32,32,The Big -P.01-UP-20-April-26,The Big - P.01 - UP-24-MAY-26.EN.2.A.P01.B04.SUB.2ndF.WT,E-APP-B04-WT-1000,Approval for PC Raft Conc. Dim. DWGs (B04) (Water Tank),4-Oct-25,15-Oct-25,07-Oct-25 A,17-Dec-25 A,7-Feb-26,7-Feb-26,1,1.0,1.0,,No,,The Big -P.01-UP-20-April-26,E-APP-B04-WT-1000,Approval for PC Raft Conc. Dim. DWGs (B04) (Water Tank),17-May-26,0.0,0.0,0.0,0.0,0,0.0,0,0.0,The Big -P.01-UP-20-April-26,E-APP-B04-WT-1000,10-May-26,100.00%,100.00%,$0.00,$0.00,$0.00,
The Big -P.01-UP-20-April-26,E-SUB-B01-FOOT-1010,28,28,28,The Big -P.01-UP-20-April-26,The Big - P.01 - UP-24-MAY-26.EN.2.S.P02.B01.SUB.F,E-SUB-B01-FOOT-1010,Submittal for RC Raft & Footings Conc. Dim. DWGs (B01) (footing),5-Oct-25,26-Oct-25,05-Oct-25 A,27-Oct-25 A,21-Dec-25,21-Dec-25,1,1.0,1.0,,No,,The Big -P.01-UP-20-April-26,E-SUB-B01-FOOT-1010,Submittal for RC Raft & Footings Conc. Dim. DWGs (B01) (footing),17-May-26,0.0,0.0,0.0,0.0,0,0.0,0,0.0,The Big -P.01-UP-20-April-26,E-SUB-B01-FOOT-1010,10-May-26,100.00%,100.00%,$0.00,$0.00,$0.00,
The Big -P.01-UP-20-April-26,P-MA-1010,29,29,29,The Big -P.01-UP-20-April-26,The Big - P.01 - UP-24-MAY-26.P.MS.SA,P-MA-1010,Approval for Soil Replacement,5-Oct-25,16-Oct-25,05-Oct-25 A,16-Oct-25 A,21-Dec-25,21-Dec-25,1,1.0,1.0,,No,,The Big -P.01-UP-20-April-26,P-MA-1010,Approval for Soil Replacement,17-May-26,0.0,0.0,0.0,0.0,0,0.0,0,0.0,The Big -P.01-UP-20-April-26,P-MA-1010,10-May-26,100.00%,100.00%,$0.00,$0.00,$0.00,
The Big -P.01-UP-20-April-26,P-MA-1020,30,30,30,The Big -P.01-UP-20-April-26,The Big - P.01 - UP-24-MAY-26.P.MS.SA,P-MA-1020,Approval for Plain Concrete,5-Oct-25,16-Oct-25,05-Oct-25 A,16-Oct-25 A,21-Dec-25,21-Dec-25,1,1.0,1.0,,No,,The Big -P.01-UP-20-April-26,P-MA-1020,Approval for Plain Concrete,17-May-26,0.0,0.0,0.0,0.0,0,0.0,0,0.0,The Big -P.01-UP-20-April-26,P-MA-1020,10-May-26,100.00%,100.00%,$0.00,$0.00,$0.00,
The Big -P.01-UP-20-April-26,E-SUB-B02-FOOT-1000,31,33,33,The Big -P.01-UP-20-April-26,The Big - P.01 - UP-24-MAY-26.EN.2.S.P02.B02.SUB.F,E-SUB-B02-FOOT-1000,Submittal for PC Raft Conc. Dim. DWGs (B02) (footing),7-Oct-25,27-Oct-25,07-Oct-25 A,27-Oct-25 A,29-Jan-26,29-Jan-26,1,1.0,1.0,,No,,The Big -P.01-UP-20-April-26,E-SUB-B02-FOOT-1000,Submittal for PC Raft Conc. Dim. DWGs (B02) (footing),17-May-26,0.0,0.0,0.0,0.0,0,0.0,0,0.0,The Big -P.01-UP-20-April-26,E-SUB-B02-FOOT-1000,10-May-26,100.00%,100.00%,$0.00,$0.00,$0.00,
The Big -P.01-UP-20-April-26,E-APP-B03-REP-1000,32,34,34,The Big -P.01-UP-20-April-26,The Big - P.01 - UP-24-MAY-26.EN.2.A.P01.B03.SUB.4,E-APP-B03-REP-1000,Approval for General Replacement Plan & Typical Sections for Replacement / Backfilling DWGs (B03),7-Oct-25,18-Oct-25,07-Oct-25 A,18-Oct-25 A,12-Feb-26,12-Feb-26,1,1.0,1.0,,No,,The Big -P.01-UP-20-April-26,E-APP-B03-REP-1000,Approval for General Replacement Plan & Typical Sections for Replacement / Backfilling DWGs (B03),17-May-26,0.0,0.0,0.0,0.0,0,0.0,0,0.0,The Big -P.01-UP-20-April-26,E-APP-B03-REP-1000,10-May-26,100.00%,100.00%,$0.00,$0.00,$0.00,
The Big -P.01-UP-20-April-26,E-SUB-B04-FOOT-1010,33,35,35,The Big -P.01-UP-20-April-26,The Big - P.01 - UP-24-MAY-26.EN.2.S.P01.B04.SUB.F,E-SUB-B04-FOOT-1010,Submittal for PC Raft Conc. Dim. DWGs (B04) (footing),8-Oct-25,28-Oct-25,08-Oct-25 A,28-Oct-25 A,26-Jan-26,26-Jan-26,1,1.0,1.0,,No,,The Big -P.01-UP-20-April-26,E-SUB-B04-FOOT-1010,Submittal for PC Raft Conc. Dim. DWGs (B04) (footing),17-May-26,0.0,0.0,0.0,0.0,0,0.0,0,0.0,The Big -P.01-UP-20-April-26,E-SUB-B04-FOOT-1010,10-May-26,100.00%,100.00%,$0.00,$0.00,$0.00,
The Big -P.01-UP-20-April-26,E-APP-B04-WT-1010,34,112,112,The Big -P.01-UP-20-April-26,The Big - P.01 - UP-24-MAY-26.EN.2.A.P01.B04.SUB.2ndF.WT,E-APP-B04-WT-1010,Approval for RC Raft Conc. Dim. DWGs (B04) (Water Tank),8-Oct-25,19-Oct-25,18-Nov-25 A,29-Nov-25 A,7-Feb-26,7-Feb-26,1,1.0,1.0,,No,,The Big -P.01-UP-20-April-26,E-APP-B04-WT-1010,Approval for RC Raft Conc. Dim. DWGs (B04) (Water Tank),17-May-26,0.0,0.0,0.0,0.0,0,0.0,0,0.0,The Big -P.01-UP-20-April-26,E-APP-B04-WT-1010,10-May-26,100.00%,100.00%,$0.00,$0.00,$0.00,
The Big -P.01-UP-20-April-26,E-SUB-B02-FOOT-1030,35,36,36,The Big -P.01-UP-20-April-26,The Big - P.01 - UP-24-MAY-26.EN.2.S.P02.B02.SUB.F,E-SUB-B02-FOOT-1030,Submittal for  Waterproofing Layout Plan (B02),8-Oct-25,28-Oct-25,08-Oct-25 A,28-Oct-25 A,29-Jan-26,29-Jan-26,1,1.0,1.0,,No,,The Big -P.01-UP-20-April-26,E-SUB-B02-FOOT-1030,Submittal for  Waterproofing Layout Plan (B02),17-May-26,0.0,0.0,0.0,0.0,0,0.0,0,0.0,The Big -P.01-UP-20-April-26,E-SUB-B02-FOOT-1030,10-May-26,100.00%,100.00%,$0.00,$0.00,$0.00,
The Big -P.01-UP-20-April-26,E-SUB-B01-FOOT-1030,36,24,24,The Big -P.01-UP-20-April-26,The Big - P.01 - UP-24-MAY-26.EN.2.S.P02.B01.SUB.F,E-SUB-B01-FOOT-1030,Submittal for  Waterproofing Layout Plan (B01),9-Oct-25,29-Oct-25,01-Oct-25 A,11-Oct-25 A,21-Dec-25,21-Dec-25,1,1.0,1.0,,No,,The Big -P.01-UP-20-April-26,E-SUB-B01-FOOT-1030,Submittal for  Waterproofing Layout Plan (B01),17-May-26,0.0,0.0,0.0,0.0,0,0.0,0,0.0,The Big -P.01-UP-20-April-26,E-SUB-B01-FOOT-1030,10-May-26,100.00%,100.00%,$0.00,$0.00,$0.00,
The Big -P.01-UP-20-April-26,E-SUB-B02-FOOT-1010,37,40,40,The Big -P.01-UP-20-April-26,The Big - P.01 - UP-24-MAY-26.EN.2.S.P02.B02.SUB.F,E-SUB-B02-FOOT-1010,Submittal for RC Raft & Footings Conc. Dim. DWGs (B02) (footing),11-Oct-25,30-Oct-25,11-Oct-25 A,30-Oct-25 A,29-Jan-26,29-Jan-26,1,1.0,1.0,,No,,The Big -P.01-UP-20-April-26,E-SUB-B02-FOOT-1010,Submittal for RC Raft & Footings Conc. Dim. DWGs (B02) (footing),17-May-26,0.0,0.0,0.0,0.0,0,0.0,0,0.0,The Big -P.01-UP-20-April-26,E-SUB-B02-FOOT-1010,10-May-26,100.00%,100.00%,$0.00,$0.00,$0.00,
The Big -P.01-UP-20-April-26,E-SUB-B03-FOOT-1010,38,41,41,The Big -P.01-UP-20-April-26,The Big - P.01 - UP-24-MAY-26.EN.2.S.P01.B03.SUB.F,E-SUB-B03-FOOT-1010,Submittal for PC Raft Conc. Dim. DWGs (B03) (footing),11-Oct-25,30-Oct-25,11-Oct-25 A,30-Oct-25 A,12-Feb-26,12-Feb-26,1,1.0,1.0,,No,,The Big -P.01-UP-20-April-26,E-SUB-B03-FOOT-1010,Submittal for PC Raft Conc. Dim. DWGs (B03) (footing),17-May-26,0.0,0.0,0.0,0.0,0,0.0,0,0.0,The Big -P.01-UP-20-April-26,E-SUB-B03-FOOT-1010,10-May-26,100.00%,100.00%,$0.00,$0.00,$0.00,
The Big -P.01-UP-20-April-26,E-SUB-B04-FOOT-1020,39,43,43,The Big -P.01-UP-20-April-26,The Big - P.01 - UP-24-MAY-26.EN.2.S.P01.B04.SUB.F,E-SUB-B04-FOOT-1020,Submittal for RC Raft & Footings Conc. Dim. DWGs (B04) (footing),12-Oct-25,1-Nov-25,12-Oct-25 A,01-Nov-25 A,26-Jan-26,26-Jan-26,1,1.0,1.0,,No,,The Big -P.01-UP-20-April-26,E-SUB-B04-FOOT-1020,Submittal for RC Raft & Footings Conc. Dim. DWGs (B04) (footing),17-May-26,0.0,0.0,0.0,0.0,0,0.0,0,0.0,The Big -P.01-UP-20-April-26,E-SUB-B04-FOOT-1020,10-May-26,100.00%,100.00%,$0.00,$0.00,$0.00,
The Big -P.01-UP-20-April-26,E-APP-B04-WT-1020,40,116,116,The Big -P.01-UP-20-April-26,The Big - P.01 - UP-24-MAY-26.EN.2.A.P01.B04.SUB.2ndF.WT,E-APP-B04-WT-1020,Approval for RC Raft RFT DWGs (B04) (Water Tank),12-Oct-25,22-Oct-25,22-Nov-25 A,02-Dec-25 A,7-Feb-26,7-Feb-26,1,1.0,1.0,,No,,The Big -P.01-UP-20-April-26,E-APP-B04-WT-1020,Approval for RC Raft RFT DWGs (B04) (Water Tank),17-May-26,0.0,0.0,0.0,0.0,0,0.0,0,0.0,The Big -P.01-UP-20-April-26,E-APP-B04-WT-1020,10-May-26,100.00%,100.00%,$0.00,$0.00,$0.00,
The Big -P.01-UP-20-April-26,E-SUB-B03-FOOT-1000,41,44,44,The Big -P.01-UP-20-April-26,The Big - P.01 - UP-24-MAY-26.EN.2.S.P01.B03.SUB.F,E-SUB-B03-FOOT-1000,Submittal for  Waterproofing Layout Plan (B03),12-Oct-25,1-Nov-25,12-Oct-25 A,01-Nov-25 A,12-Feb-26,12-Feb-26,1,1.0,1.0,,No,,The Big -P.01-UP-20-April-26,E-SUB-B03-FOOT-1000,Submittal for  Waterproofing Layout Plan (B03),17-May-26,0.0,0.0,0.0,0.0,0,0.0,0,0.0,The Big -P.01-UP-20-April-26,E-SUB-B03-FOOT-1000,10-May-26,100.00%,100.00%,$0.00,$0.00,$0.00,
The Big -P.01-UP-20-April-26,E-SUB-B01-FOOT-1020,42,23,23,The Big -P.01-UP-20-April-26,The Big - P.01 - UP-24-MAY-26.EN.2.S.P02.B01.SUB.F,E-SUB-B01-FOOT-1020,Submittal for RC Raft & Footings RFT DWGs (B01) (footing),13-Oct-25,2-Nov-25,01-Oct-25 A,30-Oct-25 A,21-Dec-25,21-Dec-25,1,1.0,1.0,,No,,The Big -P.01-UP-20-April-26,E-SUB-B01-FOOT-1020,Submittal for RC Raft & Footings RFT DWGs (B01) (footing),17-May-26,0.0,0.0,0.0,0.0,0,0.0,0,0.0,The Big -P.01-UP-20-April-26,E-SUB-B01-FOOT-1020,10-May-26,100.00%,100.00%,$0.00,$0.00,$0.00,
The Big -P.01-UP-20-April-26,P-MA-1030,43,45,45,The Big -P.01-UP-20-April-26,The Big - P.01 - UP-24-MAY-26.P.MS.SA,P-MA-1030,Approval for Rc Concrete,13-Oct-25,23-Oct-25,13-Oct-25 A,23-Oct-25 A,22-Dec-25,22-Dec-25,1,1.0,1.0,,No,,The Big -P.01-UP-20-April-26,P-MA-1030,Approval for Rc Concrete,17-May-26,0.0,0.0,0.0,0.0,0,0.0,0,0.0,The Big -P.01-UP-20-April-26,P-MA-1030,10-May-26,100.00%,100.00%,$0.00,$0.00,$0.00,
The Big -P.01-UP-20-April-26,E-APP-B04-FOOT-1000,44,132,132,The Big -P.01-UP-20-April-26,The Big - P.01 - UP-24-MAY-26.EN.2.A.P01.B04.SUB.F,E-APP-B04-FOOT-1000,Approval for  Waterproofing Layout Plan (B04),13-Oct-25,23-Oct-25,30-Nov-25 A,10-Dec-25 A,26-Jan-26,26-Jan-26,1,1.0,1.0,,No,,The Big -P.01-UP-20-April-26,E-APP-B04-FOOT-1000,Approval for  Waterproofing Layout Plan (B04),17-May-26,0.0,0.0,0.0,0.0,0,0.0,0,0.0,The Big -P.01-UP-20-April-26,E-APP-B04-FOOT-1000,10-May-26,100.00%,100.00%,$0.00,$0.00,$0.00,
The Big -P.01-UP-20-April-26,E-SUB-B02-FOOT-1020,45,47,47,The Big -P.01-UP-20-April-26,The Big - P.01 - UP-24-MAY-26.EN.2.S.P02.B02.SUB.F,E-SUB-B02-FOOT-1020,Submittal for RC Raft & Footings RFT DWGs (B02) (footing),14-Oct-25,3-Nov-25,14-Oct-25 A,03-Nov-25 A,29-Jan-26,29-Jan-26,1,1.0,1.0,,No,,The Big -P.01-UP-20-April-26,E-SUB-B02-FOOT-1020,Submittal for RC Raft & Footings RFT DWGs (B02) (footing),17-May-26,0.0,0.0,0.0,0.0,0,0.0,0,0.0,The Big -P.01-UP-20-April-26,E-SUB-B02-FOOT-1020,10-May-26,100.00%,100.00%,$0.00,$0.00,$0.00,
The Big -P.01-UP-20-April-26,E-SUB-B03-FOOT-1020,46,48,48,The Big -P.01-UP-20-April-26,The Big - P.01 - UP-24-MAY-26.EN.2.S.P01.B03.SUB.F,E-SUB-B03-FOOT-1020,Submittal for RC Raft & Footings Conc. Dim. DWGs (B03) (footing),14-Oct-25,3-Nov-25,14-Oct-25 A,03-Nov-25 A,12-Feb-26,12-Feb-26,1,1.0,1.0,,No,,The Big -P.01-UP-20-April-26,E-SUB-B03-FOOT-1020,Submittal for RC Raft & Footings Conc. Dim. DWGs (B03) (footing),17-May-26,0.0,0.0,0.0,0.0,0,0.0,0,0.0,The Big -P.01-UP-20-April-26,E-SUB-B03-FOOT-1020,10-May-26,100.00%,100.00%,$0.00,$0.00,$0.00,
The Big -P.01-UP-20-April-26,E-APP-B04-WT-1030,47,138,138,The Big -P.01-UP-20-April-26,The Big - P.01 - UP-24-MAY-26.EN.2.A.P01.B04.SUB.2ndF.WT,E-APP-B04-WT-1030,Approval for Col. & Walls DWGs (B04) (Water Tank),15-Oct-25,26-Oct-25,01-Dec-25 A,11-Dec-25 A,7-Feb-26,7-Feb-26,1,1.0,1.0,,No,,The Big -P.01-UP-20-April-26,E-APP-B04-WT-1030,Approval for Col. & Walls DWGs (B04) (Water Tank),17-May-26,0.0,0.0,0.0,0.0,0,0.0,0,0.0,The Big -P.01-UP-20-April-26,E-APP-B04-WT-1030,10-May-26,100.00%,100.00%,$0.00,$0.00,$0.00,
The Big -P.01-UP-20-April-26,P-MA-1040,48,52,52,The Big -P.01-UP-20-April-26,The Big - P.01 - UP-24-MAY-26.P.MS.SA,P-MA-1040,Approval for Waterproofing,15-Oct-25,26-Oct-25,15-Oct-25 A,26-Oct-25 A,21-Dec-25,21-Dec-25,1,1.0,1.0,,No,,The Big -P.01-UP-20-April-26,P-MA-1040,Approval for Waterproofing,17-May-26,0.0,0.0,0.0,0.0,0,0.0,0,0.0,The Big -P.01-UP-20-April-26,P-MA-1040,10-May-26,100.00%,100.00%,$0.00,$0.00,$0.00,
The Big -P.01-UP-20-April-26,P-MA-1050,49,53,53,The Big -P.01-UP-20-April-26,The Big - P.01 - UP-24-MAY-26.P.MS.SA,P-MA-1050,Approval for cold applied damp-proofing,15-Oct-25,26-Oct-25,15-Oct-25 A,26-Oct-25 A,7-Nov-26,7-Nov-26,1,1.0,1.0,,No,,The Big -P.01-UP-20-April-26,P-MA-1050,Approval for cold applied damp-proofing,17-May-26,0.0,0.0,0.0,0.0,0,0.0,0,0.0,The Big -P.01-UP-20-April-26,P-MA-1050,10-May-26,100.00%,100.00%,$0.00,$0.00,$0.00,
The Big -P.01-UP-20-April-26,P-MA-1060,50,50,50,The Big -P.01-UP-20-April-26,The Big - P.01 - UP-24-MAY-26.P.MS.SA,P-MA-1060,Approval for cold Crystalline waterproofing for Water tank,15-Oct-25,26-Oct-25,15-Oct-25 A,26-Oct-25 A,20-May-27,20-May-27,1,1.0,1.0,,No,,The Big -P.01-UP-20-April-26,P-MA-1060,Approval for cold Crystalline waterproofing for Water tank,17-May-26,0.0,0.0,0.0,0.0,0,0.0,0,0.0,The Big -P.01-UP-20-April-26,P-MA-1060,10-May-26,100.00%,100.00%,$0.00,$0.00,$0.00,
The Big -P.01-UP-20-April-26,E-SUB-B04-FOOT-1030,51,55,55,The Big -P.01-UP-20-April-26,The Big - P.01 - UP-24-MAY-26.EN.2.S.P01.B04.SUB.F,E-SUB-B04-FOOT-1030,Submittal for RC Raft & Footings RFT DWGs (B04) (footing),16-Oct-25,5-Nov-25,16-Oct-25 A,05-Nov-25 A,26-Jan-26,26-Jan-26,1,1.0,1.0,,No,,The Big -P.01-UP-20-April-26,E-SUB-B04-FOOT-1030,Submittal for RC Raft & Footings RFT DWGs (B04) (footing),17-May-26,0.0,0.0,0.0,0.0,0,0.0,0,0.0,The Big -P.01-UP-20-April-26,E-SUB-B04-FOOT-1030,10-May-26,100.00%,100.00%,$0.00,$0.00,$0.00,
The Big -P.01-UP-20-April-26,E-SUB-B03-FOOT-1030,52,58,58,The Big -P.01-UP-20-April-26,The Big - P.01 - UP-24-MAY-26.EN.2.S.P01.B03.SUB.F,E-SUB-B03-FOOT-1030,Submittal for RC Raft & Footings RFT DWGs (B03) (footing),18-Oct-25,6-Nov-25,18-Oct-25 A,06-Nov-25 A,12-Feb-26,12-Feb-26,1,1.0,1.0,,No,,The Big -P.01-UP-20-April-26,E-SUB-B03-FOOT-1030,Submittal for RC Raft & Footings RFT DWGs (B03) (footing),17-May-26,0.0,0.0,0.0,0.0,0,0.0,0,0.0,The Big -P.01-UP-20-April-26,E-SUB-B03-FOOT-1030,10-May-26,100.00%,100.00%,$0.00,$0.00,$0.00,
The Big -P.01-UP-20-April-26,P-MPOS-1010,53,59,59,The Big -P.01-UP-20-April-26,The Big - P.01 - UP-24-MAY-26.P.PC.PO,P-MPOS-1010,P.O for  Soil Replacement,18-Oct-25,19-Oct-25,18-Oct-25 A,19-Oct-25 A,21-Dec-25,21-Dec-25,1,1.0,1.0,,No,,The Big -P.01-UP-20-April-26,P-MPOS-1010,P.O for  Soil Replacement,17-May-26,0.0,0.0,0.0,0.0,0,0.0,0,0.0,The Big -P.01-UP-20-April-26,P-MPOS-1010,10-May-26,100.00%,100.00%,$0.00,$0.00,$0.00,
The Big -P.01-UP-20-April-26,P-MPOS-1020,54,60,60,The Big -P.01-UP-20-April-26,The Big - P.01 - UP-24-MAY-26.P.PC.PO,P-MPOS-1020,P.O for  Plain Concrete,18-Oct-25,19-Oct-25,18-Oct-25 A,19-Oct-25 A,21-Dec-25,21-Dec-25,1,1.0,1.0,,No,,The Big -P.01-UP-20-April-26,P-MPOS-1020,P.O for  Plain Concrete,17-May-26,0.0,0.0,0.0,0.0,0,0.0,0,0.0,The Big -P.01-UP-20-April-26,P-MPOS-1020,10-May-26,100.00%,100.00%,$0.00,$0.00,$0.00,
The Big -P.01-UP-20-April-26,P-MPOS-1000,55,21,21,The Big -P.01-UP-20-April-26,The Big - P.01 - UP-24-MAY-26.P.PC.PO.1,P-MPOS-1000,P.O for Rebar Patch#1 (Footing & Water tank),19-Oct-25,20-Oct-25,27-Sep-25 A,29-Sep-25 A,21-Dec-25,21-Dec-25,1,1.0,1.0,,No,,The Big -P.01-UP-20-April-26,P-MPOS-1000,P.O for Rebar Patch#1 (Footing & Water tank),17-May-26,0.0,0.0,0.0,0.0,0,0.0,0,0.0,The Big -P.01-UP-20-April-26,P-MPOS-1000,10-May-26,100.00%,100.00%,$0.00,$0.00,$0.00,
The Big -P.01-UP-20-April-26,E-APP-B04-WT-1040,56,139,139,The Big -P.01-UP-20-April-26,The Big - P.01 - UP-24-MAY-26.EN.2.A.P01.B04.SUB.2ndF.WT,E-APP-B04-WT-1040,Approval for Slabs DWGs (B04) (Water Tank),19-Oct-25,29-Oct-25,01-Dec-25 A,11-Dec-25 A,10-Feb-26,10-Feb-26,1,1.0,1.0,,No,,The Big -P.01-UP-20-April-26,E-APP-B04-WT-1040,Approval for Slabs DWGs (B04) (Water Tank),17-May-26,0.0,0.0,0.0,0.0,0,0.0,0,0.0,The Big -P.01-UP-20-April-26,E-APP-B04-WT-1040,10-May-26,100.00%,100.00%,$0.00,$0.00,$0.00,
The Big -P.01-UP-20-April-26,P-MDEL-1020,57,54,54,The Big -P.01-UP-20-April-26,The Big - P.01 - UP-24-MAY-26.P.PC.DS,P-MDEL-1020,Delivery for Plain Concrete,21-Oct-25,22-Oct-25,16-Oct-25 A,16-Oct-25 A,21-Dec-25,21-Dec-25,1,1.0,1.0,,No,,The Big -P.01-UP-20-April-26,P-MDEL-1020,Delivery for Plain Concrete,17-May-26,0.0,0.0,0.0,0.0,0,0.0,0,0.0,The Big -P.01-UP-20-April-26,P-MDEL-1020,10-May-26,100.00%,100.00%,$0.00,$0.00,$0.00,
The Big -P.01-UP-20-April-26,E-SUB-B04-REP-1000,58,68,68,The Big -P.01-UP-20-April-26,The Big - P.01 - UP-24-MAY-26.EN.2.S.P01.B04.SUB.1,E-SUB-B04-REP-1000,Submittal for General Replacement Plan & Typical Sections for Replacement / Backfilling DWGs (B04),21-Oct-25,10-Nov-25,21-Oct-25 A,10-Nov-25 A,26-Jan-26,26-Jan-26,1,1.0,1.0,,No,,The Big -P.01-UP-20-April-26,E-SUB-B04-REP-1000,Submittal for General Replacement Plan & Typical Sections for Replacement / Backfilling DWGs (B04),17-May-26,0.0,0.0,0.0,0.0,0,0.0,0,0.0,The Big -P.01-UP-20-April-26,E-SUB-B04-REP-1000,10-May-26,100.00%,100.00%,$0.00,$0.00,$0.00,
The Big -P.01-UP-20-April-26,E-APP-B01-FOOT-1000,59,15,15,The Big -P.01-UP-20-April-26,The Big - P.01 - UP-24-MAY-26.EN.2.A.P02.B01.SUB.F,E-APP-B01-FOOT-1000,Approval for PC Raft Conc. Dim. DWGs (B01) (footing),23-Oct-25,3-Nov-25,23-Sep-25 A,16-Oct-25 A,21-Dec-25,21-Dec-25,1,1.0,1.0,,No,,The Big -P.01-UP-20-April-26,E-APP-B01-FOOT-1000,Approval for PC Raft Conc. Dim. DWGs (B01) (footing),17-May-26,0.0,0.0,0.0,0.0,0,0.0,0,0.0,The Big -P.01-UP-20-April-26,E-APP-B01-FOOT-1000,10-May-26,100.00%,100.00%,$0.00,$0.00,$0.00,
The Big -P.01-UP-20-April-26,CON-B04-WT-1000,60,27,27,The Big -P.01-UP-20-April-26,The Big - P.01 - UP-24-MAY-26.CON.P01.B04.SUB.3.2,CON-B04-WT-1000,Excavation for Water Tank (+198.15) (B04) (Water Tank),25-Oct-25,4-Nov-25,05-Oct-25 A,10-Nov-25 A,7-Feb-26,7-Feb-26,1,1.0,1.0,,No,,The Big -P.01-UP-20-April-26,CON-B04-WT-1000,Excavation for Water Tank (+198.15) (B04) (Water Tank),17-May-26,0.0,0.0,0.0,0.0,0,0.0,0,0.0,The Big -P.01-UP-20-April-26,CON-B04-WT-1000,10-May-26,100.00%,100.00%,$0.00,$0.00,$0.00,
The Big -P.01-UP-20-April-26,P-MPOS-1030,61,78,78,The Big -P.01-UP-20-April-26,The Big - P.01 - UP-24-MAY-26.P.PC.PO,P-MPOS-1030,P.O for  Rc Concrete,25-Oct-25,26-Oct-25,25-Oct-25 A,26-Oct-25 A,22-Dec-25,22-Dec-25,1,1.0,1.0,,No,,The Big -P.01-UP-20-April-26,P-MPOS-1030,P.O for  Rc Concrete,17-May-26,0.0,0.0,0.0,0.0,0,0.0,0,0.0,The Big -P.01-UP-20-April-26,P-MPOS-1030,10-May-26,100.00%,100.00%,$0.00,$0.00,$0.00,
The Big -P.01-UP-20-April-26,E-APP-B01-FOOT-1010,62,46,46,The Big -P.01-UP-20-April-26,The Big - P.01 - UP-24-MAY-26.EN.2.A.P02.B01.SUB.F,E-APP-B01-FOOT-1010,Approval for RC Raft & Footings Conc. Dim. DWGs (B01),27-Oct-25,6-Nov-25,14-Oct-25 A,27-Oct-25 A,21-Dec-25,21-Dec-25,1,1.0,1.0,,No,,The Big -P.01-UP-20-April-26,E-APP-B01-FOOT-1010,Approval for RC Raft & Footings Conc. Dim. DWGs (B01),17-May-26,0.0,0.0,0.0,0.0,0,0.0,0,0.0,The Big -P.01-UP-20-April-26,E-APP-B01-FOOT-1010,10-May-26,100.00%,100.00%,$0.00,$0.00,$0.00,
The Big -P.01-UP-20-April-26,P-MPOS-1040,63,83,83,The Big -P.01-UP-20-April-26,The Big - P.01 - UP-24-MAY-26.P.PC.PO,P-MPOS-1040,P.O for  Waterproofing,27-Oct-25,28-Oct-25,27-Oct-25 A,28-Oct-25 A,21-Dec-25,21-Dec-25,1,1.0,1.0,,No,,The Big -P.01-UP-20-April-26,P-MPOS-1040,P.O for  Waterproofing,17-May-26,0.0,0.0,0.0,0.0,0,0.0,0,0.0,The Big -P.01-UP-20-April-26,P-MPOS-1040,10-May-26,100.00%,100.00%,$0.00,$0.00,$0.00,
The Big -P.01-UP-20-April-26,P-MPOS-1050,64,84,84,The Big -P.01-UP-20-April-26,The Big - P.01 - UP-24-MAY-26.P.PC.PO,P-MPOS-1050,P.O for cold applied damp-proofing,27-Oct-25,28-Oct-25,27-Oct-25 A,28-Oct-25 A,7-Nov-26,7-Nov-26,1,1.0,1.0,,No,,The Big -P.01-UP-20-April-26,P-MPOS-1050,P.O for cold applied damp-proofing,17-May-26,0.0,0.0,0.0,0.0,0,0.0,0,0.0,The Big -P.01-UP-20-April-26,P-MPOS-1050,10-May-26,100.00%,100.00%,$0.00,$0.00,$0.00,
The Big -P.01-UP-20-April-26,P-MDEL-1010,65,56,56,The Big -P.01-UP-20-April-26,The Big - P.01 - UP-24-MAY-26.P.PC.DS,P-MDEL-1010,Delivery for Soil Replacement,27-Oct-25,28-Oct-25,17-Oct-25 A,19-Oct-25 A,21-Dec-25,21-Dec-25,1,1.0,1.0,,No,,The Big -P.01-UP-20-April-26,P-MDEL-1010,Delivery for Soil Replacement,17-May-26,0.0,0.0,0.0,0.0,0,0.0,0,0.0,The Big -P.01-UP-20-April-26,P-MDEL-1010,10-May-26,100.00%,100.00%,$0.00,$0.00,$0.00,
The Big -P.01-UP-20-April-26,P-MDEL-1030,66,122,122,The Big -P.01-UP-20-April-26,The Big - P.01 - UP-24-MAY-26.P.PC.DS,P-MDEL-1030,Delivery for Rc Concrete,27-Oct-25,12-Nov-25,30-Nov-25 A,30-Nov-25 A,22-Dec-25,22-Dec-25,1,1.0,1.0,,No,,The Big -P.01-UP-20-April-26,P-MDEL-1030,Delivery for Rc Concrete,17-May-26,0.0,0.0,0.0,0.0,0,0.0,0,0.0,The Big -P.01-UP-20-April-26,P-MDEL-1030,10-May-26,100.00%,100.00%,$0.00,$0.00,$0.00,
The Big -P.01-UP-20-April-26,P-MPOS-1060,67,388,386,The Big -P.01-UP-20-April-26,The Big - P.01 - UP-24-MAY-26.P.PC.PO,P-MPOS-1060,P.O for cold Crystalline waterproofing for Water tank,27-Oct-25,28-Oct-25,17-May-26,18-May-26,20-May-27,23-May-27,1,1.0,0.0,303.0,No,,The Big -P.01-UP-20-April-26,P-MPOS-1060,P.O for cold Crystalline waterproofing for Water tank,17-May-26,0.0,0.0,0.0,0.0,0,0.0,0,0.0,The Big -P.01-UP-20-April-26,P-MPOS-1060,10-May-26,100.00%,0.00%,$0.00,$0.00,$0.00,
The Big -P.01-UP-20-April-26,E-APP-B02-FOOT-1000,68,135,135,The Big -P.01-UP-20-April-26,The Big - P.01 - UP-24-MAY-26.EN.2.A.P02.B02.SUB.F,E-APP-B02-FOOT-1000,Approval for PC Raft Conc. Dim. DWGs (B02) (footing),28-Oct-25,8-Nov-25,01-Dec-25 A,11-Dec-25 A,29-Jan-26,29-Jan-26,1,1.0,1.0,,No,,The Big -P.01-UP-20-April-26,E-APP-B02-FOOT-1000,Approval for PC Raft Conc. Dim. DWGs (B02) (footing),17-May-26,0.0,0.0,0.0,0.0,0,0.0,0,0.0,The Big -P.01-UP-20-April-26,E-APP-B02-FOOT-1000,10-May-26,100.00%,100.00%,$0.00,$0.00,$0.00,
The Big -P.01-UP-20-April-26,E-APP-B04-FOOT-1010,69,127,127,The Big -P.01-UP-20-April-26,The Big - P.01 - UP-24-MAY-26.EN.2.A.P01.B04.SUB.F,E-APP-B04-FOOT-1010,Approval for PC Raft Conc. Dim. DWGs (B04) (footing),29-Oct-25,9-Nov-25,30-Nov-25 A,10-Dec-25 A,26-Jan-26,26-Jan-26,1,1.0,1.0,,No,,The Big -P.01-UP-20-April-26,E-APP-B04-FOOT-1010,Approval for PC Raft Conc. Dim. DWGs (B04) (footing),17-May-26,0.0,0.0,0.0,0.0,0,0.0,0,0.0,The Big -P.01-UP-20-April-26,E-APP-B04-FOOT-1010,10-May-26,100.00%,100.00%,$0.00,$0.00,$0.00,
The Big -P.01-UP-20-April-26,P-MDEL-1040,70,130,130,The Big -P.01-UP-20-April-26,The Big - P.01 - UP-24-MAY-26.P.PC.DS,P-MDEL-1040,Delivery for Waterproofing,29-Oct-25,25-Nov-25,30-Nov-25 A,10-Dec-25 A,21-Dec-25,21-Dec-25,1,1.0,1.0,,No,,The Big -P.01-UP-20-April-26,P-MDEL-1040,Delivery for Waterproofing,17-May-26,0.0,0.0,0.0,0.0,0,0.0,0,0.0,The Big -P.01-UP-20-April-26,P-MDEL-1040,10-May-26,100.00%,100.00%,$0.00,$0.00,$0.00,
The Big -P.01-UP-20-April-26,P-MDEL-1050,71,387,385,The Big -P.01-UP-20-April-26,The Big - P.01 - UP-24-MAY-26.P.PC.DS,P-MDEL-1050,Delivery for cold applied damp-proofing,29-Oct-25,16-Dec-25,17-May-26,4-Jul-26,7-Nov-26,25-Dec-26,1,1.0,0.0,174.0,No,,The Big -P.01-UP-20-April-26,P-MDEL-1050,Delivery for cold applied damp-proofing,17-May-26,0.0,0.0,0.0,0.0,0,0.0,0,0.0,The Big -P.01-UP-20-April-26,P-MDEL-1050,10-May-26,100.00%,0.00%,$0.00,$0.00,$0.00,
The Big -P.01-UP-20-April-26,E-APP-B02-FOOT-1030,72,140,140,The Big -P.01-UP-20-April-26,The Big - P.01 - UP-24-MAY-26.EN.2.A.P02.B02.SUB.F,E-APP-B02-FOOT-1030,Approval for  Waterproofing Layout Plan (B02),29-Oct-25,9-Nov-25,01-Dec-25 A,11-Dec-25 A,29-Jan-26,29-Jan-26,1,1.0,1.0,,No,,The Big -P.01-UP-20-April-26,E-APP-B02-FOOT-1030,Approval for  Waterproofing Layout Plan (B02),17-May-26,0.0,0.0,0.0,0.0,0,0.0,0,0.0,The Big -P.01-UP-20-April-26,E-APP-B02-FOOT-1030,10-May-26,100.00%,100.00%,$0.00,$0.00,$0.00,
The Big -P.01-UP-20-April-26,E-APP-B01-FOOT-1030,73,31,31,The Big -P.01-UP-20-April-26,The Big - P.01 - UP-24-MAY-26.EN.2.A.P02.B01.SUB.F,E-APP-B01-FOOT-1030,Approval for  Waterproofing Layout Plan (B01),30-Oct-25,10-Nov-25,06-Oct-25 A,21-Oct-25 A,21-Dec-25,21-Dec-25,1,1.0,1.0,,No,,The Big -P.01-UP-20-April-26,E-APP-B01-FOOT-1030,Approval for  Waterproofing Layout Plan (B01),17-May-26,0.0,0.0,0.0,0.0,0,0.0,0,0.0,The Big -P.01-UP-20-April-26,E-APP-B01-FOOT-1030,10-May-26,100.00%,100.00%,$0.00,$0.00,$0.00,
The Big -P.01-UP-20-April-26,E-APP-B02-FOOT-1010,74,136,136,The Big -P.01-UP-20-April-26,The Big - P.01 - UP-24-MAY-26.EN.2.A.P02.B02.SUB.F,E-APP-B02-FOOT-1010,Approval for RC Raft & Footings Conc. Dim. DWGs (B02) (footing),1-Nov-25,11-Nov-25,01-Dec-25 A,04-Dec-25 A,29-Jan-26,29-Jan-26,1,1.0,1.0,,No,,The Big -P.01-UP-20-April-26,E-APP-B02-FOOT-1010,Approval for RC Raft & Footings Conc. Dim. DWGs (B02) (footing),17-May-26,0.0,0.0,0.0,0.0,0,0.0,0,0.0,The Big -P.01-UP-20-April-26,E-APP-B02-FOOT-1010,10-May-26,100.00%,100.00%,$0.00,$0.00,$0.00,
The Big -P.01-UP-20-April-26,E-APP-B03-FOOT-1010,75,124,124,The Big -P.01-UP-20-April-26,The Big - P.01 - UP-24-MAY-26.EN.2.A.P01.B03.SUB.1,E-APP-B03-FOOT-1010,Approval for PC Raft Conc. Dim. DWGs (B03) (footing),1-Nov-25,11-Nov-25,30-Nov-25 A,10-Dec-25 A,12-Feb-26,12-Feb-26,1,1.0,1.0,,No,,The Big -P.01-UP-20-April-26,E-APP-B03-FOOT-1010,Approval for PC Raft Conc. Dim. DWGs (B03) (footing),17-May-26,0.0,0.0,0.0,0.0,0,0.0,0,0.0,The Big -P.01-UP-20-April-26,E-APP-B03-FOOT-1010,10-May-26,100.00%,100.00%,$0.00,$0.00,$0.00,
The Big -P.01-UP-20-April-26,P-MDEL-1000,76,85,85,The Big -P.01-UP-20-April-26,The Big - P.01 - UP-24-MAY-26.P.PC.DS.DR,P-MDEL-1000,Delivery for Rebar Patch#1 (Footing & Water tank),2-Nov-25,3-Nov-25,28-Oct-25 A,14-Feb-26 A,21-Dec-25,21-Dec-25,1,1.0,1.0,,No,,The Big -P.01-UP-20-April-26,P-MDEL-1000,Delivery for Rebar Patch#1 (Footing & Water tank),17-May-26,0.0,0.0,0.0,0.0,0,0.0,0,0.0,The Big -P.01-UP-20-April-26,P-MDEL-1000,10-May-26,100.00%,89.00%,$0.00,$0.00,$0.00,
The Big -P.01-UP-20-April-26,E-APP-B04-FOOT-1020,77,128,128,The Big -P.01-UP-20-April-26,The Big - P.01 - UP-24-MAY-26.EN.2.A.P01.B04.SUB.F,E-APP-B04-FOOT-1020,Approval for RC Raft & Footings Conc. Dim. DWGs (B04) (footing),2-Nov-25,12-Nov-25,30-Nov-25 A,10-Dec-25 A,26-Jan-26,26-Jan-26,1,1.0,1.0,,No,,The Big -P.01-UP-20-April-26,E-APP-B04-FOOT-1020,Approval for RC Raft & Footings Conc. Dim. DWGs (B04) (footing),17-May-26,0.0,0.0,0.0,0.0,0,0.0,0,0.0,The Big -P.01-UP-20-April-26,E-APP-B04-FOOT-1020,10-May-26,100.00%,100.00%,$0.00,$0.00,$0.00,
The Big -P.01-UP-20-April-26,E-APP-B03-FOOT-1000,78,131,131,The Big -P.01-UP-20-April-26,The Big - P.01 - UP-24-MAY-26.EN.2.A.P01.B03.SUB.1,E-APP-B03-FOOT-1000,Approval for  Waterproofing Layout Plan (B03),2-Nov-25,12-Nov-25,30-Nov-25 A,10-Dec-25 A,12-Feb-26,12-Feb-26,1,1.0,1.0,,No,,The Big -P.01-UP-20-April-26,E-APP-B03-FOOT-1000,Approval for  Waterproofing Layout Plan (B03),17-May-26,0.0,0.0,0.0,0.0,0,0.0,0,0.0,The Big -P.01-UP-20-April-26,E-APP-B03-FOOT-1000,10-May-26,100.00%,100.00%,$0.00,$0.00,$0.00,
The Big -P.01-UP-20-April-26,CON-EW-B01-1000,79,87,87,The Big -P.01-UP-20-April-26,The Big - P.01 - UP-24-MAY-26.CON.EW.B01,CON-EW-B01-1000,Soil Replacement & Leveling & Compaction (B01),3-Nov-25,19-Nov-25,30-Oct-25 A,14-Nov-25 A,21-Dec-25,21-Dec-25,1,1.0,1.0,,No,,The Big -P.01-UP-20-April-26,CON-EW-B01-1000,Soil Replacement & Leveling & Compaction (B01),17-May-26,2379405.49,2379405.49,2379405.49,2379405.49,1,1.0,0,0.0,The Big -P.01-UP-20-April-26,CON-EW-B01-1000,10-May-26,100.00%,100.00%,"$2,379,405.49","$2,379,405.49","$2,379,405.49",
The Big -P.01-UP-20-April-26,E-APP-B01-FOOT-1020,80,16,16,The Big -P.01-UP-20-April-26,The Big - P.01 - UP-24-MAY-26.EN.2.A.P02.B01.SUB.F,E-APP-B01-FOOT-1020,Approval for RC Raft & Footings RFT DWGs (B01),3-Nov-25,13-Nov-25,23-Sep-25 A,20-Oct-25 A,21-Dec-25,21-Dec-25,1,1.0,1.0,,No,,The Big -P.01-UP-20-April-26,E-APP-B01-FOOT-1020,Approval for RC Raft & Footings RFT DWGs (B01),17-May-26,0.0,0.0,0.0,0.0,0,0.0,0,0.0,The Big -P.01-UP-20-April-26,E-APP-B01-FOOT-1020,10-May-26,100.00%,100.00%,$0.00,$0.00,$0.00,
The Big -P.01-UP-20-April-26,E-APP-B02-FOOT-1020,81,137,137,The Big -P.01-UP-20-April-26,The Big - P.01 - UP-24-MAY-26.EN.2.A.P02.B02.SUB.F,E-APP-B02-FOOT-1020,Approval for RC Raft & Footings RFT DWGs (B02) (footing),4-Nov-25,15-Nov-25,01-Dec-25 A,04-Dec-25 A,29-Jan-26,29-Jan-26,1,1.0,1.0,,No,,The Big -P.01-UP-20-April-26,E-APP-B02-FOOT-1020,Approval for RC Raft & Footings RFT DWGs (B02) (footing),17-May-26,0.0,0.0,0.0,0.0,0,0.0,0,0.0,The Big -P.01-UP-20-April-26,E-APP-B02-FOOT-1020,10-May-26,100.00%,100.00%,$0.00,$0.00,$0.00,
The Big -P.01-UP-20-April-26,E-APP-B03-FOOT-1020,82,125,125,The Big -P.01-UP-20-April-26,The Big - P.01 - UP-24-MAY-26.EN.2.A.P01.B03.SUB.1,E-APP-B03-FOOT-1020,Approval for RC Raft & Footings Conc. Dim. DWGs  (B03) (footing),4-Nov-25,15-Nov-25,30-Nov-25 A,10-Dec-25 A,12-Feb-26,12-Feb-26,1,1.0,1.0,,No,,The Big -P.01-UP-20-April-26,E-APP-B03-FOOT-1020,Approval for RC Raft & Footings Conc. Dim. DWGs  (B03) (footing),17-May-26,0.0,0.0,0.0,0.0,0,0.0,0,0.0,The Big -P.01-UP-20-April-26,E-APP-B03-FOOT-1020,10-May-26,100.00%,100.00%,$0.00,$0.00,$0.00,
The Big -P.01-UP-20-April-26,CON-B04-WT-1010,83,37,37,The Big -P.01-UP-20-April-26,The Big - P.01 - UP-24-MAY-26.CON.P01.B04.SUB.3.2,CON-B04-WT-1010,Compaction of Soil (B04) (Water Tank),5-Nov-25,8-Nov-25,10-Oct-25 A,11-Oct-25 A,7-Feb-26,7-Feb-26,1,1.0,1.0,,No,,The Big -P.01-UP-20-April-26,CON-B04-WT-1010,Compaction of Soil (B04) (Water Tank),17-May-26,0.0,0.0,0.0,0.0,0,0.0,0,0.0,The Big -P.01-UP-20-April-26,CON-B04-WT-1010,10-May-26,100.00%,100.00%,$0.00,$0.00,$0.00,
The Big -P.01-UP-20-April-26,CON-EW-B01-1010,84,109,109,The Big -P.01-UP-20-April-26,The Big - P.01 - UP-24-MAY-26.CON.EW.B01,CON-EW-B01-1010,Soil Compaction Test (B01),6-Nov-25,23-Nov-25,15-Nov-25 A,29-Nov-25 A,21-Dec-25,21-Dec-25,1,1.0,1.0,,No,,The Big -P.01-UP-20-April-26,CON-EW-B01-1010,Soil Compaction Test (B01),17-May-26,264378.39,264378.39,264378.39,264378.39,1,1.0,0,0.0,The Big -P.01-UP-20-April-26,CON-EW-B01-1010,10-May-26,100.00%,100.00%,"$264,378.39","$264,378.39","$264,378.39",
The Big -P.01-UP-20-April-26,E-APP-B04-FOOT-1030,85,129,129,The Big -P.01-UP-20-April-26,The Big - P.01 - UP-24-MAY-26.EN.2.A.P01.B04.SUB.F,E-APP-B04-FOOT-1030,Approval for RC Raft & Footings RFT DWGs (B04) (footing),6-Nov-25,17-Nov-25,30-Nov-25 A,10-Dec-25 A,26-Jan-26,26-Jan-26,1,1.0,1.0,,No,,The Big -P.01-UP-20-April-26,E-APP-B04-FOOT-1030,Approval for RC Raft & Footings RFT DWGs (B04) (footing),17-May-26,0.0,0.0,0.0,0.0,0,0.0,0,0.0,The Big -P.01-UP-20-April-26,E-APP-B04-FOOT-1030,10-May-26,100.00%,100.00%,$0.00,$0.00,$0.00,
The Big -P.01-UP-20-April-26,E-APP-B03-FOOT-1030,86,126,126,The Big -P.01-UP-20-April-26,The Big - P.01 - UP-24-MAY-26.EN.2.A.P01.B03.SUB.1,E-APP-B03-FOOT-1030,Approval for RC Raft & Footings RFT DWGs  (B03) (footing),8-Nov-25,18-Nov-25,30-Nov-25 A,10-Dec-25 A,12-Feb-26,12-Feb-26,1,1.0,1.0,,No,,The Big -P.01-UP-20-April-26,E-APP-B03-FOOT-1030,Approval for RC Raft & Footings RFT DWGs  (B03) (footing),17-May-26,0.0,0.0,0.0,0.0,0,0.0,0,0.0,The Big -P.01-UP-20-April-26,E-APP-B03-FOOT-1030,10-May-26,100.00%,100.00%,$0.00,$0.00,$0.00,
The Big -P.01-UP-20-April-26,CON-B04-WT-1020,87,42,42,The Big -P.01-UP-20-April-26,The Big - P.01 - UP-24-MAY-26.CON.P01.B04.SUB.3.2,CON-B04-WT-1020,Shuttering for PC Raft (B04) (Water Tank),9-Nov-25,10-Nov-25,12-Oct-25 A,18-Oct-25 A,7-Feb-26,7-Feb-26,1,1.0,1.0,,No,,The Big -P.01-UP-20-April-26,CON-B04-WT-1020,Shuttering for PC Raft (B04) (Water Tank),17-May-26,138612.75,138612.75,138612.75,138612.75,1,1.0,0,0.0,The Big -P.01-UP-20-April-26,CON-B04-WT-1020,10-May-26,100.00%,100.00%,"$138,612.75","$138,612.75","$138,612.75",
The Big -P.01-UP-20-April-26,E-SUB-B03-BAS02-1000,88,153,153,The Big -P.01-UP-20-April-26,The Big - P.01 - UP-24-MAY-26.EN.2.S.P01.B03.SUB.2ndB,E-SUB-B03-BAS02-1000,Submittal for Col. & Walls Conc. Dim.  & RFT DWGs (B03) (Bas 02),10-Nov-25,30-Nov-25,01-Jan-26 A,10-Feb-26 A,12-Feb-26,12-Feb-26,1,1.0,1.0,,No,,The Big -P.01-UP-20-April-26,E-SUB-B03-BAS02-1000,Submittal for Col. & Walls Conc. Dim.  & RFT DWGs (B03) (Bas 02),17-May-26,0.0,0.0,0.0,0.0,0,0.0,0,0.0,The Big -P.01-UP-20-April-26,E-SUB-B03-BAS02-1000,10-May-26,100.00%,100.00%,$0.00,$0.00,$0.00,
The Big -P.01-UP-20-April-26,E-SUB-B04-BAS02-1000,89,154,154,The Big -P.01-UP-20-April-26,The Big - P.01 - UP-24-MAY-26.EN.2.S.P01.B04.SUB.2ndB,E-SUB-B04-BAS02-1000,Submittal for Col. & Walls Conc. Dim.  & RFT DWGs (B04) (Bas 02),10-Nov-25,30-Nov-25,01-Jan-26 A,10-Feb-26 A,1-Feb-26,1-Feb-26,1,1.0,1.0,,No,,The Big -P.01-UP-20-April-26,E-SUB-B04-BAS02-1000,Submittal for Col. & Walls Conc. Dim.  & RFT DWGs (B04) (Bas 02),17-May-26,0.0,0.0,0.0,0.0,0,0.0,0,0.0,The Big -P.01-UP-20-April-26,E-SUB-B04-BAS02-1000,10-May-26,100.00%,100.00%,$0.00,$0.00,$0.00,
The Big -P.01-UP-20-April-26,E-SUB-B02-BAS02-1000,90,51,51,The Big -P.01-UP-20-April-26,The Big - P.01 - UP-24-MAY-26.EN.2.S.P02.B02.SUB.2ndB,E-SUB-B02-BAS02-1000,Submittal for Col. & Walls Conc. Dim.& RFT DWGs (B02) (Bas 02),10-Nov-25,30-Nov-25,15-Oct-25 A,05-Feb-26 A,29-Jan-26,29-Jan-26,1,1.0,1.0,,No,,The Big -P.01-UP-20-April-26,E-SUB-B02-BAS02-1000,Submittal for Col. & Walls Conc. Dim.& RFT DWGs (B02) (Bas 02),17-May-26,0.0,0.0,0.0,0.0,0,0.0,0,0.0,The Big -P.01-UP-20-April-26,E-SUB-B02-BAS02-1000,10-May-26,100.00%,100.00%,$0.00,$0.00,$0.00,
The Big -P.01-UP-20-April-26,E-SUB-B01-BAS02-1000,91,104,104,The Big -P.01-UP-20-April-26,The Big - P.01 - UP-24-MAY-26.EN.2.S.P02.B01.SUB.2ndB,E-SUB-B01-BAS02-1000,Submittal for Col. & Walls Conc. Dim.  & RFT DWGs (B01) (Bas 02),10-Nov-25,30-Nov-25,10-Nov-25 A,03-Feb-26 A,25-Dec-25,25-Dec-25,1,1.0,1.0,,No,,The Big -P.01-UP-20-April-26,E-SUB-B01-BAS02-1000,Submittal for Col. & Walls Conc. Dim.  & RFT DWGs (B01) (Bas 02),17-May-26,0.0,0.0,0.0,0.0,0,0.0,0,0.0,The Big -P.01-UP-20-April-26,E-SUB-B01-BAS02-1000,10-May-26,100.00%,100.00%,$0.00,$0.00,$0.00,
The Big -P.01-UP-20-April-26,E-APP-B04-REP-1000,92,105,105,The Big -P.01-UP-20-April-26,The Big - P.01 - UP-24-MAY-26.EN.2.A.P01.B04.SUB.1,E-APP-B04-REP-1000,Approval for General Replacement Plan & Typical Sections for Replacement / Backfilling DWGs (B04),11-Nov-25,22-Nov-25,11-Nov-25 A,22-Nov-25 A,26-Jan-26,26-Jan-26,1,1.0,1.0,,No,,The Big -P.01-UP-20-April-26,E-APP-B04-REP-1000,Approval for General Replacement Plan & Typical Sections for Replacement / Backfilling DWGs (B04),17-May-26,0.0,0.0,0.0,0.0,0,0.0,0,0.0,The Big -P.01-UP-20-April-26,E-APP-B04-REP-1000,10-May-26,100.00%,100.00%,$0.00,$0.00,$0.00,
The Big -P.01-UP-20-April-26,CON-EW-B02-1000,93,88,88,The Big -P.01-UP-20-April-26,The Big - P.01 - UP-24-MAY-26.CON.EW.B02,CON-EW-B02-1000,Soil Replacement & Leveling & Compaction (B02),12-Nov-25,4-Dec-25,30-Oct-25 A,10-Nov-25 A,29-Jan-26,29-Jan-26,1,1.0,1.0,,No,,The Big -P.01-UP-20-April-26,CON-EW-B02-1000,Soil Replacement & Leveling & Compaction (B02),17-May-26,1268401.09,1268401.09,1268401.09,1268401.09,1,1.0,0,0.0,The Big -P.01-UP-20-April-26,CON-EW-B02-1000,10-May-26,100.00%,100.00%,"$1,268,401.09","$1,268,401.09","$1,268,401.09",
The Big -P.01-UP-20-April-26,CON-B04-WT-1030,94,49,49,The Big -P.01-UP-20-April-26,The Big - P.01 - UP-24-MAY-26.CON.P01.B04.SUB.3.2,CON-B04-WT-1030,Pouring for PC Raft (B04) (Water Tank),13-Nov-25,13-Nov-25,15-Oct-25 A,16-Oct-25 A,7-Feb-26,7-Feb-26,1,1.0,1.0,,No,,The Big -P.01-UP-20-April-26,CON-B04-WT-1030,Pouring for PC Raft (B04) (Water Tank),17-May-26,323429.75,323429.75,323429.75,323429.75,1,1.0,0,0.0,The Big -P.01-UP-20-April-26,CON-B04-WT-1030,10-May-26,100.00%,100.00%,"$323,429.75","$323,429.75","$323,429.75",
The Big -P.01-UP-20-April-26,E-SUB-B03-BAS02-1010,95,193,193,The Big -P.01-UP-20-April-26,The Big - P.01 - UP-24-MAY-26.EN.2.S.P01.B03.SUB.2ndB,E-SUB-B03-BAS02-1010,Submittal for Stairs Conc. Dim.  & RFT DWGs (B03) (Bas 02),13-Nov-25,3-Dec-25,01-Feb-26 A,10-Feb-26 A,12-Feb-26,12-Feb-26,1,1.0,1.0,,No,,The Big -P.01-UP-20-April-26,E-SUB-B03-BAS02-1010,Submittal for Stairs Conc. Dim.  & RFT DWGs (B03) (Bas 02),17-May-26,0.0,0.0,0.0,0.0,0,0.0,0,0.0,The Big -P.01-UP-20-April-26,E-SUB-B03-BAS02-1010,10-May-26,100.00%,100.00%,$0.00,$0.00,$0.00,
The Big -P.01-UP-20-April-26,E-SUB-B04-BAS02-1010,96,194,194,The Big -P.01-UP-20-April-26,The Big - P.01 - UP-24-MAY-26.EN.2.S.P01.B04.SUB.2ndB,E-SUB-B04-BAS02-1010,Submittal for Stairs Conc. Dim.  & RFT DWGs (B04) (Bas 02),13-Nov-25,3-Dec-25,01-Feb-26 A,14-Feb-26 A,22-Feb-26,22-Feb-26,1,1.0,1.0,,No,,The Big -P.01-UP-20-April-26,E-SUB-B04-BAS02-1010,Submittal for Stairs Conc. Dim.  & RFT DWGs (B04) (Bas 02),17-May-26,0.0,0.0,0.0,0.0,0,0.0,0,0.0,The Big -P.01-UP-20-April-26,E-SUB-B04-BAS02-1010,10-May-26,100.00%,100.00%,$0.00,$0.00,$0.00,
The Big -P.01-UP-20-April-26,E-SUB-B02-BAS02-1010,97,61,61,The Big -P.01-UP-20-April-26,The Big - P.01 - UP-24-MAY-26.EN.2.S.P02.B02.SUB.2ndB,E-SUB-B02-BAS02-1010,Submittal for Stairs Conc. Dim.& RFT DWGs (B02) (Bas 02),13-Nov-25,3-Dec-25,19-Oct-25 A,08-Nov-25 A,29-Jan-26,29-Jan-26,1,1.0,1.0,,No,,The Big -P.01-UP-20-April-26,E-SUB-B02-BAS02-1010,Submittal for Stairs Conc. Dim.& RFT DWGs (B02) (Bas 02),17-May-26,0.0,0.0,0.0,0.0,0,0.0,0,0.0,The Big -P.01-UP-20-April-26,E-SUB-B02-BAS02-1010,10-May-26,100.00%,100.00%,$0.00,$0.00,$0.00,
The Big -P.01-UP-20-April-26,E-SUB-B01-BAS02-1010,98,107,107,The Big -P.01-UP-20-April-26,The Big - P.01 - UP-24-MAY-26.EN.2.S.P02.B01.SUB.2ndB,E-SUB-B01-BAS02-1010,Submittal for Stairs Conc. Dim.  & RFT DWGs (B01) (Bas 02),13-Nov-25,3-Dec-25,13-Nov-25 A,03-Dec-25 A,19-Jan-26,19-Jan-26,1,1.0,1.0,,No,,The Big -P.01-UP-20-April-26,E-SUB-B01-BAS02-1010,Submittal for Stairs Conc. Dim.  & RFT DWGs (B01) (Bas 02),17-May-26,0.0,0.0,0.0,0.0,0,0.0,0,0.0,The Big -P.01-UP-20-April-26,E-SUB-B01-BAS02-1010,10-May-26,100.00%,100.00%,$0.00,$0.00,$0.00,
The Big -P.01-UP-20-April-26,CON-B04-WT-1040,99,57,57,The Big -P.01-UP-20-April-26,The Big - P.01 - UP-24-MAY-26.CON.P01.B04.SUB.3.2,CON-B04-WT-1040,Curing for PC Raft (B04) (Water Tank),14-Nov-25,16-Nov-25,18-Oct-25 A,21-Oct-25 A,7-Feb-26,7-Feb-26,1,1.0,1.0,,No,,The Big -P.01-UP-20-April-26,CON-B04-WT-1040,Curing for PC Raft (B04) (Water Tank),17-May-26,0.0,0.0,0.0,0.0,0,0.0,0,0.0,The Big -P.01-UP-20-April-26,CON-B04-WT-1040,10-May-26,100.00%,100.00%,$0.00,$0.00,$0.00,
The Big -P.01-UP-20-April-26,AB-SUB-B04-WT-1000,100,395,393,The Big -P.01-UP-20-April-26,The Big - P.01 - UP-24-MAY-26.HO.1.S.P01.B04.SUB.2ndB.1,AB-SUB-B04-WT-1000,Submittal for PC Raft Conc. Dim. DWGs As-Built Drawing (B04) (Water Tank),15-Nov-25,4-Dec-25,17-May-26,10-Jun-26,6-Mar-27,29-Mar-27,1,1.0,0.0,241.0,No,,The Big -P.01-UP-20-April-26,AB-SUB-B04-WT-1000,Submittal for PC Raft Conc. Dim. DWGs As-Built Drawing (B04) (Water Tank),17-May-26,0.0,0.0,0.0,0.0,0,0.0,0,0.0,The Big -P.01-UP-20-April-26,AB-SUB-B04-WT-1000,10-May-26,100.00%,0.00%,$0.00,$0.00,$0.00,
The Big -P.01-UP-20-April-26,CON-EW-B02-1010,101,110,110,The Big -P.01-UP-20-April-26,The Big - P.01 - UP-24-MAY-26.CON.EW.B02,CON-EW-B02-1010,Soil Compaction Test (B02),16-Nov-25,8-Dec-25,15-Nov-25 A,29-Nov-25 A,29-Jan-26,29-Jan-26,1,1.0,1.0,,No,,The Big -P.01-UP-20-April-26,CON-EW-B02-1010,Soil Compaction Test (B02),17-May-26,140933.45,140933.45,140933.45,140933.45,1,1.0,0,0.0,The Big -P.01-UP-20-April-26,CON-EW-B02-1010,10-May-26,100.00%,100.00%,"$140,933.45","$140,933.45","$140,933.45",
The Big -P.01-UP-20-April-26,E-SUB-B03-BAS02-1020,102,314,314,The Big -P.01-UP-20-April-26,The Big - P.01 - UP-24-MAY-26.EN.2.S.P01.B03.SUB.2ndB,E-SUB-B03-BAS02-1020,Submittal for Beams Conc. Dim.  & RFT DWGs (B03) (Bas 02),17-Nov-25,7-Dec-25,01-Mar-26 A,10-Mar-26 A,12-Feb-26,12-Feb-26,1,1.0,1.0,,No,,The Big -P.01-UP-20-April-26,E-SUB-B03-BAS02-1020,Submittal for Beams Conc. Dim.  & RFT DWGs (B03) (Bas 02),17-May-26,0.0,0.0,0.0,0.0,0,0.0,0,0.0,The Big -P.01-UP-20-April-26,E-SUB-B03-BAS02-1020,10-May-26,100.00%,100.00%,$0.00,$0.00,$0.00,
The Big -P.01-UP-20-April-26,E-SUB-B04-BAS02-1020,103,303,303,The Big -P.01-UP-20-April-26,The Big - P.01 - UP-24-MAY-26.EN.2.S.P01.B04.SUB.2ndB,E-SUB-B04-BAS02-1020,Submittal for Ramps Conc. Dim.  & RFT DWGs (B04) (Bas 02),17-Nov-25,7-Dec-25,16-Feb-26 A,26-Feb-26 A,22-Feb-26,22-Feb-26,1,1.0,1.0,,No,,The Big -P.01-UP-20-April-26,E-SUB-B04-BAS02-1020,Submittal for Ramps Conc. Dim.  & RFT DWGs (B04) (Bas 02),17-May-26,0.0,0.0,0.0,0.0,0,0.0,0,0.0,The Big -P.01-UP-20-April-26,E-SUB-B04-BAS02-1020,10-May-26,100.00%,100.00%,$0.00,$0.00,$0.00,
The Big -P.01-UP-20-April-26,E-SUB-B02-BAS02-1020,104,69,69,The Big -P.01-UP-20-April-26,The Big - P.01 - UP-24-MAY-26.EN.2.S.P02.B02.SUB.2ndB,E-SUB-B02-BAS02-1020,Submittal for Beams Conc. Dim.& RFT DWGs (B02) (Bas 02),17-Nov-25,7-Dec-25,22-Oct-25 A,11-Nov-25 A,29-Jan-26,29-Jan-26,1,1.0,1.0,,No,,The Big -P.01-UP-20-April-26,E-SUB-B02-BAS02-1020,Submittal for Beams Conc. Dim.& RFT DWGs (B02) (Bas 02),17-May-26,0.0,0.0,0.0,0.0,0,0.0,0,0.0,The Big -P.01-UP-20-April-26,E-SUB-B02-BAS02-1020,10-May-26,100.00%,100.00%,$0.00,$0.00,$0.00,
The Big -P.01-UP-20-April-26,E-SUB-B01-BAS02-1020,105,111,111,The Big -P.01-UP-20-April-26,The Big - P.01 - UP-24-MAY-26.EN.2.S.P02.B01.SUB.2ndB,E-SUB-B01-BAS02-1020,Submittal for Ramps Conc. Dim.  & RFT DWGs (B01) (Bas 02),17-Nov-25,7-Dec-25,17-Nov-25 A,07-Dec-25 A,19-Jan-26,19-Jan-26,1,1.0,1.0,,No,,The Big -P.01-UP-20-April-26,E-SUB-B01-BAS02-1020,Submittal for Ramps Conc. Dim.  & RFT DWGs (B01) (Bas 02),17-May-26,0.0,0.0,0.0,0.0,0,0.0,0,0.0,The Big -P.01-UP-20-April-26,E-SUB-B01-BAS02-1020,10-May-26,100.00%,100.00%,$0.00,$0.00,$0.00,
The Big -P.01-UP-20-April-26,E-SUB-B01-BAS01-1000,106,70,70,The Big -P.01-UP-20-April-26,The Big - P.01 - UP-24-MAY-26.EN.2.S.P02.B01.SUB.1stB,E-SUB-B01-BAS01-1000,Submittal for Col. & Walls Conc. Dim.  & RFT DWGs (B01) (Bas 01),17-Nov-25,7-Dec-25,22-Oct-25 A,03-Feb-26 A,9-Feb-26,9-Feb-26,1,1.0,1.0,,No,,The Big -P.01-UP-20-April-26,E-SUB-B01-BAS01-1000,Submittal for Col. & Walls Conc. Dim.  & RFT DWGs (B01) (Bas 01),17-May-26,0.0,0.0,0.0,0.0,0,0.0,0,0.0,The Big -P.01-UP-20-April-26,E-SUB-B01-BAS01-1000,10-May-26,100.00%,100.00%,$0.00,$0.00,$0.00,
The Big -P.01-UP-20-April-26,E-SUB-B03-BAS02-1030,107,313,313,The Big -P.01-UP-20-April-26,The Big - P.01 - UP-24-MAY-26.EN.2.S.P01.B03.SUB.2ndB,E-SUB-B03-BAS02-1030,Submittal for Slabs Conc. Dim.  & RFT DWGs (B03) (Bas 02),20-Nov-25,10-Dec-25,01-Mar-26 A,10-Mar-26 A,12-Feb-26,12-Feb-26,1,1.0,1.0,,No,,The Big -P.01-UP-20-April-26,E-SUB-B03-BAS02-1030,Submittal for Slabs Conc. Dim.  & RFT DWGs (B03) (Bas 02),17-May-26,0.0,0.0,0.0,0.0,0,0.0,0,0.0,The Big -P.01-UP-20-April-26,E-SUB-B03-BAS02-1030,10-May-26,100.00%,100.00%,$0.00,$0.00,$0.00,
The Big -P.01-UP-20-April-26,E-SUB-B04-BAS02-1030,108,315,315,The Big -P.01-UP-20-April-26,The Big - P.01 - UP-24-MAY-26.EN.2.S.P01.B04.SUB.2ndB,E-SUB-B04-BAS02-1030,Submittal for Beams Conc. Dim.  & RFT DWGs (B04) (Bas 02),20-Nov-25,10-Dec-25,01-Mar-26 A,10-Mar-26 A,22-Feb-26,22-Feb-26,1,1.0,1.0,,No,,The Big -P.01-UP-20-April-26,E-SUB-B04-BAS02-1030,Submittal for Beams Conc. Dim.  & RFT DWGs (B04) (Bas 02),17-May-26,0.0,0.0,0.0,0.0,0,0.0,0,0.0,The Big -P.01-UP-20-April-26,E-SUB-B04-BAS02-1030,10-May-26,100.00%,100.00%,$0.00,$0.00,$0.00,
The Big -P.01-UP-20-April-26,E-SUB-B02-BAS02-1030,109,81,81,The Big -P.01-UP-20-April-26,The Big - P.01 - UP-24-MAY-26.EN.2.S.P02.B02.SUB.2ndB,E-SUB-B02-BAS02-1030,Submittal for Slabs Conc. Dim.& RFT DWGs (B02) (Bas 02),20-Nov-25,10-Dec-25,26-Oct-25 A,22-Feb-26 A,29-Jan-26,29-Jan-26,1,1.0,1.0,,No,,The Big -P.01-UP-20-April-26,E-SUB-B02-BAS02-1030,Submittal for Slabs Conc. Dim.& RFT DWGs (B02) (Bas 02),17-May-26,0.0,0.0,0.0,0.0,0,0.0,0,0.0,The Big -P.01-UP-20-April-26,E-SUB-B02-BAS02-1030,10-May-26,100.00%,100.00%,$0.00,$0.00,$0.00,
The Big -P.01-UP-20-April-26,E-SUB-B01-BAS02-1030,110,115,115,The Big -P.01-UP-20-April-26,The Big - P.01 - UP-24-MAY-26.EN.2.S.P02.B01.SUB.2ndB,E-SUB-B01-BAS02-1030,Submittal for Beams Conc. Dim.  & RFT DWGs (B01) (Bas 02),20-Nov-25,10-Dec-25,20-Nov-25 A,16-Feb-26 A,19-Jan-26,19-Jan-26,1,1.0,1.0,,No,,The Big -P.01-UP-20-April-26,E-SUB-B01-BAS02-1030,Submittal for Beams Conc. Dim.  & RFT DWGs (B01) (Bas 02),17-May-26,0.0,0.0,0.0,0.0,0,0.0,0,0.0,The Big -P.01-UP-20-April-26,E-SUB-B01-BAS02-1030,10-May-26,100.00%,100.00%,$0.00,$0.00,$0.00,
The Big -P.01-UP-20-April-26,E-SUB-B03-BAS01-1000,111,155,155,The Big -P.01-UP-20-April-26,The Big - P.01 - UP-24-MAY-26.EN.2.S.P01.B03.SUB.1stB,E-SUB-B03-BAS01-1000,Submittal for Col. & Walls Conc. Dim.  & RFT DWGs (B03) (Bas 01),20-Nov-25,10-Dec-25,01-Jan-26 A,10-Feb-26 A,1-Mar-26,1-Mar-26,1,1.0,1.0,,No,,The Big -P.01-UP-20-April-26,E-SUB-B03-BAS01-1000,Submittal for Col. & Walls Conc. Dim.  & RFT DWGs (B03) (Bas 01),17-May-26,0.0,0.0,0.0,0.0,0,0.0,0,0.0,The Big -P.01-UP-20-April-26,E-SUB-B03-BAS01-1000,10-May-26,100.00%,100.00%,$0.00,$0.00,$0.00,
The Big -P.01-UP-20-April-26,E-SUB-B02-BAS01-1000,112,71,71,The Big -P.01-UP-20-April-26,The Big - P.01 - UP-24-MAY-26.EN.2.S.P02.B02.SUB.1stB,E-SUB-B02-BAS01-1000,Submittal for Col. & Walls Conc. Dim.  & RFT DWGs (B02) (Bas 01),20-Nov-25,10-Dec-25,25-Oct-25 A,13-Nov-25 A,15-Feb-26,15-Feb-26,1,1.0,1.0,,No,,The Big -P.01-UP-20-April-26,E-SUB-B02-BAS01-1000,Submittal for Col. & Walls Conc. Dim.  & RFT DWGs (B02) (Bas 01),17-May-26,0.0,0.0,0.0,0.0,0,0.0,0,0.0,The Big -P.01-UP-20-April-26,E-SUB-B02-BAS01-1000,10-May-26,100.00%,100.00%,$0.00,$0.00,$0.00,
The Big -P.01-UP-20-April-26,E-SUB-B01-BAS01-1010,113,82,82,The Big -P.01-UP-20-April-26,The Big - P.01 - UP-24-MAY-26.EN.2.S.P02.B01.SUB.1stB,E-SUB-B01-BAS01-1010,Submittal for Stairs Conc. Dim.  & RFT DWGs (B01) (Bas 01),20-Nov-25,10-Dec-25,26-Oct-25 A,15-Nov-25 A,1-Mar-26,1-Mar-26,1,1.0,1.0,,No,,The Big -P.01-UP-20-April-26,E-SUB-B01-BAS01-1010,Submittal for Stairs Conc. Dim.  & RFT DWGs (B01) (Bas 01),17-May-26,0.0,0.0,0.0,0.0,0,0.0,0,0.0,The Big -P.01-UP-20-April-26,E-SUB-B01-BAS01-1010,10-May-26,100.00%,100.00%,$0.00,$0.00,$0.00,
The Big -P.01-UP-20-April-26,E-SUB-B01-GR-1000,114,79,79,The Big -P.01-UP-20-April-26,The Big - P.01 - UP-24-MAY-26.EN.2.S.P02.B01.SUP.GF,E-SUB-B01-GR-1000,Submittal for Col. & Walls Conc. Dim.  & RFT DWGs (B01),20-Nov-25,10-Dec-25,26-Oct-25 A,15-Nov-25 A,2-Mar-26,2-Mar-26,1,1.0,1.0,,No,,The Big -P.01-UP-20-April-26,E-SUB-B01-GR-1000,Submittal for Col. & Walls Conc. Dim.  & RFT DWGs (B01),17-May-26,0.0,0.0,0.0,0.0,0,0.0,0,0.0,The Big -P.01-UP-20-April-26,E-SUB-B01-GR-1000,10-May-26,100.00%,100.00%,$0.00,$0.00,$0.00,
The Big -P.01-UP-20-April-26,E-SUB-B04-BAS02-1040,115,299,299,The Big -P.01-UP-20-April-26,The Big - P.01 - UP-24-MAY-26.EN.2.S.P01.B04.SUB.2ndB,E-SUB-B04-BAS02-1040,Submittal for Slabs Conc. Dim.  & RFT DWGs (B04) (Bas 02),24-Nov-25,14-Dec-25,09-Feb-26 A,26-Feb-26 A,22-Feb-26,22-Feb-26,1,1.0,1.0,,No,,The Big -P.01-UP-20-April-26,E-SUB-B04-BAS02-1040,Submittal for Slabs Conc. Dim.  & RFT DWGs (B04) (Bas 02),17-May-26,0.0,0.0,0.0,0.0,0,0.0,0,0.0,The Big -P.01-UP-20-April-26,E-SUB-B04-BAS02-1040,10-May-26,100.00%,100.00%,$0.00,$0.00,$0.00,
The Big -P.01-UP-20-April-26,E-SUB-B01-BAS02-1040,116,123,123,The Big -P.01-UP-20-April-26,The Big - P.01 - UP-24-MAY-26.EN.2.S.P02.B01.SUB.2ndB,E-SUB-B01-BAS02-1040,Submittal for Slabs Conc. Dim.  & RFT DWGs (B01) (Bas 02),24-Nov-25,14-Dec-25,30-Nov-25 A,22-Feb-26 A,19-Jan-26,19-Jan-26,1,1.0,1.0,,No,,The Big -P.01-UP-20-April-26,E-SUB-B01-BAS02-1040,Submittal for Slabs Conc. Dim.  & RFT DWGs (B01) (Bas 02),17-May-26,0.0,0.0,0.0,0.0,0,0.0,0,0.0,The Big -P.01-UP-20-April-26,E-SUB-B01-BAS02-1040,10-May-26,100.00%,100.00%,$0.00,$0.00,$0.00,
The Big -P.01-UP-20-April-26,E-SUB-B03-BAS01-1010,117,235,235,The Big -P.01-UP-20-April-26,The Big - P.01 - UP-24-MAY-26.EN.2.S.P01.B03.SUB.1stB,E-SUB-B03-BAS01-1010,Submittal for Stairs Conc. Dim.  & RFT DWGs (B03) (Bas 01),24-Nov-25,14-Dec-25,01-Feb-26 A,10-Feb-26 A,25-Mar-26,25-Mar-26,1,1.0,1.0,,No,,The Big -P.01-UP-20-April-26,E-SUB-B03-BAS01-1010,Submittal for Stairs Conc. Dim.  & RFT DWGs (B03) (Bas 01),17-May-26,0.0,0.0,0.0,0.0,0,0.0,0,0.0,The Big -P.01-UP-20-April-26,E-SUB-B03-BAS01-1010,10-May-26,100.00%,100.00%,$0.00,$0.00,$0.00,
The Big -P.01-UP-20-April-26,E-SUB-B02-BAS01-1010,118,62,62,The Big -P.01-UP-20-April-26,The Big - P.01 - UP-24-MAY-26.EN.2.S.P02.B02.SUB.1stB,E-SUB-B02-BAS01-1010,Submittal for Stairs Conc. Dim.  & RFT DWGs (B02) (Bas 01),24-Nov-25,14-Dec-25,19-Oct-25 A,18-Nov-25 A,5-Mar-26,5-Mar-26,1,1.0,1.0,,No,,The Big -P.01-UP-20-April-26,E-SUB-B02-BAS01-1010,Submittal for Stairs Conc. Dim.  & RFT DWGs (B02) (Bas 01),17-May-26,0.0,0.0,0.0,0.0,0,0.0,0,0.0,The Big -P.01-UP-20-April-26,E-SUB-B02-BAS01-1010,10-May-26,100.00%,100.00%,$0.00,$0.00,$0.00,
The Big -P.01-UP-20-April-26,E-SUB-B01-BAS01-1020,119,86,86,The Big -P.01-UP-20-April-26,The Big - P.01 - UP-24-MAY-26.EN.2.S.P02.B01.SUB.1stB,E-SUB-B01-BAS01-1020,Submittal for Ramps Conc. Dim.  & RFT DWGs (B01) (Bas 01),24-Nov-25,14-Dec-25,29-Oct-25 A,18-Nov-25 A,1-Mar-26,1-Mar-26,1,1.0,1.0,,No,,The Big -P.01-UP-20-April-26,E-SUB-B01-BAS01-1020,Submittal for Ramps Conc. Dim.  & RFT DWGs (B01) (Bas 01),17-May-26,0.0,0.0,0.0,0.0,0,0.0,0,0.0,The Big -P.01-UP-20-April-26,E-SUB-B01-BAS01-1020,10-May-26,100.00%,100.00%,$0.00,$0.00,$0.00,
The Big -P.01-UP-20-April-26,E-SUB-B01-GR-1010,120,342,342,The Big -P.01-UP-20-April-26,The Big - P.01 - UP-24-MAY-26.EN.2.S.P02.B01.SUP.GF,E-SUB-B01-GR-1010,Submittal for Stairs Conc. Dim.  & RFT DWGs (B01),24-Nov-25,14-Dec-25,23-Mar-26 A,12-Apr-26 A,2-Mar-26,2-Mar-26,1,1.0,1.0,,No,,The Big -P.01-UP-20-April-26,E-SUB-B01-GR-1010,Submittal for Stairs Conc. Dim.  & RFT DWGs (B01),17-May-26,0.0,0.0,0.0,0.0,0,0.0,0,0.0,The Big -P.01-UP-20-April-26,E-SUB-B01-GR-1010,10-May-26,100.00%,100.00%,$0.00,$0.00,$0.00,
The Big -P.01-UP-20-April-26,AB-SUB-B01-REP-1000,121,397,395,The Big -P.01-UP-20-April-26,The Big - P.01 - UP-24-MAY-26.HO.1.S.P02.B01.SUB.1,AB-SUB-B01-REP-1000,Submittal for General Replacement Plan & Typical Sections for Replacement / Backfilling DWGs As-Built Drawing (B01),24-Nov-25,14-Dec-25,17-May-26,10-Jun-26,6-Mar-27,29-Mar-27,1,1.0,0.0,241.0,No,,The Big -P.01-UP-20-April-26,AB-SUB-B01-REP-1000,Submittal for General Replacement Plan & Typical Sections for Replacement / Backfilling DWGs As-Built Drawing (B01),17-May-26,0.0,0.0,0.0,0.0,0,0.0,0,0.0,The Big -P.01-UP-20-April-26,AB-SUB-B01-REP-1000,10-May-26,100.00%,0.00%,$0.00,$0.00,$0.00,
The Big -P.01-UP-20-April-26,P-MPOS-1070,122,117,117,The Big -P.01-UP-20-April-26,The Big - P.01 - UP-24-MAY-26.P.PC.PO.1,P-MPOS-1070,P.O for Rebar Patch#2  (Basement 2),24-Nov-25,25-Nov-25,26-Nov-25 A,28-Nov-25 A,25-Dec-25,25-Dec-25,1,1.0,1.0,,No,,The Big -P.01-UP-20-April-26,P-MPOS-1070,P.O for Rebar Patch#2  (Basement 2),17-May-26,0.0,0.0,0.0,0.0,0,0.0,0,0.0,The Big -P.01-UP-20-April-26,P-MPOS-1070,10-May-26,100.00%,100.00%,$0.00,$0.00,$0.00,
The Big -P.01-UP-20-April-26,E-SUB-B02-GR-1000,123,72,72,The Big -P.01-UP-20-April-26,The Big - P.01 - UP-24-MAY-26.EN.2.S.P02.B02.SUP.GF,E-SUB-B02-GR-1000,Submittal for Col. & Walls Conc. Dim.  & RFT DWGs (B02) (GF),25-Nov-25,15-Dec-25,25-Oct-25 A,13-Nov-25 A,12-Mar-26,12-Mar-26,1,1.0,1.0,,No,,The Big -P.01-UP-20-April-26,E-SUB-B02-GR-1000,Submittal for Col. & Walls Conc. Dim.  & RFT DWGs (B02) (GF),17-May-26,0.0,0.0,0.0,0.0,0,0.0,0,0.0,The Big -P.01-UP-20-April-26,E-SUB-B02-GR-1000,10-May-26,100.00%,100.00%,$0.00,$0.00,$0.00,
The Big -P.01-UP-20-April-26,CON-B01-FOOT-1000,124,118,118,The Big -P.01-UP-20-April-26,The Big - P.01 - UP-24-MAY-26.CON.P02.B01.SUB.F,CON-B01-FOOT-1000,Shuttering for PC Raft (B01) (footing),26-Nov-25,26-Nov-25,26-Nov-25 A,30-Nov-25 A,21-Dec-25,21-Dec-25,1,1.0,1.0,,No,,The Big -P.01-UP-20-April-26,CON-B01-FOOT-1000,Shuttering for PC Raft (B01) (footing),17-May-26,796713.38,796713.38,796713.38,796713.38,1,1.0,0,0.0,The Big -P.01-UP-20-April-26,CON-B01-FOOT-1000,10-May-26,100.00%,100.00%,"$796,713.38","$796,713.38","$796,713.38",
The Big -P.01-UP-20-April-26,CON-B04-WT-1050,125,144,144,The Big -P.01-UP-20-April-26,The Big - P.01 - UP-24-MAY-26.CON.P01.B04.SUB.3.2,CON-B04-WT-1050,Waterproofing & Ins. Protection works (B04) (Water Tank),26-Nov-25,27-Nov-25,12-Dec-25 A,16-Dec-25 A,7-Feb-26,7-Feb-26,1,1.0,1.0,,No,,The Big -P.01-UP-20-April-26,CON-B04-WT-1050,Waterproofing & Ins. Protection works (B04) (Water Tank),17-May-26,630000.0,630000.0,630000.0,630000.0,1,1.0,0,0.0,The Big -P.01-UP-20-April-26,CON-B04-WT-1050,10-May-26,100.00%,100.00%,"$630,000.00","$630,000.00","$630,000.00",
The Big -P.01-UP-20-April-26,P-MDEL-1170,126,402,400,The Big -P.01-UP-20-April-26,The Big - P.01 - UP-24-MAY-26.P.PC.DS.DR,P-MDEL-1170,Delivery for Rebar Patch#2  (Basement 2),26-Nov-25,27-Nov-25,14-Feb-26 A,20-Apr-26 A,25-Dec-25,25-Dec-25,1,1.0,1.0,,No,,The Big -P.01-UP-20-April-26,P-MDEL-1170,Delivery for Rebar Patch#2  (Basement 2),17-May-26,0.0,0.0,0.0,0.0,0,0.0,0,0.0,The Big -P.01-UP-20-April-26,P-MDEL-1170,10-May-26,100.00%,0.00%,$0.00,$0.00,$0.00,
The Big -P.01-UP-20-April-26,CON-B01-FOOT-1010,127,120,120,The Big -P.01-UP-20-April-26,The Big - P.01 - UP-24-MAY-26.CON.P02.B01.SUB.F,CON-B01-FOOT-1010,Pouring for PC Raft (B01) (footing),27-Nov-25,27-Nov-25,30-Nov-25 A,01-Dec-25 A,21-Dec-25,21-Dec-25,1,1.0,1.0,,No,,The Big -P.01-UP-20-April-26,CON-B01-FOOT-1010,Pouring for PC Raft (B01) (footing),17-May-26,1858997.88,1858997.88,1858997.88,1858997.88,1,1.0,0,0.0,The Big -P.01-UP-20-April-26,CON-B01-FOOT-1010,10-May-26,100.00%,100.00%,"$1,858,997.88","$1,858,997.88","$1,858,997.88",
The Big -P.01-UP-20-April-26,E-SUB-B03-BAS01-1020,128,320,320,The Big -P.01-UP-20-April-26,The Big - P.01 - UP-24-MAY-26.EN.2.S.P01.B03.SUB.1stB,E-SUB-B03-BAS01-1020,Submittal for Beams Conc. Dim.  & RFT DWGs (B03) (Bas 01),27-Nov-25,17-Dec-25,01-Mar-26 A,10-Mar-26 A,25-Mar-26,25-Mar-26,1,1.0,1.0,,No,,The Big -P.01-UP-20-April-26,E-SUB-B03-BAS01-1020,Submittal for Beams Conc. Dim.  & RFT DWGs (B03) (Bas 01),17-May-26,0.0,0.0,0.0,0.0,0,0.0,0,0.0,The Big -P.01-UP-20-April-26,E-SUB-B03-BAS01-1020,10-May-26,100.00%,100.00%,$0.00,$0.00,$0.00,
The Big -P.01-UP-20-April-26,E-SUB-B02-BAS01-1020,129,98,98,The Big -P.01-UP-20-April-26,The Big - P.01 - UP-24-MAY-26.EN.2.S.P02.B02.SUB.1stB,E-SUB-B02-BAS01-1020,Submittal for Beams Conc. Dim.  & RFT DWGs (B02) (Bas 01),27-Nov-25,17-Dec-25,02-Nov-25 A,23-Nov-25 A,5-Mar-26,5-Mar-26,1,1.0,1.0,,No,,The Big -P.01-UP-20-April-26,E-SUB-B02-BAS01-1020,Submittal for Beams Conc. Dim.  & RFT DWGs (B02) (Bas 01),17-May-26,0.0,0.0,0.0,0.0,0,0.0,0,0.0,The Big -P.01-UP-20-April-26,E-SUB-B02-BAS01-1020,10-May-26,100.00%,100.00%,$0.00,$0.00,$0.00,
The Big -P.01-UP-20-April-26,E-SUB-B01-BAS01-1030,130,99,99,The Big -P.01-UP-20-April-26,The Big - P.01 - UP-24-MAY-26.EN.2.S.P02.B01.SUB.1stB,E-SUB-B01-BAS01-1030,Submittal for Beams Conc. Dim.  & RFT DWGs (B01) (Bas 01),27-Nov-25,17-Dec-25,02-Nov-25 A,10-Mar-26 A,1-Mar-26,1-Mar-26,1,1.0,1.0,,No,,The Big -P.01-UP-20-April-26,E-SUB-B01-BAS01-1030,Submittal for Beams Conc. Dim.  & RFT DWGs (B01) (Bas 01),17-May-26,0.0,0.0,0.0,0.0,0,0.0,0,0.0,The Big -P.01-UP-20-April-26,E-SUB-B01-BAS01-1030,10-May-26,100.00%,100.00%,$0.00,$0.00,$0.00,
The Big -P.01-UP-20-April-26,E-SUB-B01-GR-1020,131,352,350,The Big -P.01-UP-20-April-26,The Big - P.01 - UP-24-MAY-26.EN.2.S.P02.B01.SUP.GF,E-SUB-B01-GR-1020,Submittal for Beams Conc. Dim.  & RFT DWGs (B01),27-Nov-25,17-Dec-25,17-May-26,10-Jun-26,2-Mar-26,26-Mar-26,1,1.0,0.0,-60.0,Yes,,The Big -P.01-UP-20-April-26,E-SUB-B01-GR-1020,Submittal for Beams Conc. Dim.  & RFT DWGs (B01),17-May-26,0.0,0.0,0.0,0.0,0,0.0,0,0.0,The Big -P.01-UP-20-April-26,E-SUB-B01-GR-1020,10-May-26,100.00%,0.00%,$0.00,$0.00,$0.00,
The Big -P.01-UP-20-April-26,CON-B01-FOOT-1020,132,141,141,The Big -P.01-UP-20-April-26,The Big - P.01 - UP-24-MAY-26.CON.P02.B01.SUB.F,CON-B01-FOOT-1020,Curing for PC Raft (B01) (footing),28-Nov-25,30-Nov-25,02-Dec-25 A,10-Dec-25 A,21-Dec-25,21-Dec-25,1,1.0,1.0,,No,,The Big -P.01-UP-20-April-26,CON-B01-FOOT-1020,Curing for PC Raft (B01) (footing),17-May-26,0.0,0.0,0.0,0.0,0,0.0,0,0.0,The Big -P.01-UP-20-April-26,CON-B01-FOOT-1020,10-May-26,100.00%,100.00%,$0.00,$0.00,$0.00,
The Big -P.01-UP-20-April-26,CON-B04-WT-1060,133,152,152,The Big -P.01-UP-20-April-26,The Big - P.01 - UP-24-MAY-26.CON.P01.B04.SUB.3.2,CON-B04-WT-1060,Shuttering for RC Raft (B04) (Water Tank),29-Nov-25,2-Dec-25,01-Jan-26 A,04-Jan-26 A,7-Feb-26,7-Feb-26,1,1.0,1.0,,No,,The Big -P.01-UP-20-April-26,CON-B04-WT-1060,Shuttering for RC Raft (B04) (Water Tank),17-May-26,1423684.0,1423684.0,1423684.0,1423684.0,1,1.0,0,0.0,The Big -P.01-UP-20-April-26,CON-B04-WT-1060,10-May-26,100.00%,100.00%,"$1,423,684.00","$1,423,684.00","$1,423,684.00",
The Big -P.01-UP-20-April-26,E-SUB-B02-GR-1010,134,63,63,The Big -P.01-UP-20-April-26,The Big - P.01 - UP-24-MAY-26.EN.2.S.P02.B02.SUP.GF,E-SUB-B02-GR-1010,Submittal for Stairs Conc. Dim.  & RFT DWGs (B02) (GF),29-Nov-25,18-Dec-25,19-Oct-25 A,08-Nov-25 A,12-Mar-26,12-Mar-26,1,1.0,1.0,,No,,The Big -P.01-UP-20-April-26,E-SUB-B02-GR-1010,Submittal for Stairs Conc. Dim.  & RFT DWGs (B02) (GF),17-May-26,0.0,0.0,0.0,0.0,0,0.0,0,0.0,The Big -P.01-UP-20-April-26,E-SUB-B02-GR-1010,10-May-26,100.00%,100.00%,$0.00,$0.00,$0.00,
The Big -P.01-UP-20-April-26,CON-EW-B03-1000,135,38,38,The Big -P.01-UP-20-April-26,The Big - P.01 - UP-24-MAY-26.CON.EW.B03,CON-EW-B03-1000,Soil Replacement & Leveling & Compaction (B03),29-Nov-25,21-Dec-25,10-Oct-25 A,01-Nov-25 A,12-Feb-26,12-Feb-26,1,1.0,1.0,,No,,The Big -P.01-UP-20-April-26,CON-EW-B03-1000,Soil Replacement & Leveling & Compaction (B03),17-May-26,1375892.03,1375892.03,1375892.03,1375892.03,1,1.0,0,0.0,The Big -P.01-UP-20-April-26,CON-EW-B03-1000,10-May-26,100.00%,100.00%,"$1,375,892.03","$1,375,892.03","$1,375,892.03",
The Big -P.01-UP-20-April-26,AB-SUB-B01-FOOT-1000,136,389,387,The Big -P.01-UP-20-April-26,The Big - P.01 - UP-24-MAY-26.HO.1.S.P02.B01.SUB.F,AB-SUB-B01-FOOT-1000,Submittal for PC Raft Conc. Dim. DWGs As-Built Drawing (B01) (footing),29-Nov-25,18-Dec-25,17-May-26,10-Jun-26,6-Mar-27,29-Mar-27,1,1.0,0.0,241.0,No,,The Big -P.01-UP-20-April-26,AB-SUB-B01-FOOT-1000,Submittal for PC Raft Conc. Dim. DWGs As-Built Drawing (B01) (footing),17-May-26,0.0,0.0,0.0,0.0,0,0.0,0,0.0,The Big -P.01-UP-20-April-26,AB-SUB-B01-FOOT-1000,10-May-26,100.00%,0.00%,$0.00,$0.00,$0.00,
The Big -P.01-UP-20-April-26,AB-APP-B04-WT-1000,137,492,485,The Big -P.01-UP-20-April-26,The Big - P.01 - UP-24-MAY-26.HO.1.A.P01.B04.SUB.2ndF.WT,AB-APP-B04-WT-1000,Approval for PC Raft Conc. Dim. DWGs As-Built Drawing (B04) (Water Tank),29-Nov-25,11-Dec-25,4-Jun-26,17-Jun-26,23-Mar-27,5-Apr-27,1,1.0,0.0,241.0,No,,The Big -P.01-UP-20-April-26,AB-APP-B04-WT-1000,Approval for PC Raft Conc. Dim. DWGs As-Built Drawing (B04) (Water Tank),17-May-26,0.0,0.0,0.0,0.0,0,0.0,0,0.0,The Big -P.01-UP-20-April-26,AB-APP-B04-WT-1000,10-May-26,100.00%,0.00%,$0.00,$0.00,$0.00,
The Big -P.01-UP-20-April-26,E-SUB-B04-BAS01-1000,138,156,156,The Big -P.01-UP-20-April-26,The Big - P.01 - UP-24-MAY-26.EN.2.S.P01.B04.SUB.1stB,E-SUB-B04-BAS01-1000,Submittal for Col. & Walls Conc. Dim.  & RFT DWGs (B04) (Bas 01),30-Nov-25,20-Dec-25,01-Jan-26 A,10-Feb-26 A,10-Mar-26,10-Mar-26,1,1.0,1.0,,No,,The Big -P.01-UP-20-April-26,E-SUB-B04-BAS01-1000,Submittal for Col. & Walls Conc. Dim.  & RFT DWGs (B04) (Bas 01),17-May-26,0.0,0.0,0.0,0.0,0,0.0,0,0.0,The Big -P.01-UP-20-April-26,E-SUB-B04-BAS01-1000,10-May-26,100.00%,100.00%,$0.00,$0.00,$0.00,
The Big -P.01-UP-20-April-26,E-SUB-B03-GR-1000,139,158,158,The Big -P.01-UP-20-April-26,The Big - P.01 - UP-24-MAY-26.EN.2.S.P01.B03.SUP.GF,E-SUB-B03-GR-1000,Submittal for Col. & Walls Conc. Dim.  & RFT DWGs (B03) (GF),30-Nov-25,20-Dec-25,01-Jan-26 A,10-Feb-26 A,22-Mar-26,22-Mar-26,1,1.0,1.0,,No,,The Big -P.01-UP-20-April-26,E-SUB-B03-GR-1000,Submittal for Col. & Walls Conc. Dim.  & RFT DWGs (B03) (GF),17-May-26,0.0,0.0,0.0,0.0,0,0.0,0,0.0,The Big -P.01-UP-20-April-26,E-SUB-B03-GR-1000,10-May-26,100.00%,100.00%,$0.00,$0.00,$0.00,
The Big -P.01-UP-20-April-26,CON-B01-FOOT-1030,140,143,143,The Big -P.01-UP-20-April-26,The Big - P.01 - UP-24-MAY-26.CON.P02.B01.SUB.F,CON-B01-FOOT-1030,Waterproofing & Ins. Protection works (B01) (footing),1-Dec-25,2-Dec-25,12-Dec-25 A,21-Dec-25 A,21-Dec-25,21-Dec-25,1,1.0,1.0,,No,,The Big -P.01-UP-20-April-26,CON-B01-FOOT-1030,Waterproofing & Ins. Protection works (B01) (footing),17-May-26,1487911.54,1487911.54,1487911.54,1487911.54,1,1.0,0,0.0,The Big -P.01-UP-20-April-26,CON-B01-FOOT-1030,10-May-26,100.00%,100.00%,"$1,487,911.54","$1,487,911.54","$1,487,911.54",
The Big -P.01-UP-20-April-26,E-SUB-B03-BAS01-1030,141,325,325,The Big -P.01-UP-20-April-26,The Big - P.01 - UP-24-MAY-26.EN.2.S.P01.B03.SUB.1stB,E-SUB-B03-BAS01-1030,Submittal for Slabs Conc. Dim.  & RFT DWGs (B03) (Bas 01),1-Dec-25,21-Dec-25,02-Mar-26 A,12-Mar-26 A,25-Mar-26,25-Mar-26,1,1.0,1.0,,No,,The Big -P.01-UP-20-April-26,E-SUB-B03-BAS01-1030,Submittal for Slabs Conc. Dim.  & RFT DWGs (B03) (Bas 01),17-May-26,0.0,0.0,0.0,0.0,0,0.0,0,0.0,The Big -P.01-UP-20-April-26,E-SUB-B03-BAS01-1030,10-May-26,100.00%,100.00%,$0.00,$0.00,$0.00,
The Big -P.01-UP-20-April-26,E-SUB-B02-BAS01-1030,142,101,101,The Big -P.01-UP-20-April-26,The Big - P.01 - UP-24-MAY-26.EN.2.S.P02.B02.SUB.1stB,E-SUB-B02-BAS01-1030,Submittal for Slabs Conc. Dim.  & RFT DWGs (B02) (Bas 01),1-Dec-25,21-Dec-25,05-Nov-25 A,31-Mar-26 A,5-Mar-26,5-Mar-26,1,1.0,1.0,,No,,The Big -P.01-UP-20-April-26,E-SUB-B02-BAS01-1030,Submittal for Slabs Conc. Dim.  & RFT DWGs (B02) (Bas 01),17-May-26,0.0,0.0,0.0,0.0,0,0.0,0,0.0,The Big -P.01-UP-20-April-26,E-SUB-B02-BAS01-1030,10-May-26,100.00%,100.00%,$0.00,$0.00,$0.00,
The Big -P.01-UP-20-April-26,E-SUB-B01-BAS01-1040,143,102,102,The Big -P.01-UP-20-April-26,The Big - P.01 - UP-24-MAY-26.EN.2.S.P02.B01.SUB.1stB,E-SUB-B01-BAS01-1040,Submittal for Slabs Conc. Dim.  & RFT DWGs (B01) (Bas 01),1-Dec-25,21-Dec-25,05-Nov-25 A,31-Mar-26 A,1-Mar-26,1-Mar-26,1,1.0,1.0,,No,,The Big -P.01-UP-20-April-26,E-SUB-B01-BAS01-1040,Submittal for Slabs Conc. Dim.  & RFT DWGs (B01) (Bas 01),17-May-26,0.0,0.0,0.0,0.0,0,0.0,0,0.0,The Big -P.01-UP-20-April-26,E-SUB-B01-BAS01-1040,10-May-26,100.00%,100.00%,$0.00,$0.00,$0.00,
The Big -P.01-UP-20-April-26,E-SUB-B01-GR-1030,144,430,425,The Big -P.01-UP-20-April-26,The Big - P.01 - UP-24-MAY-26.EN.2.S.P02.B01.SUP.GF,E-SUB-B01-GR-1030,Submittal for Slabs Conc. Dim.  & RFT DWGs (B01),1-Dec-25,21-Dec-25,20-May-26,14-Jun-26,5-Mar-26,30-Mar-26,1,1.0,0.0,-60.0,Yes,,The Big -P.01-UP-20-April-26,E-SUB-B01-GR-1030,Submittal for Slabs Conc. Dim.  & RFT DWGs (B01),17-May-26,0.0,0.0,0.0,0.0,0,0.0,0,0.0,The Big -P.01-UP-20-April-26,E-SUB-B01-GR-1030,10-May-26,100.00%,0.00%,$0.00,$0.00,$0.00,
The Big -P.01-UP-20-April-26,E-APP-B02-BAS02-1000,145,204,204,The Big -P.01-UP-20-April-26,The Big - P.01 - UP-24-MAY-26.EN.2.A.P02.B02.SUB.2ndB,E-APP-B02-BAS02-1000,Approval for Col. & Walls Conc. Dim.  & RFT DWGs (B02) (Bas 02),1-Dec-25,11-Dec-25,01-Feb-26 A,09-Feb-26 A,29-Jan-26,29-Jan-26,1,1.0,1.0,,No,,The Big -P.01-UP-20-April-26,E-APP-B02-BAS02-1000,Approval for Col. & Walls Conc. Dim.  & RFT DWGs (B02) (Bas 02),17-May-26,0.0,0.0,0.0,0.0,0,0.0,0,0.0,The Big -P.01-UP-20-April-26,E-APP-B02-BAS02-1000,10-May-26,100.00%,100.00%,$0.00,$0.00,$0.00,
The Big -P.01-UP-20-April-26,E-APP-B01-BAS02-1000,146,207,207,The Big -P.01-UP-20-April-26,The Big - P.01 - UP-24-MAY-26.EN.2.A.P02.B01.SUB.2ndB,E-APP-B01-BAS02-1000,Approval for Col. & Walls Conc. Dim.  & RFT DWGs (B01) (Bas 02),1-Dec-25,11-Dec-25,01-Feb-26 A,11-Feb-26 A,25-Dec-25,25-Dec-25,1,1.0,1.0,,No,,The Big -P.01-UP-20-April-26,E-APP-B01-BAS02-1000,Approval for Col. & Walls Conc. Dim.  & RFT DWGs (B01) (Bas 02),17-May-26,0.0,0.0,0.0,0.0,0,0.0,0,0.0,The Big -P.01-UP-20-April-26,E-APP-B01-BAS02-1000,10-May-26,100.00%,100.00%,$0.00,$0.00,$0.00,
The Big -P.01-UP-20-April-26,E-APP-B03-BAS02-1000,147,174,174,The Big -P.01-UP-20-April-26,The Big - P.01 - UP-24-MAY-26.EN.2.A.P01.B03.SUB.3,E-APP-B03-BAS02-1000,Approval for Col. & Walls Conc. Dim.  & RFT DWGs  (B03) (Bas 02),1-Dec-25,11-Dec-25,07-Jan-26 A,12-Feb-26 A,12-Feb-26,12-Feb-26,1,1.0,1.0,,No,,The Big -P.01-UP-20-April-26,E-APP-B03-BAS02-1000,Approval for Col. & Walls Conc. Dim.  & RFT DWGs  (B03) (Bas 02),17-May-26,0.0,0.0,0.0,0.0,0,0.0,0,0.0,The Big -P.01-UP-20-April-26,E-APP-B03-BAS02-1000,10-May-26,100.00%,100.00%,$0.00,$0.00,$0.00,
The Big -P.01-UP-20-April-26,E-APP-B04-BAS02-1000,148,234,234,The Big -P.01-UP-20-April-26,The Big - P.01 - UP-24-MAY-26.EN.2.A.P01.B04.SUB.2ndF,E-APP-B04-BAS02-1000,Approval for Col. & Walls Conc. Dim.  & RFT DWGs (B04) (Bas 02),1-Dec-25,11-Dec-25,01-Feb-26 A,12-Feb-26 A,1-Feb-26,1-Feb-26,1,1.0,1.0,,No,,The Big -P.01-UP-20-April-26,E-APP-B04-BAS02-1000,Approval for Col. & Walls Conc. Dim.  & RFT DWGs (B04) (Bas 02),17-May-26,0.0,0.0,0.0,0.0,0,0.0,0,0.0,The Big -P.01-UP-20-April-26,E-APP-B04-BAS02-1000,10-May-26,100.00%,100.00%,$0.00,$0.00,$0.00,
The Big -P.01-UP-20-April-26,E-SUB-B02-GR-1020,149,351,349,The Big -P.01-UP-20-April-26,The Big - P.01 - UP-24-MAY-26.EN.2.S.P02.B02.SUP.GF,E-SUB-B02-GR-1020,Submittal for Beams Conc. Dim.  & RFT DWGs (B02) (GF),2-Dec-25,22-Dec-25,17-May-26,10-Jun-26,12-Mar-26,6-Apr-26,1,1.0,0.0,-51.0,Yes,,The Big -P.01-UP-20-April-26,E-SUB-B02-GR-1020,Submittal for Beams Conc. Dim.  & RFT DWGs (B02) (GF),17-May-26,0.0,0.0,0.0,0.0,0,0.0,0,0.0,The Big -P.01-UP-20-April-26,E-SUB-B02-GR-1020,10-May-26,100.00%,0.00%,$0.00,$0.00,$0.00,
The Big -P.01-UP-20-April-26,CON-EW-B03-1010,150,113,113,The Big -P.01-UP-20-April-26,The Big - P.01 - UP-24-MAY-26.CON.EW.B03,CON-EW-B03-1010,Soil Compaction Test (B03),2-Dec-25,24-Dec-25,20-Nov-25 A,03-Dec-25 A,12-Feb-26,12-Feb-26,1,1.0,1.0,,No,,The Big -P.01-UP-20-April-26,CON-EW-B03-1010,Soil Compaction Test (B03),17-May-26,152876.89,152876.89,152876.89,152876.89,1,1.0,0,0.0,The Big -P.01-UP-20-April-26,CON-EW-B03-1010,10-May-26,100.00%,100.00%,"$152,876.89","$152,876.89","$152,876.89",
The Big -P.01-UP-20-April-26,CON-B01-FOOT-1040,151,285,285,The Big -P.01-UP-20-April-26,The Big - P.01 - UP-24-MAY-26.CON.P02.B01.SUB.F,CON-B01-FOOT-1040,Shuttering for RC Raft & Footings (B01) (footing),3-Dec-25,16-Dec-25,05-Feb-26 A,17-Feb-26 A,21-Dec-25,21-Dec-25,1,1.0,1.0,,No,,The Big -P.01-UP-20-April-26,CON-B01-FOOT-1040,Shuttering for RC Raft & Footings (B01) (footing),17-May-26,4684300.95,4684300.95,4684300.95,4684300.95,1,1.0,0,0.0,The Big -P.01-UP-20-April-26,CON-B01-FOOT-1040,10-May-26,100.00%,100.00%,"$4,684,300.95","$4,684,300.95","$4,684,300.95",
The Big -P.01-UP-20-April-26,CON-B04-WT-1070,152,185,185,The Big -P.01-UP-20-April-26,The Big - P.01 - UP-24-MAY-26.CON.P01.B04.SUB.3.2,CON-B04-WT-1070,RFT for RC Raft (B04) (Water Tank),3-Dec-25,8-Dec-25,10-Jan-26 A,17-Jan-26 A,7-Feb-26,7-Feb-26,1,1.0,1.0,,No,,The Big -P.01-UP-20-April-26,CON-B04-WT-1070,RFT for RC Raft (B04) (Water Tank),17-May-26,1860691.06,1860691.06,1860691.06,1860691.06,1,1.0,0,0.0,The Big -P.01-UP-20-April-26,CON-B04-WT-1070,10-May-26,100.00%,100.00%,"$1,860,691.06","$1,860,691.06","$1,860,691.06",
The Big -P.01-UP-20-April-26,E-SUB-B04-BAS01-1010,153,236,236,The Big -P.01-UP-20-April-26,The Big - P.01 - UP-24-MAY-26.EN.2.S.P01.B04.SUB.1stB,E-SUB-B04-BAS01-1010,Submittal for Stairs Conc. Dim.  & RFT DWGs (B04) (Bas 01),3-Dec-25,23-Dec-25,01-Feb-26 A,14-Feb-26 A,29-Mar-26,29-Mar-26,1,1.0,1.0,,No,,The Big -P.01-UP-20-April-26,E-SUB-B04-BAS01-1010,Submittal for Stairs Conc. Dim.  & RFT DWGs (B04) (Bas 01),17-May-26,0.0,0.0,0.0,0.0,0,0.0,0,0.0,The Big -P.01-UP-20-April-26,E-SUB-B04-BAS01-1010,10-May-26,100.00%,100.00%,$0.00,$0.00,$0.00,
The Big -P.01-UP-20-April-26,E-SUB-B03-GR-1010,154,238,238,The Big -P.01-UP-20-April-26,The Big - P.01 - UP-24-MAY-26.EN.2.S.P01.B03.SUP.GF,E-SUB-B03-GR-1010,Submittal for Stairs Conc. Dim.  & RFT DWGs (B03) (GF),3-Dec-25,23-Dec-25,01-Feb-26 A,10-Feb-26 A,22-Mar-26,22-Mar-26,1,1.0,1.0,,No,,The Big -P.01-UP-20-April-26,E-SUB-B03-GR-1010,Submittal for Stairs Conc. Dim.  & RFT DWGs (B03) (GF),17-May-26,0.0,0.0,0.0,0.0,0,0.0,0,0.0,The Big -P.01-UP-20-April-26,E-SUB-B03-GR-1010,10-May-26,100.00%,100.00%,$0.00,$0.00,$0.00,
The Big -P.01-UP-20-April-26,P-MDEL-1060,155,623,618,The Big -P.01-UP-20-April-26,The Big - P.01 - UP-24-MAY-26.P.PC.DS,P-MDEL-1060,Delivery for cold Crystalline waterproofing for Water tank,3-Dec-25,7-Feb-26,28-Jun-26,2-Sep-26,27-Jun-27,2-Sep-27,1,1.0,0.0,364.0,No,,The Big -P.01-UP-20-April-26,P-MDEL-1060,Delivery for cold Crystalline waterproofing for Water tank,17-May-26,0.0,0.0,0.0,0.0,0,0.0,0,0.0,The Big -P.01-UP-20-April-26,P-MDEL-1060,10-May-26,100.00%,0.00%,$0.00,$0.00,$0.00,
The Big -P.01-UP-20-April-26,AB-SUB-B04-WT-1010,156,396,394,The Big -P.01-UP-20-April-26,The Big - P.01 - UP-24-MAY-26.HO.1.S.P01.B04.SUB.2ndB.1,AB-SUB-B04-WT-1010,Submittal for RC Raft Conc. Dim. DWGs As-Built Drawing (B04) (Water Tank),3-Dec-25,23-Dec-25,17-May-26,10-Jun-26,6-Mar-27,29-Mar-27,1,1.0,0.0,241.0,No,,The Big -P.01-UP-20-April-26,AB-SUB-B04-WT-1010,Submittal for RC Raft Conc. Dim. DWGs As-Built Drawing (B04) (Water Tank),17-May-26,0.0,0.0,0.0,0.0,0,0.0,0,0.0,The Big -P.01-UP-20-April-26,AB-SUB-B04-WT-1010,10-May-26,100.00%,0.00%,$0.00,$0.00,$0.00,
The Big -P.01-UP-20-April-26,AB-SUB-B01-FOOT-1010,157,401,399,The Big -P.01-UP-20-April-26,The Big - P.01 - UP-24-MAY-26.HO.1.S.P02.B01.SUB.F,AB-SUB-B01-FOOT-1010,Submittal for  Waterproofing Layout Plan DWGs As-Built Drawing (B01),3-Dec-25,23-Dec-25,17-May-26,10-Jun-26,6-Mar-27,29-Mar-27,1,1.0,0.0,241.0,No,,The Big -P.01-UP-20-April-26,AB-SUB-B01-FOOT-1010,Submittal for  Waterproofing Layout Plan DWGs As-Built Drawing (B01),17-May-26,0.0,0.0,0.0,0.0,0,0.0,0,0.0,The Big -P.01-UP-20-April-26,AB-SUB-B01-FOOT-1010,10-May-26,100.00%,0.00%,$0.00,$0.00,$0.00,
The Big -P.01-UP-20-April-26,E-APP-B02-BAS02-1010,158,206,206,The Big -P.01-UP-20-April-26,The Big - P.01 - UP-24-MAY-26.EN.2.A.P02.B02.SUB.2ndB,E-APP-B02-BAS02-1010,Approval for Stairs Conc. Dim.  & RFT DWGs (B02) (Bas 02),4-Dec-25,15-Dec-25,01-Feb-26 A,15-Feb-26 A,29-Jan-26,29-Jan-26,1,1.0,1.0,,No,,The Big -P.01-UP-20-April-26,E-APP-B02-BAS02-1010,Approval for Stairs Conc. Dim.  & RFT DWGs (B02) (Bas 02),17-May-26,0.0,0.0,0.0,0.0,0,0.0,0,0.0,The Big -P.01-UP-20-April-26,E-APP-B02-BAS02-1010,10-May-26,100.00%,100.00%,$0.00,$0.00,$0.00,
The Big -P.01-UP-20-April-26,E-APP-B01-BAS02-1010,159,209,209,The Big -P.01-UP-20-April-26,The Big - P.01 - UP-24-MAY-26.EN.2.A.P02.B01.SUB.2ndB,E-APP-B01-BAS02-1010,Approval for Stairs Conc. Dim.  & RFT DWGs (B01) (Bas 02),4-Dec-25,15-Dec-25,01-Feb-26 A,07-Feb-26 A,26-Jan-26,26-Jan-26,1,1.0,1.0,,No,,The Big -P.01-UP-20-April-26,E-APP-B01-BAS02-1010,Approval for Stairs Conc. Dim.  & RFT DWGs (B01) (Bas 02),17-May-26,0.0,0.0,0.0,0.0,0,0.0,0,0.0,The Big -P.01-UP-20-April-26,E-APP-B01-BAS02-1010,10-May-26,100.00%,100.00%,$0.00,$0.00,$0.00,
The Big -P.01-UP-20-April-26,E-APP-B03-BAS02-1010,160,266,266,The Big -P.01-UP-20-April-26,The Big - P.01 - UP-24-MAY-26.EN.2.A.P01.B03.SUB.3,E-APP-B03-BAS02-1010,Approval for Stairs Conc. Dim.  & RFT DWGs  (B03) (Bas 02),4-Dec-25,15-Dec-25,01-Feb-26 A,25-Mar-26 A,24-Feb-26,24-Feb-26,1,1.0,1.0,,No,,The Big -P.01-UP-20-April-26,E-APP-B03-BAS02-1010,Approval for Stairs Conc. Dim.  & RFT DWGs  (B03) (Bas 02),17-May-26,0.0,0.0,0.0,0.0,0,0.0,0,0.0,The Big -P.01-UP-20-April-26,E-APP-B03-BAS02-1010,10-May-26,100.00%,100.00%,$0.00,$0.00,$0.00,
The Big -P.01-UP-20-April-26,E-APP-B04-BAS02-1010,161,288,288,The Big -P.01-UP-20-April-26,The Big - P.01 - UP-24-MAY-26.EN.2.A.P01.B04.SUB.2ndF,E-APP-B04-BAS02-1010,Approval for Stairs Conc. Dim.  & RFT DWGs (B04) (Bas 02),4-Dec-25,15-Dec-25,08-Feb-26 A,18-Feb-26 A,10-Mar-26,10-Mar-26,1,1.0,1.0,,No,,The Big -P.01-UP-20-April-26,E-APP-B04-BAS02-1010,Approval for Stairs Conc. Dim.  & RFT DWGs (B04) (Bas 02),17-May-26,0.0,0.0,0.0,0.0,0,0.0,0,0.0,The Big -P.01-UP-20-April-26,E-APP-B04-BAS02-1010,10-May-26,100.00%,100.00%,$0.00,$0.00,$0.00,
The Big -P.01-UP-20-April-26,CON-B01-FOOT-1050,162,286,286,The Big -P.01-UP-20-April-26,The Big - P.01 - UP-24-MAY-26.CON.P02.B01.SUB.F,CON-B01-FOOT-1050,RFT for RC Raft & Footings (B01) (footing),6-Dec-25,18-Dec-25,05-Feb-26 A,17-Feb-26 A,22-Dec-25,22-Dec-25,1,1.0,1.0,,No,,The Big -P.01-UP-20-April-26,CON-B01-FOOT-1050,RFT for RC Raft & Footings (B01) (footing),17-May-26,13016490.4,13016490.4,13016490.4,13016490.4,1,1.0,0,0.0,The Big -P.01-UP-20-April-26,CON-B01-FOOT-1050,10-May-26,100.00%,100.00%,"$13,016,490.40","$13,016,490.40","$13,016,490.40",
The Big -P.01-UP-20-April-26,E-SUB-B02-GR-1030,163,429,424,The Big -P.01-UP-20-April-26,The Big - P.01 - UP-24-MAY-26.EN.2.S.P02.B02.SUP.GF,E-SUB-B02-GR-1030,Submittal for Slabs Conc. Dim.  & RFT DWGs (B02) (GF),6-Dec-25,25-Dec-25,20-May-26,14-Jun-26,21-Mar-26,9-Apr-26,1,1.0,0.0,-51.0,Yes,,The Big -P.01-UP-20-April-26,E-SUB-B02-GR-1030,Submittal for Slabs Conc. Dim.  & RFT DWGs (B02) (GF),17-May-26,0.0,0.0,0.0,0.0,0,0.0,0,0.0,The Big -P.01-UP-20-April-26,E-SUB-B02-GR-1030,10-May-26,100.00%,0.00%,$0.00,$0.00,$0.00,
The Big -P.01-UP-20-April-26,E-SUB-B04-BAS01-1020,164,304,304,The Big -P.01-UP-20-April-26,The Big - P.01 - UP-24-MAY-26.EN.2.S.P01.B04.SUB.1stB,E-SUB-B04-BAS01-1020,Submittal for Ramps Conc. Dim.  & RFT DWGs (B04) (Bas 01),7-Dec-25,27-Dec-25,16-Feb-26 A,26-Feb-26 A,29-Mar-26,29-Mar-26,1,1.0,1.0,,No,,The Big -P.01-UP-20-April-26,E-SUB-B04-BAS01-1020,Submittal for Ramps Conc. Dim.  & RFT DWGs (B04) (Bas 01),17-May-26,0.0,0.0,0.0,0.0,0,0.0,0,0.0,The Big -P.01-UP-20-April-26,E-SUB-B04-BAS01-1020,10-May-26,100.00%,100.00%,$0.00,$0.00,$0.00,
The Big -P.01-UP-20-April-26,E-SUB-B03-GR-1020,165,350,348,The Big -P.01-UP-20-April-26,The Big - P.01 - UP-24-MAY-26.EN.2.S.P01.B03.SUP.GF,E-SUB-B03-GR-1020,Submittal for Beams Conc. Dim.  & RFT DWGs (B03) (GF),7-Dec-25,27-Dec-25,17-May-26,10-Jun-26,22-Mar-26,11-Apr-26,1,1.0,0.0,-47.0,Yes,,The Big -P.01-UP-20-April-26,E-SUB-B03-GR-1020,Submittal for Beams Conc. Dim.  & RFT DWGs (B03) (GF),17-May-26,0.0,0.0,0.0,0.0,0,0.0,0,0.0,The Big -P.01-UP-20-April-26,E-SUB-B03-GR-1020,10-May-26,100.00%,0.00%,$0.00,$0.00,$0.00,
The Big -P.01-UP-20-April-26,E-APP-B02-BAS02-1020,166,205,205,The Big -P.01-UP-20-April-26,The Big - P.01 - UP-24-MAY-26.EN.2.A.P02.B02.SUB.2ndB,E-APP-B02-BAS02-1020,Approval for Beams Conc. Dim.  & RFT DWGs (B02) (Bas 02),8-Dec-25,18-Dec-25,01-Feb-26 A,17-Feb-26 A,29-Jan-26,29-Jan-26,1,1.0,1.0,,No,,The Big -P.01-UP-20-April-26,E-APP-B02-BAS02-1020,Approval for Beams Conc. Dim.  & RFT DWGs (B02) (Bas 02),17-May-26,0.0,0.0,0.0,0.0,0,0.0,0,0.0,The Big -P.01-UP-20-April-26,E-APP-B02-BAS02-1020,10-May-26,100.00%,100.00%,$0.00,$0.00,$0.00,
The Big -P.01-UP-20-April-26,E-APP-B01-BAS02-1020,167,306,306,The Big -P.01-UP-20-April-26,The Big - P.01 - UP-24-MAY-26.EN.2.A.P02.B01.SUB.2ndB,E-APP-B01-BAS02-1020,Approval for Ramps Conc. Dim.  & RFT DWGs (B01) (Bas 02),8-Dec-25,18-Dec-25,20-Feb-26 A,12-Mar-26 A,22-Jan-26,22-Jan-26,1,1.0,1.0,,No,,The Big -P.01-UP-20-April-26,E-APP-B01-BAS02-1020,Approval for Ramps Conc. Dim.  & RFT DWGs (B01) (Bas 02),17-May-26,0.0,0.0,0.0,0.0,0,0.0,0,0.0,The Big -P.01-UP-20-April-26,E-APP-B01-BAS02-1020,10-May-26,100.00%,100.00%,$0.00,$0.00,$0.00,
The Big -P.01-UP-20-April-26,E-APP-B01-BAS01-1000,168,254,254,The Big -P.01-UP-20-April-26,The Big - P.01 - UP-24-MAY-26.EN.2.A.P02.B01.SUB.1stB,E-APP-B01-BAS01-1000,Approval for Col. & Walls Conc. Dim.  & RFT DWGs (B01) (Bas 01),8-Dec-25,18-Dec-25,01-Feb-26 A,11-Feb-26 A,9-Feb-26,9-Feb-26,1,1.0,1.0,,No,,The Big -P.01-UP-20-April-26,E-APP-B01-BAS01-1000,Approval for Col. & Walls Conc. Dim.  & RFT DWGs (B01) (Bas 01),17-May-26,0.0,0.0,0.0,0.0,0,0.0,0,0.0,The Big -P.01-UP-20-April-26,E-APP-B01-BAS01-1000,10-May-26,100.00%,100.00%,$0.00,$0.00,$0.00,
The Big -P.01-UP-20-April-26,E-APP-B03-BAS02-1020,169,265,265,The Big -P.01-UP-20-April-26,The Big - P.01 - UP-24-MAY-26.EN.2.A.P01.B03.SUB.3,E-APP-B03-BAS02-1020,Approval for Beams Conc. Dim.  & RFT DWGs  (B03) (Bas 02),8-Dec-25,18-Dec-25,01-Feb-26 A,25-Mar-26 A,12-Feb-26,12-Feb-26,1,1.0,1.0,,No,,The Big -P.01-UP-20-April-26,E-APP-B03-BAS02-1020,Approval for Beams Conc. Dim.  & RFT DWGs  (B03) (Bas 02),17-May-26,0.0,0.0,0.0,0.0,0,0.0,0,0.0,The Big -P.01-UP-20-April-26,E-APP-B03-BAS02-1020,10-May-26,100.00%,100.00%,$0.00,$0.00,$0.00,
The Big -P.01-UP-20-April-26,E-APP-B04-BAS02-1020,170,319,319,The Big -P.01-UP-20-April-26,The Big - P.01 - UP-24-MAY-26.EN.2.A.P01.B04.SUB.2ndF,E-APP-B04-BAS02-1020,Approval for Ramps Conc. Dim.  & RFT DWGs (B04) (Bas 02),8-Dec-25,18-Dec-25,01-Mar-26 A,02-Mar-26 A,10-Mar-26,10-Mar-26,1,1.0,1.0,,No,,The Big -P.01-UP-20-April-26,E-APP-B04-BAS02-1020,Approval for Ramps Conc. Dim.  & RFT DWGs (B04) (Bas 02),17-May-26,0.0,0.0,0.0,0.0,0,0.0,0,0.0,The Big -P.01-UP-20-April-26,E-APP-B04-BAS02-1020,10-May-26,100.00%,100.00%,$0.00,$0.00,$0.00,
The Big -P.01-UP-20-April-26,AB-APP-B01-REP-1000,171,494,487,The Big -P.01-UP-20-April-26,The Big - P.01 - UP-24-MAY-26.HO.1.A.P02.B01.SUB.1,AB-APP-B01-REP-1000,Approval for General Replacement Plan & Typical Sections for Replacement / Backfilling DWGs As-Built Drawing (B01),8-Dec-25,21-Dec-25,4-Jun-26,17-Jun-26,23-Mar-27,5-Apr-27,1,1.0,0.0,241.0,No,,The Big -P.01-UP-20-April-26,AB-APP-B01-REP-1000,Approval for General Replacement Plan & Typical Sections for Replacement / Backfilling DWGs As-Built Drawing (B01),17-May-26,0.0,0.0,0.0,0.0,0,0.0,0,0.0,The Big -P.01-UP-20-April-26,AB-APP-B01-REP-1000,10-May-26,100.00%,0.00%,$0.00,$0.00,$0.00,
The Big -P.01-UP-20-April-26,CON-B01-FOOT-1060,172,310,310,The Big -P.01-UP-20-April-26,The Big - P.01 - UP-24-MAY-26.CON.P02.B01.SUB.F,CON-B01-FOOT-1060,Shuttering for Columns & Walls Below SOG (B01) (footing),8-Dec-25,16-Dec-25,26-Feb-26 A,18-May-26,21-Dec-25,22-Dec-25,1,1.0,0.85,-118.0,Yes,,The Big -P.01-UP-20-April-26,CON-B01-FOOT-1060,Shuttering for Columns & Walls Below SOG (B01) (footing),17-May-26,59896.2,50911.77,50911.77,59896.2,1,0.85,0,-8984.43,The Big -P.01-UP-20-April-26,CON-B01-FOOT-1060,10-May-26,100.00%,80.00%,"$59,896.20","$47,916.96","$47,916.96",
The Big -P.01-UP-20-April-26,CON-B02-FOOT-1000,173,119,119,The Big -P.01-UP-20-April-26,The Big - P.01 - UP-24-MAY-26.CON.P02.B02.SUB.F,CON-B02-FOOT-1000,Shuttering for PC Raft (B02) (footing),9-Dec-25,9-Dec-25,27-Nov-25 A,30-Nov-25 A,29-Jan-26,29-Jan-26,1,1.0,1.0,,No,,The Big -P.01-UP-20-April-26,CON-B02-FOOT-1000,Shuttering for PC Raft (B02) (footing),17-May-26,424288.13,424288.13,424288.13,424288.13,1,1.0,0,0.0,The Big -P.01-UP-20-April-26,CON-B02-FOOT-1000,10-May-26,100.00%,100.00%,"$424,288.13","$424,288.13","$424,288.13",
The Big -P.01-UP-20-April-26,CON-B04-WT-1080,174,311,311,The Big -P.01-UP-20-April-26,The Big - P.01 - UP-24-MAY-26.CON.P01.B04.SUB.3.2,CON-B04-WT-1080,Pouring for RC Raft (B04) (Water Tank),9-Dec-25,10-Dec-25,28-Feb-26 A,28-Feb-26 A,7-Feb-26,7-Feb-26,1,1.0,1.0,,No,,The Big -P.01-UP-20-April-26,CON-B04-WT-1080,Pouring for RC Raft (B04) (Water Tank),17-May-26,2135526.01,2135526.01,2135526.01,2135526.01,1,1.0,0,0.0,The Big -P.01-UP-20-April-26,CON-B04-WT-1080,10-May-26,100.00%,100.00%,"$2,135,526.01","$2,135,526.01","$2,135,526.01",
The Big -P.01-UP-20-April-26,AB-SUB-B04-WT-1020,175,413,410,The Big -P.01-UP-20-April-26,The Big - P.01 - UP-24-MAY-26.HO.1.S.P01.B04.SUB.2ndB.1,AB-SUB-B04-WT-1020,Submittal for RC Raft RFT DWGs As-Built Drawing (B04) (Water Tank),9-Dec-25,29-Dec-25,17-May-26,10-Jun-26,6-Mar-27,29-Mar-27,1,1.0,0.0,241.0,No,,The Big -P.01-UP-20-April-26,AB-SUB-B04-WT-1020,Submittal for RC Raft RFT DWGs As-Built Drawing (B04) (Water Tank),17-May-26,0.0,0.0,0.0,0.0,0,0.0,0,0.0,The Big -P.01-UP-20-April-26,AB-SUB-B04-WT-1020,10-May-26,100.00%,0.00%,$0.00,$0.00,$0.00,
The Big -P.01-UP-20-April-26,AB-SUB-B02-REP-1000,176,398,396,The Big -P.01-UP-20-April-26,The Big - P.01 - UP-24-MAY-26.HO.1.S.P02.B02.SUB.1,AB-SUB-B02-REP-1000,Submittal for General Replacement Plan & Typical Sections for Replacement / Backfilling DWGs As-Built Drawing (B02),9-Dec-25,29-Dec-25,17-May-26,10-Jun-26,6-Mar-27,29-Mar-27,1,1.0,0.0,241.0,No,,The Big -P.01-UP-20-April-26,AB-SUB-B02-REP-1000,Submittal for General Replacement Plan & Typical Sections for Replacement / Backfilling DWGs As-Built Drawing (B02),17-May-26,0.0,0.0,0.0,0.0,0,0.0,0,0.0,The Big -P.01-UP-20-April-26,AB-SUB-B02-REP-1000,10-May-26,100.00%,0.00%,$0.00,$0.00,$0.00,
The Big -P.01-UP-20-April-26,CON-B01-FOOT-1070,177,312,312,The Big -P.01-UP-20-April-26,The Big - P.01 - UP-24-MAY-26.CON.P02.B01.SUB.F,CON-B01-FOOT-1070,RFT for Columns & Walls Below SOG (B01) (footing),9-Dec-25,17-Dec-25,28-Feb-26 A,18-May-26,21-Dec-25,22-Dec-25,1,1.0,0.85,-118.0,Yes,,The Big -P.01-UP-20-April-26,CON-B01-FOOT-1070,RFT for Columns & Walls Below SOG (B01) (footing),17-May-26,80268.0,68227.8,68227.8,80268.0,1,0.85,0,-12040.2,The Big -P.01-UP-20-April-26,CON-B01-FOOT-1070,10-May-26,100.00%,80.00%,"$80,268.00","$64,214.40","$64,214.40",
The Big -P.01-UP-20-April-26,CON-B02-FOOT-1010,178,121,121,The Big -P.01-UP-20-April-26,The Big - P.01 - UP-24-MAY-26.CON.P02.B02.SUB.F,CON-B02-FOOT-1010,Pouring for PC Raft (B02) (footing),10-Dec-25,10-Dec-25,30-Nov-25 A,01-Dec-25 A,29-Jan-26,29-Jan-26,1,1.0,1.0,,No,,The Big -P.01-UP-20-April-26,CON-B02-FOOT-1010,Pouring for PC Raft (B02) (footing),17-May-26,990005.63,990005.63,990005.63,990005.63,1,1.0,0,0.0,The Big -P.01-UP-20-April-26,CON-B02-FOOT-1010,10-May-26,100.00%,100.00%,"$990,005.63","$990,005.63","$990,005.63",
The Big -P.01-UP-20-April-26,E-SUB-B04-BAS01-1030,179,321,321,The Big -P.01-UP-20-April-26,The Big - P.01 - UP-24-MAY-26.EN.2.S.P01.B04.SUB.1stB,E-SUB-B04-BAS01-1030,Submittal for Beams Conc. Dim.  & RFT DWGs (B04) (Bas 01),10-Dec-25,30-Dec-25,01-Mar-26 A,10-Mar-26 A,29-Mar-26,29-Mar-26,1,1.0,1.0,,No,,The Big -P.01-UP-20-April-26,E-SUB-B04-BAS01-1030,Submittal for Beams Conc. Dim.  & RFT DWGs (B04) (Bas 01),17-May-26,0.0,0.0,0.0,0.0,0,0.0,0,0.0,The Big -P.01-UP-20-April-26,E-SUB-B04-BAS01-1030,10-May-26,100.00%,100.00%,$0.00,$0.00,$0.00,
The Big -P.01-UP-20-April-26,E-SUB-B03-GR-1030,180,428,423,The Big -P.01-UP-20-April-26,The Big - P.01 - UP-24-MAY-26.EN.2.S.P01.B03.SUP.GF,E-SUB-B03-GR-1030,Submittal for Slabs Conc. Dim.  & RFT DWGs (B03) (GF),10-Dec-25,30-Dec-25,20-May-26,14-Jun-26,25-Mar-26,15-Apr-26,1,1.0,0.0,-47.0,Yes,,The Big -P.01-UP-20-April-26,E-SUB-B03-GR-1030,Submittal for Slabs Conc. Dim.  & RFT DWGs (B03) (GF),17-May-26,0.0,0.0,0.0,0.0,0,0.0,0,0.0,The Big -P.01-UP-20-April-26,E-SUB-B03-GR-1030,10-May-26,100.00%,0.00%,$0.00,$0.00,$0.00,
The Big -P.01-UP-20-April-26,E-SUB-B03-1ST-1000,181,167,167,The Big -P.01-UP-20-April-26,The Big - P.01 - UP-24-MAY-26.EN.2.S.P01.B03.SUP.1stF,E-SUB-B03-1ST-1000,Submittal for Col. & Walls Conc. Dim.  & RFT DWGs (B03) (1st),10-Dec-25,30-Dec-25,01-Jan-26 A,10-Feb-26 A,17-May-26,17-May-26,1,1.0,1.0,,No,,The Big -P.01-UP-20-April-26,E-SUB-B03-1ST-1000,Submittal for Col. & Walls Conc. Dim.  & RFT DWGs (B03) (1st),17-May-26,0.0,0.0,0.0,0.0,0,0.0,0,0.0,The Big -P.01-UP-20-April-26,E-SUB-B03-1ST-1000,10-May-26,100.00%,100.00%,$0.00,$0.00,$0.00,
The Big -P.01-UP-20-April-26,E-SUB-B01-1ST-1000,182,195,195,The Big -P.01-UP-20-April-26,The Big - P.01 - UP-24-MAY-26.EN.2.S.P02.B01.SUP.1stF,E-SUB-B01-1ST-1000,Submittal for Col. & Walls Conc. Dim.  & RFT DWGs (B01) (1st),10-Dec-25,30-Dec-25,01-Feb-26 A,03-Feb-26 A,11-Apr-26,11-Apr-26,1,1.0,1.0,,No,,The Big -P.01-UP-20-April-26,E-SUB-B01-1ST-1000,Submittal for Col. & Walls Conc. Dim.  & RFT DWGs (B01) (1st),17-May-26,0.0,0.0,0.0,0.0,0,0.0,0,0.0,The Big -P.01-UP-20-April-26,E-SUB-B01-1ST-1000,10-May-26,100.00%,100.00%,$0.00,$0.00,$0.00,
The Big -P.01-UP-20-April-26,CON-B02-FOOT-1020,183,142,142,The Big -P.01-UP-20-April-26,The Big - P.01 - UP-24-MAY-26.CON.P02.B02.SUB.F,CON-B02-FOOT-1020,Curing for PC Raft (B02) (footing),11-Dec-25,13-Dec-25,02-Dec-25 A,06-Dec-25 A,29-Jan-26,29-Jan-26,1,1.0,1.0,,No,,The Big -P.01-UP-20-April-26,CON-B02-FOOT-1020,Curing for PC Raft (B02) (footing),17-May-26,0.0,0.0,0.0,0.0,0,0.0,0,0.0,The Big -P.01-UP-20-April-26,CON-B02-FOOT-1020,10-May-26,100.00%,100.00%,$0.00,$0.00,$0.00,
The Big -P.01-UP-20-April-26,CON-B04-WT-1090,184,324,324,The Big -P.01-UP-20-April-26,The Big - P.01 - UP-24-MAY-26.CON.P01.B04.SUB.3.2,CON-B04-WT-1090,Curing & Deshuttering for RC Raft (B04) (Water Tank),11-Dec-25,13-Dec-25,01-Mar-26 A,04-Mar-26 A,7-Feb-26,7-Feb-26,1,1.0,1.0,,No,,The Big -P.01-UP-20-April-26,CON-B04-WT-1090,Curing & Deshuttering for RC Raft (B04) (Water Tank),17-May-26,0.0,0.0,0.0,0.0,0,0.0,0,0.0,The Big -P.01-UP-20-April-26,CON-B04-WT-1090,10-May-26,100.00%,100.00%,$0.00,$0.00,$0.00,
The Big -P.01-UP-20-April-26,E-APP-B02-BAS02-1030,185,251,251,The Big -P.01-UP-20-April-26,The Big - P.01 - UP-24-MAY-26.EN.2.A.P02.B02.SUB.2ndB,E-APP-B02-BAS02-1030,Approval for Slabs Conc. Dim.  & RFT DWGs (B02) (Bas 02),11-Dec-25,22-Dec-25,01-Feb-26 A,17-Feb-26 A,29-Jan-26,29-Jan-26,1,1.0,1.0,,No,,The Big -P.01-UP-20-April-26,E-APP-B02-BAS02-1030,Approval for Slabs Conc. Dim.  & RFT DWGs (B02) (Bas 02),17-May-26,0.0,0.0,0.0,0.0,0,0.0,0,0.0,The Big -P.01-UP-20-April-26,E-APP-B02-BAS02-1030,10-May-26,100.00%,100.00%,$0.00,$0.00,$0.00,
The Big -P.01-UP-20-April-26,E-APP-B01-BAS02-1030,186,208,208,The Big -P.01-UP-20-April-26,The Big - P.01 - UP-24-MAY-26.EN.2.A.P02.B01.SUB.2ndB,E-APP-B01-BAS02-1030,Approval for Beams Conc. Dim.  & RFT DWGs (B01) (Bas 02),11-Dec-25,22-Dec-25,01-Feb-26 A,17-Feb-26 A,19-Jan-26,19-Jan-26,1,1.0,1.0,,No,,The Big -P.01-UP-20-April-26,E-APP-B01-BAS02-1030,Approval for Beams Conc. Dim.  & RFT DWGs (B01) (Bas 02),17-May-26,0.0,0.0,0.0,0.0,0,0.0,0,0.0,The Big -P.01-UP-20-April-26,E-APP-B01-BAS02-1030,10-May-26,100.00%,100.00%,$0.00,$0.00,$0.00,
The Big -P.01-UP-20-April-26,E-APP-B02-BAS01-1000,187,210,210,The Big -P.01-UP-20-April-26,The Big - P.01 - UP-24-MAY-26.EN.2.A.P02.B02.SUB.1stB,E-APP-B02-BAS01-1000,Approval for Col. & Walls Conc. Dim.  & RFT DWGs (B02) (Bas 01),11-Dec-25,22-Dec-25,01-Feb-26 A,09-Feb-26 A,15-Feb-26,15-Feb-26,1,1.0,1.0,,No,,The Big -P.01-UP-20-April-26,E-APP-B02-BAS01-1000,Approval for Col. & Walls Conc. Dim.  & RFT DWGs (B02) (Bas 01),17-May-26,0.0,0.0,0.0,0.0,0,0.0,0,0.0,The Big -P.01-UP-20-April-26,E-APP-B02-BAS01-1000,10-May-26,100.00%,100.00%,$0.00,$0.00,$0.00,
The Big -P.01-UP-20-April-26,E-APP-B01-BAS01-1010,188,212,212,The Big -P.01-UP-20-April-26,The Big - P.01 - UP-24-MAY-26.EN.2.A.P02.B01.SUB.1stB,E-APP-B01-BAS01-1010,Approval for Stairs Conc. Dim.  & RFT DWGs (B01) (Bas 01),11-Dec-25,22-Dec-25,01-Feb-26 A,07-Feb-26 A,15-Mar-26,15-Mar-26,1,1.0,1.0,,No,,The Big -P.01-UP-20-April-26,E-APP-B01-BAS01-1010,Approval for Stairs Conc. Dim.  & RFT DWGs (B01) (Bas 01),17-May-26,0.0,0.0,0.0,0.0,0,0.0,0,0.0,The Big -P.01-UP-20-April-26,E-APP-B01-BAS01-1010,10-May-26,100.00%,100.00%,$0.00,$0.00,$0.00,
The Big -P.01-UP-20-April-26,E-APP-B01-GR-1000,189,255,255,The Big -P.01-UP-20-April-26,The Big - P.01 - UP-24-MAY-26.EN.2.A.P02.B01.SUP.GF,E-APP-B01-GR-1000,Approval for Col. & Walls Conc. Dim.  & RFT DWGs (B01)  (GF),11-Dec-25,22-Dec-25,01-Feb-26 A,11-Feb-26 A,22-Mar-26,22-Mar-26,1,1.0,1.0,,No,,The Big -P.01-UP-20-April-26,E-APP-B01-GR-1000,Approval for Col. & Walls Conc. Dim.  & RFT DWGs (B01)  (GF),17-May-26,0.0,0.0,0.0,0.0,0,0.0,0,0.0,The Big -P.01-UP-20-April-26,E-APP-B01-GR-1000,10-May-26,100.00%,100.00%,$0.00,$0.00,$0.00,
The Big -P.01-UP-20-April-26,E-APP-B03-BAS02-1030,190,233,233,The Big -P.01-UP-20-April-26,The Big - P.01 - UP-24-MAY-26.EN.2.A.P01.B03.SUB.3,E-APP-B03-BAS02-1030,Approval for Slabs Conc. Dim.  & RFT DWGs  (B03) (Bas 02),11-Dec-25,22-Dec-25,01-Feb-26 A,25-Mar-26 A,12-Feb-26,12-Feb-26,1,1.0,1.0,,No,,The Big -P.01-UP-20-April-26,E-APP-B03-BAS02-1030,Approval for Slabs Conc. Dim.  & RFT DWGs  (B03) (Bas 02),17-May-26,0.0,0.0,0.0,0.0,0,0.0,0,0.0,The Big -P.01-UP-20-April-26,E-APP-B03-BAS02-1030,10-May-26,100.00%,100.00%,$0.00,$0.00,$0.00,
The Big -P.01-UP-20-April-26,E-APP-B04-BAS02-1030,191,308,308,The Big -P.01-UP-20-April-26,The Big - P.01 - UP-24-MAY-26.EN.2.A.P01.B04.SUB.2ndF,E-APP-B04-BAS02-1030,Approval for Beams Conc. Dim.  & RFT DWGs (B04) (Bas 02),11-Dec-25,22-Dec-25,24-Feb-26 A,02-Mar-26 A,22-Feb-26,22-Feb-26,1,1.0,1.0,,No,,The Big -P.01-UP-20-April-26,E-APP-B04-BAS02-1030,Approval for Beams Conc. Dim.  & RFT DWGs (B04) (Bas 02),17-May-26,0.0,0.0,0.0,0.0,0,0.0,0,0.0,The Big -P.01-UP-20-April-26,E-APP-B04-BAS02-1030,10-May-26,100.00%,100.00%,$0.00,$0.00,$0.00,
The Big -P.01-UP-20-April-26,E-APP-B03-BAS01-1000,192,175,175,The Big -P.01-UP-20-April-26,The Big - P.01 - UP-24-MAY-26.EN.2.A.P01.B03.SUB.2,E-APP-B03-BAS01-1000,Approval for Col. & Walls Conc. Dim.  & RFT DWGs  (B03) (Bas 01),11-Dec-25,22-Dec-25,07-Jan-26 A,12-Feb-26 A,1-Mar-26,1-Mar-26,1,1.0,1.0,,No,,The Big -P.01-UP-20-April-26,E-APP-B03-BAS01-1000,Approval for Col. & Walls Conc. Dim.  & RFT DWGs  (B03) (Bas 01),17-May-26,0.0,0.0,0.0,0.0,0,0.0,0,0.0,The Big -P.01-UP-20-April-26,E-APP-B03-BAS01-1000,10-May-26,100.00%,100.00%,$0.00,$0.00,$0.00,
The Big -P.01-UP-20-April-26,AB-SUB-B02-FOOT-1000,193,390,388,The Big -P.01-UP-20-April-26,The Big - P.01 - UP-24-MAY-26.HO.1.S.P02.B02.SUB.F,AB-SUB-B02-FOOT-1000,Submittal for PC Raft Conc. Dim. DWGs As-Built Drawing (B02) (footing),11-Dec-25,31-Dec-25,17-May-26,10-Jun-26,6-Mar-27,29-Mar-27,1,1.0,0.0,241.0,No,,The Big -P.01-UP-20-April-26,AB-SUB-B02-FOOT-1000,Submittal for PC Raft Conc. Dim. DWGs As-Built Drawing (B02) (footing),17-May-26,0.0,0.0,0.0,0.0,0,0.0,0,0.0,The Big -P.01-UP-20-April-26,AB-SUB-B02-FOOT-1000,10-May-26,100.00%,0.00%,$0.00,$0.00,$0.00,
The Big -P.01-UP-20-April-26,CON-B04-WT-1100,194,331,331,The Big -P.01-UP-20-April-26,The Big - P.01 - UP-24-MAY-26.CON.P01.B04.SUB.3.2,CON-B04-WT-1100,Shuttering for Walls (B04) (Water Tank),13-Dec-25,21-Dec-25,07-Mar-26 A,14-Apr-26 A,7-Feb-26,7-Feb-26,1,1.0,1.0,,No,,The Big -P.01-UP-20-April-26,CON-B04-WT-1100,Shuttering for Walls (B04) (Water Tank),17-May-26,1256386.72,1005109.37,1005109.37,1256386.72,1,0.8,0,-251277.34,The Big -P.01-UP-20-April-26,CON-B04-WT-1100,10-May-26,100.00%,80.00%,"$1,256,386.72","$1,005,109.37","$1,005,109.37",
The Big -P.01-UP-20-April-26,CON-B04-WT-1110,195,332,332,The Big -P.01-UP-20-April-26,The Big - P.01 - UP-24-MAY-26.CON.P01.B04.SUB.3.2,CON-B04-WT-1110,RFT for Walls (B04) (Water Tank),13-Dec-25,21-Dec-25,08-Mar-26 A,14-Apr-26 A,7-Feb-26,7-Feb-26,1,1.0,1.0,,No,,The Big -P.01-UP-20-April-26,CON-B04-WT-1110,RFT for Walls (B04) (Water Tank),17-May-26,1653461.47,1322769.18,1322769.18,1653461.47,1,0.8,0,-330692.29,The Big -P.01-UP-20-April-26,CON-B04-WT-1110,10-May-26,100.00%,80.00%,"$1,653,461.47","$1,322,769.18","$1,322,769.18",
The Big -P.01-UP-20-April-26,AB-APP-B01-FOOT-1000,196,486,479,The Big -P.01-UP-20-April-26,The Big - P.01 - UP-24-MAY-26.HO.1.A.P02.B01.SUB.F,AB-APP-B01-FOOT-1000,Approval for PC Raft Conc. Dim. DWGs As-Built Drawing (B01) (footing),13-Dec-25,25-Dec-25,4-Jun-26,17-Jun-26,23-Mar-27,5-Apr-27,1,1.0,0.0,241.0,No,,The Big -P.01-UP-20-April-26,AB-APP-B01-FOOT-1000,Approval for PC Raft Conc. Dim. DWGs As-Built Drawing (B01) (footing),17-May-26,0.0,0.0,0.0,0.0,0,0.0,0,0.0,The Big -P.01-UP-20-April-26,AB-APP-B01-FOOT-1000,10-May-26,100.00%,0.00%,$0.00,$0.00,$0.00,
The Big -P.01-UP-20-April-26,CON-B02-FOOT-1030,197,145,145,The Big -P.01-UP-20-April-26,The Big - P.01 - UP-24-MAY-26.CON.P02.B02.SUB.F,CON-B02-FOOT-1030,Waterproofing & Ins. Protection works (B02) (footing),14-Dec-25,15-Dec-25,18-Dec-25 A,21-Dec-25 A,29-Jan-26,29-Jan-26,1,1.0,1.0,,No,,The Big -P.01-UP-20-April-26,CON-B02-FOOT-1030,Waterproofing & Ins. Protection works (B02) (footing),17-May-26,793168.14,793168.14,793168.14,793168.14,1,1.0,0,0.0,The Big -P.01-UP-20-April-26,CON-B02-FOOT-1030,10-May-26,100.00%,100.00%,"$793,168.14","$793,168.14","$793,168.14",
The Big -P.01-UP-20-April-26,E-SUB-B04-BAS01-1040,198,300,300,The Big -P.01-UP-20-April-26,The Big - P.01 - UP-24-MAY-26.EN.2.S.P01.B04.SUB.1stB,E-SUB-B04-BAS01-1040,Submittal for Slabs Conc. Dim.  & RFT DWGs (B04) (Bas 01),14-Dec-25,3-Jan-26,09-Feb-26 A,26-Feb-26 A,29-Mar-26,29-Mar-26,1,1.0,1.0,,No,,The Big -P.01-UP-20-April-26,E-SUB-B04-BAS01-1040,Submittal for Slabs Conc. Dim.  & RFT DWGs (B04) (Bas 01),17-May-26,0.0,0.0,0.0,0.0,0,0.0,0,0.0,The Big -P.01-UP-20-April-26,E-SUB-B04-BAS01-1040,10-May-26,100.00%,100.00%,$0.00,$0.00,$0.00,
The Big -P.01-UP-20-April-26,E-SUB-B03-1ST-1010,199,247,247,The Big -P.01-UP-20-April-26,The Big - P.01 - UP-24-MAY-26.EN.2.S.P01.B03.SUP.1stF,E-SUB-B03-1ST-1010,Submittal for Stairs Conc. Dim.  & RFT DWGs (B03) (1st),14-Dec-25,3-Jan-26,01-Feb-26 A,10-Feb-26 A,17-May-26,17-May-26,1,1.0,1.0,,No,,The Big -P.01-UP-20-April-26,E-SUB-B03-1ST-1010,Submittal for Stairs Conc. Dim.  & RFT DWGs (B03) (1st),17-May-26,0.0,0.0,0.0,0.0,0,0.0,0,0.0,The Big -P.01-UP-20-April-26,E-SUB-B03-1ST-1010,10-May-26,100.00%,100.00%,$0.00,$0.00,$0.00,
The Big -P.01-UP-20-April-26,E-SUB-B01-1ST-1010,200,80,80,The Big -P.01-UP-20-April-26,The Big - P.01 - UP-24-MAY-26.EN.2.S.P02.B01.SUP.1stF,E-SUB-B01-1ST-1010,Submittal for Stairs Conc. Dim.  & RFT DWGs (B01) (1st),14-Dec-25,3-Jan-26,26-Oct-25 A,15-Nov-25 A,11-Apr-26,11-Apr-26,1,1.0,1.0,,No,,The Big -P.01-UP-20-April-26,E-SUB-B01-1ST-1010,Submittal for Stairs Conc. Dim.  & RFT DWGs (B01) (1st),17-May-26,0.0,0.0,0.0,0.0,0,0.0,0,0.0,The Big -P.01-UP-20-April-26,E-SUB-B01-1ST-1010,10-May-26,100.00%,100.00%,$0.00,$0.00,$0.00,
The Big -P.01-UP-20-April-26,E-SUB-B04-GR-1000,201,157,157,The Big -P.01-UP-20-April-26,The Big - P.01 - UP-24-MAY-26.EN.2.S.P01.B04.SUP.GF,E-SUB-B04-GR-1000,Submittal for Col. & Walls Conc. Dim.  & RFT DWGs (B04) (GF),15-Dec-25,4-Jan-26,01-Jan-26 A,10-Feb-26 A,24-Mar-26,24-Mar-26,1,1.0,1.0,,No,,The Big -P.01-UP-20-April-26,E-SUB-B04-GR-1000,Submittal for Col. & Walls Conc. Dim.  & RFT DWGs (B04) (GF),17-May-26,0.0,0.0,0.0,0.0,0,0.0,0,0.0,The Big -P.01-UP-20-April-26,E-SUB-B04-GR-1000,10-May-26,100.00%,100.00%,$0.00,$0.00,$0.00,
The Big -P.01-UP-20-April-26,E-SUB-B02-1ST-1000,202,73,73,The Big -P.01-UP-20-April-26,The Big - P.01 - UP-24-MAY-26.EN.2.S.P02.B02.SUP.1stF,E-SUB-B02-1ST-1000,Submittal for Col. & Walls Conc. Dim.  & RFT DWGs (B02) (1st),15-Dec-25,4-Jan-26,25-Oct-25 A,13-Nov-25 A,24-May-26,24-May-26,1,1.0,1.0,,No,,The Big -P.01-UP-20-April-26,E-SUB-B02-1ST-1000,Submittal for Col. & Walls Conc. Dim.  & RFT DWGs (B02) (1st),17-May-26,0.0,0.0,0.0,0.0,0,0.0,0,0.0,The Big -P.01-UP-20-April-26,E-SUB-B02-1ST-1000,10-May-26,100.00%,100.00%,$0.00,$0.00,$0.00,
The Big -P.01-UP-20-April-26,E-APP-B01-BAS02-1040,203,316,316,The Big -P.01-UP-20-April-26,The Big - P.01 - UP-24-MAY-26.EN.2.A.P02.B01.SUB.2ndB,E-APP-B01-BAS02-1040,Approval for Slabs Conc. Dim.  & RFT DWGs (B01) (Bas 02),15-Dec-25,25-Dec-25,01-Mar-26 A,02-Mar-26 A,19-Jan-26,19-Jan-26,1,1.0,1.0,,No,,The Big -P.01-UP-20-April-26,E-APP-B01-BAS02-1040,Approval for Slabs Conc. Dim.  & RFT DWGs (B01) (Bas 02),17-May-26,0.0,0.0,0.0,0.0,0,0.0,0,0.0,The Big -P.01-UP-20-April-26,E-APP-B01-BAS02-1040,10-May-26,100.00%,100.00%,$0.00,$0.00,$0.00,
The Big -P.01-UP-20-April-26,E-APP-B02-BAS01-1010,204,211,211,The Big -P.01-UP-20-April-26,The Big - P.01 - UP-24-MAY-26.EN.2.A.P02.B02.SUB.1stB,E-APP-B02-BAS01-1010,Approval for Stairs Conc. Dim.  & RFT DWGs (B02) (Bas 01),15-Dec-25,25-Dec-25,01-Feb-26 A,15-Feb-26 A,11-Mar-26,11-Mar-26,1,1.0,1.0,,No,,The Big -P.01-UP-20-April-26,E-APP-B02-BAS01-1010,Approval for Stairs Conc. Dim.  & RFT DWGs (B02) (Bas 01),17-May-26,0.0,0.0,0.0,0.0,0,0.0,0,0.0,The Big -P.01-UP-20-April-26,E-APP-B02-BAS01-1010,10-May-26,100.00%,100.00%,$0.00,$0.00,$0.00,
The Big -P.01-UP-20-April-26,E-APP-B01-BAS01-1020,205,307,307,The Big -P.01-UP-20-April-26,The Big - P.01 - UP-24-MAY-26.EN.2.A.P02.B01.SUB.1stB,E-APP-B01-BAS01-1020,Approval for Ramps Conc. Dim.  & RFT DWGs (B01) (Bas 01),15-Dec-25,25-Dec-25,20-Feb-26 A,12-Mar-26 A,21-Mar-26,21-Mar-26,1,1.0,1.0,,No,,The Big -P.01-UP-20-April-26,E-APP-B01-BAS01-1020,Approval for Ramps Conc. Dim.  & RFT DWGs (B01) (Bas 01),17-May-26,0.0,0.0,0.0,0.0,0,0.0,0,0.0,The Big -P.01-UP-20-April-26,E-APP-B01-BAS01-1020,10-May-26,100.00%,100.00%,$0.00,$0.00,$0.00,
The Big -P.01-UP-20-April-26,E-APP-B01-GR-1010,206,215,215,The Big -P.01-UP-20-April-26,The Big - P.01 - UP-24-MAY-26.EN.2.A.P02.B01.SUP.GF,E-APP-B01-GR-1010,Approval for Stairs Conc. Dim.  & RFT DWGs (B01)  (GF),15-Dec-25,25-Dec-25,01-Feb-26 A,07-Feb-26 A,9-Apr-26,9-Apr-26,1,1.0,1.0,,No,,The Big -P.01-UP-20-April-26,E-APP-B01-GR-1010,Approval for Stairs Conc. Dim.  & RFT DWGs (B01)  (GF),17-May-26,0.0,0.0,0.0,0.0,0,0.0,0,0.0,The Big -P.01-UP-20-April-26,E-APP-B01-GR-1010,10-May-26,100.00%,100.00%,$0.00,$0.00,$0.00,
The Big -P.01-UP-20-April-26,E-APP-B04-BAS02-1040,207,318,318,The Big -P.01-UP-20-April-26,The Big - P.01 - UP-24-MAY-26.EN.2.A.P01.B04.SUB.2ndF,E-APP-B04-BAS02-1040,Approval for Slabs Conc. Dim.  & RFT DWGs (B04) (Bas 02),15-Dec-25,25-Dec-25,01-Mar-26 A,05-Mar-26 A,22-Feb-26,22-Feb-26,1,1.0,1.0,,No,,The Big -P.01-UP-20-April-26,E-APP-B04-BAS02-1040,Approval for Slabs Conc. Dim.  & RFT DWGs (B04) (Bas 02),17-May-26,0.0,0.0,0.0,0.0,0,0.0,0,0.0,The Big -P.01-UP-20-April-26,E-APP-B04-BAS02-1040,10-May-26,100.00%,100.00%,$0.00,$0.00,$0.00,
The Big -P.01-UP-20-April-26,E-APP-B03-BAS01-1010,208,268,268,The Big -P.01-UP-20-April-26,The Big - P.01 - UP-24-MAY-26.EN.2.A.P01.B03.SUB.2,E-APP-B03-BAS01-1010,Approval for Stairs Conc. Dim.  & RFT DWGs  (B03) (Bas 01),15-Dec-25,25-Dec-25,01-Feb-26 A,25-Mar-26 A,29-Mar-26,29-Mar-26,1,1.0,1.0,,No,,The Big -P.01-UP-20-April-26,E-APP-B03-BAS01-1010,Approval for Stairs Conc. Dim.  & RFT DWGs  (B03) (Bas 01),17-May-26,0.0,0.0,0.0,0.0,0,0.0,0,0.0,The Big -P.01-UP-20-April-26,E-APP-B03-BAS01-1010,10-May-26,100.00%,100.00%,$0.00,$0.00,$0.00,
The Big -P.01-UP-20-April-26,E-APP-B02-GR-1000,209,213,213,The Big -P.01-UP-20-April-26,The Big - P.01 - UP-24-MAY-26.EN.2.A.P02.B02.SUP.GF,E-APP-B02-GR-1000,Approval for Col. & Walls Conc. Dim.  & RFT DWGs (B02) (GF),16-Dec-25,27-Dec-25,01-Feb-26 A,09-Feb-26 A,4-Apr-26,4-Apr-26,1,1.0,1.0,,No,,The Big -P.01-UP-20-April-26,E-APP-B02-GR-1000,Approval for Col. & Walls Conc. Dim.  & RFT DWGs (B02) (GF),17-May-26,0.0,0.0,0.0,0.0,0,0.0,0,0.0,The Big -P.01-UP-20-April-26,E-APP-B02-GR-1000,10-May-26,100.00%,100.00%,$0.00,$0.00,$0.00,
The Big -P.01-UP-20-April-26,CON-B02-FOOT-1040,210,183,183,The Big -P.01-UP-20-April-26,The Big - P.01 - UP-24-MAY-26.CON.P02.B02.SUB.F,CON-B02-FOOT-1040,Shuttering for RC Raft & Footings (B02) (footing),17-Dec-25,28-Dec-25,10-Jan-26 A,20-Jan-26 A,29-Jan-26,29-Jan-26,1,1.0,1.0,,No,,The Big -P.01-UP-20-April-26,CON-B02-FOOT-1040,Shuttering for RC Raft & Footings (B02) (footing),17-May-26,2271974.1,2271974.1,2271974.1,2271974.1,1,1.0,0,0.0,The Big -P.01-UP-20-April-26,CON-B02-FOOT-1040,10-May-26,100.00%,100.00%,"$2,271,974.10","$2,271,974.10","$2,271,974.10",
The Big -P.01-UP-20-April-26,CON-B04-WT-1120,211,340,340,The Big -P.01-UP-20-April-26,The Big - P.01 - UP-24-MAY-26.CON.P01.B04.SUB.3.2,CON-B04-WT-1120,Installation for Waterstop Insulation (B04) (Water Tank),17-Dec-25,21-Dec-25,15-Apr-26 A,17-Apr-26 A,7-Feb-26,7-Feb-26,1,1.0,1.0,,No,,The Big -P.01-UP-20-April-26,CON-B04-WT-1120,Installation for Waterstop Insulation (B04) (Water Tank),17-May-26,0.0,0.0,0.0,0.0,0,0.0,0,0.0,The Big -P.01-UP-20-April-26,CON-B04-WT-1120,10-May-26,100.00%,80.00%,$0.00,$0.00,$0.00,
The Big -P.01-UP-20-April-26,E-SUB-B03-1ST-1020,212,361,359,The Big -P.01-UP-20-April-26,The Big - P.01 - UP-24-MAY-26.EN.2.S.P01.B03.SUP.1stF,E-SUB-B03-1ST-1020,Submittal for Beams Conc. Dim.  & RFT DWGs (B03) (1st),17-Dec-25,6-Jan-26,17-May-26,10-Jun-26,17-May-26,10-Jun-26,1,1.0,0.0,0.0,Yes,,The Big -P.01-UP-20-April-26,E-SUB-B03-1ST-1020,Submittal for Beams Conc. Dim.  & RFT DWGs (B03) (1st),17-May-26,0.0,0.0,0.0,0.0,0,0.0,0,0.0,The Big -P.01-UP-20-April-26,E-SUB-B03-1ST-1020,10-May-26,100.00%,0.00%,$0.00,$0.00,$0.00,
The Big -P.01-UP-20-April-26,E-SUB-B01-1ST-1020,213,369,367,The Big -P.01-UP-20-April-26,The Big - P.01 - UP-24-MAY-26.EN.2.S.P02.B01.SUP.1stF,E-SUB-B01-1ST-1020,Submittal for Beams Conc. Dim.  & RFT DWGs (B01) (1st),17-Dec-25,6-Jan-26,17-May-26,10-Jun-26,11-Apr-26,2-May-26,1,1.0,0.0,-30.0,Yes,,The Big -P.01-UP-20-April-26,E-SUB-B01-1ST-1020,Submittal for Beams Conc. Dim.  & RFT DWGs (B01) (1st),17-May-26,0.0,0.0,0.0,0.0,0,0.0,0,0.0,The Big -P.01-UP-20-April-26,E-SUB-B01-1ST-1020,10-May-26,100.00%,0.00%,$0.00,$0.00,$0.00,
The Big -P.01-UP-20-April-26,AB-APP-B04-WT-1010,214,493,486,The Big -P.01-UP-20-April-26,The Big - P.01 - UP-24-MAY-26.HO.1.A.P01.B04.SUB.2ndF.WT,AB-APP-B04-WT-1010,Approval for RC Raft Conc. Dim. DWGs As-Built Drawing (B04) (Water Tank),17-Dec-25,30-Dec-25,4-Jun-26,17-Jun-26,23-Mar-27,5-Apr-27,1,1.0,0.0,241.0,No,,The Big -P.01-UP-20-April-26,AB-APP-B04-WT-1010,Approval for RC Raft Conc. Dim. DWGs As-Built Drawing (B04) (Water Tank),17-May-26,0.0,0.0,0.0,0.0,0,0.0,0,0.0,The Big -P.01-UP-20-April-26,AB-APP-B04-WT-1010,10-May-26,100.00%,0.00%,$0.00,$0.00,$0.00,
The Big -P.01-UP-20-April-26,AB-APP-B01-FOOT-1010,215,498,491,The Big -P.01-UP-20-April-26,The Big - P.01 - UP-24-MAY-26.HO.1.A.P02.B01.SUB.F,AB-APP-B01-FOOT-1010,Approval for  Waterproofing Layout Plan DWGs As-Built Drawing (B01),17-Dec-25,30-Dec-25,4-Jun-26,17-Jun-26,23-Mar-27,5-Apr-27,1,1.0,0.0,241.0,No,,The Big -P.01-UP-20-April-26,AB-APP-B01-FOOT-1010,Approval for  Waterproofing Layout Plan DWGs As-Built Drawing (B01),17-May-26,0.0,0.0,0.0,0.0,0,0.0,0,0.0,The Big -P.01-UP-20-April-26,AB-APP-B01-FOOT-1010,10-May-26,100.00%,0.00%,$0.00,$0.00,$0.00,
The Big -P.01-UP-20-April-26,E-SUB-B04-GR-1010,216,237,237,The Big -P.01-UP-20-April-26,The Big - P.01 - UP-24-MAY-26.EN.2.S.P01.B04.SUP.GF,E-SUB-B04-GR-1010,Submittal for Stairs Conc. Dim.  & RFT DWGs (B04) (GF),18-Dec-25,8-Jan-26,01-Feb-26 A,21-Feb-26 A,24-Mar-26,24-Mar-26,1,1.0,1.0,,No,,The Big -P.01-UP-20-April-26,E-SUB-B04-GR-1010,Submittal for Stairs Conc. Dim.  & RFT DWGs (B04) (GF),17-May-26,0.0,0.0,0.0,0.0,0,0.0,0,0.0,The Big -P.01-UP-20-April-26,E-SUB-B04-GR-1010,10-May-26,100.00%,100.00%,$0.00,$0.00,$0.00,
The Big -P.01-UP-20-April-26,E-SUB-B02-1ST-1010,217,64,64,The Big -P.01-UP-20-April-26,The Big - P.01 - UP-24-MAY-26.EN.2.S.P02.B02.SUP.1stF,E-SUB-B02-1ST-1010,Submittal for Stairs Conc. Dim.  & RFT DWGs (B02) (1st),18-Dec-25,8-Jan-26,19-Oct-25 A,08-Nov-25 A,24-May-26,24-May-26,1,1.0,1.0,,No,,The Big -P.01-UP-20-April-26,E-SUB-B02-1ST-1010,Submittal for Stairs Conc. Dim.  & RFT DWGs (B02) (1st),17-May-26,0.0,0.0,0.0,0.0,0,0.0,0,0.0,The Big -P.01-UP-20-April-26,E-SUB-B02-1ST-1010,10-May-26,100.00%,100.00%,$0.00,$0.00,$0.00,
The Big -P.01-UP-20-April-26,E-APP-B02-BAS01-1020,218,253,253,The Big -P.01-UP-20-April-26,The Big - P.01 - UP-24-MAY-26.EN.2.A.P02.B02.SUB.1stB,E-APP-B02-BAS01-1020,Approval for Beams Conc. Dim.  & RFT DWGs (B02) (Bas 01),18-Dec-25,29-Dec-25,01-Feb-26 A,17-Feb-26 A,5-Mar-26,5-Mar-26,1,1.0,1.0,,No,,The Big -P.01-UP-20-April-26,E-APP-B02-BAS01-1020,Approval for Beams Conc. Dim.  & RFT DWGs (B02) (Bas 01),17-May-26,0.0,0.0,0.0,0.0,0,0.0,0,0.0,The Big -P.01-UP-20-April-26,E-APP-B02-BAS01-1020,10-May-26,100.00%,100.00%,$0.00,$0.00,$0.00,
The Big -P.01-UP-20-April-26,E-APP-B01-BAS01-1030,219,317,317,The Big -P.01-UP-20-April-26,The Big - P.01 - UP-24-MAY-26.EN.2.A.P02.B01.SUB.1stB,E-APP-B01-BAS01-1030,Approval for Beams Conc. Dim.  & RFT DWGs (B01) (Bas 01),18-Dec-25,29-Dec-25,01-Mar-26 A,15-Mar-26 A,1-Mar-26,1-Mar-26,1,1.0,1.0,,No,,The Big -P.01-UP-20-April-26,E-APP-B01-BAS01-1030,Approval for Beams Conc. Dim.  & RFT DWGs (B01) (Bas 01),17-May-26,0.0,0.0,0.0,0.0,0,0.0,0,0.0,The Big -P.01-UP-20-April-26,E-APP-B01-BAS01-1030,10-May-26,100.00%,100.00%,$0.00,$0.00,$0.00,
The Big -P.01-UP-20-April-26,E-APP-B01-GR-1020,220,519,515,The Big -P.01-UP-20-April-26,The Big - P.01 - UP-24-MAY-26.EN.2.A.P02.B01.SUP.GF,E-APP-B01-GR-1020,Approval for Beams Conc. Dim.  & RFT DWGs (B01)  (GF),18-Dec-25,29-Dec-25,11-Jun-26,22-Jun-26,31-Mar-26,11-Apr-26,1,1.0,0.0,-57.0,Yes,,The Big -P.01-UP-20-April-26,E-APP-B01-GR-1020,Approval for Beams Conc. Dim.  & RFT DWGs (B01)  (GF),17-May-26,0.0,0.0,0.0,0.0,0,0.0,0,0.0,The Big -P.01-UP-20-April-26,E-APP-B01-GR-1020,10-May-26,100.00%,0.00%,$0.00,$0.00,$0.00,
The Big -P.01-UP-20-April-26,E-APP-B03-BAS01-1020,221,173,173,The Big -P.01-UP-20-April-26,The Big - P.01 - UP-24-MAY-26.EN.2.A.P01.B03.SUB.2,E-APP-B03-BAS01-1020,Approval for Beams Conc. Dim.  & RFT DWGs  (B03) (Bas 01),18-Dec-25,29-Dec-25,01-Jan-26 A,25-Mar-26 A,25-Mar-26,25-Mar-26,1,1.0,1.0,,No,,The Big -P.01-UP-20-April-26,E-APP-B03-BAS01-1020,Approval for Beams Conc. Dim.  & RFT DWGs  (B03) (Bas 01),17-May-26,0.0,0.0,0.0,0.0,0,0.0,0,0.0,The Big -P.01-UP-20-April-26,E-APP-B03-BAS01-1020,10-May-26,100.00%,100.00%,$0.00,$0.00,$0.00,
The Big -P.01-UP-20-April-26,CON-B01-FOOT-1080,222,346,346,The Big -P.01-UP-20-April-26,The Big - P.01 - UP-24-MAY-26.CON.P02.B01.SUB.F,CON-B01-FOOT-1080,Pouring Columns & Walls Below SOG (B01) (footing),18-Dec-25,18-Dec-25,02-May-26 A,17-May-26,21-Dec-25,21-Dec-25,1,1.0,0.6,-118.0,Yes,,The Big -P.01-UP-20-April-26,CON-B01-FOOT-1080,Pouring Columns & Walls Below SOG (B01) (footing),17-May-26,139757.8,76866.79,76866.79,139757.8,1,0.55,0,-62891.01,The Big -P.01-UP-20-April-26,CON-B01-FOOT-1080,10-May-26,100.00%,50.00%,"$139,757.80","$69,878.90","$69,878.90",
The Big -P.01-UP-20-April-26,CON-B01-FOOT-1090,223,329,329,The Big -P.01-UP-20-April-26,The Big - P.01 - UP-24-MAY-26.CON.P02.B01.SUB.F,CON-B01-FOOT-1090,Pouring for RC Raft & Footings (B01) (footing),20-Dec-25,21-Dec-25,07-Mar-26 A,30-Apr-26 A,22-Dec-25,22-Dec-25,1,1.0,1.0,,No,,The Big -P.01-UP-20-April-26,CON-B01-FOOT-1090,Pouring for RC Raft & Footings (B01) (footing),17-May-26,10930035.55,10930035.55,10930035.55,10930035.55,1,1.0,0,0.0,The Big -P.01-UP-20-April-26,CON-B01-FOOT-1090,10-May-26,100.00%,100.00%,"$10,930,035.55","$10,930,035.55","$10,930,035.55",
The Big -P.01-UP-20-April-26,CON-B02-FOOT-1050,224,186,186,The Big -P.01-UP-20-April-26,The Big - P.01 - UP-24-MAY-26.CON.P02.B02.SUB.F,CON-B02-FOOT-1050,RFT for RC Raft & Footings (B02) (footing),20-Dec-25,30-Dec-25,17-Jan-26 A,21-Jan-26 A,29-Jan-26,29-Jan-26,1,1.0,1.0,,No,,The Big -P.01-UP-20-April-26,CON-B02-FOOT-1050,RFT for RC Raft & Footings (B02) (footing),17-May-26,6313254.79,6313254.79,6313254.79,6313254.79,1,1.0,0,0.0,The Big -P.01-UP-20-April-26,CON-B02-FOOT-1050,10-May-26,100.00%,100.00%,"$6,313,254.79","$6,313,254.79","$6,313,254.79",
The Big -P.01-UP-20-April-26,E-SUB-B03-2ND-1000,225,168,168,The Big -P.01-UP-20-April-26,The Big - P.01 - UP-24-MAY-26.EN.2.S.P01.B03.SUP.2ndF,E-SUB-B03-2ND-1000,Submittal for Col. & Walls Conc. Dim.  & RFT DWGs (B03) (2nd),20-Dec-25,10-Jan-26,01-Jan-26 A,10-Feb-26 A,27-Jul-26,27-Jul-26,1,1.0,1.0,,No,,The Big -P.01-UP-20-April-26,E-SUB-B03-2ND-1000,Submittal for Col. & Walls Conc. Dim.  & RFT DWGs (B03) (2nd),17-May-26,0.0,0.0,0.0,0.0,0,0.0,0,0.0,The Big -P.01-UP-20-April-26,E-SUB-B03-2ND-1000,10-May-26,100.00%,100.00%,$0.00,$0.00,$0.00,
The Big -P.01-UP-20-April-26,E-SUB-B01-1ST-1030,226,422,414,The Big -P.01-UP-20-April-26,The Big - P.01 - UP-24-MAY-26.EN.2.S.P02.B01.SUP.1stF,E-SUB-B01-1ST-1030,Submittal for Slabs Conc. Dim.  & RFT DWGs (B01) (1st),20-Dec-25,10-Jan-26,19-May-26,13-Jun-26,14-Apr-26,4-May-26,1,1.0,0.0,-30.0,Yes,,The Big -P.01-UP-20-April-26,E-SUB-B01-1ST-1030,Submittal for Slabs Conc. Dim.  & RFT DWGs (B01) (1st),17-May-26,0.0,0.0,0.0,0.0,0,0.0,0,0.0,The Big -P.01-UP-20-April-26,E-SUB-B01-1ST-1030,10-May-26,100.00%,0.00%,$0.00,$0.00,$0.00,
The Big -P.01-UP-20-April-26,E-SUB-B01-2ND-1000,227,196,196,The Big -P.01-UP-20-April-26,The Big - P.01 - UP-24-MAY-26.EN.2.S.P02.B01.SUP.2ndF,E-SUB-B01-2ND-1000,Submittal for Col. & Walls Conc. Dim.  & RFT DWGs (B01) (2nd),20-Dec-25,10-Jan-26,01-Feb-26 A,03-Mar-26 A,20-May-26,20-May-26,1,1.0,1.0,,No,,The Big -P.01-UP-20-April-26,E-SUB-B01-2ND-1000,Submittal for Col. & Walls Conc. Dim.  & RFT DWGs (B01) (2nd),17-May-26,0.0,0.0,0.0,0.0,0,0.0,0,0.0,The Big -P.01-UP-20-April-26,E-SUB-B01-2ND-1000,10-May-26,100.00%,100.00%,$0.00,$0.00,$0.00,
The Big -P.01-UP-20-April-26,E-APP-B02-GR-1010,228,214,214,The Big -P.01-UP-20-April-26,The Big - P.01 - UP-24-MAY-26.EN.2.A.P02.B02.SUP.GF,E-APP-B02-GR-1010,Approval for Stairs Conc. Dim.  & RFT DWGs (B02) (GF),20-Dec-25,30-Dec-25,01-Feb-26 A,15-Feb-26 A,5-May-26,5-May-26,1,1.0,1.0,,No,,The Big -P.01-UP-20-April-26,E-APP-B02-GR-1010,Approval for Stairs Conc. Dim.  & RFT DWGs (B02) (GF),17-May-26,0.0,0.0,0.0,0.0,0,0.0,0,0.0,The Big -P.01-UP-20-April-26,E-APP-B02-GR-1010,10-May-26,100.00%,100.00%,$0.00,$0.00,$0.00,
The Big -P.01-UP-20-April-26,E-SUB-B03-1ST-1030,229,439,434,The Big -P.01-UP-20-April-26,The Big - P.01 - UP-24-MAY-26.EN.2.S.P01.B03.SUP.1stF,E-SUB-B03-1ST-1030,Submittal for Slabs Conc. Dim.  & RFT DWGs (B03) (1st),21-Dec-25,11-Jan-26,20-May-26,14-Jun-26,20-May-26,14-Jun-26,1,1.0,0.0,0.0,Yes,,The Big -P.01-UP-20-April-26,E-SUB-B03-1ST-1030,Submittal for Slabs Conc. Dim.  & RFT DWGs (B03) (1st),17-May-26,0.0,0.0,0.0,0.0,0,0.0,0,0.0,The Big -P.01-UP-20-April-26,E-SUB-B03-1ST-1030,10-May-26,100.00%,0.00%,$0.00,$0.00,$0.00,
The Big -P.01-UP-20-April-26,E-APP-B04-BAS01-1000,230,269,269,The Big -P.01-UP-20-April-26,The Big - P.01 - UP-24-MAY-26.EN.2.A.P01.B04.SUB.1stB,E-APP-B04-BAS01-1000,Approval for Col. & Walls Conc. Dim.  & RFT DWGs (B04) (Bas 01),21-Dec-25,31-Dec-25,01-Feb-26 A,12-Feb-26 A,10-Mar-26,10-Mar-26,1,1.0,1.0,,No,,The Big -P.01-UP-20-April-26,E-APP-B04-BAS01-1000,Approval for Col. & Walls Conc. Dim.  & RFT DWGs (B04) (Bas 01),17-May-26,0.0,0.0,0.0,0.0,0,0.0,0,0.0,The Big -P.01-UP-20-April-26,E-APP-B04-BAS01-1000,10-May-26,100.00%,100.00%,$0.00,$0.00,$0.00,
The Big -P.01-UP-20-April-26,E-APP-B03-GR-1000,231,176,176,The Big -P.01-UP-20-April-26,The Big - P.01 - UP-24-MAY-26.EN.2.A.P01.B03.SUP.GF,E-APP-B03-GR-1000,Approval for Col. & Walls Conc. Dim.  & RFT DWGs  (B03) (GF),21-Dec-25,31-Dec-25,07-Jan-26 A,12-Feb-26 A,14-Apr-26,14-Apr-26,1,1.0,1.0,,No,,The Big -P.01-UP-20-April-26,E-APP-B03-GR-1000,Approval for Col. & Walls Conc. Dim.  & RFT DWGs  (B03) (GF),17-May-26,0.0,0.0,0.0,0.0,0,0.0,0,0.0,The Big -P.01-UP-20-April-26,E-APP-B03-GR-1000,10-May-26,100.00%,100.00%,$0.00,$0.00,$0.00,
The Big -P.01-UP-20-April-26,CON-B01-FOOT-1100,232,415,420,The Big -P.01-UP-20-April-26,The Big - P.01 - UP-24-MAY-26.CON.P02.B01.SUB.F,CON-B01-FOOT-1100,Curing & Deshuttering for RC Raft & Footings (B01) (footing),22-Dec-25,24-Dec-25,17-May-26,20-May-26,22-Dec-25,24-Dec-25,1,1.0,0.0,-146.0,Yes,,The Big -P.01-UP-20-April-26,CON-B01-FOOT-1100,Curing & Deshuttering for RC Raft & Footings (B01) (footing),17-May-26,0.0,0.0,0.0,0.0,0,0.0,0,0.0,The Big -P.01-UP-20-April-26,CON-B01-FOOT-1100,10-May-26,100.00%,0.00%,$0.00,$0.00,$0.00,
The Big -P.01-UP-20-April-26,CON-B04-WT-1130,233,341,341,The Big -P.01-UP-20-April-26,The Big - P.01 - UP-24-MAY-26.CON.P01.B04.SUB.3.2,CON-B04-WT-1130,Pouring for Walls (B04) (Water Tank),22-Dec-25,23-Dec-25,18-Apr-26 A,20-Apr-26 A,7-Feb-26,7-Feb-26,1,1.0,1.0,,No,,The Big -P.01-UP-20-April-26,CON-B04-WT-1130,Pouring for Walls (B04) (Water Tank),17-May-26,1884580.07,1507664.06,1507664.06,1884580.07,1,0.8,0,-376916.01,The Big -P.01-UP-20-April-26,CON-B04-WT-1130,10-May-26,100.00%,80.00%,"$1,884,580.07","$1,507,664.06","$1,507,664.06",
The Big -P.01-UP-20-April-26,CON-B04-WT-1140,234,414,411,The Big -P.01-UP-20-April-26,The Big - P.01 - UP-24-MAY-26.CON.P01.B04.SUB.3.2,CON-B04-WT-1140,Curing & Deshuttering for Walls (B04) (Water Tank),22-Dec-25,26-Dec-25,17-May-26,21-May-26,7-Feb-26,11-Feb-26,1,1.0,0.0,-99.0,Yes,,The Big -P.01-UP-20-April-26,CON-B04-WT-1140,Curing & Deshuttering for Walls (B04) (Water Tank),17-May-26,0.0,0.0,0.0,0.0,0,0.0,0,0.0,The Big -P.01-UP-20-April-26,CON-B04-WT-1140,10-May-26,100.00%,0.00%,$0.00,$0.00,$0.00,
The Big -P.01-UP-20-April-26,E-SUB-B04-GR-1020,235,349,347,The Big -P.01-UP-20-April-26,The Big - P.01 - UP-24-MAY-26.EN.2.S.P01.B04.SUP.GF,E-SUB-B04-GR-1020,Submittal for Beams Conc. Dim.  & RFT DWGs (B04) (GF),22-Dec-25,12-Jan-26,17-May-26,10-Jun-26,24-Mar-26,14-Apr-26,1,1.0,0.0,-45.0,Yes,,The Big -P.01-UP-20-April-26,E-SUB-B04-GR-1020,Submittal for Beams Conc. Dim.  & RFT DWGs (B04) (GF),17-May-26,0.0,0.0,0.0,0.0,0,0.0,0,0.0,The Big -P.01-UP-20-April-26,E-SUB-B04-GR-1020,10-May-26,100.00%,0.00%,$0.00,$0.00,$0.00,
The Big -P.01-UP-20-April-26,E-SUB-B02-1ST-1020,236,365,363,The Big -P.01-UP-20-April-26,The Big - P.01 - UP-24-MAY-26.EN.2.S.P02.B02.SUP.1stF,E-SUB-B02-1ST-1020,Submittal for Beams Conc. Dim.  & RFT DWGs (B02) (1st),22-Dec-25,12-Jan-26,17-May-26,10-Jun-26,24-May-26,17-Jun-26,1,1.0,0.0,6.0,No,,The Big -P.01-UP-20-April-26,E-SUB-B02-1ST-1020,Submittal for Beams Conc. Dim.  & RFT DWGs (B02) (1st),17-May-26,0.0,0.0,0.0,0.0,0,0.0,0,0.0,The Big -P.01-UP-20-April-26,E-SUB-B02-1ST-1020,10-May-26,100.00%,0.00%,$0.00,$0.00,$0.00,
The Big -P.01-UP-20-April-26,E-APP-B02-BAS01-1030,237,252,252,The Big -P.01-UP-20-April-26,The Big - P.01 - UP-24-MAY-26.EN.2.A.P02.B02.SUB.1stB,E-APP-B02-BAS01-1030,Approval for Slabs Conc. Dim.  & RFT DWGs (B02) (Bas 01),22-Dec-25,1-Jan-26,01-Feb-26 A,17-Feb-26 A,5-Mar-26,5-Mar-26,1,1.0,1.0,,No,,The Big -P.01-UP-20-April-26,E-APP-B02-BAS01-1030,Approval for Slabs Conc. Dim.  & RFT DWGs (B02) (Bas 01),17-May-26,0.0,0.0,0.0,0.0,0,0.0,0,0.0,The Big -P.01-UP-20-April-26,E-APP-B02-BAS01-1030,10-May-26,100.00%,100.00%,$0.00,$0.00,$0.00,
The Big -P.01-UP-20-April-26,E-APP-B01-BAS01-1040,238,338,338,The Big -P.01-UP-20-April-26,The Big - P.01 - UP-24-MAY-26.EN.2.A.P02.B01.SUB.1stB,E-APP-B01-BAS01-1040,Approval for Slabs Conc. Dim.  & RFT DWGs (B01) (Bas 01),22-Dec-25,1-Jan-26,15-Mar-26 A,02-Apr-26 A,1-Mar-26,1-Mar-26,1,1.0,1.0,,No,,The Big -P.01-UP-20-April-26,E-APP-B01-BAS01-1040,Approval for Slabs Conc. Dim.  & RFT DWGs (B01) (Bas 01),17-May-26,0.0,0.0,0.0,0.0,0,0.0,0,0.0,The Big -P.01-UP-20-April-26,E-APP-B01-BAS01-1040,10-May-26,100.00%,100.00%,$0.00,$0.00,$0.00,
The Big -P.01-UP-20-April-26,E-APP-B01-GR-1030,239,558,554,The Big -P.01-UP-20-April-26,The Big - P.01 - UP-24-MAY-26.EN.2.A.P02.B01.SUP.GF,E-APP-B01-GR-1030,Approval for Slabs Conc. Dim.  & RFT DWGs (B01)  (GF),22-Dec-25,1-Jan-26,15-Jun-26,25-Jun-26,31-Mar-26,11-Apr-26,1,1.0,0.0,-60.0,Yes,,The Big -P.01-UP-20-April-26,E-APP-B01-GR-1030,Approval for Slabs Conc. Dim.  & RFT DWGs (B01)  (GF),17-May-26,0.0,0.0,0.0,0.0,0,0.0,0,0.0,The Big -P.01-UP-20-April-26,E-APP-B01-GR-1030,10-May-26,100.00%,0.00%,$0.00,$0.00,$0.00,
The Big -P.01-UP-20-April-26,E-APP-B03-BAS01-1030,240,267,267,The Big -P.01-UP-20-April-26,The Big - P.01 - UP-24-MAY-26.EN.2.A.P01.B03.SUB.2,E-APP-B03-BAS01-1030,Approval for Slabs Conc. Dim.  & RFT DWGs  (B03) (Bas 01),22-Dec-25,1-Jan-26,01-Feb-26 A,25-Mar-26 A,25-Mar-26,25-Mar-26,1,1.0,1.0,,No,,The Big -P.01-UP-20-April-26,E-APP-B03-BAS01-1030,Approval for Slabs Conc. Dim.  & RFT DWGs  (B03) (Bas 01),17-May-26,0.0,0.0,0.0,0.0,0,0.0,0,0.0,The Big -P.01-UP-20-April-26,E-APP-B03-BAS01-1030,10-May-26,100.00%,100.00%,$0.00,$0.00,$0.00,
The Big -P.01-UP-20-April-26,AB-SUB-B01-FOOT-1020,241,409,406,The Big -P.01-UP-20-April-26,The Big - P.01 - UP-24-MAY-26.HO.1.S.P02.B01.SUB.F,AB-SUB-B01-FOOT-1020,Submittal for RC Raft & Footings Conc. Dim. DWGs As-Built Drawing (B01) (footing),22-Dec-25,12-Jan-26,17-May-26,10-Jun-26,6-Mar-27,29-Mar-27,1,1.0,0.0,241.0,No,,The Big -P.01-UP-20-April-26,AB-SUB-B01-FOOT-1020,Submittal for RC Raft & Footings Conc. Dim. DWGs As-Built Drawing (B01) (footing),17-May-26,0.0,0.0,0.0,0.0,0,0.0,0,0.0,The Big -P.01-UP-20-April-26,AB-SUB-B01-FOOT-1020,10-May-26,100.00%,0.00%,$0.00,$0.00,$0.00,
The Big -P.01-UP-20-April-26,AB-SUB-B01-FOOT-1030,242,410,407,The Big -P.01-UP-20-April-26,The Big - P.01 - UP-24-MAY-26.HO.1.S.P02.B01.SUB.F,AB-SUB-B01-FOOT-1030,Submittal for RC Raft & Footings RFT DWGs As-Built Drawing (B01) (footing),22-Dec-25,12-Jan-26,17-May-26,10-Jun-26,6-Mar-27,29-Mar-27,1,1.0,0.0,241.0,No,,The Big -P.01-UP-20-April-26,AB-SUB-B01-FOOT-1030,Submittal for RC Raft & Footings RFT DWGs As-Built Drawing (B01) (footing),17-May-26,0.0,0.0,0.0,0.0,0,0.0,0,0.0,The Big -P.01-UP-20-April-26,AB-SUB-B01-FOOT-1030,10-May-26,100.00%,0.00%,$0.00,$0.00,$0.00,
The Big -P.01-UP-20-April-26,CON-B02-FOOT-1060,243,191,191,The Big -P.01-UP-20-April-26,The Big - P.01 - UP-24-MAY-26.CON.P02.B02.SUB.F,CON-B02-FOOT-1060,Shuttering for Columns & Walls Below SOG (B01) (footing),22-Dec-25,28-Dec-25,27-Jan-26 A,03-Mar-26 A,2-Sep-27,2-Sep-27,1,1.0,1.0,,No,,The Big -P.01-UP-20-April-26,CON-B02-FOOT-1060,Shuttering for Columns & Walls Below SOG (B01) (footing),17-May-26,73546.2,73546.2,73546.2,73546.2,1,1.0,0,0.0,The Big -P.01-UP-20-April-26,CON-B02-FOOT-1060,10-May-26,100.00%,100.00%,"$73,546.20","$73,546.20","$73,546.20",
The Big -P.01-UP-20-April-26,E-SUB-B03-2ND-1010,244,248,248,The Big -P.01-UP-20-April-26,The Big - P.01 - UP-24-MAY-26.EN.2.S.P01.B03.SUP.2ndF,E-SUB-B03-2ND-1010,Submittal for Stairs Conc. Dim.  & RFT DWGs (B03) (2nd),23-Dec-25,13-Jan-26,01-Feb-26 A,10-Feb-26 A,27-Jul-26,27-Jul-26,1,1.0,1.0,,No,,The Big -P.01-UP-20-April-26,E-SUB-B03-2ND-1010,Submittal for Stairs Conc. Dim.  & RFT DWGs (B03) (2nd),17-May-26,0.0,0.0,0.0,0.0,0,0.0,0,0.0,The Big -P.01-UP-20-April-26,E-SUB-B03-2ND-1010,10-May-26,100.00%,100.00%,$0.00,$0.00,$0.00,
The Big -P.01-UP-20-April-26,E-SUB-B01-2ND-1010,245,89,89,The Big -P.01-UP-20-April-26,The Big - P.01 - UP-24-MAY-26.EN.2.S.P02.B01.SUP.2ndF,E-SUB-B01-2ND-1010,Submittal for Stairs Conc. Dim.  & RFT DWGs (B01) (2nd),23-Dec-25,13-Jan-26,01-Nov-25 A,15-Nov-25 A,20-May-26,20-May-26,1,1.0,1.0,,No,,The Big -P.01-UP-20-April-26,E-SUB-B01-2ND-1010,Submittal for Stairs Conc. Dim.  & RFT DWGs (B01) (2nd),17-May-26,0.0,0.0,0.0,0.0,0,0.0,0,0.0,The Big -P.01-UP-20-April-26,E-SUB-B01-2ND-1010,10-May-26,100.00%,100.00%,$0.00,$0.00,$0.00,
The Big -P.01-UP-20-April-26,E-APP-B02-GR-1020,246,518,514,The Big -P.01-UP-20-April-26,The Big - P.01 - UP-24-MAY-26.EN.2.A.P02.B02.SUP.GF,E-APP-B02-GR-1020,Approval for Beams Conc. Dim.  & RFT DWGs (B02) (GF),23-Dec-25,3-Jan-26,11-Jun-26,22-Jun-26,11-Apr-26,22-Apr-26,1,1.0,0.0,-48.0,Yes,,The Big -P.01-UP-20-April-26,E-APP-B02-GR-1020,Approval for Beams Conc. Dim.  & RFT DWGs (B02) (GF),17-May-26,0.0,0.0,0.0,0.0,0,0.0,0,0.0,The Big -P.01-UP-20-April-26,E-APP-B02-GR-1020,10-May-26,100.00%,0.00%,$0.00,$0.00,$0.00,
The Big -P.01-UP-20-April-26,AB-APP-B04-WT-1020,247,503,496,The Big -P.01-UP-20-April-26,The Big - P.01 - UP-24-MAY-26.HO.1.A.P01.B04.SUB.2ndF.WT,AB-APP-B04-WT-1020,Approval for RC Raft RFT DWGs As-Built Drawing (B04) (Water Tank),23-Dec-25,5-Jan-26,4-Jun-26,17-Jun-26,23-Mar-27,5-Apr-27,1,1.0,0.0,241.0,No,,The Big -P.01-UP-20-April-26,AB-APP-B04-WT-1020,Approval for RC Raft RFT DWGs As-Built Drawing (B04) (Water Tank),17-May-26,0.0,0.0,0.0,0.0,0,0.0,0,0.0,The Big -P.01-UP-20-April-26,AB-APP-B04-WT-1020,10-May-26,100.00%,0.00%,$0.00,$0.00,$0.00,
The Big -P.01-UP-20-April-26,AB-APP-B02-REP-1000,248,495,488,The Big -P.01-UP-20-April-26,The Big - P.01 - UP-24-MAY-26.HO.1.A.P02.B02.SUB.1,AB-APP-B02-REP-1000,Approval for General Replacement Plan & Typical Sections for Replacement / Backfilling DWGs As-Built Drawing (B02),23-Dec-25,5-Jan-26,4-Jun-26,17-Jun-26,23-Mar-27,5-Apr-27,1,1.0,0.0,241.0,No,,The Big -P.01-UP-20-April-26,AB-APP-B02-REP-1000,Approval for General Replacement Plan & Typical Sections for Replacement / Backfilling DWGs As-Built Drawing (B02),17-May-26,0.0,0.0,0.0,0.0,0,0.0,0,0.0,The Big -P.01-UP-20-April-26,AB-APP-B02-REP-1000,10-May-26,100.00%,0.00%,$0.00,$0.00,$0.00,
The Big -P.01-UP-20-April-26,CON-B02-FOOT-1070,249,192,192,The Big -P.01-UP-20-April-26,The Big - P.01 - UP-24-MAY-26.CON.P02.B02.SUB.F,CON-B02-FOOT-1070,RFT for Columns & Walls Below SOG (B02) (footing),23-Dec-25,29-Dec-25,28-Jan-26 A,04-Mar-26 A,2-Sep-27,2-Sep-27,1,1.0,1.0,,No,,The Big -P.01-UP-20-April-26,CON-B02-FOOT-1070,RFT for Columns & Walls Below SOG (B02) (footing),17-May-26,98560.62,98560.62,98560.62,98560.62,1,1.0,0,0.0,The Big -P.01-UP-20-April-26,CON-B02-FOOT-1070,10-May-26,100.00%,100.00%,"$98,560.62","$98,560.62","$98,560.62",
The Big -P.01-UP-20-April-26,E-APP-B04-BAS01-1010,250,289,289,The Big -P.01-UP-20-April-26,The Big - P.01 - UP-24-MAY-26.EN.2.A.P01.B04.SUB.1stB,E-APP-B04-BAS01-1010,Approval for Stairs Conc. Dim.  & RFT DWGs (B04) (Bas 01),24-Dec-25,4-Jan-26,08-Feb-26 A,18-Feb-26 A,31-Mar-26,31-Mar-26,1,1.0,1.0,,No,,The Big -P.01-UP-20-April-26,E-APP-B04-BAS01-1010,Approval for Stairs Conc. Dim.  & RFT DWGs (B04) (Bas 01),17-May-26,0.0,0.0,0.0,0.0,0,0.0,0,0.0,The Big -P.01-UP-20-April-26,E-APP-B04-BAS01-1010,10-May-26,100.00%,100.00%,$0.00,$0.00,$0.00,
The Big -P.01-UP-20-April-26,E-APP-B03-GR-1010,251,271,271,The Big -P.01-UP-20-April-26,The Big - P.01 - UP-24-MAY-26.EN.2.A.P01.B03.SUP.GF,E-APP-B03-GR-1010,Approval for Stairs Conc. Dim.  & RFT DWGs  (B03) (GF),24-Dec-25,4-Jan-26,01-Feb-26 A,25-Mar-26 A,30-Apr-26,30-Apr-26,1,1.0,1.0,,No,,The Big -P.01-UP-20-April-26,E-APP-B03-GR-1010,Approval for Stairs Conc. Dim.  & RFT DWGs  (B03) (GF),17-May-26,0.0,0.0,0.0,0.0,0,0.0,0,0.0,The Big -P.01-UP-20-April-26,E-APP-B03-GR-1010,10-May-26,100.00%,100.00%,$0.00,$0.00,$0.00,
The Big -P.01-UP-20-April-26,AB-SUB-B04-WT-1030,252,425,419,The Big -P.01-UP-20-April-26,The Big - P.01 - UP-24-MAY-26.HO.1.S.P01.B04.SUB.2ndB.1,AB-SUB-B04-WT-1030,Submittal for Col. & Walls DWGs As-Built Drawing (B04) (Water Tank),24-Dec-25,14-Jan-26,17-May-26,10-Jun-26,6-Mar-27,29-Mar-27,1,1.0,0.0,241.0,No,,The Big -P.01-UP-20-April-26,AB-SUB-B04-WT-1030,Submittal for Col. & Walls DWGs As-Built Drawing (B04) (Water Tank),17-May-26,0.0,0.0,0.0,0.0,0,0.0,0,0.0,The Big -P.01-UP-20-April-26,AB-SUB-B04-WT-1030,10-May-26,100.00%,0.00%,$0.00,$0.00,$0.00,
The Big -P.01-UP-20-April-26,CON-B01-FOOT-1110,253,639,639,The Big -P.01-UP-20-April-26,The Big - P.01 - UP-24-MAY-26.CON.P02.B01.SUB.F,CON-B01-FOOT-1110,Bitumen Ins. for RC Raft & Footings (B01) (footing),25-Dec-25,28-Dec-25,5-Jul-26,7-Jul-26,26-Dec-26,28-Dec-26,1,1.0,0.0,146.0,No,,The Big -P.01-UP-20-April-26,CON-B01-FOOT-1110,Bitumen Ins. for RC Raft & Footings (B01) (footing),17-May-26,238065.85,0.0,0.0,238065.85,0,0.0,0,-238065.85,The Big -P.01-UP-20-April-26,CON-B01-FOOT-1110,10-May-26,100.00%,0.00%,"$238,065.85",$0.00,$0.00,
The Big -P.01-UP-20-April-26,CON-B03-FOOT-1000,254,134,134,The Big -P.01-UP-20-April-26,The Big - P.01 - UP-24-MAY-26.CON.P01.B03.SUB.F,CON-B03-FOOT-1000,Shuttering for PC Raft (B03) (footing),25-Dec-25,25-Dec-25,01-Dec-25 A,03-Dec-25 A,12-Feb-26,12-Feb-26,1,1.0,1.0,,No,,The Big -P.01-UP-20-April-26,CON-B03-FOOT-1000,Shuttering for PC Raft (B03) (footing),17-May-26,459468.75,459468.75,459468.75,459468.75,1,1.0,0,0.0,The Big -P.01-UP-20-April-26,CON-B03-FOOT-1000,10-May-26,100.00%,100.00%,"$459,468.75","$459,468.75","$459,468.75",
The Big -P.01-UP-20-April-26,CON-B01-BAS02-1000,255,463,462,The Big -P.01-UP-20-April-26,The Big - P.01 - UP-24-MAY-26.CON.P02.B01.SUB.2ndB,CON-B01-BAS02-1000,"Scaffolding works for Walls, Col. & Cores (B01) (Bas 02)",25-Dec-25,1-Jan-26,20-May-26,2-Jun-26,25-Dec-25,1-Jan-26,1,1.0,0.0,-118.0,Yes,,The Big -P.01-UP-20-April-26,CON-B01-BAS02-1000,"Scaffolding works for Walls, Col. & Cores (B01) (Bas 02)",17-May-26,0.0,0.0,0.0,0.0,0,0.0,0,0.0,The Big -P.01-UP-20-April-26,CON-B01-BAS02-1000,10-May-26,100.00%,0.00%,$0.00,$0.00,$0.00,
The Big -P.01-UP-20-April-26,CON-B01-BAS02-1010,256,464,463,The Big -P.01-UP-20-April-26,The Big - P.01 - UP-24-MAY-26.CON.P02.B01.SUB.2ndB,CON-B01-BAS02-1010,"RFT for Walls, Col. & Cores (B01) (Bas 02)",25-Dec-25,12-Jan-26,20-May-26,11-Jun-26,25-Dec-25,12-Jan-26,1,1.0,0.0,-118.0,Yes,,The Big -P.01-UP-20-April-26,CON-B01-BAS02-1010,"RFT for Walls, Col. & Cores (B01) (Bas 02)",17-May-26,1987012.6,0.0,0.0,1987012.6,0,0.0,0,-1987012.6,The Big -P.01-UP-20-April-26,CON-B01-BAS02-1010,10-May-26,100.00%,0.00%,"$1,987,012.60",$0.00,$0.00,
The Big -P.01-UP-20-April-26,CON-B04-WT-1150,257,462,460,The Big -P.01-UP-20-April-26,The Big - P.01 - UP-24-MAY-26.CON.P01.B04.SUB.3.2,CON-B04-WT-1150,Formwork for Top Slab (B04) (Water Tank),25-Dec-25,31-Dec-25,20-May-26,26-May-26,10-Feb-26,16-Feb-26,1,1.0,0.0,-80.0,Yes,,The Big -P.01-UP-20-April-26,CON-B04-WT-1150,Formwork for Top Slab (B04) (Water Tank),17-May-26,327929.28,0.0,0.0,327929.28,0,0.0,0,-327929.28,The Big -P.01-UP-20-April-26,CON-B04-WT-1150,10-May-26,100.00%,0.00%,"$327,929.28",$0.00,$0.00,
The Big -P.01-UP-20-April-26,E-SUB-B04-GR-1030,258,427,422,The Big -P.01-UP-20-April-26,The Big - P.01 - UP-24-MAY-26.EN.2.S.P01.B04.SUP.GF,E-SUB-B04-GR-1030,Submittal for Slabs Conc. Dim.  & RFT DWGs (B04) (GF),25-Dec-25,15-Jan-26,20-May-26,14-Jun-26,28-Mar-26,18-Apr-26,1,1.0,0.0,-45.0,Yes,,The Big -P.01-UP-20-April-26,E-SUB-B04-GR-1030,Submittal for Slabs Conc. Dim.  & RFT DWGs (B04) (GF),17-May-26,0.0,0.0,0.0,0.0,0,0.0,0,0.0,The Big -P.01-UP-20-April-26,E-SUB-B04-GR-1030,10-May-26,100.00%,0.00%,$0.00,$0.00,$0.00,
The Big -P.01-UP-20-April-26,E-SUB-B04-1ST-1000,259,159,159,The Big -P.01-UP-20-April-26,The Big - P.01 - UP-24-MAY-26.EN.2.S.P01.B04.SUP.1stF,E-SUB-B04-1ST-1000,Submittal for Col. & Walls Conc. Dim.  & RFT DWGs (B04) (1st),25-Dec-25,15-Jan-26,01-Jan-26 A,10-Feb-26 A,25-Apr-26,25-Apr-26,1,1.0,1.0,,No,,The Big -P.01-UP-20-April-26,E-SUB-B04-1ST-1000,Submittal for Col. & Walls Conc. Dim.  & RFT DWGs (B04) (1st),17-May-26,0.0,0.0,0.0,0.0,0,0.0,0,0.0,The Big -P.01-UP-20-April-26,E-SUB-B04-1ST-1000,10-May-26,100.00%,100.00%,$0.00,$0.00,$0.00,
The Big -P.01-UP-20-April-26,E-SUB-B02-1ST-1030,260,443,438,The Big -P.01-UP-20-April-26,The Big - P.01 - UP-24-MAY-26.EN.2.S.P02.B02.SUP.1stF,E-SUB-B02-1ST-1030,Submittal for Slabs Conc. Dim.  & RFT DWGs (B02) (1st),25-Dec-25,15-Jan-26,20-May-26,14-Jun-26,1-Jun-26,21-Jun-26,1,1.0,0.0,6.0,No,,The Big -P.01-UP-20-April-26,E-SUB-B02-1ST-1030,Submittal for Slabs Conc. Dim.  & RFT DWGs (B02) (1st),17-May-26,0.0,0.0,0.0,0.0,0,0.0,0,0.0,The Big -P.01-UP-20-April-26,E-SUB-B02-1ST-1030,10-May-26,100.00%,0.00%,$0.00,$0.00,$0.00,
The Big -P.01-UP-20-April-26,E-SUB-B02-2ND-1000,261,74,74,The Big -P.01-UP-20-April-26,The Big - P.01 - UP-24-MAY-26.EN.2.S.P02.B02.SUP.2ndF,E-SUB-B02-2ND-1000,Submittal for Col. & Walls Conc. Dim.  & RFT DWGs (B02) (2nd),25-Dec-25,15-Jan-26,25-Oct-25 A,13-Nov-25 A,27-Jul-26,27-Jul-26,1,1.0,1.0,,No,,The Big -P.01-UP-20-April-26,E-SUB-B02-2ND-1000,Submittal for Col. & Walls Conc. Dim.  & RFT DWGs (B02) (2nd),17-May-26,0.0,0.0,0.0,0.0,0,0.0,0,0.0,The Big -P.01-UP-20-April-26,E-SUB-B02-2ND-1000,10-May-26,100.00%,100.00%,$0.00,$0.00,$0.00,
The Big -P.01-UP-20-April-26,AB-APP-B02-FOOT-1000,262,487,480,The Big -P.01-UP-20-April-26,The Big - P.01 - UP-24-MAY-26.HO.1.A.P02.B02.SUB.F,AB-APP-B02-FOOT-1000,Approval for PC Raft Conc. Dim. DWGs As-Built Drawing (B02) (footing),25-Dec-25,8-Jan-26,4-Jun-26,17-Jun-26,23-Mar-27,5-Apr-27,1,1.0,0.0,241.0,No,,The Big -P.01-UP-20-April-26,AB-APP-B02-FOOT-1000,Approval for PC Raft Conc. Dim. DWGs As-Built Drawing (B02) (footing),17-May-26,0.0,0.0,0.0,0.0,0,0.0,0,0.0,The Big -P.01-UP-20-April-26,AB-APP-B02-FOOT-1000,10-May-26,100.00%,0.00%,$0.00,$0.00,$0.00,
The Big -P.01-UP-20-April-26,AB-SUB-B03-REP-1000,263,399,397,The Big -P.01-UP-20-April-26,The Big - P.01 - UP-24-MAY-26.HO.1.S.P01.B03.SUB.1,AB-SUB-B03-REP-1000,Submittal for General Replacement Plan & Typical Sections for Replacement / Backfilling DWGs As-Built Drawing (B03),25-Dec-25,15-Jan-26,17-May-26,10-Jun-26,6-Mar-27,29-Mar-27,1,1.0,0.0,241.0,No,,The Big -P.01-UP-20-April-26,AB-SUB-B03-REP-1000,Submittal for General Replacement Plan & Typical Sections for Replacement / Backfilling DWGs As-Built Drawing (B03),17-May-26,0.0,0.0,0.0,0.0,0,0.0,0,0.0,The Big -P.01-UP-20-April-26,AB-SUB-B03-REP-1000,10-May-26,100.00%,0.00%,$0.00,$0.00,$0.00,
The Big -P.01-UP-20-April-26,CON-B03-FOOT-1010,264,147,147,The Big -P.01-UP-20-April-26,The Big - P.01 - UP-24-MAY-26.CON.P01.B03.SUB.F,CON-B03-FOOT-1010,Pouring for PC Raft (B03) (footing),27-Dec-25,27-Dec-25,22-Dec-25 A,23-Dec-25 A,12-Feb-26,12-Feb-26,1,1.0,1.0,,No,,The Big -P.01-UP-20-April-26,CON-B03-FOOT-1010,Pouring for PC Raft (B03) (footing),17-May-26,1072093.75,1072093.75,1072093.75,1072093.75,1,1.0,0,0.0,The Big -P.01-UP-20-April-26,CON-B03-FOOT-1010,10-May-26,100.00%,100.00%,"$1,072,093.75","$1,072,093.75","$1,072,093.75",
The Big -P.01-UP-20-April-26,CON-B04-WT-1160,265,466,467,The Big -P.01-UP-20-April-26,The Big - P.01 - UP-24-MAY-26.CON.P01.B04.SUB.3.2,CON-B04-WT-1160,RFT for Top Slab (B04) (Water Tank),27-Dec-25,1-Jan-26,21-May-26,1-Jun-26,11-Feb-26,17-Feb-26,1,1.0,0.0,-80.0,Yes,,The Big -P.01-UP-20-April-26,CON-B04-WT-1160,RFT for Top Slab (B04) (Water Tank),17-May-26,447258.67,0.0,0.0,447258.67,0,0.0,0,-447258.67,The Big -P.01-UP-20-April-26,CON-B04-WT-1160,10-May-26,100.00%,0.00%,"$447,258.67",$0.00,$0.00,
The Big -P.01-UP-20-April-26,E-SUB-B03-2ND-1020,266,362,360,The Big -P.01-UP-20-April-26,The Big - P.01 - UP-24-MAY-26.EN.2.S.P01.B03.SUP.2ndF,E-SUB-B03-2ND-1020,Submittal for Beams Conc. Dim.  & RFT DWGs (B03) (2nd),27-Dec-25,17-Jan-26,17-May-26,10-Jun-26,27-Jul-26,16-Aug-26,1,1.0,0.0,55.0,No,,The Big -P.01-UP-20-April-26,E-SUB-B03-2ND-1020,Submittal for Beams Conc. Dim.  & RFT DWGs (B03) (2nd),17-May-26,0.0,0.0,0.0,0.0,0,0.0,0,0.0,The Big -P.01-UP-20-April-26,E-SUB-B03-2ND-1020,10-May-26,100.00%,0.00%,$0.00,$0.00,$0.00,
The Big -P.01-UP-20-April-26,E-SUB-B01-2ND-1020,267,370,368,The Big -P.01-UP-20-April-26,The Big - P.01 - UP-24-MAY-26.EN.2.S.P02.B01.SUP.2ndF,E-SUB-B01-2ND-1020,Submittal for Beams Conc. Dim.  & RFT DWGs (B01) (2nd),27-Dec-25,17-Jan-26,17-May-26,10-Jun-26,20-May-26,14-Jun-26,1,1.0,0.0,3.0,No,,The Big -P.01-UP-20-April-26,E-SUB-B01-2ND-1020,Submittal for Beams Conc. Dim.  & RFT DWGs (B01) (2nd),17-May-26,0.0,0.0,0.0,0.0,0,0.0,0,0.0,The Big -P.01-UP-20-April-26,E-SUB-B01-2ND-1020,10-May-26,100.00%,0.00%,$0.00,$0.00,$0.00,
The Big -P.01-UP-20-April-26,E-APP-B02-GR-1030,268,557,553,The Big -P.01-UP-20-April-26,The Big - P.01 - UP-24-MAY-26.EN.2.A.P02.B02.SUP.GF,E-APP-B02-GR-1030,Approval for Slabs Conc. Dim.  & RFT DWGs (B02) (GF),27-Dec-25,6-Jan-26,15-Jun-26,25-Jun-26,11-Apr-26,22-Apr-26,1,1.0,0.0,-51.0,Yes,,The Big -P.01-UP-20-April-26,E-APP-B02-GR-1030,Approval for Slabs Conc. Dim.  & RFT DWGs (B02) (GF),17-May-26,0.0,0.0,0.0,0.0,0,0.0,0,0.0,The Big -P.01-UP-20-April-26,E-APP-B02-GR-1030,10-May-26,100.00%,0.00%,$0.00,$0.00,$0.00,
The Big -P.01-UP-20-April-26,CON-EW-B04-1000,269,39,39,The Big -P.01-UP-20-April-26,The Big - P.01 - UP-24-MAY-26.CON.EW.B04,CON-EW-B04-1000,Soil Replacement & Leveling & Compaction (B04),27-Dec-25,3-Jan-26,10-Oct-25 A,01-Nov-25 A,26-Jan-26,26-Jan-26,1,1.0,1.0,,No,,The Big -P.01-UP-20-April-26,CON-EW-B04-1000,Soil Replacement & Leveling & Compaction (B04),17-May-26,1812701.4,1812701.4,1812701.4,1812701.4,1,1.0,0,0.0,The Big -P.01-UP-20-April-26,CON-EW-B04-1000,10-May-26,100.00%,100.00%,"$1,812,701.40","$1,812,701.40","$1,812,701.40",
The Big -P.01-UP-20-April-26,CON-B03-FOOT-1020,270,149,149,The Big -P.01-UP-20-April-26,The Big - P.01 - UP-24-MAY-26.CON.P01.B03.SUB.F,CON-B03-FOOT-1020,Curing for PC Raft (B03) (footing),28-Dec-25,30-Dec-25,23-Dec-25 A,23-Dec-25 A,12-Feb-26,12-Feb-26,1,1.0,1.0,,No,,The Big -P.01-UP-20-April-26,CON-B03-FOOT-1020,Curing for PC Raft (B03) (footing),17-May-26,0.0,0.0,0.0,0.0,0,0.0,0,0.0,The Big -P.01-UP-20-April-26,CON-B03-FOOT-1020,10-May-26,100.00%,100.00%,$0.00,$0.00,$0.00,
The Big -P.01-UP-20-April-26,E-APP-B04-BAS01-1020,271,323,323,The Big -P.01-UP-20-April-26,The Big - P.01 - UP-24-MAY-26.EN.2.A.P01.B04.SUB.1stB,E-APP-B04-BAS01-1020,Approval for Ramps Conc. Dim.  & RFT DWGs (B04) (Bas 01),28-Dec-25,8-Jan-26,01-Mar-26 A,02-Mar-26 A,29-Mar-26,29-Mar-26,1,1.0,1.0,,No,,The Big -P.01-UP-20-April-26,E-APP-B04-BAS01-1020,Approval for Ramps Conc. Dim.  & RFT DWGs (B04) (Bas 01),17-May-26,0.0,0.0,0.0,0.0,0,0.0,0,0.0,The Big -P.01-UP-20-April-26,E-APP-B04-BAS01-1020,10-May-26,100.00%,100.00%,$0.00,$0.00,$0.00,
The Big -P.01-UP-20-April-26,E-APP-B03-GR-1020,272,535,531,The Big -P.01-UP-20-April-26,The Big - P.01 - UP-24-MAY-26.EN.2.A.P01.B03.SUP.GF,E-APP-B03-GR-1020,Approval for Beams Conc. Dim.  & RFT DWGs  (B03) (GF),28-Dec-25,8-Jan-26,11-Jun-26,22-Jun-26,16-Apr-26,27-Apr-26,1,1.0,0.0,-44.0,Yes,,The Big -P.01-UP-20-April-26,E-APP-B03-GR-1020,Approval for Beams Conc. Dim.  & RFT DWGs  (B03) (GF),17-May-26,0.0,0.0,0.0,0.0,0,0.0,0,0.0,The Big -P.01-UP-20-April-26,E-APP-B03-GR-1020,10-May-26,100.00%,0.00%,$0.00,$0.00,$0.00,
The Big -P.01-UP-20-April-26,AB-SUB-B03-FOOT-1000,273,392,390,The Big -P.01-UP-20-April-26,The Big - P.01 - UP-24-MAY-26.HO.1.S.P01.B03.SUB.F,AB-SUB-B03-FOOT-1000,Submittal for PC Raft Conc. Dim. DWGs As-Built Drawing (B03) (footing),28-Dec-25,18-Jan-26,17-May-26,10-Jun-26,6-Mar-27,29-Mar-27,1,1.0,0.0,241.0,No,,The Big -P.01-UP-20-April-26,AB-SUB-B03-FOOT-1000,Submittal for PC Raft Conc. Dim. DWGs As-Built Drawing (B03) (footing),17-May-26,0.0,0.0,0.0,0.0,0,0.0,0,0.0,The Big -P.01-UP-20-April-26,AB-SUB-B03-FOOT-1000,10-May-26,100.00%,0.00%,$0.00,$0.00,$0.00,
The Big -P.01-UP-20-April-26,CON-B01-FOOT-1120,274,656,652,The Big -P.01-UP-20-April-26,The Big - P.01 - UP-24-MAY-26.CON.P02.B01.SUB.F,CON-B01-FOOT-1120,Soil Backfilling (B01) (footing),29-Dec-25,30-Dec-25,8-Jul-26,9-Jul-26,29-Dec-26,30-Dec-26,1,1.0,0.0,146.0,No,,The Big -P.01-UP-20-April-26,CON-B01-FOOT-1120,Soil Backfilling (B01) (footing),17-May-26,620532.93,0.0,0.0,620532.93,0,0.0,0,-620532.93,The Big -P.01-UP-20-April-26,CON-B01-FOOT-1120,10-May-26,100.00%,0.00%,"$620,532.93",$0.00,$0.00,
The Big -P.01-UP-20-April-26,CON-B01-BAS02-1020,275,470,470,The Big -P.01-UP-20-April-26,The Big - P.01 - UP-24-MAY-26.CON.P02.B01.SUB.2ndB,CON-B01-BAS02-1020,"Shuttering for Walls, Col. & Cores (B01) (Bas 02)",29-Dec-25,15-Jan-26,24-May-26,15-Jun-26,29-Dec-25,15-Jan-26,1,1.0,0.0,-118.0,Yes,,The Big -P.01-UP-20-April-26,CON-B01-BAS02-1020,"Shuttering for Walls, Col. & Cores (B01) (Bas 02)",17-May-26,1629349.68,0.0,0.0,1629349.68,0,0.0,0,-1629349.68,The Big -P.01-UP-20-April-26,CON-B01-BAS02-1020,10-May-26,100.00%,0.00%,"$1,629,349.68",$0.00,$0.00,
The Big -P.01-UP-20-April-26,E-SUB-B04-1ST-1010,276,239,239,The Big -P.01-UP-20-April-26,The Big - P.01 - UP-24-MAY-26.EN.2.S.P01.B04.SUP.1stF,E-SUB-B04-1ST-1010,Submittal for Stairs Conc. Dim.  & RFT DWGs (B04) (1st),29-Dec-25,19-Jan-26,01-Feb-26 A,21-Feb-26 A,25-Apr-26,25-Apr-26,1,1.0,1.0,,No,,The Big -P.01-UP-20-April-26,E-SUB-B04-1ST-1010,Submittal for Stairs Conc. Dim.  & RFT DWGs (B04) (1st),17-May-26,0.0,0.0,0.0,0.0,0,0.0,0,0.0,The Big -P.01-UP-20-April-26,E-SUB-B04-1ST-1010,10-May-26,100.00%,100.00%,$0.00,$0.00,$0.00,
The Big -P.01-UP-20-April-26,E-SUB-B02-2ND-1010,277,65,65,The Big -P.01-UP-20-April-26,The Big - P.01 - UP-24-MAY-26.EN.2.S.P02.B02.SUP.2ndF,E-SUB-B02-2ND-1010,Submittal for Stairs Conc. Dim.  & RFT DWGs (B02) (2nd),29-Dec-25,19-Jan-26,19-Oct-25 A,08-Nov-25 A,27-Jul-26,27-Jul-26,1,1.0,1.0,,No,,The Big -P.01-UP-20-April-26,E-SUB-B02-2ND-1010,Submittal for Stairs Conc. Dim.  & RFT DWGs (B02) (2nd),17-May-26,0.0,0.0,0.0,0.0,0,0.0,0,0.0,The Big -P.01-UP-20-April-26,E-SUB-B02-2ND-1010,10-May-26,100.00%,100.00%,$0.00,$0.00,$0.00,
The Big -P.01-UP-20-April-26,CON-EW-B04-1010,278,114,114,The Big -P.01-UP-20-April-26,The Big - P.01 - UP-24-MAY-26.CON.EW.B04,CON-EW-B04-1010,Soil Compaction Test (B04),29-Dec-25,5-Jan-26,20-Nov-25 A,03-Dec-25 A,26-Jan-26,26-Jan-26,1,1.0,1.0,,No,,The Big -P.01-UP-20-April-26,CON-EW-B04-1010,Soil Compaction Test (B04),17-May-26,201411.27,201411.27,201411.27,201411.27,1,1.0,0,0.0,The Big -P.01-UP-20-April-26,CON-EW-B04-1010,10-May-26,100.00%,100.00%,"$201,411.27","$201,411.27","$201,411.27",
The Big -P.01-UP-20-April-26,AB-SUB-B02-FOOT-1010,279,391,389,The Big -P.01-UP-20-April-26,The Big - P.01 - UP-24-MAY-26.HO.1.S.P02.B02.SUB.F,AB-SUB-B02-FOOT-1010,Submittal for RC Raft & Footings Conc. Dim. DWGs As-Built Drawing  (B02) (footing),29-Dec-25,19-Jan-26,17-May-26,10-Jun-26,6-Mar-27,29-Mar-27,1,1.0,0.0,241.0,No,,The Big -P.01-UP-20-April-26,AB-SUB-B02-FOOT-1010,Submittal for RC Raft & Footings Conc. Dim. DWGs As-Built Drawing  (B02) (footing),17-May-26,0.0,0.0,0.0,0.0,0,0.0,0,0.0,The Big -P.01-UP-20-April-26,AB-SUB-B02-FOOT-1010,10-May-26,100.00%,0.00%,$0.00,$0.00,$0.00,
The Big -P.01-UP-20-April-26,E-SUB-B03-2ND-1030,280,440,435,The Big -P.01-UP-20-April-26,The Big - P.01 - UP-24-MAY-26.EN.2.S.P01.B03.SUP.2ndF,E-SUB-B03-2ND-1030,Submittal for Slabs Conc. Dim.  & RFT DWGs (B03) (2nd),30-Dec-25,20-Jan-26,20-May-26,14-Jun-26,30-Jul-26,19-Aug-26,1,1.0,0.0,55.0,No,,The Big -P.01-UP-20-April-26,E-SUB-B03-2ND-1030,Submittal for Slabs Conc. Dim.  & RFT DWGs (B03) (2nd),17-May-26,0.0,0.0,0.0,0.0,0,0.0,0,0.0,The Big -P.01-UP-20-April-26,E-SUB-B03-2ND-1030,10-May-26,100.00%,0.00%,$0.00,$0.00,$0.00,
The Big -P.01-UP-20-April-26,E-SUB-B03-3RD-1000,281,169,169,The Big -P.01-UP-20-April-26,The Big - P.01 - UP-24-MAY-26.EN.2.S.P01.B03.SUP.3rdF,E-SUB-B03-3RD-1000,Submittal for Col. & Walls Conc. Dim.  & RFT DWGs (B03) (3rd),30-Dec-25,20-Jan-26,01-Jan-26 A,10-Feb-26 A,28-Sep-26,28-Sep-26,1,1.0,1.0,,No,,The Big -P.01-UP-20-April-26,E-SUB-B03-3RD-1000,Submittal for Col. & Walls Conc. Dim.  & RFT DWGs (B03) (3rd),17-May-26,0.0,0.0,0.0,0.0,0,0.0,0,0.0,The Big -P.01-UP-20-April-26,E-SUB-B03-3RD-1000,10-May-26,100.00%,100.00%,$0.00,$0.00,$0.00,
The Big -P.01-UP-20-April-26,E-SUB-B01-2ND-1030,282,447,442,The Big -P.01-UP-20-April-26,The Big - P.01 - UP-24-MAY-26.EN.2.S.P02.B01.SUP.2ndF,E-SUB-B01-2ND-1030,Submittal for Slabs Conc. Dim.  & RFT DWGs (B01) (2nd),30-Dec-25,20-Jan-26,20-May-26,14-Jun-26,24-May-26,17-Jun-26,1,1.0,0.0,3.0,No,,The Big -P.01-UP-20-April-26,E-SUB-B01-2ND-1030,Submittal for Slabs Conc. Dim.  & RFT DWGs (B01) (2nd),17-May-26,0.0,0.0,0.0,0.0,0,0.0,0,0.0,The Big -P.01-UP-20-April-26,E-SUB-B01-2ND-1030,10-May-26,100.00%,0.00%,$0.00,$0.00,$0.00,
The Big -P.01-UP-20-April-26,E-SUB-B01-3RD-1000,283,197,197,The Big -P.01-UP-20-April-26,The Big - P.01 - UP-24-MAY-26.EN.2.S.P02.B01.SUP.3rdF,E-SUB-B01-3RD-1000,Submittal for Col. & Walls Conc. Dim.  & RFT DWGs (B01) (3rd),30-Dec-25,20-Jan-26,01-Feb-26 A,03-Mar-26 A,16-Jun-26,16-Jun-26,1,1.0,1.0,,No,,The Big -P.01-UP-20-April-26,E-SUB-B01-3RD-1000,Submittal for Col. & Walls Conc. Dim.  & RFT DWGs (B01) (3rd),17-May-26,0.0,0.0,0.0,0.0,0,0.0,0,0.0,The Big -P.01-UP-20-April-26,E-SUB-B01-3RD-1000,10-May-26,100.00%,100.00%,$0.00,$0.00,$0.00,
The Big -P.01-UP-20-April-26,CON-B02-FOOT-1080,284,287,287,The Big -P.01-UP-20-April-26,The Big - P.01 - UP-24-MAY-26.CON.P02.B02.SUB.F,CON-B02-FOOT-1080,Pouring Columns & Walls Below SOG (B01) (footing),30-Dec-25,30-Dec-25,05-Feb-26 A,04-Mar-26 A,2-Sep-27,2-Sep-27,1,1.0,1.0,,No,,The Big -P.01-UP-20-April-26,CON-B02-FOOT-1080,Pouring Columns & Walls Below SOG (B01) (footing),17-May-26,171607.8,171607.8,171607.8,171607.8,1,1.0,0,0.0,The Big -P.01-UP-20-April-26,CON-B02-FOOT-1080,10-May-26,100.00%,100.00%,"$171,607.80","$171,607.80","$171,607.80",
The Big -P.01-UP-20-April-26,CON-B02-FOOT-1090,285,188,188,The Big -P.01-UP-20-April-26,The Big - P.01 - UP-24-MAY-26.CON.P02.B02.SUB.F,CON-B02-FOOT-1090,Pouring for RC Raft & Footings (B02) (footing),31-Dec-25,1-Jan-26,22-Jan-26 A,22-Jan-26 A,29-Jan-26,29-Jan-26,1,1.0,1.0,,No,,The Big -P.01-UP-20-April-26,CON-B02-FOOT-1090,Pouring for RC Raft & Footings (B02) (footing),17-May-26,5301272.91,5301272.91,5301272.91,5301272.91,1,1.0,0,0.0,The Big -P.01-UP-20-April-26,CON-B02-FOOT-1090,10-May-26,100.00%,100.00%,"$5,301,272.91","$5,301,272.91","$5,301,272.91",
The Big -P.01-UP-20-April-26,CON-B03-FOOT-1030,286,151,151,The Big -P.01-UP-20-April-26,The Big - P.01 - UP-24-MAY-26.CON.P01.B03.SUB.F,CON-B03-FOOT-1030,Waterproofing & Ins. Protection works (B03) (footing),31-Dec-25,1-Jan-26,24-Dec-25 A,24-Dec-25 A,12-Feb-26,12-Feb-26,1,1.0,1.0,,No,,The Big -P.01-UP-20-April-26,CON-B03-FOOT-1030,Waterproofing & Ins. Protection works (B03) (footing),17-May-26,860385.35,860385.35,860385.35,860385.35,1,1.0,0,0.0,The Big -P.01-UP-20-April-26,CON-B03-FOOT-1030,10-May-26,100.00%,100.00%,"$860,385.35","$860,385.35","$860,385.35",
The Big -P.01-UP-20-April-26,E-APP-B01-1ST-1000,287,256,256,The Big -P.01-UP-20-April-26,The Big - P.01 - UP-24-MAY-26.EN.2.A.P02.B01.SUP.1stF,E-APP-B01-1ST-1000,Approval for Col. & Walls Conc. Dim.  & RFT DWGs (B01) (1st),31-Dec-25,12-Jan-26,01-Feb-26 A,11-Feb-26 A,3-May-26,3-May-26,1,1.0,1.0,,No,,The Big -P.01-UP-20-April-26,E-APP-B01-1ST-1000,Approval for Col. & Walls Conc. Dim.  & RFT DWGs (B01) (1st),17-May-26,0.0,0.0,0.0,0.0,0,0.0,0,0.0,The Big -P.01-UP-20-April-26,E-APP-B01-1ST-1000,10-May-26,100.00%,100.00%,$0.00,$0.00,$0.00,
The Big -P.01-UP-20-April-26,E-APP-B04-BAS01-1030,288,309,309,The Big -P.01-UP-20-April-26,The Big - P.01 - UP-24-MAY-26.EN.2.A.P01.B04.SUB.1stB,E-APP-B04-BAS01-1030,Approval for Beams Conc. Dim.  & RFT DWGs (B04) (Bas 01),31-Dec-25,12-Jan-26,24-Feb-26 A,02-Mar-26 A,29-Mar-26,29-Mar-26,1,1.0,1.0,,No,,The Big -P.01-UP-20-April-26,E-APP-B04-BAS01-1030,Approval for Beams Conc. Dim.  & RFT DWGs (B04) (Bas 01),17-May-26,0.0,0.0,0.0,0.0,0,0.0,0,0.0,The Big -P.01-UP-20-April-26,E-APP-B04-BAS01-1030,10-May-26,100.00%,100.00%,$0.00,$0.00,$0.00,
The Big -P.01-UP-20-April-26,E-APP-B03-GR-1030,289,572,568,The Big -P.01-UP-20-April-26,The Big - P.01 - UP-24-MAY-26.EN.2.A.P01.B03.SUP.GF,E-APP-B03-GR-1030,Approval for Slabs Conc. Dim.  & RFT DWGs  (B03) (GF),31-Dec-25,12-Jan-26,15-Jun-26,25-Jun-26,16-Apr-26,27-Apr-26,1,1.0,0.0,-47.0,Yes,,The Big -P.01-UP-20-April-26,E-APP-B03-GR-1030,Approval for Slabs Conc. Dim.  & RFT DWGs  (B03) (GF),17-May-26,0.0,0.0,0.0,0.0,0,0.0,0,0.0,The Big -P.01-UP-20-April-26,E-APP-B03-GR-1030,10-May-26,100.00%,0.00%,$0.00,$0.00,$0.00,
The Big -P.01-UP-20-April-26,E-APP-B03-1ST-1000,290,177,177,The Big -P.01-UP-20-April-26,The Big - P.01 - UP-24-MAY-26.EN.2.A.P01.B03.SUP.1stF,E-APP-B03-1ST-1000,Approval for Col. & Walls Conc. Dim.  & RFT DWGs  (B03) (1st),31-Dec-25,12-Jan-26,07-Jan-26 A,12-Feb-26 A,6-Jun-26,6-Jun-26,1,1.0,1.0,,No,,The Big -P.01-UP-20-April-26,E-APP-B03-1ST-1000,Approval for Col. & Walls Conc. Dim.  & RFT DWGs  (B03) (1st),17-May-26,0.0,0.0,0.0,0.0,0,0.0,0,0.0,The Big -P.01-UP-20-April-26,E-APP-B03-1ST-1000,10-May-26,100.00%,100.00%,$0.00,$0.00,$0.00,
The Big -P.01-UP-20-April-26,E-SUB-B04-1ST-1020,291,353,351,The Big -P.01-UP-20-April-26,The Big - P.01 - UP-24-MAY-26.EN.2.S.P01.B04.SUP.1stF,E-SUB-B04-1ST-1020,Submittal for Beams Conc. Dim.  & RFT DWGs (B04) (1st),1-Jan-26,22-Jan-26,17-May-26,10-Jun-26,25-Apr-26,14-May-26,1,1.0,0.0,-19.0,Yes,,The Big -P.01-UP-20-April-26,E-SUB-B04-1ST-1020,Submittal for Beams Conc. Dim.  & RFT DWGs (B04) (1st),17-May-26,0.0,0.0,0.0,0.0,0,0.0,0,0.0,The Big -P.01-UP-20-April-26,E-SUB-B04-1ST-1020,10-May-26,100.00%,0.00%,$0.00,$0.00,$0.00,
The Big -P.01-UP-20-April-26,E-SUB-B02-2ND-1020,292,366,364,The Big -P.01-UP-20-April-26,The Big - P.01 - UP-24-MAY-26.EN.2.S.P02.B02.SUP.2ndF,E-SUB-B02-2ND-1020,Submittal for Beams Conc. Dim.  & RFT DWGs (B02) (2nd),1-Jan-26,22-Jan-26,17-May-26,10-Jun-26,27-Jul-26,16-Aug-26,1,1.0,0.0,55.0,No,,The Big -P.01-UP-20-April-26,E-SUB-B02-2ND-1020,Submittal for Beams Conc. Dim.  & RFT DWGs (B02) (2nd),17-May-26,0.0,0.0,0.0,0.0,0,0.0,0,0.0,The Big -P.01-UP-20-April-26,E-SUB-B02-2ND-1020,10-May-26,100.00%,0.00%,$0.00,$0.00,$0.00,
The Big -P.01-UP-20-April-26,CON-B02-FOOT-1100,293,328,328,The Big -P.01-UP-20-April-26,The Big - P.01 - UP-24-MAY-26.CON.P02.B02.SUB.F,CON-B02-FOOT-1100,Curing & Deshuttering for RC Raft & Footings (B02) (footing),2-Jan-26,4-Jan-26,05-Mar-26 A,08-Mar-26 A,29-Jan-26,29-Jan-26,1,1.0,1.0,,No,,The Big -P.01-UP-20-April-26,CON-B02-FOOT-1100,Curing & Deshuttering for RC Raft & Footings (B02) (footing),17-May-26,0.0,0.0,0.0,0.0,0,0.0,0,0.0,The Big -P.01-UP-20-April-26,CON-B02-FOOT-1100,10-May-26,100.00%,100.00%,$0.00,$0.00,$0.00,
The Big -P.01-UP-20-April-26,CON-B04-WT-1170,294,477,475,The Big -P.01-UP-20-April-26,The Big - P.01 - UP-24-MAY-26.CON.P01.B04.SUB.3.2,CON-B04-WT-1170,Pouring for Top Slab (B04) (Water Tank),3-Jan-26,3-Jan-26,2-Jun-26,2-Jun-26,18-Feb-26,18-Feb-26,1,1.0,0.0,-80.0,Yes,,The Big -P.01-UP-20-April-26,CON-B04-WT-1170,Pouring for Top Slab (B04) (Water Tank),17-May-26,491893.92,0.0,0.0,491893.92,0,0.0,0,-491893.92,The Big -P.01-UP-20-April-26,CON-B04-WT-1170,10-May-26,100.00%,0.00%,"$491,893.92",$0.00,$0.00,
The Big -P.01-UP-20-April-26,E-SUB-B03-3RD-1010,295,249,249,The Big -P.01-UP-20-April-26,The Big - P.01 - UP-24-MAY-26.EN.2.S.P01.B03.SUP.3rdF,E-SUB-B03-3RD-1010,Submittal for Stairs Conc. Dim.  & RFT DWGs (B03) (3rd),3-Jan-26,24-Jan-26,01-Feb-26 A,10-Feb-26 A,28-Sep-26,28-Sep-26,1,1.0,1.0,,No,,The Big -P.01-UP-20-April-26,E-SUB-B03-3RD-1010,Submittal for Stairs Conc. Dim.  & RFT DWGs (B03) (3rd),17-May-26,0.0,0.0,0.0,0.0,0,0.0,0,0.0,The Big -P.01-UP-20-April-26,E-SUB-B03-3RD-1010,10-May-26,100.00%,100.00%,$0.00,$0.00,$0.00,
The Big -P.01-UP-20-April-26,E-SUB-B01-3RD-1010,296,90,90,The Big -P.01-UP-20-April-26,The Big - P.01 - UP-24-MAY-26.EN.2.S.P02.B01.SUP.3rdF,E-SUB-B01-3RD-1010,Submittal for Stairs Conc. Dim.  & RFT DWGs (B01) (3rd),3-Jan-26,24-Jan-26,01-Nov-25 A,15-Nov-25 A,16-Jun-26,16-Jun-26,1,1.0,1.0,,No,,The Big -P.01-UP-20-April-26,E-SUB-B01-3RD-1010,Submittal for Stairs Conc. Dim.  & RFT DWGs (B01) (3rd),17-May-26,0.0,0.0,0.0,0.0,0,0.0,0,0.0,The Big -P.01-UP-20-April-26,E-SUB-B01-3RD-1010,10-May-26,100.00%,100.00%,$0.00,$0.00,$0.00,
The Big -P.01-UP-20-April-26,AB-SUB-B02-FOOT-1020,297,411,408,The Big -P.01-UP-20-April-26,The Big - P.01 - UP-24-MAY-26.HO.1.S.P02.B02.SUB.F,AB-SUB-B02-FOOT-1020,Submittal for RC Raft & Footings RFT DWGs As-Built Drawing (B02) (footing),3-Jan-26,24-Jan-26,17-May-26,10-Jun-26,6-Mar-27,29-Mar-27,1,1.0,0.0,241.0,No,,The Big -P.01-UP-20-April-26,AB-SUB-B02-FOOT-1020,Submittal for RC Raft & Footings RFT DWGs As-Built Drawing (B02) (footing),17-May-26,0.0,0.0,0.0,0.0,0,0.0,0,0.0,The Big -P.01-UP-20-April-26,AB-SUB-B02-FOOT-1020,10-May-26,100.00%,0.00%,$0.00,$0.00,$0.00,
The Big -P.01-UP-20-April-26,CON-B03-FOOT-1040,298,182,182,The Big -P.01-UP-20-April-26,The Big - P.01 - UP-24-MAY-26.CON.P01.B03.SUB.F,CON-B03-FOOT-1040,Shuttering for RC Raft & Footings (B03) (footing),4-Jan-26,15-Jan-26,08-Jan-26 A,20-Jan-26 A,12-Feb-26,12-Feb-26,1,1.0,1.0,,No,,The Big -P.01-UP-20-April-26,CON-B03-FOOT-1040,Shuttering for RC Raft & Footings (B03) (footing),17-May-26,2877739.56,2877739.56,2877739.56,2877739.56,1,1.0,0,0.0,The Big -P.01-UP-20-April-26,CON-B03-FOOT-1040,10-May-26,100.00%,100.00%,"$2,877,739.56","$2,877,739.56","$2,877,739.56",
The Big -P.01-UP-20-April-26,CON-B04-WT-1180,299,479,497,The Big -P.01-UP-20-April-26,The Big - P.01 - UP-24-MAY-26.CON.P01.B04.SUB.3.2,CON-B04-WT-1180,Curing & Desmantling Formwork for Top Slab (B04) (Water Tank),4-Jan-26,8-Jan-26,3-Jun-26,7-Jun-26,19-Feb-26,23-Feb-26,1,1.0,0.0,-104.0,Yes,,The Big -P.01-UP-20-April-26,CON-B04-WT-1180,Curing & Desmantling Formwork for Top Slab (B04) (Water Tank),17-May-26,0.0,0.0,0.0,0.0,0,0.0,0,0.0,The Big -P.01-UP-20-April-26,CON-B04-WT-1180,10-May-26,100.00%,0.00%,$0.00,$0.00,$0.00,
The Big -P.01-UP-20-April-26,E-APP-B01-1ST-1010,300,224,224,The Big -P.01-UP-20-April-26,The Big - P.01 - UP-24-MAY-26.EN.2.A.P02.B01.SUP.1stF,E-APP-B01-1ST-1010,Approval for Stairs Conc. Dim.  & RFT DWGs (B01) (1st),4-Jan-26,15-Jan-26,01-Feb-26 A,07-Feb-26 A,17-May-26,17-May-26,1,1.0,1.0,,No,,The Big -P.01-UP-20-April-26,E-APP-B01-1ST-1010,Approval for Stairs Conc. Dim.  & RFT DWGs (B01) (1st),17-May-26,0.0,0.0,0.0,0.0,0,0.0,0,0.0,The Big -P.01-UP-20-April-26,E-APP-B01-1ST-1010,10-May-26,100.00%,100.00%,$0.00,$0.00,$0.00,
The Big -P.01-UP-20-April-26,E-APP-B04-BAS01-1040,301,322,322,The Big -P.01-UP-20-April-26,The Big - P.01 - UP-24-MAY-26.EN.2.A.P01.B04.SUB.1stB,E-APP-B04-BAS01-1040,Approval for Slabs Conc. Dim.  & RFT DWGs (B04) (Bas 01),4-Jan-26,15-Jan-26,01-Mar-26 A,05-Mar-26 A,29-Mar-26,29-Mar-26,1,1.0,1.0,,No,,The Big -P.01-UP-20-April-26,E-APP-B04-BAS01-1040,Approval for Slabs Conc. Dim.  & RFT DWGs (B04) (Bas 01),17-May-26,0.0,0.0,0.0,0.0,0,0.0,0,0.0,The Big -P.01-UP-20-April-26,E-APP-B04-BAS01-1040,10-May-26,100.00%,100.00%,$0.00,$0.00,$0.00,
The Big -P.01-UP-20-April-26,E-APP-B03-1ST-1010,302,280,280,The Big -P.01-UP-20-April-26,The Big - P.01 - UP-24-MAY-26.EN.2.A.P01.B03.SUP.1stF,E-APP-B03-1ST-1010,Approval for Stairs Conc. Dim.  & RFT DWGs  (B03) (1st),4-Jan-26,15-Jan-26,01-Feb-26 A,25-Mar-26 A,27-Jun-26,27-Jun-26,1,1.0,1.0,,No,,The Big -P.01-UP-20-April-26,E-APP-B03-1ST-1010,Approval for Stairs Conc. Dim.  & RFT DWGs  (B03) (1st),17-May-26,0.0,0.0,0.0,0.0,0,0.0,0,0.0,The Big -P.01-UP-20-April-26,E-APP-B03-1ST-1010,10-May-26,100.00%,100.00%,$0.00,$0.00,$0.00,
The Big -P.01-UP-20-April-26,AB-SUB-B04-WT-1040,303,480,498,The Big -P.01-UP-20-April-26,The Big - P.01 - UP-24-MAY-26.HO.1.S.P01.B04.SUB.2ndB.1,AB-SUB-B04-WT-1040,Submittal for Slabs DWGs As-Built Drawing (B04) (Water Tank),4-Jan-26,26-Jan-26,3-Jun-26,23-Jun-26,6-Mar-27,29-Mar-27,1,1.0,0.0,230.0,No,,The Big -P.01-UP-20-April-26,AB-SUB-B04-WT-1040,Submittal for Slabs DWGs As-Built Drawing (B04) (Water Tank),17-May-26,0.0,0.0,0.0,0.0,0,0.0,0,0.0,The Big -P.01-UP-20-April-26,AB-SUB-B04-WT-1040,10-May-26,100.00%,0.00%,$0.00,$0.00,$0.00,
The Big -P.01-UP-20-April-26,CON-B02-FOOT-1110,304,640,640,The Big -P.01-UP-20-April-26,The Big - P.01 - UP-24-MAY-26.CON.P02.B02.SUB.F,CON-B02-FOOT-1110,Bitumen Ins. for RC Raft & Footings (B02) (footing),5-Jan-26,8-Jan-26,5-Jul-26,7-Jul-26,13-Jan-27,16-Jan-27,1,1.0,0.0,161.0,No,,The Big -P.01-UP-20-April-26,CON-B02-FOOT-1110,Bitumen Ins. for RC Raft & Footings (B02) (footing),17-May-26,126906.9,0.0,0.0,126906.9,0,0.0,0,-126906.9,The Big -P.01-UP-20-April-26,CON-B02-FOOT-1110,10-May-26,100.00%,0.00%,"$126,906.90",$0.00,$0.00,
The Big -P.01-UP-20-April-26,CON-B03-FOOT-1050,305,184,184,The Big -P.01-UP-20-April-26,The Big - P.01 - UP-24-MAY-26.CON.P01.B03.SUB.F,CON-B03-FOOT-1050,RFT for RC Raft & Footings (B03) (footing),5-Jan-26,17-Jan-26,10-Jan-26 A,21-Jan-26 A,12-Feb-26,12-Feb-26,1,1.0,1.0,,No,,The Big -P.01-UP-20-April-26,CON-B03-FOOT-1050,RFT for RC Raft & Footings (B03) (footing),17-May-26,7996512.12,7996512.12,7996512.12,7996512.12,1,1.0,0,0.0,The Big -P.01-UP-20-April-26,CON-B03-FOOT-1050,10-May-26,100.00%,100.00%,"$7,996,512.12","$7,996,512.12","$7,996,512.12",
The Big -P.01-UP-20-April-26,CON-B02-BAS02-1000,306,343,343,The Big -P.01-UP-20-April-26,The Big - P.01 - UP-24-MAY-26.CON.P02.B02.SUB.2ndB,CON-B02-BAS02-1000,"Scaffolding works for Walls, Col. & Cores (B02) (Bas 02)",5-Jan-26,13-Jan-26,19-Apr-26 A,27-Apr-26 A,29-Jan-26,29-Jan-26,1,1.0,1.0,,No,,The Big -P.01-UP-20-April-26,CON-B02-BAS02-1000,"Scaffolding works for Walls, Col. & Cores (B02) (Bas 02)",17-May-26,0.0,0.0,0.0,0.0,0,0.0,0,0.0,The Big -P.01-UP-20-April-26,CON-B02-BAS02-1000,10-May-26,100.00%,100.00%,$0.00,$0.00,$0.00,
The Big -P.01-UP-20-April-26,CON-B02-BAS02-1010,307,344,344,The Big -P.01-UP-20-April-26,The Big - P.01 - UP-24-MAY-26.CON.P02.B02.SUB.2ndB,CON-B02-BAS02-1010,"RFT for Walls, Col. & Cores (B02) (Bas 02)",5-Jan-26,19-Jan-26,21-Apr-26 A,04-May-26 A,29-Jan-26,29-Jan-26,1,1.0,1.0,,No,,The Big -P.01-UP-20-April-26,CON-B02-BAS02-1010,"RFT for Walls, Col. & Cores (B02) (Bas 02)",17-May-26,856371.15,856371.15,856371.15,856371.15,1,1.0,0,0.0,The Big -P.01-UP-20-April-26,CON-B02-BAS02-1010,10-May-26,100.00%,100.00%,"$856,371.15","$856,371.15","$856,371.15",
The Big -P.01-UP-20-April-26,E-SUB-B04-1ST-1030,308,431,426,The Big -P.01-UP-20-April-26,The Big - P.01 - UP-24-MAY-26.EN.2.S.P01.B04.SUP.1stF,E-SUB-B04-1ST-1030,Submittal for Slabs Conc. Dim.  & RFT DWGs (B04) (1st),5-Jan-26,27-Jan-26,20-May-26,14-Jun-26,28-Apr-26,18-May-26,1,1.0,0.0,-19.0,Yes,,The Big -P.01-UP-20-April-26,E-SUB-B04-1ST-1030,Submittal for Slabs Conc. Dim.  & RFT DWGs (B04) (1st),17-May-26,0.0,0.0,0.0,0.0,0,0.0,0,0.0,The Big -P.01-UP-20-April-26,E-SUB-B04-1ST-1030,10-May-26,100.00%,0.00%,$0.00,$0.00,$0.00,
The Big -P.01-UP-20-April-26,E-SUB-B02-2ND-1030,309,444,439,The Big -P.01-UP-20-April-26,The Big - P.01 - UP-24-MAY-26.EN.2.S.P02.B02.SUP.2ndF,E-SUB-B02-2ND-1030,Submittal for Slabs Conc. Dim.  & RFT DWGs (B02) (2nd),5-Jan-26,27-Jan-26,20-May-26,14-Jun-26,30-Jul-26,19-Aug-26,1,1.0,0.0,55.0,No,,The Big -P.01-UP-20-April-26,E-SUB-B02-2ND-1030,Submittal for Slabs Conc. Dim.  & RFT DWGs (B02) (2nd),17-May-26,0.0,0.0,0.0,0.0,0,0.0,0,0.0,The Big -P.01-UP-20-April-26,E-SUB-B02-2ND-1030,10-May-26,100.00%,0.00%,$0.00,$0.00,$0.00,
The Big -P.01-UP-20-April-26,E-APP-B02-1ST-1000,310,216,216,The Big -P.01-UP-20-April-26,The Big - P.01 - UP-24-MAY-26.EN.2.A.P02.B02.SUP.1stF,E-APP-B02-1ST-1000,Approval for Col. & Walls Conc. Dim.  & RFT DWGs (B02) (1st),5-Jan-26,17-Jan-26,01-Feb-26 A,09-Feb-26 A,16-Jun-26,16-Jun-26,1,1.0,1.0,,No,,The Big -P.01-UP-20-April-26,E-APP-B02-1ST-1000,Approval for Col. & Walls Conc. Dim.  & RFT DWGs (B02) (1st),17-May-26,0.0,0.0,0.0,0.0,0,0.0,0,0.0,The Big -P.01-UP-20-April-26,E-APP-B02-1ST-1000,10-May-26,100.00%,100.00%,$0.00,$0.00,$0.00,
The Big -P.01-UP-20-April-26,E-APP-B04-GR-1000,311,270,270,The Big -P.01-UP-20-April-26,The Big - P.01 - UP-24-MAY-26.EN.2.A.P01.B04.SUP.GF,E-APP-B04-GR-1000,Approval for Col. & Walls Conc. Dim.  & RFT DWGs (B04) (GF),5-Jan-26,17-Jan-26,01-Feb-26 A,12-Feb-26 A,18-Apr-26,18-Apr-26,1,1.0,1.0,,No,,The Big -P.01-UP-20-April-26,E-APP-B04-GR-1000,Approval for Col. & Walls Conc. Dim.  & RFT DWGs (B04) (GF),17-May-26,0.0,0.0,0.0,0.0,0,0.0,0,0.0,The Big -P.01-UP-20-April-26,E-APP-B04-GR-1000,10-May-26,100.00%,100.00%,$0.00,$0.00,$0.00,
The Big -P.01-UP-20-April-26,AB-APP-B01-FOOT-1020,312,499,492,The Big -P.01-UP-20-April-26,The Big - P.01 - UP-24-MAY-26.HO.1.A.P02.B01.SUB.F,AB-APP-B01-FOOT-1020,Approval for RC Raft & Footings Conc. Dim. DWGs As-Built Drawing (B01),5-Jan-26,19-Jan-26,4-Jun-26,17-Jun-26,23-Mar-27,5-Apr-27,1,1.0,0.0,241.0,No,,The Big -P.01-UP-20-April-26,AB-APP-B01-FOOT-1020,Approval for RC Raft & Footings Conc. Dim. DWGs As-Built Drawing (B01),17-May-26,0.0,0.0,0.0,0.0,0,0.0,0,0.0,The Big -P.01-UP-20-April-26,AB-APP-B01-FOOT-1020,10-May-26,100.00%,0.00%,$0.00,$0.00,$0.00,
The Big -P.01-UP-20-April-26,AB-APP-B01-FOOT-1030,313,500,493,The Big -P.01-UP-20-April-26,The Big - P.01 - UP-24-MAY-26.HO.1.A.P02.B01.SUB.F,AB-APP-B01-FOOT-1030,Approval for RC Raft & Footings RFT DWGs As-Built Drawing (B01),5-Jan-26,19-Jan-26,4-Jun-26,17-Jun-26,23-Mar-27,5-Apr-27,1,1.0,0.0,241.0,No,,The Big -P.01-UP-20-April-26,AB-APP-B01-FOOT-1030,Approval for RC Raft & Footings RFT DWGs As-Built Drawing (B01),17-May-26,0.0,0.0,0.0,0.0,0,0.0,0,0.0,The Big -P.01-UP-20-April-26,AB-APP-B01-FOOT-1030,10-May-26,100.00%,0.00%,$0.00,$0.00,$0.00,
The Big -P.01-UP-20-April-26,P-MPOS-1080,314,403,401,The Big -P.01-UP-20-April-26,The Big - P.01 - UP-24-MAY-26.P.PC.PO.1,P-MPOS-1080,P.O for Rebar Patch#3  (Basement 1),5-Jan-26,6-Jan-26,26-Nov-25 A,28-Nov-25 A,8-Feb-26,8-Feb-26,1,1.0,1.0,,No,,The Big -P.01-UP-20-April-26,P-MPOS-1080,P.O for Rebar Patch#3  (Basement 1),17-May-26,0.0,0.0,0.0,0.0,0,0.0,0,0.0,The Big -P.01-UP-20-April-26,P-MPOS-1080,10-May-26,100.00%,0.00%,$0.00,$0.00,$0.00,
The Big -P.01-UP-20-April-26,CON-B04-FOOT-1000,315,133,133,The Big -P.01-UP-20-April-26,The Big - P.01 - UP-24-MAY-26.CON.P01.B04.SUB.1,CON-B04-FOOT-1000,Shuttering for PC Raft (B04) (footing),6-Jan-26,6-Jan-26,01-Dec-25 A,03-Dec-25 A,26-Jan-26,26-Jan-26,1,1.0,1.0,,No,,The Big -P.01-UP-20-April-26,CON-B04-FOOT-1000,Shuttering for PC Raft (B04) (footing),17-May-26,606042.0,606042.0,606042.0,606042.0,1,1.0,0,0.0,The Big -P.01-UP-20-April-26,CON-B04-FOOT-1000,10-May-26,100.00%,100.00%,"$606,042.00","$606,042.00","$606,042.00",
The Big -P.01-UP-20-April-26,E-SUB-B03-3RD-1020,316,363,361,The Big -P.01-UP-20-April-26,The Big - P.01 - UP-24-MAY-26.EN.2.S.P01.B03.SUP.3rdF,E-SUB-B03-3RD-1020,Submittal for Beams Conc. Dim.  & RFT DWGs (B03) (3rd),6-Jan-26,28-Jan-26,17-May-26,10-Jun-26,28-Sep-26,19-Oct-26,1,1.0,0.0,108.0,No,,The Big -P.01-UP-20-April-26,E-SUB-B03-3RD-1020,Submittal for Beams Conc. Dim.  & RFT DWGs (B03) (3rd),17-May-26,0.0,0.0,0.0,0.0,0,0.0,0,0.0,The Big -P.01-UP-20-April-26,E-SUB-B03-3RD-1020,10-May-26,100.00%,0.00%,$0.00,$0.00,$0.00,
The Big -P.01-UP-20-April-26,E-SUB-B01-3RD-1020,317,371,369,The Big -P.01-UP-20-April-26,The Big - P.01 - UP-24-MAY-26.EN.2.S.P02.B01.SUP.3rdF,E-SUB-B01-3RD-1020,Submittal for Beams Conc. Dim.  & RFT DWGs (B01) (3rd),6-Jan-26,28-Jan-26,17-May-26,10-Jun-26,16-Jun-26,7-Jul-26,1,1.0,0.0,22.0,No,,The Big -P.01-UP-20-April-26,E-SUB-B01-3RD-1020,Submittal for Beams Conc. Dim.  & RFT DWGs (B01) (3rd),17-May-26,0.0,0.0,0.0,0.0,0,0.0,0,0.0,The Big -P.01-UP-20-April-26,E-SUB-B01-3RD-1020,10-May-26,100.00%,0.00%,$0.00,$0.00,$0.00,
The Big -P.01-UP-20-April-26,AB-SUB-B04-REP-1000,318,400,398,The Big -P.01-UP-20-April-26,The Big - P.01 - UP-24-MAY-26.HO.1.S.P01.B04.SUB.1,AB-SUB-B04-REP-1000,Submittal for General Replacement Plan & Typical Sections for Replacement / Backfilling DWGs As-Built Drawing (B04),6-Jan-26,28-Jan-26,17-May-26,10-Jun-26,6-Mar-27,29-Mar-27,1,1.0,0.0,241.0,No,,The Big -P.01-UP-20-April-26,AB-SUB-B04-REP-1000,Submittal for General Replacement Plan & Typical Sections for Replacement / Backfilling DWGs As-Built Drawing (B04),17-May-26,0.0,0.0,0.0,0.0,0,0.0,0,0.0,The Big -P.01-UP-20-April-26,AB-SUB-B04-REP-1000,10-May-26,100.00%,0.00%,$0.00,$0.00,$0.00,
The Big -P.01-UP-20-April-26,CON-B04-FOOT-1010,319,146,146,The Big -P.01-UP-20-April-26,The Big - P.01 - UP-24-MAY-26.CON.P01.B04.SUB.1,CON-B04-FOOT-1010,Pouring for PC Raft (B04) (footing),8-Jan-26,8-Jan-26,22-Dec-25 A,23-Dec-25 A,26-Jan-26,26-Jan-26,1,1.0,1.0,,No,,The Big -P.01-UP-20-April-26,CON-B04-FOOT-1010,Pouring for PC Raft (B04) (footing),17-May-26,1414098.0,1414098.0,1414098.0,1414098.0,1,1.0,0,0.0,The Big -P.01-UP-20-April-26,CON-B04-FOOT-1010,10-May-26,100.00%,100.00%,"$1,414,098.00","$1,414,098.00","$1,414,098.00",
The Big -P.01-UP-20-April-26,E-APP-B01-1ST-1020,320,524,520,The Big -P.01-UP-20-April-26,The Big - P.01 - UP-24-MAY-26.EN.2.A.P02.B01.SUP.1stF,E-APP-B01-1ST-1020,Approval for Beams Conc. Dim.  & RFT DWGs (B01) (1st),8-Jan-26,19-Jan-26,11-Jun-26,22-Jun-26,5-May-26,16-May-26,1,1.0,0.0,-28.0,Yes,,The Big -P.01-UP-20-April-26,E-APP-B01-1ST-1020,Approval for Beams Conc. Dim.  & RFT DWGs (B01) (1st),17-May-26,0.0,0.0,0.0,0.0,0,0.0,0,0.0,The Big -P.01-UP-20-April-26,E-APP-B01-1ST-1020,10-May-26,100.00%,0.00%,$0.00,$0.00,$0.00,
The Big -P.01-UP-20-April-26,E-APP-B03-1ST-1020,321,544,540,The Big -P.01-UP-20-April-26,The Big - P.01 - UP-24-MAY-26.EN.2.A.P01.B03.SUP.1stF,E-APP-B03-1ST-1020,Approval for Beams Conc. Dim.  & RFT DWGs  (B03) (1st),8-Jan-26,19-Jan-26,11-Jun-26,22-Jun-26,15-Jun-26,25-Jun-26,1,1.0,0.0,3.0,No,,The Big -P.01-UP-20-April-26,E-APP-B03-1ST-1020,Approval for Beams Conc. Dim.  & RFT DWGs  (B03) (1st),17-May-26,0.0,0.0,0.0,0.0,0,0.0,0,0.0,The Big -P.01-UP-20-April-26,E-APP-B03-1ST-1020,10-May-26,100.00%,0.00%,$0.00,$0.00,$0.00,
The Big -P.01-UP-20-April-26,AB-APP-B04-WT-1030,322,513,504,The Big -P.01-UP-20-April-26,The Big - P.01 - UP-24-MAY-26.HO.1.A.P01.B04.SUB.2ndF.WT,AB-APP-B04-WT-1030,Approval for Col. & Walls DWGs As-Built Drawing (B04) (Water Tank),8-Jan-26,21-Jan-26,4-Jun-26,17-Jun-26,23-Mar-27,5-Apr-27,1,1.0,0.0,241.0,No,,The Big -P.01-UP-20-April-26,AB-APP-B04-WT-1030,Approval for Col. & Walls DWGs As-Built Drawing (B04) (Water Tank),17-May-26,0.0,0.0,0.0,0.0,0,0.0,0,0.0,The Big -P.01-UP-20-April-26,AB-APP-B04-WT-1030,10-May-26,100.00%,0.00%,$0.00,$0.00,$0.00,
The Big -P.01-UP-20-April-26,CON-B04-FOOT-1020,323,148,148,The Big -P.01-UP-20-April-26,The Big - P.01 - UP-24-MAY-26.CON.P01.B04.SUB.1,CON-B04-FOOT-1020,Curing for PC Raft (B04) (footing),9-Jan-26,11-Jan-26,23-Dec-25 A,23-Dec-25 A,26-Jan-26,26-Jan-26,1,1.0,1.0,,No,,The Big -P.01-UP-20-April-26,CON-B04-FOOT-1020,Curing for PC Raft (B04) (footing),17-May-26,0.0,0.0,0.0,0.0,0,0.0,0,0.0,The Big -P.01-UP-20-April-26,CON-B04-FOOT-1020,10-May-26,100.00%,100.00%,$0.00,$0.00,$0.00,
The Big -P.01-UP-20-April-26,CON-B02-FOOT-1120,324,657,653,The Big -P.01-UP-20-April-26,The Big - P.01 - UP-24-MAY-26.CON.P02.B02.SUB.F,CON-B02-FOOT-1120,Soil Backfilling (B02) (footing),10-Jan-26,11-Jan-26,8-Jul-26,9-Jul-26,17-Jan-27,18-Jan-27,1,1.0,0.0,161.0,No,,The Big -P.01-UP-20-April-26,CON-B02-FOOT-1120,Soil Backfilling (B02) (footing),17-May-26,300970.72,0.0,0.0,300970.72,0,0.0,0,-300970.72,The Big -P.01-UP-20-April-26,CON-B02-FOOT-1120,10-May-26,100.00%,0.00%,"$300,970.72",$0.00,$0.00,
The Big -P.01-UP-20-April-26,CON-B02-BAS02-1020,325,345,345,The Big -P.01-UP-20-April-26,The Big - P.01 - UP-24-MAY-26.CON.P02.B02.SUB.2ndB,CON-B02-BAS02-1020,"Shuttering for Walls, Col. & Cores (B02) (Bas 02)",10-Jan-26,22-Jan-26,25-Apr-26 A,07-May-26 A,29-Jan-26,29-Jan-26,1,1.0,1.0,,No,,The Big -P.01-UP-20-April-26,CON-B02-BAS02-1020,"Shuttering for Walls, Col. & Cores (B02) (Bas 02)",17-May-26,125115.8,125115.8,125115.8,125115.8,1,1.0,0,0.0,The Big -P.01-UP-20-April-26,CON-B02-BAS02-1020,10-May-26,100.00%,100.00%,"$125,115.80","$125,115.80","$125,115.80",
The Big -P.01-UP-20-April-26,E-SUB-B04-2ND-1000,326,160,160,The Big -P.01-UP-20-April-26,The Big - P.01 - UP-24-MAY-26.EN.2.S.P01.B04.SUP.2ndF,E-SUB-B04-2ND-1000,Submittal for Col. & Walls Conc. Dim.  & RFT DWGs (B04) (2nd),10-Jan-26,31-Jan-26,01-Jan-26 A,10-Feb-26 A,8-Jun-26,8-Jun-26,1,1.0,1.0,,No,,The Big -P.01-UP-20-April-26,E-SUB-B04-2ND-1000,Submittal for Col. & Walls Conc. Dim.  & RFT DWGs (B04) (2nd),17-May-26,0.0,0.0,0.0,0.0,0,0.0,0,0.0,The Big -P.01-UP-20-April-26,E-SUB-B04-2ND-1000,10-May-26,100.00%,100.00%,$0.00,$0.00,$0.00,
The Big -P.01-UP-20-April-26,E-APP-B02-1ST-1010,327,217,217,The Big -P.01-UP-20-April-26,The Big - P.01 - UP-24-MAY-26.EN.2.A.P02.B02.SUP.1stF,E-APP-B02-1ST-1010,Approval for Stairs Conc. Dim.  & RFT DWGs (B02) (1st),10-Jan-26,20-Jan-26,01-Feb-26 A,15-Feb-26 A,5-Jul-26,5-Jul-26,1,1.0,1.0,,No,,The Big -P.01-UP-20-April-26,E-APP-B02-1ST-1010,Approval for Stairs Conc. Dim.  & RFT DWGs (B02) (1st),17-May-26,0.0,0.0,0.0,0.0,0,0.0,0,0.0,The Big -P.01-UP-20-April-26,E-APP-B02-1ST-1010,10-May-26,100.00%,100.00%,$0.00,$0.00,$0.00,
The Big -P.01-UP-20-April-26,E-APP-B04-GR-1010,328,290,290,The Big -P.01-UP-20-April-26,The Big - P.01 - UP-24-MAY-26.EN.2.A.P01.B04.SUP.GF,E-APP-B04-GR-1010,Approval for Stairs Conc. Dim.  & RFT DWGs (B04) (GF),10-Jan-26,20-Jan-26,08-Feb-26 A,18-Feb-26 A,4-May-26,4-May-26,1,1.0,1.0,,No,,The Big -P.01-UP-20-April-26,E-APP-B04-GR-1010,Approval for Stairs Conc. Dim.  & RFT DWGs (B04) (GF),17-May-26,0.0,0.0,0.0,0.0,0,0.0,0,0.0,The Big -P.01-UP-20-April-26,E-APP-B04-GR-1010,10-May-26,100.00%,100.00%,$0.00,$0.00,$0.00,
The Big -P.01-UP-20-April-26,AB-SUB-B04-FOOT-1000,329,394,392,The Big -P.01-UP-20-April-26,The Big - P.01 - UP-24-MAY-26.HO.1.S.P01.B04.SUB.F,AB-SUB-B04-FOOT-1000,Submittal for PC Raft Conc. Dim. DWGs As-Built Drawing (B04) (footing),10-Jan-26,31-Jan-26,17-May-26,10-Jun-26,6-Mar-27,29-Mar-27,1,1.0,0.0,241.0,No,,The Big -P.01-UP-20-April-26,AB-SUB-B04-FOOT-1000,Submittal for PC Raft Conc. Dim. DWGs As-Built Drawing (B04) (footing),17-May-26,0.0,0.0,0.0,0.0,0,0.0,0,0.0,The Big -P.01-UP-20-April-26,AB-SUB-B04-FOOT-1000,10-May-26,100.00%,0.00%,$0.00,$0.00,$0.00,
The Big -P.01-UP-20-April-26,AB-APP-B03-REP-1000,330,496,489,The Big -P.01-UP-20-April-26,The Big - P.01 - UP-24-MAY-26.HO.1.A.P01.B03.SUB.4,AB-APP-B03-REP-1000,Approval for General Replacement Plan & Typical Sections for Replacement / Backfilling DWGs As-Built Drawing (B03),10-Jan-26,22-Jan-26,4-Jun-26,17-Jun-26,23-Mar-27,5-Apr-27,1,1.0,0.0,241.0,No,,The Big -P.01-UP-20-April-26,AB-APP-B03-REP-1000,Approval for General Replacement Plan & Typical Sections for Replacement / Backfilling DWGs As-Built Drawing (B03),17-May-26,0.0,0.0,0.0,0.0,0,0.0,0,0.0,The Big -P.01-UP-20-April-26,AB-APP-B03-REP-1000,10-May-26,100.00%,0.00%,$0.00,$0.00,$0.00,
The Big -P.01-UP-20-April-26,AB-SUB-B02-FOOT-1030,331,664,656,The Big -P.01-UP-20-April-26,The Big - P.01 - UP-24-MAY-26.HO.1.S.P02.B02.SUB.F,AB-SUB-B02-FOOT-1030,Submittal for  Waterproofing Layout Plan DWGs As-Built Drawing (B02),10-Jan-26,31-Jan-26,8-Jul-26,29-Jul-26,6-Mar-27,29-Mar-27,1,1.0,0.0,201.0,No,,The Big -P.01-UP-20-April-26,AB-SUB-B02-FOOT-1030,Submittal for  Waterproofing Layout Plan DWGs As-Built Drawing (B02),17-May-26,0.0,0.0,0.0,0.0,0,0.0,0,0.0,The Big -P.01-UP-20-April-26,AB-SUB-B02-FOOT-1030,10-May-26,100.00%,0.00%,$0.00,$0.00,$0.00,
The Big -P.01-UP-20-April-26,CON-B03-FOOT-1060,332,189,189,The Big -P.01-UP-20-April-26,The Big - P.01 - UP-24-MAY-26.CON.P01.B03.SUB.F,CON-B03-FOOT-1060,Shuttering for Columns & Walls Below SOG (B01) (footing),10-Jan-26,14-Jan-26,26-Jan-26 A,02-Mar-26 A,12-Feb-26,12-Feb-26,1,1.0,1.0,,No,,The Big -P.01-UP-20-April-26,CON-B03-FOOT-1060,Shuttering for Columns & Walls Below SOG (B01) (footing),17-May-26,44307.9,44307.9,44307.9,44307.9,1,1.0,0,0.0,The Big -P.01-UP-20-April-26,CON-B03-FOOT-1060,10-May-26,100.00%,100.00%,"$44,307.90","$44,307.90","$44,307.90",
The Big -P.01-UP-20-April-26,CON-B04-WT-1190,333,506,548,The Big -P.01-UP-20-April-26,The Big - P.01 - UP-24-MAY-26.CON.P01.B04.SUB.3.2,CON-B04-WT-1190,Clearing Surface & Insulation for Inner Side (B04) (Water Tank),11-Jan-26,15-Jan-26,10-Jun-26,15-Jun-26,26-Feb-26,3-Mar-26,1,1.0,0.0,-80.0,Yes,,The Big -P.01-UP-20-April-26,CON-B04-WT-1190,Clearing Surface & Insulation for Inner Side (B04) (Water Tank),17-May-26,283500.0,0.0,0.0,283500.0,0,0.0,0,-283500.0,The Big -P.01-UP-20-April-26,CON-B04-WT-1190,10-May-26,100.00%,0.00%,"$283,500.00",$0.00,$0.00,
The Big -P.01-UP-20-April-26,E-SUB-B03-3RD-1030,334,441,436,The Big -P.01-UP-20-April-26,The Big - P.01 - UP-24-MAY-26.EN.2.S.P01.B03.SUP.3rdF,E-SUB-B03-3RD-1030,Submittal for Slabs Conc. Dim.  & RFT DWGs (B03) (3rd),11-Jan-26,1-Feb-26,20-May-26,14-Jun-26,1-Oct-26,22-Oct-26,1,1.0,0.0,108.0,No,,The Big -P.01-UP-20-April-26,E-SUB-B03-3RD-1030,Submittal for Slabs Conc. Dim.  & RFT DWGs (B03) (3rd),17-May-26,0.0,0.0,0.0,0.0,0,0.0,0,0.0,The Big -P.01-UP-20-April-26,E-SUB-B03-3RD-1030,10-May-26,100.00%,0.00%,$0.00,$0.00,$0.00,
The Big -P.01-UP-20-April-26,E-SUB-B01-3RD-1030,335,448,443,The Big -P.01-UP-20-April-26,The Big - P.01 - UP-24-MAY-26.EN.2.S.P02.B01.SUP.3rdF,E-SUB-B01-3RD-1030,Submittal for Slabs Conc. Dim.  & RFT DWGs (B01) (3rd),11-Jan-26,1-Feb-26,20-May-26,14-Jun-26,20-Jun-26,11-Jul-26,1,1.0,0.0,22.0,No,,The Big -P.01-UP-20-April-26,E-SUB-B01-3RD-1030,Submittal for Slabs Conc. Dim.  & RFT DWGs (B01) (3rd),17-May-26,0.0,0.0,0.0,0.0,0,0.0,0,0.0,The Big -P.01-UP-20-April-26,E-SUB-B01-3RD-1030,10-May-26,100.00%,0.00%,$0.00,$0.00,$0.00,
The Big -P.01-UP-20-April-26,E-APP-B01-1ST-1030,336,554,552,The Big -P.01-UP-20-April-26,The Big - P.01 - UP-24-MAY-26.EN.2.A.P02.B01.SUP.1stF,E-APP-B01-1ST-1030,Approval for Slabs Conc. Dim.  & RFT DWGs (B01) (1st),11-Jan-26,21-Jan-26,14-Jun-26,24-Jun-26,5-May-26,16-May-26,1,1.0,0.0,-30.0,Yes,,The Big -P.01-UP-20-April-26,E-APP-B01-1ST-1030,Approval for Slabs Conc. Dim.  & RFT DWGs (B01) (1st),17-May-26,0.0,0.0,0.0,0.0,0,0.0,0,0.0,The Big -P.01-UP-20-April-26,E-APP-B01-1ST-1030,10-May-26,100.00%,0.00%,$0.00,$0.00,$0.00,
The Big -P.01-UP-20-April-26,E-APP-B01-2ND-1000,337,257,257,The Big -P.01-UP-20-April-26,The Big - P.01 - UP-24-MAY-26.EN.2.A.P02.B01.SUP.2ndF,E-APP-B01-2ND-1000,Approval for Col. & Walls Conc. Dim.  & RFT DWGs (B01) (2nd),11-Jan-26,21-Jan-26,01-Feb-26 A,11-Feb-26 A,16-Jun-26,16-Jun-26,1,1.0,1.0,,No,,The Big -P.01-UP-20-April-26,E-APP-B01-2ND-1000,Approval for Col. & Walls Conc. Dim.  & RFT DWGs (B01) (2nd),17-May-26,0.0,0.0,0.0,0.0,0,0.0,0,0.0,The Big -P.01-UP-20-April-26,E-APP-B01-2ND-1000,10-May-26,100.00%,100.00%,$0.00,$0.00,$0.00,
The Big -P.01-UP-20-April-26,E-APP-B03-2ND-1000,338,178,178,The Big -P.01-UP-20-April-26,The Big - P.01 - UP-24-MAY-26.EN.2.A.P01.B03.SUP.2ndF,E-APP-B03-2ND-1000,Approval for Col. & Walls Conc. Dim.  & RFT DWGs  (B03) (2nd),11-Jan-26,21-Jan-26,07-Jan-26 A,12-Feb-26 A,11-Aug-26,11-Aug-26,1,1.0,1.0,,No,,The Big -P.01-UP-20-April-26,E-APP-B03-2ND-1000,Approval for Col. & Walls Conc. Dim.  & RFT DWGs  (B03) (2nd),17-May-26,0.0,0.0,0.0,0.0,0,0.0,0,0.0,The Big -P.01-UP-20-April-26,E-APP-B03-2ND-1000,10-May-26,100.00%,100.00%,$0.00,$0.00,$0.00,
The Big -P.01-UP-20-April-26,CON-B04-FOOT-1030,339,150,150,The Big -P.01-UP-20-April-26,The Big - P.01 - UP-24-MAY-26.CON.P01.B04.SUB.1,CON-B04-FOOT-1030,Waterproofing & Ins. Protection works (B04) (footing),12-Jan-26,13-Jan-26,24-Dec-25 A,24-Dec-25 A,26-Jan-26,26-Jan-26,1,1.0,1.0,,No,,The Big -P.01-UP-20-April-26,CON-B04-FOOT-1030,Waterproofing & Ins. Protection works (B04) (footing),17-May-26,1133534.97,1133534.97,1133534.97,1133534.97,1,1.0,0,0.0,The Big -P.01-UP-20-April-26,CON-B04-FOOT-1030,10-May-26,100.00%,100.00%,"$1,133,534.97","$1,133,534.97","$1,133,534.97",
The Big -P.01-UP-20-April-26,E-APP-B03-1ST-1030,340,581,577,The Big -P.01-UP-20-April-26,The Big - P.01 - UP-24-MAY-26.EN.2.A.P01.B03.SUP.1stF,E-APP-B03-1ST-1030,Approval for Slabs Conc. Dim.  & RFT DWGs  (B03) (1st),12-Jan-26,22-Jan-26,15-Jun-26,25-Jun-26,15-Jun-26,25-Jun-26,1,1.0,0.0,0.0,Yes,,The Big -P.01-UP-20-April-26,E-APP-B03-1ST-1030,Approval for Slabs Conc. Dim.  & RFT DWGs  (B03) (1st),17-May-26,0.0,0.0,0.0,0.0,0,0.0,0,0.0,The Big -P.01-UP-20-April-26,E-APP-B03-1ST-1030,10-May-26,100.00%,0.00%,$0.00,$0.00,$0.00,
The Big -P.01-UP-20-April-26,AB-APP-B03-FOOT-1000,341,489,482,The Big -P.01-UP-20-April-26,The Big - P.01 - UP-24-MAY-26.HO.1.A.P01.B03.SUB.1,AB-APP-B03-FOOT-1000,Approval for PC Raft Conc. Dim. DWGs As-Built Drawing (B03) (footing),12-Jan-26,26-Jan-26,4-Jun-26,17-Jun-26,23-Mar-27,5-Apr-27,1,1.0,0.0,241.0,No,,The Big -P.01-UP-20-April-26,AB-APP-B03-FOOT-1000,Approval for PC Raft Conc. Dim. DWGs As-Built Drawing (B03) (footing),17-May-26,0.0,0.0,0.0,0.0,0,0.0,0,0.0,The Big -P.01-UP-20-April-26,AB-APP-B03-FOOT-1000,10-May-26,100.00%,0.00%,$0.00,$0.00,$0.00,
The Big -P.01-UP-20-April-26,CON-B03-FOOT-1070,342,190,190,The Big -P.01-UP-20-April-26,The Big - P.01 - UP-24-MAY-26.CON.P01.B03.SUB.F,CON-B03-FOOT-1070,RFT for Columns & Walls Below SOG (B03) (footing),12-Jan-26,17-Jan-26,26-Jan-26 A,02-Mar-26 A,12-Feb-26,12-Feb-26,1,1.0,1.0,,No,,The Big -P.01-UP-20-April-26,CON-B03-FOOT-1070,RFT for Columns & Walls Below SOG (B03) (footing),17-May-26,59377.83,59377.83,59377.83,59377.83,1,1.0,0,0.0,The Big -P.01-UP-20-April-26,CON-B03-FOOT-1070,10-May-26,100.00%,100.00%,"$59,377.83","$59,377.83","$59,377.83",
The Big -P.01-UP-20-April-26,P-MDEL-1160,343,467,461,The Big -P.01-UP-20-April-26,The Big - P.01 - UP-24-MAY-26.P.PC.DS.DR,P-MDEL-1160,Delivery for Rebar Patch#3  (Basement 1),12-Jan-26,13-Jan-26,05-May-26 A,17-May-26,8-Feb-26,8-Feb-26,1,1.0,0.7802,-97.0,Yes,,The Big -P.01-UP-20-April-26,P-MDEL-1160,Delivery for Rebar Patch#3  (Basement 1),17-May-26,0.0,0.0,0.0,0.0,0,0.0,0,0.0,The Big -P.01-UP-20-April-26,P-MDEL-1160,10-May-26,100.00%,0.00%,$0.00,$0.00,$0.00,
The Big -P.01-UP-20-April-26,E-SUB-B04-2ND-1010,344,240,240,The Big -P.01-UP-20-April-26,The Big - P.01 - UP-24-MAY-26.EN.2.S.P01.B04.SUP.2ndF,E-SUB-B04-2ND-1010,Submittal for Stairs Conc. Dim.  & RFT DWGs (B04) (2nd),13-Jan-26,3-Feb-26,01-Feb-26 A,21-Feb-26 A,8-Jun-26,8-Jun-26,1,1.0,1.0,,No,,The Big -P.01-UP-20-April-26,E-SUB-B04-2ND-1010,Submittal for Stairs Conc. Dim.  & RFT DWGs (B04) (2nd),17-May-26,0.0,0.0,0.0,0.0,0,0.0,0,0.0,The Big -P.01-UP-20-April-26,E-SUB-B04-2ND-1010,10-May-26,100.00%,100.00%,$0.00,$0.00,$0.00,
The Big -P.01-UP-20-April-26,E-APP-B02-1ST-1020,345,520,516,The Big -P.01-UP-20-April-26,The Big - P.01 - UP-24-MAY-26.EN.2.A.P02.B02.SUP.1stF,E-APP-B02-1ST-1020,Approval for Beams Conc. Dim.  & RFT DWGs (B02) (1st),13-Jan-26,24-Jan-26,11-Jun-26,22-Jun-26,22-Jun-26,4-Jul-26,1,1.0,0.0,9.0,No,,The Big -P.01-UP-20-April-26,E-APP-B02-1ST-1020,Approval for Beams Conc. Dim.  & RFT DWGs (B02) (1st),17-May-26,0.0,0.0,0.0,0.0,0,0.0,0,0.0,The Big -P.01-UP-20-April-26,E-APP-B02-1ST-1020,10-May-26,100.00%,0.00%,$0.00,$0.00,$0.00,
The Big -P.01-UP-20-April-26,E-APP-B04-GR-1020,346,534,530,The Big -P.01-UP-20-April-26,The Big - P.01 - UP-24-MAY-26.EN.2.A.P01.B04.SUP.GF,E-APP-B04-GR-1020,Approval for Beams Conc. Dim.  & RFT DWGs (B04) (GF),13-Jan-26,24-Jan-26,11-Jun-26,22-Jun-26,19-Apr-26,29-Apr-26,1,1.0,0.0,-42.0,Yes,,The Big -P.01-UP-20-April-26,E-APP-B04-GR-1020,Approval for Beams Conc. Dim.  & RFT DWGs (B04) (GF),17-May-26,0.0,0.0,0.0,0.0,0,0.0,0,0.0,The Big -P.01-UP-20-April-26,E-APP-B04-GR-1020,10-May-26,100.00%,0.00%,$0.00,$0.00,$0.00,
The Big -P.01-UP-20-April-26,AB-APP-B02-FOOT-1010,347,488,481,The Big -P.01-UP-20-April-26,The Big - P.01 - UP-24-MAY-26.HO.1.A.P02.B02.SUB.F,AB-APP-B02-FOOT-1010,Approval for RC Raft & Footings Conc. Dim. DWGs As-Built Drawing (B02) (footing),13-Jan-26,27-Jan-26,4-Jun-26,17-Jun-26,23-Mar-27,5-Apr-27,1,1.0,0.0,241.0,No,,The Big -P.01-UP-20-April-26,AB-APP-B02-FOOT-1010,Approval for RC Raft & Footings Conc. Dim. DWGs As-Built Drawing (B02) (footing),17-May-26,0.0,0.0,0.0,0.0,0,0.0,0,0.0,The Big -P.01-UP-20-April-26,AB-APP-B02-FOOT-1010,10-May-26,100.00%,0.00%,$0.00,$0.00,$0.00,
The Big -P.01-UP-20-April-26,CON-B04-FOOT-1040,348,333,333,The Big -P.01-UP-20-April-26,The Big - P.01 - UP-24-MAY-26.CON.P01.B04.SUB.1,CON-B04-FOOT-1040,Shuttering for RC Raft & Footings (B04) (footing),14-Jan-26,22-Jan-26,10-Mar-26 A,19-May-26,26-Jan-26,29-Jan-26,1,1.0,0.65,-90.0,Yes,,The Big -P.01-UP-20-April-26,CON-B04-FOOT-1040,Shuttering for RC Raft & Footings (B04) (footing),17-May-26,4333635.39,2816863.0,2816863.0,4333635.39,1,0.65,0,-1516772.39,The Big -P.01-UP-20-April-26,CON-B04-FOOT-1040,10-May-26,100.00%,65.00%,"$4,333,635.39","$2,816,863.00","$2,816,863.00",
The Big -P.01-UP-20-April-26,E-SUB-B02-3RD-1000,349,75,75,The Big -P.01-UP-20-April-26,The Big - P.01 - UP-24-MAY-26.EN.2.S.P02.B02.SUP.3rdF,E-SUB-B02-3RD-1000,Submittal for Col. & Walls Conc. Dim.  & RFT DWGs (B02) (3rd),14-Jan-26,4-Feb-26,25-Oct-25 A,13-Nov-25 A,26-Sep-26,26-Sep-26,1,1.0,1.0,,No,,The Big -P.01-UP-20-April-26,E-SUB-B02-3RD-1000,Submittal for Col. & Walls Conc. Dim.  & RFT DWGs (B02) (3rd),17-May-26,0.0,0.0,0.0,0.0,0,0.0,0,0.0,The Big -P.01-UP-20-April-26,E-SUB-B02-3RD-1000,10-May-26,100.00%,100.00%,$0.00,$0.00,$0.00,
The Big -P.01-UP-20-April-26,E-SUB-B01-4TH-1000,350,198,198,The Big -P.01-UP-20-April-26,The Big - P.01 - UP-24-MAY-26.EN.2.S.P02.B01.SUP.4thF,E-SUB-B01-4TH-1000,Submittal for Col. & Walls Conc. Dim.  & RFT DWGs (B01) (4th),14-Jan-26,4-Feb-26,01-Feb-26 A,03-Feb-26 A,27-Jul-26,27-Jul-26,1,1.0,1.0,,No,,The Big -P.01-UP-20-April-26,E-SUB-B01-4TH-1000,Submittal for Col. & Walls Conc. Dim.  & RFT DWGs (B01) (4th),17-May-26,0.0,0.0,0.0,0.0,0,0.0,0,0.0,The Big -P.01-UP-20-April-26,E-SUB-B01-4TH-1000,10-May-26,100.00%,100.00%,$0.00,$0.00,$0.00,
The Big -P.01-UP-20-April-26,E-APP-B01-2ND-1010,351,225,225,The Big -P.01-UP-20-April-26,The Big - P.01 - UP-24-MAY-26.EN.2.A.P02.B01.SUP.2ndF,E-APP-B01-2ND-1010,Approval for Stairs Conc. Dim.  & RFT DWGs (B01) (2nd),14-Jan-26,26-Jan-26,01-Feb-26 A,07-Feb-26 A,1-Jul-26,1-Jul-26,1,1.0,1.0,,No,,The Big -P.01-UP-20-April-26,E-APP-B01-2ND-1010,Approval for Stairs Conc. Dim.  & RFT DWGs (B01) (2nd),17-May-26,0.0,0.0,0.0,0.0,0,0.0,0,0.0,The Big -P.01-UP-20-April-26,E-APP-B01-2ND-1010,10-May-26,100.00%,100.00%,$0.00,$0.00,$0.00,
The Big -P.01-UP-20-April-26,E-APP-B03-2ND-1010,352,281,281,The Big -P.01-UP-20-April-26,The Big - P.01 - UP-24-MAY-26.EN.2.A.P01.B03.SUP.2ndF,E-APP-B03-2ND-1010,Approval for Stairs Conc. Dim.  & RFT DWGs  (B03) (2nd),14-Jan-26,26-Jan-26,01-Feb-26 A,25-Mar-26 A,2-Sep-26,2-Sep-26,1,1.0,1.0,,No,,The Big -P.01-UP-20-April-26,E-APP-B03-2ND-1010,Approval for Stairs Conc. Dim.  & RFT DWGs  (B03) (2nd),17-May-26,0.0,0.0,0.0,0.0,0,0.0,0,0.0,The Big -P.01-UP-20-April-26,E-APP-B03-2ND-1010,10-May-26,100.00%,100.00%,$0.00,$0.00,$0.00,
The Big -P.01-UP-20-April-26,CON-B04-FOOT-1050,353,334,334,The Big -P.01-UP-20-April-26,The Big - P.01 - UP-24-MAY-26.CON.P01.B04.SUB.1,CON-B04-FOOT-1050,RFT for RC Raft & Footings (B04) (footing),15-Jan-26,24-Jan-26,10-Mar-26 A,19-May-26,28-Jan-26,1-Feb-26,1,1.0,0.65,-88.0,Yes,,The Big -P.01-UP-20-April-26,CON-B04-FOOT-1050,RFT for RC Raft & Footings (B04) (footing),17-May-26,12042079.29,7827351.54,7827351.54,12042079.29,1,0.65,0,-4214727.75,The Big -P.01-UP-20-April-26,CON-B04-FOOT-1050,10-May-26,100.00%,65.00%,"$12,042,079.29","$7,827,351.54","$7,827,351.54",
The Big -P.01-UP-20-April-26,CON-B01-BAS02-1030,354,589,588,The Big -P.01-UP-20-April-26,The Big - P.01 - UP-24-MAY-26.CON.P02.B01.SUB.2ndB,CON-B01-BAS02-1030,"Pouring for Walls, Col. & Cores (B01) (Bas 02)",17-Jan-26,18-Jan-26,15-Jun-26,17-Jun-26,17-Jan-26,18-Jan-26,1,1.0,0.0,-118.0,Yes,,The Big -P.01-UP-20-April-26,CON-B01-BAS02-1030,"Pouring for Walls, Col. & Cores (B01) (Bas 02)",17-May-26,2444024.52,0.0,0.0,2444024.52,0,0.0,0,-2444024.52,The Big -P.01-UP-20-April-26,CON-B01-BAS02-1030,10-May-26,100.00%,0.00%,"$2,444,024.52",$0.00,$0.00,
The Big -P.01-UP-20-April-26,E-SUB-B04-2ND-1020,355,354,352,The Big -P.01-UP-20-April-26,The Big - P.01 - UP-24-MAY-26.EN.2.S.P01.B04.SUP.2ndF,E-SUB-B04-2ND-1020,Submittal for Beams Conc. Dim.  & RFT DWGs (B04) (2nd),17-Jan-26,7-Feb-26,17-May-26,10-Jun-26,8-Jun-26,28-Jun-26,1,1.0,0.0,15.0,No,,The Big -P.01-UP-20-April-26,E-SUB-B04-2ND-1020,Submittal for Beams Conc. Dim.  & RFT DWGs (B04) (2nd),17-May-26,0.0,0.0,0.0,0.0,0,0.0,0,0.0,The Big -P.01-UP-20-April-26,E-SUB-B04-2ND-1020,10-May-26,100.00%,0.00%,$0.00,$0.00,$0.00,
The Big -P.01-UP-20-April-26,E-APP-B02-1ST-1030,356,559,555,The Big -P.01-UP-20-April-26,The Big - P.01 - UP-24-MAY-26.EN.2.A.P02.B02.SUP.1stF,E-APP-B02-1ST-1030,Approval for Slabs Conc. Dim.  & RFT DWGs (B02) (1st),17-Jan-26,28-Jan-26,15-Jun-26,25-Jun-26,22-Jun-26,4-Jul-26,1,1.0,0.0,6.0,No,,The Big -P.01-UP-20-April-26,E-APP-B02-1ST-1030,Approval for Slabs Conc. Dim.  & RFT DWGs (B02) (1st),17-May-26,0.0,0.0,0.0,0.0,0,0.0,0,0.0,The Big -P.01-UP-20-April-26,E-APP-B02-1ST-1030,10-May-26,100.00%,0.00%,$0.00,$0.00,$0.00,
The Big -P.01-UP-20-April-26,E-APP-B02-2ND-1000,357,218,218,The Big -P.01-UP-20-April-26,The Big - P.01 - UP-24-MAY-26.EN.2.A.P02.B02.SUP.2ndF,E-APP-B02-2ND-1000,Approval for Col. & Walls Conc. Dim.  & RFT DWGs (B02) (2nd),17-Jan-26,28-Jan-26,01-Feb-26 A,09-Feb-26 A,12-Aug-26,12-Aug-26,1,1.0,1.0,,No,,The Big -P.01-UP-20-April-26,E-APP-B02-2ND-1000,Approval for Col. & Walls Conc. Dim.  & RFT DWGs (B02) (2nd),17-May-26,0.0,0.0,0.0,0.0,0,0.0,0,0.0,The Big -P.01-UP-20-April-26,E-APP-B02-2ND-1000,10-May-26,100.00%,100.00%,$0.00,$0.00,$0.00,
The Big -P.01-UP-20-April-26,E-APP-B04-GR-1030,358,571,567,The Big -P.01-UP-20-April-26,The Big - P.01 - UP-24-MAY-26.EN.2.A.P01.B04.SUP.GF,E-APP-B04-GR-1030,Approval for Slabs Conc. Dim.  & RFT DWGs (B04) (GF),17-Jan-26,28-Jan-26,15-Jun-26,25-Jun-26,19-Apr-26,29-Apr-26,1,1.0,0.0,-45.0,Yes,,The Big -P.01-UP-20-April-26,E-APP-B04-GR-1030,Approval for Slabs Conc. Dim.  & RFT DWGs (B04) (GF),17-May-26,0.0,0.0,0.0,0.0,0,0.0,0,0.0,The Big -P.01-UP-20-April-26,E-APP-B04-GR-1030,10-May-26,100.00%,0.00%,$0.00,$0.00,$0.00,
The Big -P.01-UP-20-April-26,E-APP-B04-1ST-1000,359,272,272,The Big -P.01-UP-20-April-26,The Big - P.01 - UP-24-MAY-26.EN.2.A.P01.B04.SUP.1stF,E-APP-B04-1ST-1000,Approval for Col. & Walls Conc. Dim.  & RFT DWGs (B04) (1st),17-Jan-26,28-Jan-26,01-Feb-26 A,12-Feb-26 A,19-May-26,19-May-26,1,1.0,1.0,,No,,The Big -P.01-UP-20-April-26,E-APP-B04-1ST-1000,Approval for Col. & Walls Conc. Dim.  & RFT DWGs (B04) (1st),17-May-26,0.0,0.0,0.0,0.0,0,0.0,0,0.0,The Big -P.01-UP-20-April-26,E-APP-B04-1ST-1000,10-May-26,100.00%,100.00%,$0.00,$0.00,$0.00,
The Big -P.01-UP-20-April-26,AB-SUB-B03-FOOT-1010,360,393,391,The Big -P.01-UP-20-April-26,The Big - P.01 - UP-24-MAY-26.HO.1.S.P01.B03.SUB.F,AB-SUB-B03-FOOT-1010,Submittal for RC Raft & Footings Conc. Dim. DWGs As-Built Drawing (B03) (footing),17-Jan-26,7-Feb-26,17-May-26,10-Jun-26,6-Mar-27,29-Mar-27,1,1.0,0.0,241.0,No,,The Big -P.01-UP-20-April-26,AB-SUB-B03-FOOT-1010,Submittal for RC Raft & Footings Conc. Dim. DWGs As-Built Drawing (B03) (footing),17-May-26,0.0,0.0,0.0,0.0,0,0.0,0,0.0,The Big -P.01-UP-20-April-26,AB-SUB-B03-FOOT-1010,10-May-26,100.00%,0.00%,$0.00,$0.00,$0.00,
The Big -P.01-UP-20-April-26,CON-B03-FOOT-1080,361,187,187,The Big -P.01-UP-20-April-26,The Big - P.01 - UP-24-MAY-26.CON.P01.B03.SUB.F,CON-B03-FOOT-1080,Pouring for RC Raft & Footings (B03) (footing),18-Jan-26,18-Jan-26,21-Jan-26 A,21-Jan-26 A,12-Feb-26,12-Feb-26,1,1.0,1.0,,No,,The Big -P.01-UP-20-April-26,CON-B03-FOOT-1080,Pouring for RC Raft & Footings (B03) (footing),17-May-26,6714725.63,6714725.63,6714725.63,6714725.63,1,1.0,0,0.0,The Big -P.01-UP-20-April-26,CON-B03-FOOT-1080,10-May-26,100.00%,100.00%,"$6,714,725.63","$6,714,725.63","$6,714,725.63",
The Big -P.01-UP-20-April-26,E-SUB-B02-3RD-1010,362,66,66,The Big -P.01-UP-20-April-26,The Big - P.01 - UP-24-MAY-26.EN.2.S.P02.B02.SUP.3rdF,E-SUB-B02-3RD-1010,Submittal for Stairs Conc. Dim.  & RFT DWGs (B02) (3rd),18-Jan-26,8-Feb-26,19-Oct-25 A,08-Nov-25 A,26-Sep-26,26-Sep-26,1,1.0,1.0,,No,,The Big -P.01-UP-20-April-26,E-SUB-B02-3RD-1010,Submittal for Stairs Conc. Dim.  & RFT DWGs (B02) (3rd),17-May-26,0.0,0.0,0.0,0.0,0,0.0,0,0.0,The Big -P.01-UP-20-April-26,E-SUB-B02-3RD-1010,10-May-26,100.00%,100.00%,$0.00,$0.00,$0.00,
The Big -P.01-UP-20-April-26,E-SUB-B01-4TH-1010,363,91,91,The Big -P.01-UP-20-April-26,The Big - P.01 - UP-24-MAY-26.EN.2.S.P02.B01.SUP.4thF,E-SUB-B01-4TH-1010,Submittal for Stairs Conc. Dim.  & RFT DWGs (B01) (4th),18-Jan-26,8-Feb-26,01-Nov-25 A,15-Nov-25 A,27-Jul-26,27-Jul-26,1,1.0,1.0,,No,,The Big -P.01-UP-20-April-26,E-SUB-B01-4TH-1010,Submittal for Stairs Conc. Dim.  & RFT DWGs (B01) (4th),17-May-26,0.0,0.0,0.0,0.0,0,0.0,0,0.0,The Big -P.01-UP-20-April-26,E-SUB-B01-4TH-1010,10-May-26,100.00%,100.00%,$0.00,$0.00,$0.00,
The Big -P.01-UP-20-April-26,E-APP-B01-2ND-1020,364,525,521,The Big -P.01-UP-20-April-26,The Big - P.01 - UP-24-MAY-26.EN.2.A.P02.B01.SUP.2ndF,E-APP-B01-2ND-1020,Approval for Beams Conc. Dim.  & RFT DWGs (B01) (2nd),18-Jan-26,29-Jan-26,11-Jun-26,22-Jun-26,18-Jun-26,29-Jun-26,1,1.0,0.0,6.0,No,,The Big -P.01-UP-20-April-26,E-APP-B01-2ND-1020,Approval for Beams Conc. Dim.  & RFT DWGs (B01) (2nd),17-May-26,0.0,0.0,0.0,0.0,0,0.0,0,0.0,The Big -P.01-UP-20-April-26,E-APP-B01-2ND-1020,10-May-26,100.00%,0.00%,$0.00,$0.00,$0.00,
The Big -P.01-UP-20-April-26,E-APP-B03-2ND-1020,365,545,541,The Big -P.01-UP-20-April-26,The Big - P.01 - UP-24-MAY-26.EN.2.A.P01.B03.SUP.2ndF,E-APP-B03-2ND-1020,Approval for Beams Conc. Dim.  & RFT DWGs  (B03) (2nd),18-Jan-26,29-Jan-26,11-Jun-26,22-Jun-26,20-Aug-26,1-Sep-26,1,1.0,0.0,58.0,No,,The Big -P.01-UP-20-April-26,E-APP-B03-2ND-1020,Approval for Beams Conc. Dim.  & RFT DWGs  (B03) (2nd),17-May-26,0.0,0.0,0.0,0.0,0,0.0,0,0.0,The Big -P.01-UP-20-April-26,E-APP-B03-2ND-1020,10-May-26,100.00%,0.00%,$0.00,$0.00,$0.00,
The Big -P.01-UP-20-April-26,AB-APP-B02-FOOT-1020,366,501,494,The Big -P.01-UP-20-April-26,The Big - P.01 - UP-24-MAY-26.HO.1.A.P02.B02.SUB.F,AB-APP-B02-FOOT-1020,Approval for RC Raft & Footings RFT DWGs As-Built Drawing (B02) (footing),18-Jan-26,1-Feb-26,4-Jun-26,17-Jun-26,23-Mar-27,5-Apr-27,1,1.0,0.0,241.0,No,,The Big -P.01-UP-20-April-26,AB-APP-B02-FOOT-1020,Approval for RC Raft & Footings RFT DWGs As-Built Drawing (B02) (footing),17-May-26,0.0,0.0,0.0,0.0,0,0.0,0,0.0,The Big -P.01-UP-20-April-26,AB-APP-B02-FOOT-1020,10-May-26,100.00%,0.00%,$0.00,$0.00,$0.00,
The Big -P.01-UP-20-April-26,CON-B03-FOOT-1090,367,326,326,The Big -P.01-UP-20-April-26,The Big - P.01 - UP-24-MAY-26.CON.P01.B03.SUB.F,CON-B03-FOOT-1090,Pouring Columns & Walls Below SOG (B01) (footing),18-Jan-26,18-Jan-26,02-Mar-26 A,03-Mar-26 A,12-Feb-26,12-Feb-26,1,1.0,1.0,,No,,The Big -P.01-UP-20-April-26,CON-B03-FOOT-1090,Pouring Columns & Walls Below SOG (B01) (footing),17-May-26,103385.1,103385.1,103385.1,103385.1,1,1.0,0,0.0,The Big -P.01-UP-20-April-26,CON-B03-FOOT-1090,10-May-26,100.00%,100.00%,"$103,385.10","$103,385.10","$103,385.10",
The Big -P.01-UP-20-April-26,CON-B03-FOOT-1100,368,408,405,The Big -P.01-UP-20-April-26,The Big - P.01 - UP-24-MAY-26.CON.P01.B03.SUB.F,CON-B03-FOOT-1100,Curing & Deshuttering for RC Raft & Footings (B03) (footing),19-Jan-26,21-Jan-26,04-Mar-26 A,07-Mar-26 A,12-Feb-26,12-Feb-26,1,1.0,1.0,,No,,The Big -P.01-UP-20-April-26,CON-B03-FOOT-1100,Curing & Deshuttering for RC Raft & Footings (B03) (footing),17-May-26,0.0,0.0,0.0,0.0,0,0.0,0,0.0,The Big -P.01-UP-20-April-26,CON-B03-FOOT-1100,10-May-26,100.00%,0.00%,$0.00,$0.00,$0.00,
The Big -P.01-UP-20-April-26,CON-B01-BAS02-1040,369,594,595,The Big -P.01-UP-20-April-26,The Big - P.01 - UP-24-MAY-26.CON.P02.B01.SUB.2ndB,CON-B01-BAS02-1040,Shuttering for Slabs & Beams (B01) (Bas 02),19-Jan-26,31-Jan-26,17-Jun-26,29-Jun-26,19-Jan-26,31-Jan-26,1,1.0,0.0,-118.0,Yes,,The Big -P.01-UP-20-April-26,CON-B01-BAS02-1040,Shuttering for Slabs & Beams (B01) (Bas 02),17-May-26,2150349.87,0.0,0.0,2150349.87,0,0.0,0,-2150349.87,The Big -P.01-UP-20-April-26,CON-B01-BAS02-1040,10-May-26,100.00%,0.00%,"$2,150,349.87",$0.00,$0.00,
The Big -P.01-UP-20-April-26,E-SUB-B03-4TH-1000,370,170,170,The Big -P.01-UP-20-April-26,The Big - P.01 - UP-24-MAY-26.EN.2.S.P01.B03.SUP.4thF,E-SUB-B03-4TH-1000,Submittal for Col. & Walls Conc. Dim.  & RFT DWGs (B03) (4th),19-Jan-26,9-Feb-26,01-Jan-26 A,10-Feb-26 A,1-Dec-26,1-Dec-26,1,1.0,1.0,,No,,The Big -P.01-UP-20-April-26,E-SUB-B03-4TH-1000,Submittal for Col. & Walls Conc. Dim.  & RFT DWGs (B03) (4th),17-May-26,0.0,0.0,0.0,0.0,0,0.0,0,0.0,The Big -P.01-UP-20-April-26,E-SUB-B03-4TH-1000,10-May-26,100.00%,100.00%,$0.00,$0.00,$0.00,
The Big -P.01-UP-20-April-26,AB-SUB-B03-FOOT-1020,371,412,409,The Big -P.01-UP-20-April-26,The Big - P.01 - UP-24-MAY-26.HO.1.S.P01.B03.SUB.F,AB-SUB-B03-FOOT-1020,Submittal for RC Raft & Footings RFT DWGs As-Built Drawing (B03) (footing),19-Jan-26,9-Feb-26,17-May-26,10-Jun-26,6-Mar-27,29-Mar-27,1,1.0,0.0,241.0,No,,The Big -P.01-UP-20-April-26,AB-SUB-B03-FOOT-1020,Submittal for RC Raft & Footings RFT DWGs As-Built Drawing (B03) (footing),17-May-26,0.0,0.0,0.0,0.0,0,0.0,0,0.0,The Big -P.01-UP-20-April-26,AB-SUB-B03-FOOT-1020,10-May-26,100.00%,0.00%,$0.00,$0.00,$0.00,
The Big -P.01-UP-20-April-26,AB-SUB-B01-BAS2-1000,372,595,596,The Big -P.01-UP-20-April-26,The Big - P.01 - UP-24-MAY-26.HO.1.S.P02.B01.SUB.2ndB,AB-SUB-B01-BAS2-1000,Submittal for Col. & Walls Conc. Dim.  & RFT DWGs As-Built Drawing (B01) (Bas 02),19-Jan-26,9-Feb-26,17-Jun-26,9-Jul-26,6-Mar-27,29-Mar-27,1,1.0,0.0,218.0,No,,The Big -P.01-UP-20-April-26,AB-SUB-B01-BAS2-1000,Submittal for Col. & Walls Conc. Dim.  & RFT DWGs As-Built Drawing (B01) (Bas 02),17-May-26,0.0,0.0,0.0,0.0,0,0.0,0,0.0,The Big -P.01-UP-20-April-26,AB-SUB-B01-BAS2-1000,10-May-26,100.00%,0.00%,$0.00,$0.00,$0.00,
The Big -P.01-UP-20-April-26,AB-APP-B04-WT-1040,373,593,594,The Big -P.01-UP-20-April-26,The Big - P.01 - UP-24-MAY-26.HO.1.A.P01.B04.SUB.2ndF.WT,AB-APP-B04-WT-1040,Approval for Slabs DWGs As-Built Drawing (B04) (Water Tank),19-Jan-26,2-Feb-26,17-Jun-26,1-Jul-26,23-Mar-27,5-Apr-27,1,1.0,0.0,230.0,No,,The Big -P.01-UP-20-April-26,AB-APP-B04-WT-1040,Approval for Slabs DWGs As-Built Drawing (B04) (Water Tank),17-May-26,0.0,0.0,0.0,0.0,0,0.0,0,0.0,The Big -P.01-UP-20-April-26,AB-APP-B04-WT-1040,10-May-26,100.00%,0.00%,$0.00,$0.00,$0.00,
The Big -P.01-UP-20-April-26,E-SUB-B04-2ND-1030,374,432,427,The Big -P.01-UP-20-April-26,The Big - P.01 - UP-24-MAY-26.EN.2.S.P01.B04.SUP.2ndF,E-SUB-B04-2ND-1030,Submittal for Slabs Conc. Dim.  & RFT DWGs (B04) (2nd),20-Jan-26,10-Feb-26,20-May-26,14-Jun-26,11-Jun-26,2-Jul-26,1,1.0,0.0,15.0,No,,The Big -P.01-UP-20-April-26,E-SUB-B04-2ND-1030,Submittal for Slabs Conc. Dim.  & RFT DWGs (B04) (2nd),17-May-26,0.0,0.0,0.0,0.0,0,0.0,0,0.0,The Big -P.01-UP-20-April-26,E-SUB-B04-2ND-1030,10-May-26,100.00%,0.00%,$0.00,$0.00,$0.00,
The Big -P.01-UP-20-April-26,E-APP-B02-2ND-1010,375,219,219,The Big -P.01-UP-20-April-26,The Big - P.01 - UP-24-MAY-26.EN.2.A.P02.B02.SUP.2ndF,E-APP-B02-2ND-1010,Approval for Stairs Conc. Dim.  & RFT DWGs (B02) (2nd),20-Jan-26,1-Feb-26,01-Feb-26 A,15-Feb-26 A,2-Sep-26,2-Sep-26,1,1.0,1.0,,No,,The Big -P.01-UP-20-April-26,E-APP-B02-2ND-1010,Approval for Stairs Conc. Dim.  & RFT DWGs (B02) (2nd),17-May-26,0.0,0.0,0.0,0.0,0,0.0,0,0.0,The Big -P.01-UP-20-April-26,E-APP-B02-2ND-1010,10-May-26,100.00%,100.00%,$0.00,$0.00,$0.00,
The Big -P.01-UP-20-April-26,E-APP-B04-1ST-1010,376,291,291,The Big -P.01-UP-20-April-26,The Big - P.01 - UP-24-MAY-26.EN.2.A.P01.B04.SUP.1stF,E-APP-B04-1ST-1010,Approval for Stairs Conc. Dim.  & RFT DWGs (B04) (1st),20-Jan-26,1-Feb-26,08-Feb-26 A,18-Feb-26 A,4-Jun-26,4-Jun-26,1,1.0,1.0,,No,,The Big -P.01-UP-20-April-26,E-APP-B04-1ST-1010,Approval for Stairs Conc. Dim.  & RFT DWGs (B04) (1st),17-May-26,0.0,0.0,0.0,0.0,0,0.0,0,0.0,The Big -P.01-UP-20-April-26,E-APP-B04-1ST-1010,10-May-26,100.00%,100.00%,$0.00,$0.00,$0.00,
The Big -P.01-UP-20-April-26,CON-B04-FOOT-1060,377,335,335,The Big -P.01-UP-20-April-26,The Big - P.01 - UP-24-MAY-26.CON.P01.B04.SUB.1,CON-B04-FOOT-1060,Shuttering for Columns & Walls Below SOG (B01) (footing),20-Jan-26,26-Jan-26,10-Mar-26 A,18-May-26,26-Jan-26,27-Jan-26,1,1.0,0.65,-90.0,Yes,,The Big -P.01-UP-20-April-26,CON-B04-FOOT-1060,Shuttering for Columns & Walls Below SOG (B01) (footing),17-May-26,95249.7,61912.31,61912.31,95249.7,1,0.65,0,-33337.39,The Big -P.01-UP-20-April-26,CON-B04-FOOT-1060,10-May-26,100.00%,65.00%,"$95,249.70","$61,912.31","$61,912.31",
The Big -P.01-UP-20-April-26,CON-B01-BAS02-1050,378,602,604,The Big -P.01-UP-20-April-26,The Big - P.01 - UP-24-MAY-26.CON.P02.B01.SUB.2ndB,CON-B01-BAS02-1050,Shuttering for Stairs  (B01) (Bas 02),21-Jan-26,31-Jan-26,20-Jun-26,29-Jun-26,26-Jan-26,3-Feb-26,1,1.0,0.0,-115.0,Yes,,The Big -P.01-UP-20-April-26,CON-B01-BAS02-1050,Shuttering for Stairs  (B01) (Bas 02),17-May-26,16099.2,0.0,0.0,16099.2,0,0.0,0,-16099.2,The Big -P.01-UP-20-April-26,CON-B01-BAS02-1050,10-May-26,100.00%,0.00%,"$16,099.20",$0.00,$0.00,
The Big -P.01-UP-20-April-26,E-SUB-B02-3RD-1020,379,367,365,The Big -P.01-UP-20-April-26,The Big - P.01 - UP-24-MAY-26.EN.2.S.P02.B02.SUP.3rdF,E-SUB-B02-3RD-1020,Submittal for Beams Conc. Dim.  & RFT DWGs (B02) (3rd),21-Jan-26,11-Feb-26,17-May-26,10-Jun-26,26-Sep-26,17-Oct-26,1,1.0,0.0,106.0,No,,The Big -P.01-UP-20-April-26,E-SUB-B02-3RD-1020,Submittal for Beams Conc. Dim.  & RFT DWGs (B02) (3rd),17-May-26,0.0,0.0,0.0,0.0,0,0.0,0,0.0,The Big -P.01-UP-20-April-26,E-SUB-B02-3RD-1020,10-May-26,100.00%,0.00%,$0.00,$0.00,$0.00,
The Big -P.01-UP-20-April-26,E-SUB-B01-4TH-1020,380,372,370,The Big -P.01-UP-20-April-26,The Big - P.01 - UP-24-MAY-26.EN.2.S.P02.B01.SUP.4thF,E-SUB-B01-4TH-1020,Submittal for Beams Conc. Dim.  & RFT DWGs (B01) (4th),21-Jan-26,11-Feb-26,17-May-26,10-Jun-26,27-Jul-26,16-Aug-26,1,1.0,0.0,55.0,No,,The Big -P.01-UP-20-April-26,E-SUB-B01-4TH-1020,Submittal for Beams Conc. Dim.  & RFT DWGs (B01) (4th),17-May-26,0.0,0.0,0.0,0.0,0,0.0,0,0.0,The Big -P.01-UP-20-April-26,E-SUB-B01-4TH-1020,10-May-26,100.00%,0.00%,$0.00,$0.00,$0.00,
The Big -P.01-UP-20-April-26,E-APP-B01-2ND-1030,381,563,559,The Big -P.01-UP-20-April-26,The Big - P.01 - UP-24-MAY-26.EN.2.A.P02.B01.SUP.2ndF,E-APP-B01-2ND-1030,Approval for Slabs Conc. Dim.  & RFT DWGs (B01) (2nd),21-Jan-26,2-Feb-26,15-Jun-26,25-Jun-26,18-Jun-26,29-Jun-26,1,1.0,0.0,3.0,No,,The Big -P.01-UP-20-April-26,E-APP-B01-2ND-1030,Approval for Slabs Conc. Dim.  & RFT DWGs (B01) (2nd),17-May-26,0.0,0.0,0.0,0.0,0,0.0,0,0.0,The Big -P.01-UP-20-April-26,E-APP-B01-2ND-1030,10-May-26,100.00%,0.00%,$0.00,$0.00,$0.00,
The Big -P.01-UP-20-April-26,E-APP-B01-3ED-1000,382,258,258,The Big -P.01-UP-20-April-26,The Big - P.01 - UP-24-MAY-26.EN.2.A.P02.B01.SUP.3rdF,E-APP-B01-3ED-1000,Approval for Col. & Walls Conc. Dim.  & RFT DWGs (B01) (3rd),21-Jan-26,2-Feb-26,01-Feb-26 A,11-Feb-26 A,25-Jul-26,25-Jul-26,1,1.0,1.0,,No,,The Big -P.01-UP-20-April-26,E-APP-B01-3ED-1000,Approval for Col. & Walls Conc. Dim.  & RFT DWGs (B01) (3rd),17-May-26,0.0,0.0,0.0,0.0,0,0.0,0,0.0,The Big -P.01-UP-20-April-26,E-APP-B01-3ED-1000,10-May-26,100.00%,100.00%,$0.00,$0.00,$0.00,
The Big -P.01-UP-20-April-26,E-APP-B03-2ND-1030,383,582,578,The Big -P.01-UP-20-April-26,The Big - P.01 - UP-24-MAY-26.EN.2.A.P01.B03.SUP.2ndF,E-APP-B03-2ND-1030,Approval for Slabs Conc. Dim.  & RFT DWGs  (B03) (2nd),21-Jan-26,2-Feb-26,15-Jun-26,25-Jun-26,20-Aug-26,1-Sep-26,1,1.0,0.0,55.0,No,,The Big -P.01-UP-20-April-26,E-APP-B03-2ND-1030,Approval for Slabs Conc. Dim.  & RFT DWGs  (B03) (2nd),17-May-26,0.0,0.0,0.0,0.0,0,0.0,0,0.0,The Big -P.01-UP-20-April-26,E-APP-B03-2ND-1030,10-May-26,100.00%,0.00%,$0.00,$0.00,$0.00,
The Big -P.01-UP-20-April-26,E-APP-B03-3RD-1000,384,179,179,The Big -P.01-UP-20-April-26,The Big - P.01 - UP-24-MAY-26.EN.2.A.P01.B03.SUP.3rdF,E-APP-B03-3RD-1000,Approval for Col. & Walls Conc. Dim.  & RFT DWGs  (B03) (3rd),21-Jan-26,2-Feb-26,07-Jan-26 A,12-Feb-26 A,14-Oct-26,14-Oct-26,1,1.0,1.0,,No,,The Big -P.01-UP-20-April-26,E-APP-B03-3RD-1000,Approval for Col. & Walls Conc. Dim.  & RFT DWGs  (B03) (3rd),17-May-26,0.0,0.0,0.0,0.0,0,0.0,0,0.0,The Big -P.01-UP-20-April-26,E-APP-B03-3RD-1000,10-May-26,100.00%,100.00%,$0.00,$0.00,$0.00,
The Big -P.01-UP-20-April-26,CON-B01-BAS02-1060,385,603,605,The Big -P.01-UP-20-April-26,The Big - P.01 - UP-24-MAY-26.CON.P02.B01.SUB.2ndB,CON-B01-BAS02-1060,Shuttering for  Ramps (B01) (Bas 02),21-Jan-26,2-Feb-26,20-Jun-26,2-Jul-26,22-Jan-26,3-Feb-26,1,1.0,0.0,-117.0,Yes,,The Big -P.01-UP-20-April-26,CON-B01-BAS02-1060,Shuttering for  Ramps (B01) (Bas 02),17-May-26,527474.8,0.0,0.0,527474.8,0,0.0,0,-527474.8,The Big -P.01-UP-20-April-26,CON-B01-BAS02-1060,10-May-26,100.00%,0.00%,"$527,474.80",$0.00,$0.00,
The Big -P.01-UP-20-April-26,AB-APP-B04-REP-1000,386,497,490,The Big -P.01-UP-20-April-26,The Big - P.01 - UP-24-MAY-26.HO.1.A.P01.B04.SUB.1,AB-APP-B04-REP-1000,Approval for General Replacement Plan & Typical Sections for Replacement / Backfilling DWGs As-Built Drawing (B04),21-Jan-26,4-Feb-26,4-Jun-26,17-Jun-26,23-Mar-27,5-Apr-27,1,1.0,0.0,241.0,No,,The Big -P.01-UP-20-April-26,AB-APP-B04-REP-1000,Approval for General Replacement Plan & Typical Sections for Replacement / Backfilling DWGs As-Built Drawing (B04),17-May-26,0.0,0.0,0.0,0.0,0,0.0,0,0.0,The Big -P.01-UP-20-April-26,AB-APP-B04-REP-1000,10-May-26,100.00%,0.00%,$0.00,$0.00,$0.00,
The Big -P.01-UP-20-April-26,CON-B04-FOOT-1070,387,336,336,The Big -P.01-UP-20-April-26,The Big - P.01 - UP-24-MAY-26.CON.P01.B04.SUB.1,CON-B04-FOOT-1070,RFT for Columns & Walls Below SOG (B04) (footing),21-Jan-26,27-Jan-26,10-Mar-26 A,18-May-26,26-Jan-26,27-Jan-26,1,1.0,0.65,-90.0,Yes,,The Big -P.01-UP-20-April-26,CON-B04-FOOT-1070,RFT for Columns & Walls Below SOG (B04) (footing),17-May-26,127645.88,82969.82,82969.82,127645.88,1,0.65,0,-44676.06,The Big -P.01-UP-20-April-26,CON-B04-FOOT-1070,10-May-26,100.00%,65.00%,"$127,645.88","$82,969.82","$82,969.82",
The Big -P.01-UP-20-April-26,CON-B03-FOOT-1110,388,642,642,The Big -P.01-UP-20-April-26,The Big - P.01 - UP-24-MAY-26.CON.P01.B03.SUB.F,CON-B03-FOOT-1110,Bitumen Ins. for RC Raft & Footings (B03) (footing),22-Jan-26,26-Jan-26,5-Jul-26,7-Jul-26,3-Jan-27,5-Jan-27,1,1.0,0.0,153.0,No,,The Big -P.01-UP-20-April-26,CON-B03-FOOT-1110,Bitumen Ins. for RC Raft & Footings (B03) (footing),17-May-26,137661.66,0.0,0.0,137661.66,0,0.0,0,-137661.66,The Big -P.01-UP-20-April-26,CON-B03-FOOT-1110,10-May-26,100.00%,0.00%,"$137,661.66",$0.00,$0.00,
The Big -P.01-UP-20-April-26,CON-B01-BAS02-1070,389,609,608,The Big -P.01-UP-20-April-26,The Big - P.01 - UP-24-MAY-26.CON.P02.B01.SUB.2ndB,CON-B01-BAS02-1070,RFT for Slabs & Beams (B01) (Bas 02),22-Jan-26,3-Feb-26,21-Jun-26,4-Jul-26,22-Jan-26,3-Feb-26,1,1.0,0.0,-118.0,Yes,,The Big -P.01-UP-20-April-26,CON-B01-BAS02-1070,RFT for Slabs & Beams (B01) (Bas 02),17-May-26,3160336.76,0.0,0.0,3160336.76,0,0.0,0,-3160336.76,The Big -P.01-UP-20-April-26,CON-B01-BAS02-1070,10-May-26,100.00%,0.00%,"$3,160,336.76",$0.00,$0.00,
The Big -P.01-UP-20-April-26,CON-B03-BAS02-1000,390,302,302,The Big -P.01-UP-20-April-26,The Big - P.01 - UP-24-MAY-26.CON.P01.B03.SUB.2ndB,CON-B03-BAS02-1000,"Scaffolding works for Walls, Col. & Cores (B03) (Bas 02)",22-Jan-26,29-Jan-26,15-Feb-26 A,21-Feb-26 A,12-Feb-26,12-Feb-26,1,1.0,1.0,,No,,The Big -P.01-UP-20-April-26,CON-B03-BAS02-1000,"Scaffolding works for Walls, Col. & Cores (B03) (Bas 02)",17-May-26,0.0,0.0,0.0,0.0,0,0.0,0,0.0,The Big -P.01-UP-20-April-26,CON-B03-BAS02-1000,10-May-26,100.00%,100.00%,$0.00,$0.00,$0.00,
The Big -P.01-UP-20-April-26,CON-B03-BAS02-1010,391,327,327,The Big -P.01-UP-20-April-26,The Big - P.01 - UP-24-MAY-26.CON.P01.B03.SUB.2ndB,CON-B03-BAS02-1010,"RFT for Walls, Col. & Cores (B03) (Bas 02)",22-Jan-26,5-Feb-26,05-Mar-26 A,11-Mar-26 A,12-Feb-26,12-Feb-26,1,1.0,1.0,,No,,The Big -P.01-UP-20-April-26,CON-B03-BAS02-1010,"RFT for Walls, Col. & Cores (B03) (Bas 02)",17-May-26,1145012.81,1145012.81,1145012.81,1145012.81,1,1.0,0,0.0,The Big -P.01-UP-20-April-26,CON-B03-BAS02-1010,10-May-26,100.00%,100.00%,"$1,145,012.81","$1,145,012.81","$1,145,012.81",
The Big -P.01-UP-20-April-26,E-SUB-B03-4TH-1010,392,250,250,The Big -P.01-UP-20-April-26,The Big - P.01 - UP-24-MAY-26.EN.2.S.P01.B03.SUP.4thF,E-SUB-B03-4TH-1010,Submittal for Stairs Conc. Dim.  & RFT DWGs (B03) (4th),22-Jan-26,12-Feb-26,01-Feb-26 A,10-Feb-26 A,1-Dec-26,1-Dec-26,1,1.0,1.0,,No,,The Big -P.01-UP-20-April-26,E-SUB-B03-4TH-1010,Submittal for Stairs Conc. Dim.  & RFT DWGs (B03) (4th),17-May-26,0.0,0.0,0.0,0.0,0,0.0,0,0.0,The Big -P.01-UP-20-April-26,E-SUB-B03-4TH-1010,10-May-26,100.00%,100.00%,$0.00,$0.00,$0.00,
The Big -P.01-UP-20-April-26,CON-B01-BAS02-1080,393,612,611,The Big -P.01-UP-20-April-26,The Big - P.01 - UP-24-MAY-26.CON.P02.B01.SUB.2ndB,CON-B01-BAS02-1080,RFT for Stairs (B01) (Bas 02),24-Jan-26,31-Jan-26,22-Jun-26,29-Jun-26,28-Jan-26,3-Feb-26,1,1.0,0.0,-115.0,Yes,,The Big -P.01-UP-20-April-26,CON-B01-BAS02-1080,RFT for Stairs (B01) (Bas 02),17-May-26,32613.8,0.0,0.0,32613.8,0,0.0,0,-32613.8,The Big -P.01-UP-20-April-26,CON-B01-BAS02-1080,10-May-26,100.00%,0.00%,"$32,613.80",$0.00,$0.00,
The Big -P.01-UP-20-April-26,CON-B02-BAS02-1030,394,348,464,The Big -P.01-UP-20-April-26,The Big - P.01 - UP-24-MAY-26.CON.P02.B02.SUB.2ndB,CON-B02-BAS02-1030,"Pouring for Walls, Col. & Cores (B02) (Bas 02)",24-Jan-26,26-Jan-26,09-May-26 A,10-May-26 A,29-Jan-26,29-Jan-26,1,1.0,1.0,,No,,The Big -P.01-UP-20-April-26,CON-B02-BAS02-1030,"Pouring for Walls, Col. & Cores (B02) (Bas 02)",17-May-26,187673.71,187673.71,187673.71,187673.71,1,1.0,0,0.0,The Big -P.01-UP-20-April-26,CON-B02-BAS02-1030,10-May-26,100.00%,100.00%,"$187,673.71","$187,673.71","$187,673.71",
The Big -P.01-UP-20-April-26,E-SUB-B04-3RD-1000,395,161,161,The Big -P.01-UP-20-April-26,The Big - P.01 - UP-24-MAY-26.EN.2.S.P01.B04.SUP.3rdF,E-SUB-B04-3RD-1000,Submittal for Col. & Walls Conc. Dim.  & RFT DWGs (B04) (3rd),24-Jan-26,14-Feb-26,01-Jan-26 A,10-Feb-26 A,19-Jul-26,19-Jul-26,1,1.0,1.0,,No,,The Big -P.01-UP-20-April-26,E-SUB-B04-3RD-1000,Submittal for Col. & Walls Conc. Dim.  & RFT DWGs (B04) (3rd),17-May-26,0.0,0.0,0.0,0.0,0,0.0,0,0.0,The Big -P.01-UP-20-April-26,E-SUB-B04-3RD-1000,10-May-26,100.00%,100.00%,$0.00,$0.00,$0.00,
The Big -P.01-UP-20-April-26,E-SUB-B01-5TH-1000,396,199,199,The Big -P.01-UP-20-April-26,The Big - P.01 - UP-24-MAY-26.EN.2.S.P02.B01.SUP.5thF,E-SUB-B01-5TH-1000,Submittal for Col. & Walls Conc. Dim.  & RFT DWGs (B01) (5th),24-Jan-26,14-Feb-26,01-Feb-26 A,03-Feb-26 A,20-Sep-26,20-Sep-26,1,1.0,1.0,,No,,The Big -P.01-UP-20-April-26,E-SUB-B01-5TH-1000,Submittal for Col. & Walls Conc. Dim.  & RFT DWGs (B01) (5th),17-May-26,0.0,0.0,0.0,0.0,0,0.0,0,0.0,The Big -P.01-UP-20-April-26,E-SUB-B01-5TH-1000,10-May-26,100.00%,100.00%,$0.00,$0.00,$0.00,
The Big -P.01-UP-20-April-26,E-APP-B02-2ND-1020,397,521,517,The Big -P.01-UP-20-April-26,The Big - P.01 - UP-24-MAY-26.EN.2.A.P02.B02.SUP.2ndF,E-APP-B02-2ND-1020,Approval for Beams Conc. Dim.  & RFT DWGs (B02) (2nd),24-Jan-26,4-Feb-26,11-Jun-26,22-Jun-26,20-Aug-26,1-Sep-26,1,1.0,0.0,58.0,No,,The Big -P.01-UP-20-April-26,E-APP-B02-2ND-1020,Approval for Beams Conc. Dim.  & RFT DWGs (B02) (2nd),17-May-26,0.0,0.0,0.0,0.0,0,0.0,0,0.0,The Big -P.01-UP-20-April-26,E-APP-B02-2ND-1020,10-May-26,100.00%,0.00%,$0.00,$0.00,$0.00,
The Big -P.01-UP-20-April-26,E-APP-B04-1ST-1020,398,536,532,The Big -P.01-UP-20-April-26,The Big - P.01 - UP-24-MAY-26.EN.2.A.P01.B04.SUP.1stF,E-APP-B04-1ST-1020,Approval for Beams Conc. Dim.  & RFT DWGs (B04) (1st),24-Jan-26,4-Feb-26,11-Jun-26,22-Jun-26,19-May-26,3-Jun-26,1,1.0,0.0,-16.0,Yes,,The Big -P.01-UP-20-April-26,E-APP-B04-1ST-1020,Approval for Beams Conc. Dim.  & RFT DWGs (B04) (1st),17-May-26,0.0,0.0,0.0,0.0,0,0.0,0,0.0,The Big -P.01-UP-20-April-26,E-APP-B04-1ST-1020,10-May-26,100.00%,0.00%,$0.00,$0.00,$0.00,
The Big -P.01-UP-20-April-26,CON-B01-BAS02-1090,399,613,612,The Big -P.01-UP-20-April-26,The Big - P.01 - UP-24-MAY-26.CON.P02.B01.SUB.2ndB,CON-B01-BAS02-1090,RFT for Ramps (B01) (Bas 02),24-Jan-26,2-Feb-26,22-Jun-26,2-Jul-26,26-Jan-26,3-Feb-26,1,1.0,0.0,-117.0,Yes,,The Big -P.01-UP-20-April-26,CON-B01-BAS02-1090,RFT for Ramps (B01) (Bas 02),17-May-26,1075623.24,0.0,0.0,1075623.24,0,0.0,0,-1075623.24,The Big -P.01-UP-20-April-26,CON-B01-BAS02-1090,10-May-26,100.00%,0.00%,"$1,075,623.24",$0.00,$0.00,
The Big -P.01-UP-20-April-26,AB-SUB-B04-FOOT-1010,400,426,421,The Big -P.01-UP-20-April-26,The Big - P.01 - UP-24-MAY-26.HO.1.S.P01.B04.SUB.F,AB-SUB-B04-FOOT-1010,Submittal for RC Raft & Footings Conc. Dim. DWGs As-Built Drawing (B04) (footing),24-Jan-26,14-Feb-26,19-May-26,14-Jun-26,6-Mar-27,29-Mar-27,1,1.0,0.0,238.0,No,,The Big -P.01-UP-20-April-26,AB-SUB-B04-FOOT-1010,Submittal for RC Raft & Footings Conc. Dim. DWGs As-Built Drawing (B04) (footing),17-May-26,0.0,0.0,0.0,0.0,0,0.0,0,0.0,The Big -P.01-UP-20-April-26,AB-SUB-B04-FOOT-1010,10-May-26,100.00%,0.00%,$0.00,$0.00,$0.00,
The Big -P.01-UP-20-April-26,AB-APP-B04-FOOT-1000,401,491,484,The Big -P.01-UP-20-April-26,The Big - P.01 - UP-24-MAY-26.HO.1.A.P01.B04.SUB.F,AB-APP-B04-FOOT-1000,Approval for PC Raft Conc. Dim. Conc. Dim.  & RFT DWGs As-Built Drawing  (B04) (footing),24-Jan-26,7-Feb-26,4-Jun-26,17-Jun-26,23-Mar-27,5-Apr-27,1,1.0,0.0,241.0,No,,The Big -P.01-UP-20-April-26,AB-APP-B04-FOOT-1000,Approval for PC Raft Conc. Dim. Conc. Dim.  & RFT DWGs As-Built Drawing  (B04) (footing),17-May-26,0.0,0.0,0.0,0.0,0,0.0,0,0.0,The Big -P.01-UP-20-April-26,AB-APP-B04-FOOT-1000,10-May-26,100.00%,0.00%,$0.00,$0.00,$0.00,
The Big -P.01-UP-20-April-26,AB-APP-B02-FOOT-1030,402,700,699,The Big -P.01-UP-20-April-26,The Big - P.01 - UP-24-MAY-26.HO.1.A.P02.B02.SUB.F,AB-APP-B02-FOOT-1030,Approval for  Waterproofing Layout Plan DWGs As-Built Drawing  (B02),24-Jan-26,7-Feb-26,22-Jul-26,5-Aug-26,23-Mar-27,5-Apr-27,1,1.0,0.0,201.0,No,,The Big -P.01-UP-20-April-26,AB-APP-B02-FOOT-1030,Approval for  Waterproofing Layout Plan DWGs As-Built Drawing  (B02),17-May-26,0.0,0.0,0.0,0.0,0,0.0,0,0.0,The Big -P.01-UP-20-April-26,AB-APP-B02-FOOT-1030,10-May-26,100.00%,0.00%,$0.00,$0.00,$0.00,
The Big -P.01-UP-20-April-26,CON-B04-FOOT-1080,403,337,337,The Big -P.01-UP-20-April-26,The Big - P.01 - UP-24-MAY-26.CON.P01.B04.SUB.1,CON-B04-FOOT-1080,Pouring for RC Raft & Footings (B04) (footing),26-Jan-26,27-Jan-26,12-Mar-26 A,17-May-26,28-Jan-26,28-Jan-26,1,1.0,0.65,-88.0,Yes,,The Big -P.01-UP-20-April-26,CON-B04-FOOT-1080,Pouring for RC Raft & Footings (B04) (footing),17-May-26,10111815.91,6572680.34,6572680.34,10111815.91,1,0.65,0,-3539135.57,The Big -P.01-UP-20-April-26,CON-B04-FOOT-1080,10-May-26,100.00%,65.00%,"$10,111,815.91","$6,572,680.34","$6,572,680.34",
The Big -P.01-UP-20-April-26,E-SUB-B02-3RD-1030,404,445,440,The Big -P.01-UP-20-April-26,The Big - P.01 - UP-24-MAY-26.EN.2.S.P02.B02.SUP.3rdF,E-SUB-B02-3RD-1030,Submittal for Slabs Conc. Dim.  & RFT DWGs (B02) (3rd),26-Jan-26,15-Feb-26,20-May-26,14-Jun-26,29-Sep-26,20-Oct-26,1,1.0,0.0,106.0,No,,The Big -P.01-UP-20-April-26,E-SUB-B02-3RD-1030,Submittal for Slabs Conc. Dim.  & RFT DWGs (B02) (3rd),17-May-26,0.0,0.0,0.0,0.0,0,0.0,0,0.0,The Big -P.01-UP-20-April-26,E-SUB-B02-3RD-1030,10-May-26,100.00%,0.00%,$0.00,$0.00,$0.00,
The Big -P.01-UP-20-April-26,E-SUB-B01-4TH-1030,405,449,444,The Big -P.01-UP-20-April-26,The Big - P.01 - UP-24-MAY-26.EN.2.S.P02.B01.SUP.4thF,E-SUB-B01-4TH-1030,Submittal for Slabs Conc. Dim.  & RFT DWGs (B01) (4th),26-Jan-26,15-Feb-26,20-May-26,14-Jun-26,30-Jul-26,19-Aug-26,1,1.0,0.0,55.0,No,,The Big -P.01-UP-20-April-26,E-SUB-B01-4TH-1030,Submittal for Slabs Conc. Dim.  & RFT DWGs (B01) (4th),17-May-26,0.0,0.0,0.0,0.0,0,0.0,0,0.0,The Big -P.01-UP-20-April-26,E-SUB-B01-4TH-1030,10-May-26,100.00%,0.00%,$0.00,$0.00,$0.00,
The Big -P.01-UP-20-April-26,E-APP-B01-3ED-1010,406,226,226,The Big -P.01-UP-20-April-26,The Big - P.01 - UP-24-MAY-26.EN.2.A.P02.B01.SUP.3rdF,E-APP-B01-3ED-1010,Approval for Stairs Conc. Dim.  & RFT DWGs (B01) (3rd),26-Jan-26,5-Feb-26,01-Feb-26 A,07-Feb-26 A,25-Jul-26,25-Jul-26,1,1.0,1.0,,No,,The Big -P.01-UP-20-April-26,E-APP-B01-3ED-1010,Approval for Stairs Conc. Dim.  & RFT DWGs (B01) (3rd),17-May-26,0.0,0.0,0.0,0.0,0,0.0,0,0.0,The Big -P.01-UP-20-April-26,E-APP-B01-3ED-1010,10-May-26,100.00%,100.00%,$0.00,$0.00,$0.00,
The Big -P.01-UP-20-April-26,E-APP-B03-3RD-1010,407,282,282,The Big -P.01-UP-20-April-26,The Big - P.01 - UP-24-MAY-26.EN.2.A.P01.B03.SUP.3rdF,E-APP-B03-3RD-1010,Approval for Stairs Conc. Dim.  & RFT DWGs  (B03) (3rd),26-Jan-26,5-Feb-26,01-Feb-26 A,25-Mar-26 A,4-Nov-26,4-Nov-26,1,1.0,1.0,,No,,The Big -P.01-UP-20-April-26,E-APP-B03-3RD-1010,Approval for Stairs Conc. Dim.  & RFT DWGs  (B03) (3rd),17-May-26,0.0,0.0,0.0,0.0,0,0.0,0,0.0,The Big -P.01-UP-20-April-26,E-APP-B03-3RD-1010,10-May-26,100.00%,100.00%,$0.00,$0.00,$0.00,
The Big -P.01-UP-20-April-26,CON-B03-FOOT-1120,408,659,655,The Big -P.01-UP-20-April-26,The Big - P.01 - UP-24-MAY-26.CON.P01.B03.SUB.F,CON-B03-FOOT-1120,Soil Backfilling (B03) (footing),27-Jan-26,31-Jan-26,8-Jul-26,12-Jul-26,6-Jan-27,11-Jan-27,1,1.0,0.0,153.0,No,,The Big -P.01-UP-20-April-26,CON-B03-FOOT-1120,Soil Backfilling (B03) (footing),17-May-26,381216.36,0.0,0.0,381216.36,0,0.0,0,-381216.36,The Big -P.01-UP-20-April-26,CON-B03-FOOT-1120,10-May-26,100.00%,0.00%,"$381,216.36",$0.00,$0.00,
The Big -P.01-UP-20-April-26,CON-B02-BAS02-1040,409,347,413,The Big -P.01-UP-20-April-26,The Big - P.01 - UP-24-MAY-26.CON.P02.B02.SUB.2ndB,CON-B02-BAS02-1040,Shuttering for Slabs & Beams (B02) (Bas 02),27-Jan-26,4-Feb-26,05-May-26 A,24-May-26,29-Jan-26,5-Feb-26,1,1.0,0.2,-87.0,Yes,,The Big -P.01-UP-20-April-26,CON-B02-BAS02-1040,Shuttering for Slabs & Beams (B02) (Bas 02),17-May-26,1971584.22,394316.84,394316.84,1971584.22,1,0.2,0,-1577267.38,The Big -P.01-UP-20-April-26,CON-B02-BAS02-1040,10-May-26,100.00%,0.00%,"$1,971,584.22",$0.00,$0.00,
The Big -P.01-UP-20-April-26,CON-B03-BAS02-1020,410,330,330,The Big -P.01-UP-20-April-26,The Big - P.01 - UP-24-MAY-26.CON.P01.B03.SUB.2ndB,CON-B03-BAS02-1020,"Shuttering for Walls, Col. & Cores (B03) (Bas 02)",27-Jan-26,9-Feb-26,07-Mar-26 A,11-Mar-26 A,12-Feb-26,12-Feb-26,1,1.0,1.0,,No,,The Big -P.01-UP-20-April-26,CON-B03-BAS02-1020,"Shuttering for Walls, Col. & Cores (B03) (Bas 02)",17-May-26,928590.39,928590.39,928590.39,928590.39,1,1.0,0,0.0,The Big -P.01-UP-20-April-26,CON-B03-BAS02-1020,10-May-26,100.00%,100.00%,"$928,590.39","$928,590.39","$928,590.39",
The Big -P.01-UP-20-April-26,E-SUB-B03-4TH-1020,411,364,362,The Big -P.01-UP-20-April-26,The Big - P.01 - UP-24-MAY-26.EN.2.S.P01.B03.SUP.4thF,E-SUB-B03-4TH-1020,Submittal for Beams Conc. Dim.  & RFT DWGs (B03) (4th),27-Jan-26,16-Feb-26,17-May-26,10-Jun-26,1-Dec-26,21-Dec-26,1,1.0,0.0,162.0,No,,The Big -P.01-UP-20-April-26,E-SUB-B03-4TH-1020,Submittal for Beams Conc. Dim.  & RFT DWGs (B03) (4th),17-May-26,0.0,0.0,0.0,0.0,0,0.0,0,0.0,The Big -P.01-UP-20-April-26,E-SUB-B03-4TH-1020,10-May-26,100.00%,0.00%,$0.00,$0.00,$0.00,
The Big -P.01-UP-20-April-26,AB-SUB-B02-BAS2-1000,412,423,415,The Big -P.01-UP-20-April-26,The Big - P.01 - UP-24-MAY-26.HO.1.S.P02.B02.SUB.2ndB,AB-SUB-B02-BAS2-1000,Submittal for Col. & Walls Conc. Dim.& RFT DWGs As-Built Drawing (B02) (Bas 02),27-Jan-26,16-Feb-26,17-May-26,10-Jun-26,6-Mar-27,29-Mar-27,1,1.0,0.0,241.0,No,,The Big -P.01-UP-20-April-26,AB-SUB-B02-BAS2-1000,Submittal for Col. & Walls Conc. Dim.& RFT DWGs As-Built Drawing (B02) (Bas 02),17-May-26,0.0,0.0,0.0,0.0,0,0.0,0,0.0,The Big -P.01-UP-20-April-26,AB-SUB-B02-BAS2-1000,10-May-26,100.00%,0.00%,$0.00,$0.00,$0.00,
The Big -P.01-UP-20-April-26,AB-SUB-B03-FOOT-1030,413,665,657,The Big -P.01-UP-20-April-26,The Big - P.01 - UP-24-MAY-26.HO.1.S.P01.B03.SUB.F,AB-SUB-B03-FOOT-1030,Submittal for  Waterproofing Layout Plan DWGs As-Built Drawing (B03),27-Jan-26,16-Feb-26,8-Jul-26,29-Jul-26,6-Mar-27,29-Mar-27,1,1.0,0.0,201.0,No,,The Big -P.01-UP-20-April-26,AB-SUB-B03-FOOT-1030,Submittal for  Waterproofing Layout Plan DWGs As-Built Drawing (B03),17-May-26,0.0,0.0,0.0,0.0,0,0.0,0,0.0,The Big -P.01-UP-20-April-26,AB-SUB-B03-FOOT-1030,10-May-26,100.00%,0.00%,$0.00,$0.00,$0.00,
The Big -P.01-UP-20-April-26,E-SUB-B04-3RD-1010,414,241,241,The Big -P.01-UP-20-April-26,The Big - P.01 - UP-24-MAY-26.EN.2.S.P01.B04.SUP.3rdF,E-SUB-B04-3RD-1010,Submittal for Stairs Conc. Dim.  & RFT DWGs (B04) (3rd),28-Jan-26,17-Feb-26,01-Feb-26 A,21-Feb-26 A,19-Jul-26,19-Jul-26,1,1.0,1.0,,No,,The Big -P.01-UP-20-April-26,E-SUB-B04-3RD-1010,Submittal for Stairs Conc. Dim.  & RFT DWGs (B04) (3rd),17-May-26,0.0,0.0,0.0,0.0,0,0.0,0,0.0,The Big -P.01-UP-20-April-26,E-SUB-B04-3RD-1010,10-May-26,100.00%,100.00%,$0.00,$0.00,$0.00,
The Big -P.01-UP-20-April-26,E-SUB-B01-5TH-1010,415,92,92,The Big -P.01-UP-20-April-26,The Big - P.01 - UP-24-MAY-26.EN.2.S.P02.B01.SUP.5thF,E-SUB-B01-5TH-1010,Submittal for Stairs Conc. Dim.  & RFT DWGs (B01) (5th),28-Jan-26,17-Feb-26,01-Nov-25 A,15-Nov-25 A,20-Sep-26,20-Sep-26,1,1.0,1.0,,No,,The Big -P.01-UP-20-April-26,E-SUB-B01-5TH-1010,Submittal for Stairs Conc. Dim.  & RFT DWGs (B01) (5th),17-May-26,0.0,0.0,0.0,0.0,0,0.0,0,0.0,The Big -P.01-UP-20-April-26,E-SUB-B01-5TH-1010,10-May-26,100.00%,100.00%,$0.00,$0.00,$0.00,
The Big -P.01-UP-20-April-26,E-APP-B02-2ND-1030,416,560,556,The Big -P.01-UP-20-April-26,The Big - P.01 - UP-24-MAY-26.EN.2.A.P02.B02.SUP.2ndF,E-APP-B02-2ND-1030,Approval for Slabs Conc. Dim.  & RFT DWGs (B02) (2nd),28-Jan-26,8-Feb-26,15-Jun-26,25-Jun-26,20-Aug-26,1-Sep-26,1,1.0,0.0,55.0,No,,The Big -P.01-UP-20-April-26,E-APP-B02-2ND-1030,Approval for Slabs Conc. Dim.  & RFT DWGs (B02) (2nd),17-May-26,0.0,0.0,0.0,0.0,0,0.0,0,0.0,The Big -P.01-UP-20-April-26,E-APP-B02-2ND-1030,10-May-26,100.00%,0.00%,$0.00,$0.00,$0.00,
The Big -P.01-UP-20-April-26,E-APP-B04-1ST-1030,417,573,569,The Big -P.01-UP-20-April-26,The Big - P.01 - UP-24-MAY-26.EN.2.A.P01.B04.SUP.1stF,E-APP-B04-1ST-1030,Approval for Slabs Conc. Dim.  & RFT DWGs (B04) (1st),28-Jan-26,8-Feb-26,15-Jun-26,25-Jun-26,19-May-26,3-Jun-26,1,1.0,0.0,-19.0,Yes,,The Big -P.01-UP-20-April-26,E-APP-B04-1ST-1030,Approval for Slabs Conc. Dim.  & RFT DWGs (B04) (1st),17-May-26,0.0,0.0,0.0,0.0,0,0.0,0,0.0,The Big -P.01-UP-20-April-26,E-APP-B04-1ST-1030,10-May-26,100.00%,0.00%,$0.00,$0.00,$0.00,
The Big -P.01-UP-20-April-26,AB-SUB-B04-FOOT-1020,418,461,457,The Big -P.01-UP-20-April-26,The Big - P.01 - UP-24-MAY-26.HO.1.S.P01.B04.SUB.F,AB-SUB-B04-FOOT-1020,Submittal for RC Raft & Footings RFT DWGs As-Built Drawing (B04) (footing),28-Jan-26,17-Feb-26,19-May-26,14-Jun-26,6-Mar-27,29-Mar-27,1,1.0,0.0,238.0,No,,The Big -P.01-UP-20-April-26,AB-SUB-B04-FOOT-1020,Submittal for RC Raft & Footings RFT DWGs As-Built Drawing (B04) (footing),17-May-26,0.0,0.0,0.0,0.0,0,0.0,0,0.0,The Big -P.01-UP-20-April-26,AB-SUB-B04-FOOT-1020,10-May-26,100.00%,0.00%,$0.00,$0.00,$0.00,
The Big -P.01-UP-20-April-26,CON-B04-FOOT-1090,419,416,412,The Big -P.01-UP-20-April-26,The Big - P.01 - UP-24-MAY-26.CON.P01.B04.SUB.1,CON-B04-FOOT-1090,Pouring Columns & Walls Below SOG (B01) (footing),28-Jan-26,28-Jan-26,18-May-26,19-May-26,28-Jan-26,28-Jan-26,1,1.0,0.0,-90.0,Yes,,The Big -P.01-UP-20-April-26,CON-B04-FOOT-1090,Pouring Columns & Walls Below SOG (B01) (footing),17-May-26,222249.3,0.0,0.0,222249.3,0,0.0,0,-222249.3,The Big -P.01-UP-20-April-26,CON-B04-FOOT-1090,10-May-26,100.00%,0.00%,"$222,249.30",$0.00,$0.00,
The Big -P.01-UP-20-April-26,CON-B04-FOOT-1100,420,460,456,The Big -P.01-UP-20-April-26,The Big - P.01 - UP-24-MAY-26.CON.P01.B04.SUB.1,CON-B04-FOOT-1100,Curing & Deshuttering for RC Raft & Footings (B04) (footing),29-Jan-26,31-Jan-26,19-May-26,22-May-26,29-Jan-26,31-Jan-26,1,1.0,0.0,-111.0,Yes,,The Big -P.01-UP-20-April-26,CON-B04-FOOT-1100,Curing & Deshuttering for RC Raft & Footings (B04) (footing),17-May-26,0.0,0.0,0.0,0.0,0,0.0,0,0.0,The Big -P.01-UP-20-April-26,CON-B04-FOOT-1100,10-May-26,100.00%,0.00%,$0.00,$0.00,$0.00,
The Big -P.01-UP-20-April-26,CON-B02-BAS02-1050,421,420,458,The Big -P.01-UP-20-April-26,The Big - P.01 - UP-24-MAY-26.CON.P02.B02.SUB.2ndB,CON-B02-BAS02-1050,Shuttering for Stairs (B02) (Bas 02),29-Jan-26,4-Feb-26,17-May-26,23-May-26,29-Jan-26,4-Feb-26,1,1.0,0.0,-87.0,Yes,,The Big -P.01-UP-20-April-26,CON-B02-BAS02-1050,Shuttering for Stairs (B02) (Bas 02),17-May-26,16436.16,0.0,0.0,16436.16,0,0.0,0,-16436.16,The Big -P.01-UP-20-April-26,CON-B02-BAS02-1050,10-May-26,100.00%,0.00%,"$16,436.16",$0.00,$0.00,
The Big -P.01-UP-20-April-26,CON-B02-BAS02-1060,422,421,459,The Big -P.01-UP-20-April-26,The Big - P.01 - UP-24-MAY-26.CON.P02.B02.SUB.2ndB,CON-B02-BAS02-1060,RFT for Slabs & Beams (B02) (Bas 02),29-Jan-26,9-Feb-26,17-May-26,1-Jun-26,2-Feb-26,12-Feb-26,1,1.0,0.0,-84.0,Yes,,The Big -P.01-UP-20-April-26,CON-B02-BAS02-1060,RFT for Slabs & Beams (B02) (Bas 02),17-May-26,1930616.77,0.0,0.0,1930616.77,0,0.0,0,-1930616.77,The Big -P.01-UP-20-April-26,CON-B02-BAS02-1060,10-May-26,100.00%,0.00%,"$1,930,616.77",$0.00,$0.00,
The Big -P.01-UP-20-April-26,E-SUB-B02-4TH-1000,423,76,76,The Big -P.01-UP-20-April-26,The Big - P.01 - UP-24-MAY-26.EN.2.S.P02.B02.SUP.4thF,E-SUB-B02-4TH-1000,Submittal for Col. & Walls Conc. Dim.  & RFT DWGs (B02) (4th),29-Jan-26,18-Feb-26,25-Oct-25 A,13-Nov-25 A,26-Nov-26,26-Nov-26,1,1.0,1.0,,No,,The Big -P.01-UP-20-April-26,E-SUB-B02-4TH-1000,Submittal for Col. & Walls Conc. Dim.  & RFT DWGs (B02) (4th),17-May-26,0.0,0.0,0.0,0.0,0,0.0,0,0.0,The Big -P.01-UP-20-April-26,E-SUB-B02-4TH-1000,10-May-26,100.00%,100.00%,$0.00,$0.00,$0.00,
The Big -P.01-UP-20-April-26,E-APP-B01-3ED-1020,424,526,522,The Big -P.01-UP-20-April-26,The Big - P.01 - UP-24-MAY-26.EN.2.A.P02.B01.SUP.3rdF,E-APP-B01-3ED-1020,Approval for Beams Conc. Dim.  & RFT DWGs (B01) (3rd),29-Jan-26,9-Feb-26,11-Jun-26,22-Jun-26,12-Jul-26,22-Jul-26,1,1.0,0.0,25.0,No,,The Big -P.01-UP-20-April-26,E-APP-B01-3ED-1020,Approval for Beams Conc. Dim.  & RFT DWGs (B01) (3rd),17-May-26,0.0,0.0,0.0,0.0,0,0.0,0,0.0,The Big -P.01-UP-20-April-26,E-APP-B01-3ED-1020,10-May-26,100.00%,0.00%,$0.00,$0.00,$0.00,
The Big -P.01-UP-20-April-26,E-APP-B03-3RD-1020,425,546,542,The Big -P.01-UP-20-April-26,The Big - P.01 - UP-24-MAY-26.EN.2.A.P01.B03.SUP.3rdF,E-APP-B03-3RD-1020,Approval for Beams Conc. Dim.  & RFT DWGs  (B03) (3rd),29-Jan-26,9-Feb-26,11-Jun-26,22-Jun-26,24-Oct-26,3-Nov-26,1,1.0,0.0,111.0,No,,The Big -P.01-UP-20-April-26,E-APP-B03-3RD-1020,Approval for Beams Conc. Dim.  & RFT DWGs  (B03) (3rd),17-May-26,0.0,0.0,0.0,0.0,0,0.0,0,0.0,The Big -P.01-UP-20-April-26,E-APP-B03-3RD-1020,10-May-26,100.00%,0.00%,$0.00,$0.00,$0.00,
The Big -P.01-UP-20-April-26,E-SUB-B03-SOG-1000,426,383,381,The Big -P.01-UP-20-April-26,The Big - P.01 - UP-24-MAY-26.EN.2.S.P01.B03.SUB.2ndB.1,E-SUB-B03-SOG-1000,Submittal for S.O.G Conc. Dim. DWGs (B03) (Sog),29-Jan-26,18-Feb-26,17-May-26,10-Jun-26,6-Jan-27,28-Jan-27,1,1.0,0.0,193.0,No,,The Big -P.01-UP-20-April-26,E-SUB-B03-SOG-1000,Submittal for S.O.G Conc. Dim. DWGs (B03) (Sog),17-May-26,0.0,0.0,0.0,0.0,0,0.0,0,0.0,The Big -P.01-UP-20-April-26,E-SUB-B03-SOG-1000,10-May-26,100.00%,0.00%,$0.00,$0.00,$0.00,
The Big -P.01-UP-20-April-26,E-SUB-B03-4TH-1030,427,442,437,The Big -P.01-UP-20-April-26,The Big - P.01 - UP-24-MAY-26.EN.2.S.P01.B03.SUP.4thF,E-SUB-B03-4TH-1030,Submittal for Slabs Conc. Dim.  & RFT DWGs (B03) (4th),31-Jan-26,19-Feb-26,20-May-26,14-Jun-26,5-Dec-26,24-Dec-26,1,1.0,0.0,162.0,No,,The Big -P.01-UP-20-April-26,E-SUB-B03-4TH-1030,Submittal for Slabs Conc. Dim.  & RFT DWGs (B03) (4th),17-May-26,0.0,0.0,0.0,0.0,0,0.0,0,0.0,The Big -P.01-UP-20-April-26,E-SUB-B03-4TH-1030,10-May-26,100.00%,0.00%,$0.00,$0.00,$0.00,
The Big -P.01-UP-20-April-26,CON-B04-FOOT-1110,428,641,641,The Big -P.01-UP-20-April-26,The Big - P.01 - UP-24-MAY-26.CON.P01.B04.SUB.1,CON-B04-FOOT-1110,Bitumen Ins. for RC Raft & Footings (B04) (footing),1-Feb-26,3-Feb-26,5-Jul-26,7-Jul-26,17-Jan-27,19-Jan-27,1,1.0,0.0,164.0,No,,The Big -P.01-UP-20-April-26,CON-B04-FOOT-1110,Bitumen Ins. for RC Raft & Footings (B04) (footing),17-May-26,181365.6,0.0,0.0,181365.6,0,0.0,0,-181365.6,The Big -P.01-UP-20-April-26,CON-B04-FOOT-1110,10-May-26,100.00%,0.00%,"$181,365.60",$0.00,$0.00,
The Big -P.01-UP-20-April-26,CON-B01-BAS02-1100,429,627,627,The Big -P.01-UP-20-April-26,The Big - P.01 - UP-24-MAY-26.CON.P02.B01.SUB.2ndB,CON-B01-BAS02-1100,Pouring for Stairs (B01) (Bas 02),1-Feb-26,2-Feb-26,29-Jun-26,2-Jul-26,4-Feb-26,5-Feb-26,1,1.0,0.0,-115.0,Yes,,The Big -P.01-UP-20-April-26,CON-B01-BAS02-1100,Pouring for Stairs (B01) (Bas 02),17-May-26,24148.8,0.0,0.0,24148.8,0,0.0,0,-24148.8,The Big -P.01-UP-20-April-26,CON-B01-BAS02-1100,10-May-26,100.00%,0.00%,"$24,148.80",$0.00,$0.00,
The Big -P.01-UP-20-April-26,CON-B02-BAS02-1070,430,465,468,The Big -P.01-UP-20-April-26,The Big - P.01 - UP-24-MAY-26.CON.P02.B02.SUB.2ndB,CON-B02-BAS02-1070,RFT for Stairs  (B02) (Bas 02),1-Feb-26,7-Feb-26,19-May-26,25-May-26,1-Feb-26,7-Feb-26,1,1.0,0.0,-87.0,Yes,,The Big -P.01-UP-20-April-26,CON-B02-BAS02-1070,RFT for Stairs  (B02) (Bas 02),17-May-26,30854.95,0.0,0.0,30854.95,0,0.0,0,-30854.95,The Big -P.01-UP-20-April-26,CON-B02-BAS02-1070,10-May-26,100.00%,0.00%,"$30,854.95",$0.00,$0.00,
The Big -P.01-UP-20-April-26,E-SUB-B04-3RD-1020,431,355,353,The Big -P.01-UP-20-April-26,The Big - P.01 - UP-24-MAY-26.EN.2.S.P01.B04.SUP.3rdF,E-SUB-B04-3RD-1020,Submittal for Beams Conc. Dim.  & RFT DWGs (B04) (3rd),1-Feb-26,21-Feb-26,17-May-26,10-Jun-26,19-Jul-26,9-Aug-26,1,1.0,0.0,49.0,No,,The Big -P.01-UP-20-April-26,E-SUB-B04-3RD-1020,Submittal for Beams Conc. Dim.  & RFT DWGs (B04) (3rd),17-May-26,0.0,0.0,0.0,0.0,0,0.0,0,0.0,The Big -P.01-UP-20-April-26,E-SUB-B04-3RD-1020,10-May-26,100.00%,0.00%,$0.00,$0.00,$0.00,
The Big -P.01-UP-20-April-26,E-SUB-B01-5TH-1020,432,373,371,The Big -P.01-UP-20-April-26,The Big - P.01 - UP-24-MAY-26.EN.2.S.P02.B01.SUP.5thF,E-SUB-B01-5TH-1020,Submittal for Beams Conc. Dim.  & RFT DWGs (B01) (5th),1-Feb-26,21-Feb-26,17-May-26,10-Jun-26,20-Sep-26,11-Oct-26,1,1.0,0.0,101.0,No,,The Big -P.01-UP-20-April-26,E-SUB-B01-5TH-1020,Submittal for Beams Conc. Dim.  & RFT DWGs (B01) (5th),17-May-26,0.0,0.0,0.0,0.0,0,0.0,0,0.0,The Big -P.01-UP-20-April-26,E-SUB-B01-5TH-1020,10-May-26,100.00%,0.00%,$0.00,$0.00,$0.00,
The Big -P.01-UP-20-April-26,E-APP-B04-2ND-1000,433,273,273,The Big -P.01-UP-20-April-26,The Big - P.01 - UP-24-MAY-26.EN.2.A.P01.B04.SUP.2ndF,E-APP-B04-2ND-1000,Approval for Col. & Walls Conc. Dim.  & RFT DWGs (B04) (2nd),1-Feb-26,11-Feb-26,01-Feb-26 A,12-Feb-26 A,1-Jul-26,1-Jul-26,1,1.0,1.0,,No,,The Big -P.01-UP-20-April-26,E-APP-B04-2ND-1000,Approval for Col. & Walls Conc. Dim.  & RFT DWGs (B04) (2nd),17-May-26,0.0,0.0,0.0,0.0,0,0.0,0,0.0,The Big -P.01-UP-20-April-26,E-APP-B04-2ND-1000,10-May-26,100.00%,100.00%,$0.00,$0.00,$0.00,
The Big -P.01-UP-20-April-26,CON-B04-BAS02-1000,434,468,465,The Big -P.01-UP-20-April-26,The Big - P.01 - UP-24-MAY-26.CON.P01.B04.SUB.3,CON-B04-BAS02-1000,"Scaffolding works for Walls, Col. & Cores (B04) (Bas 02)",1-Feb-26,8-Feb-26,23-May-26,3-Jun-26,1-Feb-26,8-Feb-26,1,1.0,0.0,-90.0,Yes,,The Big -P.01-UP-20-April-26,CON-B04-BAS02-1000,"Scaffolding works for Walls, Col. & Cores (B04) (Bas 02)",17-May-26,0.0,0.0,0.0,0.0,0,0.0,0,0.0,The Big -P.01-UP-20-April-26,CON-B04-BAS02-1000,10-May-26,100.00%,0.00%,$0.00,$0.00,$0.00,
The Big -P.01-UP-20-April-26,CON-B04-BAS02-1010,435,469,466,The Big -P.01-UP-20-April-26,The Big - P.01 - UP-24-MAY-26.CON.P01.B04.SUB.3,CON-B04-BAS02-1010,"RFT for Walls, Col. & Cores (B04) (Bas 02)",1-Feb-26,11-Feb-26,23-May-26,7-Jun-26,1-Feb-26,11-Feb-26,1,1.0,0.0,-90.0,Yes,,The Big -P.01-UP-20-April-26,CON-B04-BAS02-1010,"RFT for Walls, Col. & Cores (B04) (Bas 02)",17-May-26,1998244.03,0.0,0.0,1998244.03,0,0.0,0,-1998244.03,The Big -P.01-UP-20-April-26,CON-B04-BAS02-1010,10-May-26,100.00%,0.00%,"$1,998,244.03",$0.00,$0.00,
The Big -P.01-UP-20-April-26,AB-APP-B03-FOOT-1010,436,490,483,The Big -P.01-UP-20-April-26,The Big - P.01 - UP-24-MAY-26.HO.1.A.P01.B03.SUB.1,AB-APP-B03-FOOT-1010,Approval for RC Raft & Footings Conc. Dim. DWGs  (B03) (footing),1-Feb-26,14-Feb-26,4-Jun-26,17-Jun-26,23-Mar-27,5-Apr-27,1,1.0,0.0,241.0,No,,The Big -P.01-UP-20-April-26,AB-APP-B03-FOOT-1010,Approval for RC Raft & Footings Conc. Dim. DWGs  (B03) (footing),17-May-26,0.0,0.0,0.0,0.0,0,0.0,0,0.0,The Big -P.01-UP-20-April-26,AB-APP-B03-FOOT-1010,10-May-26,100.00%,0.00%,$0.00,$0.00,$0.00,
The Big -P.01-UP-20-April-26,E-SUB-B02-4TH-1010,437,67,67,The Big -P.01-UP-20-April-26,The Big - P.01 - UP-24-MAY-26.EN.2.S.P02.B02.SUP.4thF,E-SUB-B02-4TH-1010,Submittal for Stairs Conc. Dim.  & RFT DWGs (B02) (4th),2-Feb-26,22-Feb-26,19-Oct-25 A,08-Nov-25 A,26-Nov-26,26-Nov-26,1,1.0,1.0,,No,,The Big -P.01-UP-20-April-26,E-SUB-B02-4TH-1010,Submittal for Stairs Conc. Dim.  & RFT DWGs (B02) (4th),17-May-26,0.0,0.0,0.0,0.0,0,0.0,0,0.0,The Big -P.01-UP-20-April-26,E-SUB-B02-4TH-1010,10-May-26,100.00%,100.00%,$0.00,$0.00,$0.00,
The Big -P.01-UP-20-April-26,E-APP-B01-3ED-1030,438,564,560,The Big -P.01-UP-20-April-26,The Big - P.01 - UP-24-MAY-26.EN.2.A.P02.B01.SUP.3rdF,E-APP-B01-3ED-1030,Approval for Slabs Conc. Dim.  & RFT DWGs (B01) (3rd),2-Feb-26,12-Feb-26,15-Jun-26,25-Jun-26,12-Jul-26,22-Jul-26,1,1.0,0.0,22.0,No,,The Big -P.01-UP-20-April-26,E-APP-B01-3ED-1030,Approval for Slabs Conc. Dim.  & RFT DWGs (B01) (3rd),17-May-26,0.0,0.0,0.0,0.0,0,0.0,0,0.0,The Big -P.01-UP-20-April-26,E-APP-B01-3ED-1030,10-May-26,100.00%,0.00%,$0.00,$0.00,$0.00,
The Big -P.01-UP-20-April-26,E-APP-B03-3RD-1030,439,583,579,The Big -P.01-UP-20-April-26,The Big - P.01 - UP-24-MAY-26.EN.2.A.P01.B03.SUP.3rdF,E-APP-B03-3RD-1030,Approval for Slabs Conc. Dim.  & RFT DWGs  (B03) (3rd),2-Feb-26,12-Feb-26,15-Jun-26,25-Jun-26,24-Oct-26,3-Nov-26,1,1.0,0.0,108.0,No,,The Big -P.01-UP-20-April-26,E-APP-B03-3RD-1030,Approval for Slabs Conc. Dim.  & RFT DWGs  (B03) (3rd),17-May-26,0.0,0.0,0.0,0.0,0,0.0,0,0.0,The Big -P.01-UP-20-April-26,E-APP-B03-3RD-1030,10-May-26,100.00%,0.00%,$0.00,$0.00,$0.00,
The Big -P.01-UP-20-April-26,E-SUB-B03-SOG-1010,440,458,453,The Big -P.01-UP-20-April-26,The Big - P.01 - UP-24-MAY-26.EN.2.S.P01.B03.SUB.2ndB.1,E-SUB-B03-SOG-1010,Submittal for S.O.G RFT DWGs (B03) (Sog),2-Feb-26,22-Feb-26,20-May-26,14-Jun-26,11-Jan-27,1-Feb-27,1,1.0,0.0,193.0,No,,The Big -P.01-UP-20-April-26,E-SUB-B03-SOG-1010,Submittal for S.O.G RFT DWGs (B03) (Sog),17-May-26,0.0,0.0,0.0,0.0,0,0.0,0,0.0,The Big -P.01-UP-20-April-26,E-SUB-B03-SOG-1010,10-May-26,100.00%,0.00%,$0.00,$0.00,$0.00,
The Big -P.01-UP-20-April-26,E-SUB-B01-6TH-1000,441,200,200,The Big -P.01-UP-20-April-26,The Big - P.01 - UP-24-MAY-26.EN.2.S.P02.B01.SUP.6thF,E-SUB-B01-6TH-1000,Submittal for Col. & Walls Conc. Dim.  & RFT DWGs (B01) (6th),3-Feb-26,23-Feb-26,01-Feb-26 A,03-Feb-26 A,26-Oct-26,26-Oct-26,1,1.0,1.0,,No,,The Big -P.01-UP-20-April-26,E-SUB-B01-6TH-1000,Submittal for Col. & Walls Conc. Dim.  & RFT DWGs (B01) (6th),17-May-26,0.0,0.0,0.0,0.0,0,0.0,0,0.0,The Big -P.01-UP-20-April-26,E-SUB-B01-6TH-1000,10-May-26,100.00%,100.00%,$0.00,$0.00,$0.00,
The Big -P.01-UP-20-April-26,E-SUB-B03-RF-1000,442,172,172,The Big -P.01-UP-20-April-26,The Big - P.01 - UP-24-MAY-26.EN.2.S.P01.B03.SUP.RF,E-SUB-B03-RF-1000,Submittal for Col. & Walls Conc. Dim.  & RFT DWGs (B03) (RF),3-Feb-26,23-Feb-26,01-Jan-26 A,10-Feb-26 A,16-Jan-27,16-Jan-27,1,1.0,1.0,,No,,The Big -P.01-UP-20-April-26,E-SUB-B03-RF-1000,Submittal for Col. & Walls Conc. Dim.  & RFT DWGs (B03) (RF),17-May-26,0.0,0.0,0.0,0.0,0,0.0,0,0.0,The Big -P.01-UP-20-April-26,E-SUB-B03-RF-1000,10-May-26,100.00%,100.00%,$0.00,$0.00,$0.00,
The Big -P.01-UP-20-April-26,CON-B01-BAS02-1110,443,632,631,The Big -P.01-UP-20-April-26,The Big - P.01 - UP-24-MAY-26.CON.P02.B01.SUB.2ndB,CON-B01-BAS02-1110,Pouring for  Ramps (B01) (Bas 02),3-Feb-26,4-Feb-26,2-Jul-26,5-Jul-26,4-Feb-26,5-Feb-26,1,1.0,0.0,-117.0,Yes,,The Big -P.01-UP-20-April-26,CON-B01-BAS02-1110,Pouring for  Ramps (B01) (Bas 02),17-May-26,791212.2,0.0,0.0,791212.2,0,0.0,0,-791212.2,The Big -P.01-UP-20-April-26,CON-B01-BAS02-1110,10-May-26,100.00%,0.00%,"$791,212.20",$0.00,$0.00,
The Big -P.01-UP-20-April-26,AB-SUB-B01-BAS2-1010,444,633,632,The Big -P.01-UP-20-April-26,The Big - P.01 - UP-24-MAY-26.HO.1.S.P02.B01.SUB.2ndB,AB-SUB-B01-BAS2-1010,Submittal for Stairs Conc. Dim.  & RFT DWGs As-Built Drawing (B01) (Bas 02),3-Feb-26,23-Feb-26,2-Jul-26,25-Jul-26,6-Mar-27,29-Mar-27,1,1.0,0.0,206.0,No,,The Big -P.01-UP-20-April-26,AB-SUB-B01-BAS2-1010,Submittal for Stairs Conc. Dim.  & RFT DWGs As-Built Drawing (B01) (Bas 02),17-May-26,0.0,0.0,0.0,0.0,0,0.0,0,0.0,The Big -P.01-UP-20-April-26,AB-SUB-B01-BAS2-1010,10-May-26,100.00%,0.00%,$0.00,$0.00,$0.00,
The Big -P.01-UP-20-April-26,AB-APP-B01-BAS2-1000,445,634,633,The Big -P.01-UP-20-April-26,The Big - P.01 - UP-24-MAY-26.HO.1.A.P02.B01.SUB.2ndB,AB-APP-B01-BAS2-1000,Approval for Col. & Walls Conc. Dim.  & RFT DWGs As-Built Drawing (B01) (Bas 02),3-Feb-26,16-Feb-26,2-Jul-26,16-Jul-26,23-Mar-27,5-Apr-27,1,1.0,0.0,218.0,No,,The Big -P.01-UP-20-April-26,AB-APP-B01-BAS2-1000,Approval for Col. & Walls Conc. Dim.  & RFT DWGs As-Built Drawing (B01) (Bas 02),17-May-26,0.0,0.0,0.0,0.0,0,0.0,0,0.0,The Big -P.01-UP-20-April-26,AB-APP-B01-BAS2-1000,10-May-26,100.00%,0.00%,$0.00,$0.00,$0.00,
The Big -P.01-UP-20-April-26,AB-APP-B03-FOOT-1020,446,502,495,The Big -P.01-UP-20-April-26,The Big - P.01 - UP-24-MAY-26.HO.1.A.P01.B03.SUB.1,AB-APP-B03-FOOT-1020,Approval for RC Raft & Footings RFT DWGs As-Built Drawing  (B03) (footing),3-Feb-26,16-Feb-26,4-Jun-26,17-Jun-26,23-Mar-27,5-Apr-27,1,1.0,0.0,241.0,No,,The Big -P.01-UP-20-April-26,AB-APP-B03-FOOT-1020,Approval for RC Raft & Footings RFT DWGs As-Built Drawing  (B03) (footing),17-May-26,0.0,0.0,0.0,0.0,0,0.0,0,0.0,The Big -P.01-UP-20-April-26,AB-APP-B03-FOOT-1020,10-May-26,100.00%,0.00%,$0.00,$0.00,$0.00,
The Big -P.01-UP-20-April-26,CON-B04-FOOT-1120,447,658,654,The Big -P.01-UP-20-April-26,The Big - P.01 - UP-24-MAY-26.CON.P01.B04.SUB.1,CON-B04-FOOT-1120,Soil Backfilling (B04) (footing),4-Feb-26,7-Feb-26,8-Jul-26,11-Jul-26,20-Jan-27,23-Jan-27,1,1.0,0.0,164.0,No,,The Big -P.01-UP-20-April-26,CON-B04-FOOT-1120,Soil Backfilling (B04) (footing),17-May-26,574080.0,0.0,0.0,574080.0,0,0.0,0,-574080.0,The Big -P.01-UP-20-April-26,CON-B04-FOOT-1120,10-May-26,100.00%,0.00%,"$574,080.00",$0.00,$0.00,
The Big -P.01-UP-20-April-26,CON-B01-BAS02-1130,448,638,643,The Big -P.01-UP-20-April-26,The Big - P.01 - UP-24-MAY-26.CON.P02.B01.SUB.2ndB,CON-B01-BAS02-1130,Pouring for Slabs & Beams (B01) (Bas 02),4-Feb-26,5-Feb-26,4-Jul-26,6-Jul-26,4-Feb-26,5-Feb-26,1,1.0,0.0,-118.0,Yes,,The Big -P.01-UP-20-April-26,CON-B01-BAS02-1130,Pouring for Slabs & Beams (B01) (Bas 02),17-May-26,3225524.8,0.0,0.0,3225524.8,0,0.0,0,-3225524.8,The Big -P.01-UP-20-April-26,CON-B01-BAS02-1130,10-May-26,100.00%,0.00%,"$3,225,524.80",$0.00,$0.00,
The Big -P.01-UP-20-April-26,E-SUB-B04-3RD-1030,449,433,428,The Big -P.01-UP-20-April-26,The Big - P.01 - UP-24-MAY-26.EN.2.S.P01.B04.SUP.3rdF,E-SUB-B04-3RD-1030,Submittal for Slabs Conc. Dim.  & RFT DWGs (B04) (3rd),4-Feb-26,24-Feb-26,20-May-26,14-Jun-26,22-Jul-26,12-Aug-26,1,1.0,0.0,49.0,No,,The Big -P.01-UP-20-April-26,E-SUB-B04-3RD-1030,Submittal for Slabs Conc. Dim.  & RFT DWGs (B04) (3rd),17-May-26,0.0,0.0,0.0,0.0,0,0.0,0,0.0,The Big -P.01-UP-20-April-26,E-SUB-B04-3RD-1030,10-May-26,100.00%,0.00%,$0.00,$0.00,$0.00,
The Big -P.01-UP-20-April-26,E-SUB-B01-5TH-1030,450,450,445,The Big -P.01-UP-20-April-26,The Big - P.01 - UP-24-MAY-26.EN.2.S.P02.B01.SUP.5thF,E-SUB-B01-5TH-1030,Submittal for Slabs Conc. Dim.  & RFT DWGs (B01) (5th),4-Feb-26,24-Feb-26,20-May-26,14-Jun-26,23-Sep-26,14-Oct-26,1,1.0,0.0,101.0,No,,The Big -P.01-UP-20-April-26,E-SUB-B01-5TH-1030,Submittal for Slabs Conc. Dim.  & RFT DWGs (B01) (5th),17-May-26,0.0,0.0,0.0,0.0,0,0.0,0,0.0,The Big -P.01-UP-20-April-26,E-SUB-B01-5TH-1030,10-May-26,100.00%,0.00%,$0.00,$0.00,$0.00,
The Big -P.01-UP-20-April-26,E-APP-B04-2ND-1010,451,292,292,The Big -P.01-UP-20-April-26,The Big - P.01 - UP-24-MAY-26.EN.2.A.P01.B04.SUP.2ndF,E-APP-B04-2ND-1010,Approval for Stairs Conc. Dim.  & RFT DWGs (B04) (2nd),4-Feb-26,15-Feb-26,08-Feb-26 A,18-Feb-26 A,15-Jul-26,15-Jul-26,1,1.0,1.0,,No,,The Big -P.01-UP-20-April-26,E-APP-B04-2ND-1010,Approval for Stairs Conc. Dim.  & RFT DWGs (B04) (2nd),17-May-26,0.0,0.0,0.0,0.0,0,0.0,0,0.0,The Big -P.01-UP-20-April-26,E-APP-B04-2ND-1010,10-May-26,100.00%,100.00%,$0.00,$0.00,$0.00,
The Big -P.01-UP-20-April-26,AB-SUB-B04-FOOT-1030,452,666,658,The Big -P.01-UP-20-April-26,The Big - P.01 - UP-24-MAY-26.HO.1.S.P01.B04.SUB.F,AB-SUB-B04-FOOT-1030,Submittal for  Waterproofing Layout Plan DWGs As-Built Drawing (B04),4-Feb-26,24-Feb-26,8-Jul-26,29-Jul-26,6-Mar-27,29-Mar-27,1,1.0,0.0,201.0,No,,The Big -P.01-UP-20-April-26,AB-SUB-B04-FOOT-1030,Submittal for  Waterproofing Layout Plan DWGs As-Built Drawing (B04),17-May-26,0.0,0.0,0.0,0.0,0,0.0,0,0.0,The Big -P.01-UP-20-April-26,AB-SUB-B04-FOOT-1030,10-May-26,100.00%,0.00%,$0.00,$0.00,$0.00,
The Big -P.01-UP-20-April-26,E-SUB-B02-4TH-1020,453,368,366,The Big -P.01-UP-20-April-26,The Big - P.01 - UP-24-MAY-26.EN.2.S.P02.B02.SUP.4thF,E-SUB-B02-4TH-1020,Submittal for Beams Conc. Dim.  & RFT DWGs (B02) (4th),5-Feb-26,25-Feb-26,17-May-26,10-Jun-26,26-Nov-26,16-Dec-26,1,1.0,0.0,158.0,No,,The Big -P.01-UP-20-April-26,E-SUB-B02-4TH-1020,Submittal for Beams Conc. Dim.  & RFT DWGs (B02) (4th),17-May-26,0.0,0.0,0.0,0.0,0,0.0,0,0.0,The Big -P.01-UP-20-April-26,E-SUB-B02-4TH-1020,10-May-26,100.00%,0.00%,$0.00,$0.00,$0.00,
The Big -P.01-UP-20-April-26,E-APP-B02-3RD-1000,454,220,220,The Big -P.01-UP-20-April-26,The Big - P.01 - UP-24-MAY-26.EN.2.A.P02.B02.SUP.3rdF,E-APP-B02-3RD-1000,Approval for Col. & Walls Conc. Dim.  & RFT DWGs (B02) (3rd),5-Feb-26,16-Feb-26,01-Feb-26 A,09-Feb-26 A,13-Oct-26,13-Oct-26,1,1.0,1.0,,No,,The Big -P.01-UP-20-April-26,E-APP-B02-3RD-1000,Approval for Col. & Walls Conc. Dim.  & RFT DWGs (B02) (3rd),17-May-26,0.0,0.0,0.0,0.0,0,0.0,0,0.0,The Big -P.01-UP-20-April-26,E-APP-B02-3RD-1000,10-May-26,100.00%,100.00%,$0.00,$0.00,$0.00,
The Big -P.01-UP-20-April-26,E-APP-B01-4TH-1000,455,259,259,The Big -P.01-UP-20-April-26,The Big - P.01 - UP-24-MAY-26.EN.2.A.P02.B01.SUP.4thF,E-APP-B01-4TH-1000,Approval for Col. & Walls Conc. Dim.  & RFT DWGs (B01) (4th),5-Feb-26,16-Feb-26,01-Feb-26 A,11-Feb-26 A,2-Sep-26,2-Sep-26,1,1.0,1.0,,No,,The Big -P.01-UP-20-April-26,E-APP-B01-4TH-1000,Approval for Col. & Walls Conc. Dim.  & RFT DWGs (B01) (4th),17-May-26,0.0,0.0,0.0,0.0,0,0.0,0,0.0,The Big -P.01-UP-20-April-26,E-APP-B01-4TH-1000,10-May-26,100.00%,100.00%,$0.00,$0.00,$0.00,
The Big -P.01-UP-20-April-26,AB-SUB-B01-BAS2-1020,456,643,647,The Big -P.01-UP-20-April-26,The Big - P.01 - UP-24-MAY-26.HO.1.S.P02.B01.SUB.2ndB,AB-SUB-B01-BAS2-1020,Submittal for Ramps Conc. Dim.  & RFT DWGs As-Built Drawing (B01) (Bas 02),5-Feb-26,25-Feb-26,5-Jul-26,27-Jul-26,6-Mar-27,29-Mar-27,1,1.0,0.0,204.0,No,,The Big -P.01-UP-20-April-26,AB-SUB-B01-BAS2-1020,Submittal for Ramps Conc. Dim.  & RFT DWGs As-Built Drawing (B01) (Bas 02),17-May-26,0.0,0.0,0.0,0.0,0,0.0,0,0.0,The Big -P.01-UP-20-April-26,AB-SUB-B01-BAS2-1020,10-May-26,100.00%,0.00%,$0.00,$0.00,$0.00,
The Big -P.01-UP-20-April-26,123456,457,644,648,The Big -P.01-UP-20-April-26,The Big - P.01 - UP-24-MAY-26.CON.P02.B01.SUB.2ndB,123456,Curing for Ramps & Stairs (B01) (Bas 02),5-Feb-26,7-Feb-26,5-Jul-26,8-Jul-26,6-Feb-26,8-Feb-26,1,1.0,0.0,-149.0,Yes,,The Big -P.01-UP-20-April-26,123456,Curing for Ramps & Stairs (B01) (Bas 02),17-May-26,0.0,0.0,0.0,0.0,0,0.0,0,0.0,The Big -P.01-UP-20-April-26,123456,10-May-26,100.00%,0.00%,$0.00,$0.00,$0.00,
The Big -P.01-UP-20-April-26,CON-B01-BAS02-1120,458,651,649,The Big -P.01-UP-20-April-26,The Big - P.01 - UP-24-MAY-26.CON.P02.B01.SUB.2ndB,CON-B01-BAS02-1120,"Curing for Slabs, Beams, Ramps & Stairs (B01) (Bas 02)",6-Feb-26,8-Feb-26,6-Jul-26,9-Jul-26,6-Feb-26,8-Feb-26,1,1.0,0.0,-150.0,Yes,,The Big -P.01-UP-20-April-26,CON-B01-BAS02-1120,"Curing for Slabs, Beams, Ramps & Stairs (B01) (Bas 02)",17-May-26,0.0,0.0,0.0,0.0,0,0.0,0,0.0,The Big -P.01-UP-20-April-26,CON-B01-BAS02-1120,10-May-26,100.00%,0.00%,$0.00,$0.00,$0.00,
The Big -P.01-UP-20-April-26,E-SUB-B01-6TH-1010,459,93,93,The Big -P.01-UP-20-April-26,The Big - P.01 - UP-24-MAY-26.EN.2.S.P02.B01.SUP.6thF,E-SUB-B01-6TH-1010,Submittal for Stairs Conc. Dim.  & RFT DWGs (B01) (6th),7-Feb-26,26-Feb-26,01-Nov-25 A,15-Nov-25 A,26-Oct-26,26-Oct-26,1,1.0,1.0,,No,,The Big -P.01-UP-20-April-26,E-SUB-B01-6TH-1010,Submittal for Stairs Conc. Dim.  & RFT DWGs (B01) (6th),17-May-26,0.0,0.0,0.0,0.0,0,0.0,0,0.0,The Big -P.01-UP-20-April-26,E-SUB-B01-6TH-1010,10-May-26,100.00%,100.00%,$0.00,$0.00,$0.00,
The Big -P.01-UP-20-April-26,E-SUB-B03-RF-1010,460,378,376,The Big -P.01-UP-20-April-26,The Big - P.01 - UP-24-MAY-26.EN.2.S.P01.B03.SUP.RF,E-SUB-B03-RF-1010,Submittal for Beams Conc. Dim.  & RFT DWGs (B03) (RF),7-Feb-26,26-Feb-26,17-May-26,10-Jun-26,16-Jan-27,6-Feb-27,1,1.0,0.0,200.0,No,,The Big -P.01-UP-20-April-26,E-SUB-B03-RF-1010,Submittal for Beams Conc. Dim.  & RFT DWGs (B03) (RF),17-May-26,0.0,0.0,0.0,0.0,0,0.0,0,0.0,The Big -P.01-UP-20-April-26,E-SUB-B03-RF-1010,10-May-26,100.00%,0.00%,$0.00,$0.00,$0.00,
The Big -P.01-UP-20-April-26,AB-SUB-B01-BAS2-1030,461,652,650,The Big -P.01-UP-20-April-26,The Big - P.01 - UP-24-MAY-26.HO.1.S.P02.B01.SUB.2ndB,AB-SUB-B01-BAS2-1030,Submittal for Slabs Conc. Dim.  & RFT DWGs As-Built Drawing (B01) (Bas 02),7-Feb-26,26-Feb-26,6-Jul-26,28-Jul-26,6-Mar-27,29-Mar-27,1,1.0,0.0,203.0,No,,The Big -P.01-UP-20-April-26,AB-SUB-B01-BAS2-1030,Submittal for Slabs Conc. Dim.  & RFT DWGs As-Built Drawing (B01) (Bas 02),17-May-26,0.0,0.0,0.0,0.0,0,0.0,0,0.0,The Big -P.01-UP-20-April-26,AB-SUB-B01-BAS2-1030,10-May-26,100.00%,0.00%,$0.00,$0.00,$0.00,
The Big -P.01-UP-20-April-26,AB-SUB-B01-BAS2-1040,462,653,651,The Big -P.01-UP-20-April-26,The Big - P.01 - UP-24-MAY-26.HO.1.S.P02.B01.SUB.2ndB,AB-SUB-B01-BAS2-1040,Submittal for Beams Conc. Dim.  & RFT DWGs As-Built Drawing (B01) (Bas 02),7-Feb-26,26-Feb-26,6-Jul-26,28-Jul-26,6-Mar-27,29-Mar-27,1,1.0,0.0,203.0,No,,The Big -P.01-UP-20-April-26,AB-SUB-B01-BAS2-1040,Submittal for Beams Conc. Dim.  & RFT DWGs As-Built Drawing (B01) (Bas 02),17-May-26,0.0,0.0,0.0,0.0,0,0.0,0,0.0,The Big -P.01-UP-20-April-26,AB-SUB-B01-BAS2-1040,10-May-26,100.00%,0.00%,$0.00,$0.00,$0.00,
The Big -P.01-UP-20-April-26,CON-B04-WT-1200,463,507,549,The Big -P.01-UP-20-April-26,The Big - P.01 - UP-24-MAY-26.CON.P01.B04.SUB.3.2,CON-B04-WT-1200,Insulation for Outer Side (B04) (Water Tank),8-Feb-26,12-Feb-26,10-Jun-26,15-Jun-26,26-Feb-26,3-Mar-26,1,1.0,0.0,-80.0,Yes,,The Big -P.01-UP-20-April-26,CON-B04-WT-1200,Insulation for Outer Side (B04) (Water Tank),17-May-26,283500.0,0.0,0.0,283500.0,0,0.0,0,-283500.0,The Big -P.01-UP-20-April-26,CON-B04-WT-1200,10-May-26,100.00%,0.00%,"$283,500.00",$0.00,$0.00,
The Big -P.01-UP-20-April-26,CON-B02-BAS02-1080,464,474,476,The Big -P.01-UP-20-April-26,The Big - P.01 - UP-24-MAY-26.CON.P02.B02.SUB.2ndB,CON-B02-BAS02-1080,Pouring for Stairs  (B02) (Bas 02),8-Feb-26,9-Feb-26,26-May-26,1-Jun-26,8-Feb-26,9-Feb-26,1,1.0,0.0,-87.0,Yes,,The Big -P.01-UP-20-April-26,CON-B02-BAS02-1080,Pouring for Stairs  (B02) (Bas 02),17-May-26,24654.24,0.0,0.0,24654.24,0,0.0,0,-24654.24,The Big -P.01-UP-20-April-26,CON-B02-BAS02-1080,10-May-26,100.00%,0.00%,"$24,654.24",$0.00,$0.00,
The Big -P.01-UP-20-April-26,E-SUB-B04-4TH-1000,465,162,162,The Big -P.01-UP-20-April-26,The Big - P.01 - UP-24-MAY-26.EN.2.S.P01.B04.SUP.4thF,E-SUB-B04-4TH-1000,Submittal for Col. & Walls Conc. Dim.  & RFT DWGs (B04) (4th),8-Feb-26,28-Feb-26,01-Jan-26 A,10-Feb-26 A,26-Aug-26,26-Aug-26,1,1.0,1.0,,No,,The Big -P.01-UP-20-April-26,E-SUB-B04-4TH-1000,Submittal for Col. & Walls Conc. Dim.  & RFT DWGs (B04) (4th),17-May-26,0.0,0.0,0.0,0.0,0,0.0,0,0.0,The Big -P.01-UP-20-April-26,E-SUB-B04-4TH-1000,10-May-26,100.00%,100.00%,$0.00,$0.00,$0.00,
The Big -P.01-UP-20-April-26,E-APP-B04-2ND-1020,466,537,533,The Big -P.01-UP-20-April-26,The Big - P.01 - UP-24-MAY-26.EN.2.A.P01.B04.SUP.2ndF,E-APP-B04-2ND-1020,Approval for Beams Conc. Dim.  & RFT DWGs (B04) (2nd),8-Feb-26,18-Feb-26,11-Jun-26,22-Jun-26,4-Jul-26,14-Jul-26,1,1.0,0.0,18.0,No,,The Big -P.01-UP-20-April-26,E-APP-B04-2ND-1020,Approval for Beams Conc. Dim.  & RFT DWGs (B04) (2nd),17-May-26,0.0,0.0,0.0,0.0,0,0.0,0,0.0,The Big -P.01-UP-20-April-26,E-APP-B04-2ND-1020,10-May-26,100.00%,0.00%,$0.00,$0.00,$0.00,
The Big -P.01-UP-20-April-26,CON-B04-BAS02-1020,467,505,474,The Big -P.01-UP-20-April-26,The Big - P.01 - UP-24-MAY-26.CON.P01.B04.SUB.3,CON-B04-BAS02-1020,"Shuttering for Walls, Col. & Cores (B04) (Bas 02)",8-Feb-26,18-Feb-26,3-Jun-26,14-Jun-26,8-Feb-26,18-Feb-26,1,1.0,0.0,-90.0,Yes,,The Big -P.01-UP-20-April-26,CON-B04-BAS02-1020,"Shuttering for Walls, Col. & Cores (B04) (Bas 02)",17-May-26,1639957.83,0.0,0.0,1639957.83,0,0.0,0,-1639957.83,The Big -P.01-UP-20-April-26,CON-B04-BAS02-1020,10-May-26,100.00%,0.00%,"$1,639,957.83",$0.00,$0.00,
The Big -P.01-UP-20-April-26,AB-SUB-B02-BAS2-1010,468,475,478,The Big -P.01-UP-20-April-26,The Big - P.01 - UP-24-MAY-26.HO.1.S.P02.B02.SUB.2ndB,AB-SUB-B02-BAS2-1010,Submittal for Stairs Conc. Dim.& RFT DWGs As-Built Drawing (B02) (Bas 02),8-Feb-26,28-Feb-26,26-May-26,20-Jun-26,6-Mar-27,29-Mar-27,1,1.0,0.0,233.0,No,,The Big -P.01-UP-20-April-26,AB-SUB-B02-BAS2-1010,Submittal for Stairs Conc. Dim.& RFT DWGs As-Built Drawing (B02) (Bas 02),17-May-26,0.0,0.0,0.0,0.0,0,0.0,0,0.0,The Big -P.01-UP-20-April-26,AB-SUB-B02-BAS2-1010,10-May-26,100.00%,0.00%,$0.00,$0.00,$0.00,
The Big -P.01-UP-20-April-26,AB-APP-B04-FOOT-1010,469,514,505,The Big -P.01-UP-20-April-26,The Big - P.01 - UP-24-MAY-26.HO.1.A.P01.B04.SUB.F,AB-APP-B04-FOOT-1010,Approval for RC Raft & Footings Conc. Dim. Conc. Dim.  & RFT DWGs As-Built Drawing (B04) (footing),8-Feb-26,21-Feb-26,7-Jun-26,21-Jun-26,23-Mar-27,5-Apr-27,1,1.0,0.0,238.0,No,,The Big -P.01-UP-20-April-26,AB-APP-B04-FOOT-1010,Approval for RC Raft & Footings Conc. Dim. Conc. Dim.  & RFT DWGs As-Built Drawing (B04) (footing),17-May-26,0.0,0.0,0.0,0.0,0,0.0,0,0.0,The Big -P.01-UP-20-April-26,AB-APP-B04-FOOT-1010,10-May-26,100.00%,0.00%,$0.00,$0.00,$0.00,
The Big -P.01-UP-20-April-26,CON-B01-BAS01-1000,470,667,660,The Big -P.01-UP-20-April-26,The Big - P.01 - UP-24-MAY-26.CON.P02.B01.SUB.1stB,CON-B01-BAS01-1000,"Scaffolding works for Walls, Col. & Cores (B01) (Bas 01)",9-Feb-26,16-Feb-26,9-Jul-26,18-Jul-26,9-Feb-26,16-Feb-26,1,1.0,0.0,-119.0,Yes,,The Big -P.01-UP-20-April-26,CON-B01-BAS01-1000,"Scaffolding works for Walls, Col. & Cores (B01) (Bas 01)",17-May-26,0.0,0.0,0.0,0.0,0,0.0,0,0.0,The Big -P.01-UP-20-April-26,CON-B01-BAS01-1000,10-May-26,100.00%,0.00%,$0.00,$0.00,$0.00,
The Big -P.01-UP-20-April-26,CON-B01-BAS01-1010,471,668,661,The Big -P.01-UP-20-April-26,The Big - P.01 - UP-24-MAY-26.CON.P02.B01.SUB.1stB,CON-B01-BAS01-1010,"RFT for Walls, Col. & Cores (B01) (Bas 01)",9-Feb-26,22-Feb-26,9-Jul-26,25-Jul-26,9-Feb-26,22-Feb-26,1,1.0,0.0,-119.0,Yes,,The Big -P.01-UP-20-April-26,CON-B01-BAS01-1010,"RFT for Walls, Col. & Cores (B01) (Bas 01)",17-May-26,1859559.23,0.0,0.0,1859559.23,0,0.0,0,-1859559.23,The Big -P.01-UP-20-April-26,CON-B01-BAS01-1010,10-May-26,100.00%,0.00%,"$1,859,559.23",$0.00,$0.00,
The Big -P.01-UP-20-April-26,E-SUB-B02-4TH-1030,472,446,441,The Big -P.01-UP-20-April-26,The Big - P.01 - UP-24-MAY-26.EN.2.S.P02.B02.SUP.4thF,E-SUB-B02-4TH-1030,Submittal for Slabs Conc. Dim.  & RFT DWGs (B02) (4th),9-Feb-26,1-Mar-26,20-May-26,14-Jun-26,30-Nov-26,20-Dec-26,1,1.0,0.0,158.0,No,,The Big -P.01-UP-20-April-26,E-SUB-B02-4TH-1030,Submittal for Slabs Conc. Dim.  & RFT DWGs (B02) (4th),17-May-26,0.0,0.0,0.0,0.0,0,0.0,0,0.0,The Big -P.01-UP-20-April-26,E-SUB-B02-4TH-1030,10-May-26,100.00%,0.00%,$0.00,$0.00,$0.00,
The Big -P.01-UP-20-April-26,E-APP-B02-3RD-1010,473,221,221,The Big -P.01-UP-20-April-26,The Big - P.01 - UP-24-MAY-26.EN.2.A.P02.B02.SUP.3rdF,E-APP-B02-3RD-1010,Approval for Stairs Conc. Dim.  & RFT DWGs (B02) (3rd),9-Feb-26,19-Feb-26,01-Feb-26 A,15-Feb-26 A,2-Nov-26,2-Nov-26,1,1.0,1.0,,No,,The Big -P.01-UP-20-April-26,E-APP-B02-3RD-1010,Approval for Stairs Conc. Dim.  & RFT DWGs (B02) (3rd),17-May-26,0.0,0.0,0.0,0.0,0,0.0,0,0.0,The Big -P.01-UP-20-April-26,E-APP-B02-3RD-1010,10-May-26,100.00%,100.00%,$0.00,$0.00,$0.00,
The Big -P.01-UP-20-April-26,E-APP-B01-4TH-1010,474,227,227,The Big -P.01-UP-20-April-26,The Big - P.01 - UP-24-MAY-26.EN.2.A.P02.B01.SUP.4thF,E-APP-B01-4TH-1010,Approval for Stairs Conc. Dim.  & RFT DWGs (B01) (4th),9-Feb-26,19-Feb-26,01-Feb-26 A,07-Feb-26 A,2-Sep-26,2-Sep-26,1,1.0,1.0,,No,,The Big -P.01-UP-20-April-26,E-APP-B01-4TH-1010,Approval for Stairs Conc. Dim.  & RFT DWGs (B01) (4th),17-May-26,0.0,0.0,0.0,0.0,0,0.0,0,0.0,The Big -P.01-UP-20-April-26,E-APP-B01-4TH-1010,10-May-26,100.00%,100.00%,$0.00,$0.00,$0.00,
The Big -P.01-UP-20-April-26,CON-B02-BAS02-1100,475,482,499,The Big -P.01-UP-20-April-26,The Big - P.01 - UP-24-MAY-26.CON.P02.B02.SUB.2ndB,CON-B02-BAS02-1100,Pouring for Slabs & Beams (B02) (Bas 02),10-Feb-26,11-Feb-26,2-Jun-26,3-Jun-26,14-Feb-26,15-Feb-26,1,1.0,0.0,-84.0,Yes,,The Big -P.01-UP-20-April-26,CON-B02-BAS02-1100,Pouring for Slabs & Beams (B02) (Bas 02),17-May-26,1314389.48,0.0,0.0,1314389.48,0,0.0,0,-1314389.48,The Big -P.01-UP-20-April-26,CON-B02-BAS02-1100,10-May-26,100.00%,0.00%,"$1,314,389.48",$0.00,$0.00,
The Big -P.01-UP-20-April-26,CON-B02-BAS02-1090,476,481,500,The Big -P.01-UP-20-April-26,The Big - P.01 - UP-24-MAY-26.CON.P02.B02.SUB.2ndB,CON-B02-BAS02-1090,"Curing for Slabs, Beams & Stairs (B02) (Bas 02)",10-Feb-26,14-Feb-26,2-Jun-26,6-Jun-26,10-Feb-26,14-Feb-26,1,1.0,0.0,-112.0,Yes,,The Big -P.01-UP-20-April-26,CON-B02-BAS02-1090,"Curing for Slabs, Beams & Stairs (B02) (Bas 02)",17-May-26,0.0,0.0,0.0,0.0,0,0.0,0,0.0,The Big -P.01-UP-20-April-26,CON-B02-BAS02-1090,10-May-26,100.00%,0.00%,$0.00,$0.00,$0.00,
The Big -P.01-UP-20-April-26,CON-B03-BAS02-1030,477,339,339,The Big -P.01-UP-20-April-26,The Big - P.01 - UP-24-MAY-26.CON.P01.B03.SUB.2ndB,CON-B03-BAS02-1030,"Pouring for Walls, Col. & Cores (B03) (Bas 02)",10-Feb-26,11-Feb-26,17-Mar-26 A,17-Mar-26 A,12-Feb-26,12-Feb-26,1,1.0,1.0,,No,,The Big -P.01-UP-20-April-26,CON-B03-BAS02-1030,"Pouring for Walls, Col. & Cores (B03) (Bas 02)",17-May-26,1392885.58,1392885.58,1392885.58,1392885.58,1,1.0,0,0.0,The Big -P.01-UP-20-April-26,CON-B03-BAS02-1030,10-May-26,100.00%,100.00%,"$1,392,885.58","$1,392,885.58","$1,392,885.58",
The Big -P.01-UP-20-April-26,E-SUB-B01-6TH-1020,478,374,372,The Big -P.01-UP-20-April-26,The Big - P.01 - UP-24-MAY-26.EN.2.S.P02.B01.SUP.6thF,E-SUB-B01-6TH-1020,Submittal for Beams Conc. Dim.  & RFT DWGs (B01) (6th),10-Feb-26,2-Mar-26,17-May-26,10-Jun-26,26-Oct-26,15-Nov-26,1,1.0,0.0,131.0,No,,The Big -P.01-UP-20-April-26,E-SUB-B01-6TH-1020,Submittal for Beams Conc. Dim.  & RFT DWGs (B01) (6th),17-May-26,0.0,0.0,0.0,0.0,0,0.0,0,0.0,The Big -P.01-UP-20-April-26,E-SUB-B01-6TH-1020,10-May-26,100.00%,0.00%,$0.00,$0.00,$0.00,
The Big -P.01-UP-20-April-26,E-SUB-B03-RF-1020,479,455,450,The Big -P.01-UP-20-April-26,The Big - P.01 - UP-24-MAY-26.EN.2.S.P01.B03.SUP.RF,E-SUB-B03-RF-1020,Submittal for Slabs Conc. Dim.  & RFT DWGs (B03) (RF),10-Feb-26,2-Mar-26,20-May-26,14-Jun-26,19-Jan-27,9-Feb-27,1,1.0,0.0,200.0,No,,The Big -P.01-UP-20-April-26,E-SUB-B03-RF-1020,Submittal for Slabs Conc. Dim.  & RFT DWGs (B03) (RF),17-May-26,0.0,0.0,0.0,0.0,0,0.0,0,0.0,The Big -P.01-UP-20-April-26,E-SUB-B03-RF-1020,10-May-26,100.00%,0.00%,$0.00,$0.00,$0.00,
The Big -P.01-UP-20-April-26,E-APP-B03-4TH-1000,480,180,180,The Big -P.01-UP-20-April-26,The Big - P.01 - UP-24-MAY-26.EN.2.A.P01.B03.SUP.4thF,E-APP-B03-4TH-1000,Approval for Col. & Walls Conc. Dim.  & RFT DWGs  (B03) (4th),10-Feb-26,21-Feb-26,07-Jan-26 A,12-Feb-26 A,16-Dec-26,16-Dec-26,1,1.0,1.0,,No,,The Big -P.01-UP-20-April-26,E-APP-B03-4TH-1000,Approval for Col. & Walls Conc. Dim.  & RFT DWGs  (B03) (4th),17-May-26,0.0,0.0,0.0,0.0,0,0.0,0,0.0,The Big -P.01-UP-20-April-26,E-APP-B03-4TH-1000,10-May-26,100.00%,100.00%,$0.00,$0.00,$0.00,
The Big -P.01-UP-20-April-26,AB-APP-B02-BAS2-1000,481,511,503,The Big -P.01-UP-20-April-26,The Big - P.01 - UP-24-MAY-26.HO.1.A.P02.B02.SUB.2ndB,AB-APP-B02-BAS2-1000,Approval for Col. & Walls Conc. Dim.  & RFT DWGs As-Built Drawing (B02) (Bas 02),10-Feb-26,23-Feb-26,4-Jun-26,17-Jun-26,23-Mar-27,5-Apr-27,1,1.0,0.0,241.0,No,,The Big -P.01-UP-20-April-26,AB-APP-B02-BAS2-1000,Approval for Col. & Walls Conc. Dim.  & RFT DWGs As-Built Drawing (B02) (Bas 02),17-May-26,0.0,0.0,0.0,0.0,0,0.0,0,0.0,The Big -P.01-UP-20-April-26,AB-APP-B02-BAS2-1000,10-May-26,100.00%,0.00%,$0.00,$0.00,$0.00,
The Big -P.01-UP-20-April-26,AB-APP-B03-FOOT-1030,482,698,697,The Big -P.01-UP-20-April-26,The Big - P.01 - UP-24-MAY-26.HO.1.A.P01.B03.SUB.1,AB-APP-B03-FOOT-1030,Approval for  Waterproofing Layout Plan  DWGs As-Built Drawing(B03),10-Feb-26,23-Feb-26,22-Jul-26,5-Aug-26,23-Mar-27,5-Apr-27,1,1.0,0.0,201.0,No,,The Big -P.01-UP-20-April-26,AB-APP-B03-FOOT-1030,Approval for  Waterproofing Layout Plan  DWGs As-Built Drawing(B03),17-May-26,0.0,0.0,0.0,0.0,0,0.0,0,0.0,The Big -P.01-UP-20-April-26,AB-APP-B03-FOOT-1030,10-May-26,100.00%,0.00%,$0.00,$0.00,$0.00,
The Big -P.01-UP-20-April-26,E-SUB-B04-4TH-1010,483,242,242,The Big -P.01-UP-20-April-26,The Big - P.01 - UP-24-MAY-26.EN.2.S.P01.B04.SUP.4thF,E-SUB-B04-4TH-1010,Submittal for Stairs Conc. Dim.  & RFT DWGs (B04) (4th),11-Feb-26,3-Mar-26,01-Feb-26 A,21-Feb-26 A,26-Aug-26,26-Aug-26,1,1.0,1.0,,No,,The Big -P.01-UP-20-April-26,E-SUB-B04-4TH-1010,Submittal for Stairs Conc. Dim.  & RFT DWGs (B04) (4th),17-May-26,0.0,0.0,0.0,0.0,0,0.0,0,0.0,The Big -P.01-UP-20-April-26,E-SUB-B04-4TH-1010,10-May-26,100.00%,100.00%,$0.00,$0.00,$0.00,
The Big -P.01-UP-20-April-26,E-APP-B04-2ND-1030,484,574,570,The Big -P.01-UP-20-April-26,The Big - P.01 - UP-24-MAY-26.EN.2.A.P01.B04.SUP.2ndF,E-APP-B04-2ND-1030,Approval for Slabs Conc. Dim.  & RFT DWGs (B04) (2nd),11-Feb-26,22-Feb-26,15-Jun-26,25-Jun-26,4-Jul-26,14-Jul-26,1,1.0,0.0,15.0,No,,The Big -P.01-UP-20-April-26,E-APP-B04-2ND-1030,Approval for Slabs Conc. Dim.  & RFT DWGs (B04) (2nd),17-May-26,0.0,0.0,0.0,0.0,0,0.0,0,0.0,The Big -P.01-UP-20-April-26,E-APP-B04-2ND-1030,10-May-26,100.00%,0.00%,$0.00,$0.00,$0.00,
The Big -P.01-UP-20-April-26,AB-APP-B04-FOOT-1020,485,515,509,The Big -P.01-UP-20-April-26,The Big - P.01 - UP-24-MAY-26.HO.1.A.P01.B04.SUB.F,AB-APP-B04-FOOT-1020,Approval for RC Raft & Footings RFT Conc. Dim.  & RFT DWGs As-Built Drawing (B04) (footing),11-Feb-26,24-Feb-26,7-Jun-26,21-Jun-26,23-Mar-27,5-Apr-27,1,1.0,0.0,238.0,No,,The Big -P.01-UP-20-April-26,AB-APP-B04-FOOT-1020,Approval for RC Raft & Footings RFT Conc. Dim.  & RFT DWGs As-Built Drawing (B04) (footing),17-May-26,0.0,0.0,0.0,0.0,0,0.0,0,0.0,The Big -P.01-UP-20-April-26,AB-APP-B04-FOOT-1020,10-May-26,100.00%,0.00%,$0.00,$0.00,$0.00,
The Big -P.01-UP-20-April-26,CON-B03-BAS02-1040,486,472,472,The Big -P.01-UP-20-April-26,The Big - P.01 - UP-24-MAY-26.CON.P01.B03.SUB.2ndB,CON-B03-BAS02-1040,Shuttering for Slabs & Beams (B03) (Bas 02),12-Feb-26,21-Feb-26,24-May-26,7-Jun-26,12-Feb-26,21-Feb-26,1,1.0,0.0,-81.0,Yes,,The Big -P.01-UP-20-April-26,CON-B03-BAS02-1040,Shuttering for Slabs & Beams (B03) (Bas 02),17-May-26,1703595.99,0.0,0.0,1703595.99,0,0.0,0,-1703595.99,The Big -P.01-UP-20-April-26,CON-B03-BAS02-1040,10-May-26,100.00%,0.00%,"$1,703,595.99",$0.00,$0.00,
The Big -P.01-UP-20-April-26,CON-B01-BAS01-1020,487,675,668,The Big -P.01-UP-20-April-26,The Big - P.01 - UP-24-MAY-26.CON.P02.B01.SUB.1stB,CON-B01-BAS01-1020,"Shuttering for Walls, Col. & Cores (B01) (Bas 01)",12-Feb-26,25-Feb-26,13-Jul-26,28-Jul-26,12-Feb-26,25-Feb-26,1,1.0,0.0,-119.0,Yes,,The Big -P.01-UP-20-April-26,CON-B01-BAS01-1020,"Shuttering for Walls, Col. & Cores (B01) (Bas 01)",17-May-26,1525620.61,0.0,0.0,1525620.61,0,0.0,0,-1525620.61,The Big -P.01-UP-20-April-26,CON-B01-BAS01-1020,10-May-26,100.00%,0.00%,"$1,525,620.61",$0.00,$0.00,
The Big -P.01-UP-20-April-26,E-APP-B02-3RD-1020,488,522,518,The Big -P.01-UP-20-April-26,The Big - P.01 - UP-24-MAY-26.EN.2.A.P02.B02.SUP.3rdF,E-APP-B02-3RD-1020,Approval for Beams Conc. Dim.  & RFT DWGs (B02) (3rd),12-Feb-26,23-Feb-26,11-Jun-26,22-Jun-26,21-Oct-26,1-Nov-26,1,1.0,0.0,109.0,No,,The Big -P.01-UP-20-April-26,E-APP-B02-3RD-1020,Approval for Beams Conc. Dim.  & RFT DWGs (B02) (3rd),17-May-26,0.0,0.0,0.0,0.0,0,0.0,0,0.0,The Big -P.01-UP-20-April-26,E-APP-B02-3RD-1020,10-May-26,100.00%,0.00%,$0.00,$0.00,$0.00,
The Big -P.01-UP-20-April-26,E-APP-B01-4TH-1020,489,527,523,The Big -P.01-UP-20-April-26,The Big - P.01 - UP-24-MAY-26.EN.2.A.P02.B01.SUP.4thF,E-APP-B01-4TH-1020,Approval for Beams Conc. Dim.  & RFT DWGs (B01) (4th),12-Feb-26,23-Feb-26,11-Jun-26,22-Jun-26,20-Aug-26,1-Sep-26,1,1.0,0.0,58.0,No,,The Big -P.01-UP-20-April-26,E-APP-B01-4TH-1020,Approval for Beams Conc. Dim.  & RFT DWGs (B01) (4th),17-May-26,0.0,0.0,0.0,0.0,0,0.0,0,0.0,The Big -P.01-UP-20-April-26,E-APP-B01-4TH-1020,10-May-26,100.00%,0.00%,$0.00,$0.00,$0.00,
The Big -P.01-UP-20-April-26,AB-SUB-B03-BAS2-1000,490,424,455,The Big -P.01-UP-20-April-26,The Big - P.01 - UP-24-MAY-26.HO.1.S.P01.B03.SUB.2ndB,AB-SUB-B03-BAS2-1000,Submittal for Col. & Walls Conc. Dim.  & RFT DWGs As-Built Drawing (B03) (Bas 02),12-Feb-26,4-Mar-26,17-May-26,10-Jun-26,6-Mar-27,29-Mar-27,1,1.0,0.0,241.0,No,,The Big -P.01-UP-20-April-26,AB-SUB-B03-BAS2-1000,Submittal for Col. & Walls Conc. Dim.  & RFT DWGs As-Built Drawing (B03) (Bas 02),17-May-26,0.0,0.0,0.0,0.0,0,0.0,0,0.0,The Big -P.01-UP-20-April-26,AB-SUB-B03-BAS2-1000,10-May-26,100.00%,0.00%,$0.00,$0.00,$0.00,
The Big -P.01-UP-20-April-26,AB-SUB-B04-BAS2-1000,491,516,508,The Big -P.01-UP-20-April-26,The Big - P.01 - UP-24-MAY-26.HO.1.S.P01.B04.SUB.2ndB,AB-SUB-B04-BAS2-1000,Submittal for Col. & Walls Conc. Dim.  & RFT DWGs As-Built Drawing (B04) (Bas 02),12-Feb-26,4-Mar-26,8-Jun-26,28-Jun-26,6-Mar-27,29-Mar-27,1,1.0,0.0,226.0,No,,The Big -P.01-UP-20-April-26,AB-SUB-B04-BAS2-1000,Submittal for Col. & Walls Conc. Dim.  & RFT DWGs As-Built Drawing (B04) (Bas 02),17-May-26,0.0,0.0,0.0,0.0,0,0.0,0,0.0,The Big -P.01-UP-20-April-26,AB-SUB-B04-BAS2-1000,10-May-26,100.00%,0.00%,$0.00,$0.00,$0.00,
The Big -P.01-UP-20-April-26,AB-SUB-B02-BAS2-1020,492,509,510,The Big -P.01-UP-20-April-26,The Big - P.01 - UP-24-MAY-26.HO.1.S.P02.B02.SUB.2ndB,AB-SUB-B02-BAS2-1020,Submittal for Slabs Conc. Dim.& RFT DWGs As-Built Drawing (B02) (Bas 02),12-Feb-26,4-Mar-26,4-Jun-26,24-Jun-26,6-Mar-27,29-Mar-27,1,1.0,0.0,229.0,No,,The Big -P.01-UP-20-April-26,AB-SUB-B02-BAS2-1020,Submittal for Slabs Conc. Dim.& RFT DWGs As-Built Drawing (B02) (Bas 02),17-May-26,0.0,0.0,0.0,0.0,0,0.0,0,0.0,The Big -P.01-UP-20-April-26,AB-SUB-B02-BAS2-1020,10-May-26,100.00%,0.00%,$0.00,$0.00,$0.00,
The Big -P.01-UP-20-April-26,AB-SUB-B02-BAS2-1030,493,510,511,The Big -P.01-UP-20-April-26,The Big - P.01 - UP-24-MAY-26.HO.1.S.P02.B02.SUB.2ndB,AB-SUB-B02-BAS2-1030,Submittal for Beams Conc. Dim.& RFT DWGs As-Built Drawing (B02) (Bas 02),12-Feb-26,4-Mar-26,4-Jun-26,24-Jun-26,6-Mar-27,29-Mar-27,1,1.0,0.0,229.0,No,,The Big -P.01-UP-20-April-26,AB-SUB-B02-BAS2-1030,Submittal for Beams Conc. Dim.& RFT DWGs As-Built Drawing (B02) (Bas 02),17-May-26,0.0,0.0,0.0,0.0,0,0.0,0,0.0,The Big -P.01-UP-20-April-26,AB-SUB-B02-BAS2-1030,10-May-26,100.00%,0.00%,$0.00,$0.00,$0.00,
The Big -P.01-UP-20-April-26,E-SUB-B01-6TH-1030,494,451,446,The Big -P.01-UP-20-April-26,The Big - P.01 - UP-24-MAY-26.EN.2.S.P02.B01.SUP.6thF,E-SUB-B01-6TH-1030,Submittal for Slabs Conc. Dim.  & RFT DWGs (B01) (6th),14-Feb-26,5-Mar-26,20-May-26,14-Jun-26,29-Oct-26,18-Nov-26,1,1.0,0.0,131.0,No,,The Big -P.01-UP-20-April-26,E-SUB-B01-6TH-1030,Submittal for Slabs Conc. Dim.  & RFT DWGs (B01) (6th),17-May-26,0.0,0.0,0.0,0.0,0,0.0,0,0.0,The Big -P.01-UP-20-April-26,E-SUB-B01-6TH-1030,10-May-26,100.00%,0.00%,$0.00,$0.00,$0.00,
The Big -P.01-UP-20-April-26,E-SUB-B01-7TH-1000,495,201,201,The Big -P.01-UP-20-April-26,The Big - P.01 - UP-24-MAY-26.EN.2.S.P02.B01.SUP.7thF,E-SUB-B01-7TH-1000,Submittal for Col. & Walls Conc. Dim.  & RFT DWGs (B01) (7th),14-Feb-26,5-Mar-26,01-Feb-26 A,03-Feb-26 A,28-Nov-26,28-Nov-26,1,1.0,1.0,,No,,The Big -P.01-UP-20-April-26,E-SUB-B01-7TH-1000,Submittal for Col. & Walls Conc. Dim.  & RFT DWGs (B01) (7th),17-May-26,0.0,0.0,0.0,0.0,0,0.0,0,0.0,The Big -P.01-UP-20-April-26,E-SUB-B01-7TH-1000,10-May-26,100.00%,100.00%,$0.00,$0.00,$0.00,
The Big -P.01-UP-20-April-26,E-APP-B03-4TH-1010,496,283,283,The Big -P.01-UP-20-April-26,The Big - P.01 - UP-24-MAY-26.EN.2.A.P01.B03.SUP.4thF,E-APP-B03-4TH-1010,Approval for Stairs Conc. Dim.  & RFT DWGs  (B03) (4th),14-Feb-26,24-Feb-26,01-Feb-26 A,25-Mar-26 A,6-Jan-27,6-Jan-27,1,1.0,1.0,,No,,The Big -P.01-UP-20-April-26,E-APP-B03-4TH-1010,Approval for Stairs Conc. Dim.  & RFT DWGs  (B03) (4th),17-May-26,0.0,0.0,0.0,0.0,0,0.0,0,0.0,The Big -P.01-UP-20-April-26,E-APP-B03-4TH-1010,10-May-26,100.00%,100.00%,$0.00,$0.00,$0.00,
The Big -P.01-UP-20-April-26,CON-B04-WT-1210,497,553,590,The Big -P.01-UP-20-April-26,The Big - P.01 - UP-24-MAY-26.CON.P01.B04.SUB.3.2,CON-B04-WT-1210,Backfilling works (B04) (Water Tank),14-Feb-26,16-Feb-26,16-Jun-26,18-Jun-26,4-Mar-26,7-Mar-26,1,1.0,0.0,-80.0,Yes,,The Big -P.01-UP-20-April-26,CON-B04-WT-1210,Backfilling works (B04) (Water Tank),17-May-26,0.0,0.0,0.0,0.0,0,0.0,0,0.0,The Big -P.01-UP-20-April-26,CON-B04-WT-1210,10-May-26,100.00%,0.00%,$0.00,$0.00,$0.00,
The Big -P.01-UP-20-April-26,CON-B03-BAS02-1050,498,476,477,The Big -P.01-UP-20-April-26,The Big - P.01 - UP-24-MAY-26.CON.P01.B03.SUB.2ndB,CON-B03-BAS02-1050,Shuttering for Stairs (B03) (Bas 02),15-Feb-26,21-Feb-26,26-May-26,7-Jun-26,24-Feb-26,2-Mar-26,1,1.0,0.0,-73.0,Yes,,The Big -P.01-UP-20-April-26,CON-B03-BAS02-1050,Shuttering for Stairs (B03) (Bas 02),17-May-26,17372.16,0.0,0.0,17372.16,0,0.0,0,-17372.16,The Big -P.01-UP-20-April-26,CON-B03-BAS02-1050,10-May-26,100.00%,0.00%,"$17,372.16",$0.00,$0.00,
The Big -P.01-UP-20-April-26,CON-B03-BAS02-1060,499,483,501,The Big -P.01-UP-20-April-26,The Big - P.01 - UP-24-MAY-26.CON.P01.B03.SUB.2ndB,CON-B03-BAS02-1060,RFT for Slabs & Beams (B03) (Bas 02),15-Feb-26,25-Feb-26,2-Jun-26,13-Jun-26,15-Feb-26,25-Feb-26,1,1.0,0.0,-83.0,Yes,,The Big -P.01-UP-20-April-26,CON-B03-BAS02-1060,RFT for Slabs & Beams (B03) (Bas 02),17-May-26,1730165.79,0.0,0.0,1730165.79,0,0.0,0,-1730165.79,The Big -P.01-UP-20-April-26,CON-B03-BAS02-1060,10-May-26,100.00%,0.00%,"$1,730,165.79",$0.00,$0.00,
The Big -P.01-UP-20-April-26,CON-B02-BAS01-1000,500,484,512,The Big -P.01-UP-20-April-26,The Big - P.01 - UP-24-MAY-26.CON.P02.B02.SUB.1stB,CON-B02-BAS01-1000,"Scaffolding works for Walls, Col. & Cores (B02) (Bas 01)",15-Feb-26,22-Feb-26,7-Jun-26,14-Jun-26,15-Feb-26,22-Feb-26,1,1.0,0.0,-87.0,Yes,,The Big -P.01-UP-20-April-26,CON-B02-BAS01-1000,"Scaffolding works for Walls, Col. & Cores (B02) (Bas 01)",17-May-26,0.0,0.0,0.0,0.0,0,0.0,0,0.0,The Big -P.01-UP-20-April-26,CON-B02-BAS01-1000,10-May-26,100.00%,0.00%,$0.00,$0.00,$0.00,
The Big -P.01-UP-20-April-26,CON-B02-BAS01-1010,501,485,513,The Big -P.01-UP-20-April-26,The Big - P.01 - UP-24-MAY-26.CON.P02.B02.SUB.1stB,CON-B02-BAS01-1010,"RFT for Walls, Col. & Cores (B02) (Bas 01)",15-Feb-26,28-Feb-26,7-Jun-26,20-Jun-26,15-Feb-26,28-Feb-26,1,1.0,0.0,-87.0,Yes,,The Big -P.01-UP-20-April-26,CON-B02-BAS01-1010,"RFT for Walls, Col. & Cores (B02) (Bas 01)",17-May-26,660501.51,0.0,0.0,660501.51,0,0.0,0,-660501.51,The Big -P.01-UP-20-April-26,CON-B02-BAS01-1010,10-May-26,100.00%,0.00%,"$660,501.51",$0.00,$0.00,
The Big -P.01-UP-20-April-26,E-SUB-B04-4TH-1020,502,356,354,The Big -P.01-UP-20-April-26,The Big - P.01 - UP-24-MAY-26.EN.2.S.P01.B04.SUP.4thF,E-SUB-B04-4TH-1020,Submittal for Beams Conc. Dim.  & RFT DWGs (B04) (4th),15-Feb-26,7-Mar-26,17-May-26,10-Jun-26,26-Aug-26,16-Sep-26,1,1.0,0.0,81.0,No,,The Big -P.01-UP-20-April-26,E-SUB-B04-4TH-1020,Submittal for Beams Conc. Dim.  & RFT DWGs (B04) (4th),17-May-26,0.0,0.0,0.0,0.0,0,0.0,0,0.0,The Big -P.01-UP-20-April-26,E-SUB-B04-4TH-1020,10-May-26,100.00%,0.00%,$0.00,$0.00,$0.00,
The Big -P.01-UP-20-April-26,E-APP-B01-5TH-1000,503,260,260,The Big -P.01-UP-20-April-26,The Big - P.01 - UP-24-MAY-26.EN.2.A.P02.B01.SUP.5thF,E-APP-B01-5TH-1000,Approval for Col. & Walls Conc. Dim.  & RFT DWGs (B01) (5th),15-Feb-26,25-Feb-26,01-Feb-26 A,11-Feb-26 A,14-Oct-26,14-Oct-26,1,1.0,1.0,,No,,The Big -P.01-UP-20-April-26,E-APP-B01-5TH-1000,Approval for Col. & Walls Conc. Dim.  & RFT DWGs (B01) (5th),17-May-26,0.0,0.0,0.0,0.0,0,0.0,0,0.0,The Big -P.01-UP-20-April-26,E-APP-B01-5TH-1000,10-May-26,100.00%,100.00%,$0.00,$0.00,$0.00,
The Big -P.01-UP-20-April-26,E-APP-B04-2RD-1000,504,274,274,The Big -P.01-UP-20-April-26,The Big - P.01 - UP-24-MAY-26.EN.2.A.P01.B04.SUP.3rdF,E-APP-B04-2RD-1000,Approval for Col. & Walls Conc. Dim.  & RFT DWGs (B04) (3rd),15-Feb-26,25-Feb-26,01-Feb-26 A,12-Feb-26 A,11-Aug-26,11-Aug-26,1,1.0,1.0,,No,,The Big -P.01-UP-20-April-26,E-APP-B04-2RD-1000,Approval for Col. & Walls Conc. Dim.  & RFT DWGs (B04) (3rd),17-May-26,0.0,0.0,0.0,0.0,0,0.0,0,0.0,The Big -P.01-UP-20-April-26,E-APP-B04-2RD-1000,10-May-26,100.00%,100.00%,$0.00,$0.00,$0.00,
The Big -P.01-UP-20-April-26,E-APP-B02-3RD-1030,505,561,557,The Big -P.01-UP-20-April-26,The Big - P.01 - UP-24-MAY-26.EN.2.A.P02.B02.SUP.3rdF,E-APP-B02-3RD-1030,Approval for Slabs Conc. Dim.  & RFT DWGs (B02) (3rd),16-Feb-26,26-Feb-26,15-Jun-26,25-Jun-26,21-Oct-26,1-Nov-26,1,1.0,0.0,106.0,No,,The Big -P.01-UP-20-April-26,E-APP-B02-3RD-1030,Approval for Slabs Conc. Dim.  & RFT DWGs (B02) (3rd),17-May-26,0.0,0.0,0.0,0.0,0,0.0,0,0.0,The Big -P.01-UP-20-April-26,E-APP-B02-3RD-1030,10-May-26,100.00%,0.00%,$0.00,$0.00,$0.00,
The Big -P.01-UP-20-April-26,E-APP-B01-4TH-1030,506,565,561,The Big -P.01-UP-20-April-26,The Big - P.01 - UP-24-MAY-26.EN.2.A.P02.B01.SUP.4thF,E-APP-B01-4TH-1030,Approval for Slabs Conc. Dim.  & RFT DWGs (B01) (4th),16-Feb-26,26-Feb-26,15-Jun-26,25-Jun-26,20-Aug-26,1-Sep-26,1,1.0,0.0,55.0,No,,The Big -P.01-UP-20-April-26,E-APP-B01-4TH-1030,Approval for Slabs Conc. Dim.  & RFT DWGs (B01) (4th),17-May-26,0.0,0.0,0.0,0.0,0,0.0,0,0.0,The Big -P.01-UP-20-April-26,E-APP-B01-4TH-1030,10-May-26,100.00%,0.00%,$0.00,$0.00,$0.00,
The Big -P.01-UP-20-April-26,CON-B03-BAS02-1070,507,504,502,The Big -P.01-UP-20-April-26,The Big - P.01 - UP-24-MAY-26.CON.P01.B03.SUB.2ndB,CON-B03-BAS02-1070,RFT for Stairs  (B03) (Bas 02),17-Feb-26,23-Feb-26,2-Jun-26,9-Jun-26,26-Feb-26,4-Mar-26,1,1.0,0.0,-73.0,Yes,,The Big -P.01-UP-20-April-26,CON-B03-BAS02-1070,RFT for Stairs  (B03) (Bas 02),17-May-26,32613.8,0.0,0.0,32613.8,0,0.0,0,-32613.8,The Big -P.01-UP-20-April-26,CON-B03-BAS02-1070,10-May-26,100.00%,0.00%,"$32,613.80",$0.00,$0.00,
The Big -P.01-UP-20-April-26,CON-B02-BAS01-1020,508,508,551,The Big -P.01-UP-20-April-26,The Big - P.01 - UP-24-MAY-26.CON.P02.B02.SUB.1stB,CON-B02-BAS01-1020,"Shuttering for Walls, Col. & Cores (B02) (Bas 01)",17-Feb-26,2-Mar-26,9-Jun-26,22-Jun-26,17-Feb-26,2-Mar-26,1,1.0,0.0,-87.0,Yes,,The Big -P.01-UP-20-April-26,CON-B02-BAS01-1020,"Shuttering for Walls, Col. & Cores (B02) (Bas 01)",17-May-26,96472.91,0.0,0.0,96472.91,0,0.0,0,-96472.91,The Big -P.01-UP-20-April-26,CON-B02-BAS01-1020,10-May-26,100.00%,0.00%,"$96,472.91",$0.00,$0.00,
The Big -P.01-UP-20-April-26,E-SUB-B01-7TH-1010,509,94,94,The Big -P.01-UP-20-April-26,The Big - P.01 - UP-24-MAY-26.EN.2.S.P02.B01.SUP.7thF,E-SUB-B01-7TH-1010,Submittal for Stairs Conc. Dim.  & RFT DWGs (B01) (7th),17-Feb-26,9-Mar-26,01-Nov-25 A,15-Nov-25 A,28-Nov-26,28-Nov-26,1,1.0,1.0,,No,,The Big -P.01-UP-20-April-26,E-SUB-B01-7TH-1010,Submittal for Stairs Conc. Dim.  & RFT DWGs (B01) (7th),17-May-26,0.0,0.0,0.0,0.0,0,0.0,0,0.0,The Big -P.01-UP-20-April-26,E-SUB-B01-7TH-1010,10-May-26,100.00%,100.00%,$0.00,$0.00,$0.00,
The Big -P.01-UP-20-April-26,E-APP-B03-4TH-1020,510,547,543,The Big -P.01-UP-20-April-26,The Big - P.01 - UP-24-MAY-26.EN.2.A.P01.B03.SUP.4thF,E-APP-B03-4TH-1020,Approval for Beams Conc. Dim.  & RFT DWGs  (B03) (4th),17-Feb-26,28-Feb-26,11-Jun-26,22-Jun-26,26-Dec-26,5-Jan-27,1,1.0,0.0,165.0,No,,The Big -P.01-UP-20-April-26,E-APP-B03-4TH-1020,Approval for Beams Conc. Dim.  & RFT DWGs  (B03) (4th),17-May-26,0.0,0.0,0.0,0.0,0,0.0,0,0.0,The Big -P.01-UP-20-April-26,E-APP-B03-4TH-1020,10-May-26,100.00%,0.00%,$0.00,$0.00,$0.00,
The Big -P.01-UP-20-April-26,AB-APP-B01-BAS2-1010,511,684,681,The Big -P.01-UP-20-April-26,The Big - P.01 - UP-24-MAY-26.HO.1.A.P02.B01.SUB.2ndB,AB-APP-B01-BAS2-1010,Approval for Stairs Conc. Dim.  & RFT DWGs As-Built Drawing (B01) (Bas 02),17-Feb-26,2-Mar-26,16-Jul-26,1-Aug-26,23-Mar-27,5-Apr-27,1,1.0,0.0,206.0,No,,The Big -P.01-UP-20-April-26,AB-APP-B01-BAS2-1010,Approval for Stairs Conc. Dim.  & RFT DWGs As-Built Drawing (B01) (Bas 02),17-May-26,0.0,0.0,0.0,0.0,0,0.0,0,0.0,The Big -P.01-UP-20-April-26,AB-APP-B01-BAS2-1010,10-May-26,100.00%,0.00%,$0.00,$0.00,$0.00,
The Big -P.01-UP-20-April-26,E-SUB-B04-4TH-1030,512,434,429,The Big -P.01-UP-20-April-26,The Big - P.01 - UP-24-MAY-26.EN.2.S.P01.B04.SUP.4thF,E-SUB-B04-4TH-1030,Submittal for Slabs Conc. Dim.  & RFT DWGs (B04) (4th),18-Feb-26,10-Mar-26,20-May-26,14-Jun-26,31-Aug-26,20-Sep-26,1,1.0,0.0,81.0,No,,The Big -P.01-UP-20-April-26,E-SUB-B04-4TH-1030,Submittal for Slabs Conc. Dim.  & RFT DWGs (B04) (4th),17-May-26,0.0,0.0,0.0,0.0,0,0.0,0,0.0,The Big -P.01-UP-20-April-26,E-SUB-B04-4TH-1030,10-May-26,100.00%,0.00%,$0.00,$0.00,$0.00,
The Big -P.01-UP-20-April-26,E-SUB-B02-RF-1000,513,77,77,The Big -P.01-UP-20-April-26,The Big - P.01 - UP-24-MAY-26.EN.2.S.P02.B02.SUP.RF,E-SUB-B02-RF-1000,Submittal for Col. & Walls Conc. Dim.  & RFT DWGs (B02) (RF),18-Feb-26,10-Mar-26,25-Oct-25 A,13-Nov-25 A,16-Jan-27,16-Jan-27,1,1.0,1.0,,No,,The Big -P.01-UP-20-April-26,E-SUB-B02-RF-1000,Submittal for Col. & Walls Conc. Dim.  & RFT DWGs (B02) (RF),17-May-26,0.0,0.0,0.0,0.0,0,0.0,0,0.0,The Big -P.01-UP-20-April-26,E-SUB-B02-RF-1000,10-May-26,100.00%,100.00%,$0.00,$0.00,$0.00,
The Big -P.01-UP-20-April-26,E-APP-B01-5TH-1010,514,228,228,The Big -P.01-UP-20-April-26,The Big - P.01 - UP-24-MAY-26.EN.2.A.P02.B01.SUP.5thF,E-APP-B01-5TH-1010,Approval for Stairs Conc. Dim.  & RFT DWGs (B01) (5th),18-Feb-26,1-Mar-26,01-Feb-26 A,07-Feb-26 A,27-Oct-26,27-Oct-26,1,1.0,1.0,,No,,The Big -P.01-UP-20-April-26,E-APP-B01-5TH-1010,Approval for Stairs Conc. Dim.  & RFT DWGs (B01) (5th),17-May-26,0.0,0.0,0.0,0.0,0,0.0,0,0.0,The Big -P.01-UP-20-April-26,E-APP-B01-5TH-1010,10-May-26,100.00%,100.00%,$0.00,$0.00,$0.00,
The Big -P.01-UP-20-April-26,E-APP-B04-2RD-1010,515,293,293,The Big -P.01-UP-20-April-26,The Big - P.01 - UP-24-MAY-26.EN.2.A.P01.B04.SUP.3rdF,E-APP-B04-2RD-1010,Approval for Stairs Conc. Dim.  & RFT DWGs (B04) (3rd),18-Feb-26,1-Mar-26,08-Feb-26 A,18-Feb-26 A,25-Aug-26,25-Aug-26,1,1.0,1.0,,No,,The Big -P.01-UP-20-April-26,E-APP-B04-2RD-1010,Approval for Stairs Conc. Dim.  & RFT DWGs (B04) (3rd),17-May-26,0.0,0.0,0.0,0.0,0,0.0,0,0.0,The Big -P.01-UP-20-April-26,E-APP-B04-2RD-1010,10-May-26,100.00%,100.00%,$0.00,$0.00,$0.00,
The Big -P.01-UP-20-April-26,AB-APP-B04-FOOT-1030,516,699,698,The Big -P.01-UP-20-April-26,The Big - P.01 - UP-24-MAY-26.HO.1.A.P01.B04.SUB.F,AB-APP-B04-FOOT-1030,Approval for  Waterproofing Layout Plan (B04),18-Feb-26,3-Mar-26,22-Jul-26,5-Aug-26,23-Mar-27,5-Apr-27,1,1.0,0.0,201.0,No,,The Big -P.01-UP-20-April-26,AB-APP-B04-FOOT-1030,Approval for  Waterproofing Layout Plan (B04),17-May-26,0.0,0.0,0.0,0.0,0,0.0,0,0.0,The Big -P.01-UP-20-April-26,AB-APP-B04-FOOT-1030,10-May-26,100.00%,0.00%,$0.00,$0.00,$0.00,
The Big -P.01-UP-20-April-26,E-APP-B02-4TH-1000,517,222,222,The Big -P.01-UP-20-April-26,The Big - P.01 - UP-24-MAY-26.EN.2.A.P02.B02.SUP.4thF,E-APP-B02-4TH-1000,Approval for Col. & Walls Conc. Dim.  & RFT DWGs (B02) (4th),19-Feb-26,2-Mar-26,01-Feb-26 A,09-Feb-26 A,13-Dec-26,13-Dec-26,1,1.0,1.0,,No,,The Big -P.01-UP-20-April-26,E-APP-B02-4TH-1000,Approval for Col. & Walls Conc. Dim.  & RFT DWGs (B02) (4th),17-May-26,0.0,0.0,0.0,0.0,0,0.0,0,0.0,The Big -P.01-UP-20-April-26,E-APP-B02-4TH-1000,10-May-26,100.00%,100.00%,$0.00,$0.00,$0.00,
The Big -P.01-UP-20-April-26,CON-B04-BAS02-1030,518,592,585,The Big -P.01-UP-20-April-26,The Big - P.01 - UP-24-MAY-26.CON.P01.B04.SUB.3,CON-B04-BAS02-1030,"Pouring for Walls, Col. & Cores (B04) (Bas 02)",19-Feb-26,21-Feb-26,15-Jun-26,16-Jun-26,19-Feb-26,21-Feb-26,1,1.0,0.0,-90.0,Yes,,The Big -P.01-UP-20-April-26,CON-B04-BAS02-1030,"Pouring for Walls, Col. & Cores (B04) (Bas 02)",17-May-26,2459936.74,0.0,0.0,2459936.74,0,0.0,0,-2459936.74,The Big -P.01-UP-20-April-26,CON-B04-BAS02-1030,10-May-26,100.00%,0.00%,"$2,459,936.74",$0.00,$0.00,
The Big -P.01-UP-20-April-26,E-APP-B03-SOG-1000,519,551,547,The Big -P.01-UP-20-April-26,The Big - P.01 - UP-24-MAY-26.EN.2.A.P01.B03.SUB.3.2,E-APP-B03-SOG-1000,Approval for S.O.G Conc. Dim. DWGs  (B03) (Sog),19-Feb-26,2-Mar-26,11-Jun-26,22-Jun-26,2-Feb-27,13-Feb-27,1,1.0,0.0,196.0,No,,The Big -P.01-UP-20-April-26,E-APP-B03-SOG-1000,Approval for S.O.G Conc. Dim. DWGs  (B03) (Sog),17-May-26,0.0,0.0,0.0,0.0,0,0.0,0,0.0,The Big -P.01-UP-20-April-26,E-APP-B03-SOG-1000,10-May-26,100.00%,0.00%,$0.00,$0.00,$0.00,
The Big -P.01-UP-20-April-26,AB-APP-B01-BAS2-1020,520,687,690,The Big -P.01-UP-20-April-26,The Big - P.01 - UP-24-MAY-26.HO.1.A.P02.B01.SUB.2ndB,AB-APP-B01-BAS2-1020,Approval for Ramps Conc. Dim.  & RFT DWGs As-Built Drawing (B01) (Bas 02),19-Feb-26,4-Mar-26,19-Jul-26,3-Aug-26,23-Mar-27,5-Apr-27,1,1.0,0.0,204.0,No,,The Big -P.01-UP-20-April-26,AB-APP-B01-BAS2-1020,Approval for Ramps Conc. Dim.  & RFT DWGs As-Built Drawing (B01) (Bas 02),17-May-26,0.0,0.0,0.0,0.0,0,0.0,0,0.0,The Big -P.01-UP-20-April-26,AB-APP-B01-BAS2-1020,10-May-26,100.00%,0.00%,$0.00,$0.00,$0.00,
The Big -P.01-UP-20-April-26,E-SUB-B01-7TH-1020,521,375,373,The Big -P.01-UP-20-April-26,The Big - P.01 - UP-24-MAY-26.EN.2.S.P02.B01.SUP.7thF,E-SUB-B01-7TH-1020,Submittal for Beams Conc. Dim.  & RFT DWGs (B01) (7th),21-Feb-26,12-Mar-26,17-May-26,10-Jun-26,28-Nov-26,17-Dec-26,1,1.0,0.0,159.0,No,,The Big -P.01-UP-20-April-26,E-SUB-B01-7TH-1020,Submittal for Beams Conc. Dim.  & RFT DWGs (B01) (7th),17-May-26,0.0,0.0,0.0,0.0,0,0.0,0,0.0,The Big -P.01-UP-20-April-26,E-SUB-B01-7TH-1020,10-May-26,100.00%,0.00%,$0.00,$0.00,$0.00,
The Big -P.01-UP-20-April-26,E-APP-B03-4TH-1030,522,584,580,The Big -P.01-UP-20-April-26,The Big - P.01 - UP-24-MAY-26.EN.2.A.P01.B03.SUP.4thF,E-APP-B03-4TH-1030,Approval for Slabs Conc. Dim.  & RFT DWGs  (B03) (4th),21-Feb-26,3-Mar-26,15-Jun-26,25-Jun-26,26-Dec-26,5-Jan-27,1,1.0,0.0,162.0,No,,The Big -P.01-UP-20-April-26,E-APP-B03-4TH-1030,Approval for Slabs Conc. Dim.  & RFT DWGs  (B03) (4th),17-May-26,0.0,0.0,0.0,0.0,0,0.0,0,0.0,The Big -P.01-UP-20-April-26,E-APP-B03-4TH-1030,10-May-26,100.00%,0.00%,$0.00,$0.00,$0.00,
The Big -P.01-UP-20-April-26,AB-APP-B01-BAS2-1030,523,693,694,The Big -P.01-UP-20-April-26,The Big - P.01 - UP-24-MAY-26.HO.1.A.P02.B01.SUB.2ndB,AB-APP-B01-BAS2-1030,Approval for Slabs Conc. Dim.  & RFT DWGs As-Built Drawing (B01) (Bas 02),21-Feb-26,5-Mar-26,20-Jul-26,4-Aug-26,23-Mar-27,5-Apr-27,1,1.0,0.0,203.0,No,,The Big -P.01-UP-20-April-26,AB-APP-B01-BAS2-1030,Approval for Slabs Conc. Dim.  & RFT DWGs As-Built Drawing (B01) (Bas 02),17-May-26,0.0,0.0,0.0,0.0,0,0.0,0,0.0,The Big -P.01-UP-20-April-26,AB-APP-B01-BAS2-1030,10-May-26,100.00%,0.00%,$0.00,$0.00,$0.00,
The Big -P.01-UP-20-April-26,AB-APP-B01-BAS2-1040,524,694,695,The Big -P.01-UP-20-April-26,The Big - P.01 - UP-24-MAY-26.HO.1.A.P02.B01.SUB.2ndB,AB-APP-B01-BAS2-1040,Approval for Beams Conc. Dim.  & RFT DWGs As-Built Drawing (B01) (Bas 02),21-Feb-26,5-Mar-26,20-Jul-26,4-Aug-26,23-Mar-27,5-Apr-27,1,1.0,0.0,203.0,No,,The Big -P.01-UP-20-April-26,AB-APP-B01-BAS2-1040,Approval for Beams Conc. Dim.  & RFT DWGs As-Built Drawing (B01) (Bas 02),17-May-26,0.0,0.0,0.0,0.0,0,0.0,0,0.0,The Big -P.01-UP-20-April-26,AB-APP-B01-BAS2-1040,10-May-26,100.00%,0.00%,$0.00,$0.00,$0.00,
The Big -P.01-UP-20-April-26,E-SUB-B02-RF-1010,525,379,377,The Big -P.01-UP-20-April-26,The Big - P.01 - UP-24-MAY-26.EN.2.S.P02.B02.SUP.RF,E-SUB-B02-RF-1010,Submittal for Beams Conc. Dim.  & RFT DWGs (B02) (RF),22-Feb-26,14-Mar-26,17-May-26,10-Jun-26,16-Jan-27,6-Feb-27,1,1.0,0.0,200.0,No,,The Big -P.01-UP-20-April-26,E-SUB-B02-RF-1010,Submittal for Beams Conc. Dim.  & RFT DWGs (B02) (RF),17-May-26,0.0,0.0,0.0,0.0,0,0.0,0,0.0,The Big -P.01-UP-20-April-26,E-SUB-B02-RF-1010,10-May-26,100.00%,0.00%,$0.00,$0.00,$0.00,
The Big -P.01-UP-20-April-26,E-APP-B01-5TH-1020,526,528,524,The Big -P.01-UP-20-April-26,The Big - P.01 - UP-24-MAY-26.EN.2.A.P02.B01.SUP.5thF,E-APP-B01-5TH-1020,Approval for Beams Conc. Dim.  & RFT DWGs (B01) (5th),22-Feb-26,4-Mar-26,11-Jun-26,22-Jun-26,15-Oct-26,26-Oct-26,1,1.0,0.0,104.0,No,,The Big -P.01-UP-20-April-26,E-APP-B01-5TH-1020,Approval for Beams Conc. Dim.  & RFT DWGs (B01) (5th),17-May-26,0.0,0.0,0.0,0.0,0,0.0,0,0.0,The Big -P.01-UP-20-April-26,E-APP-B01-5TH-1020,10-May-26,100.00%,0.00%,$0.00,$0.00,$0.00,
The Big -P.01-UP-20-April-26,E-APP-B04-2RD-1020,527,538,534,The Big -P.01-UP-20-April-26,The Big - P.01 - UP-24-MAY-26.EN.2.A.P01.B04.SUP.3rdF,E-APP-B04-2RD-1020,Approval for Beams Conc. Dim.  & RFT DWGs (B04) (3rd),22-Feb-26,4-Mar-26,11-Jun-26,22-Jun-26,13-Aug-26,24-Aug-26,1,1.0,0.0,52.0,No,,The Big -P.01-UP-20-April-26,E-APP-B04-2RD-1020,Approval for Beams Conc. Dim.  & RFT DWGs (B04) (3rd),17-May-26,0.0,0.0,0.0,0.0,0,0.0,0,0.0,The Big -P.01-UP-20-April-26,E-APP-B04-2RD-1020,10-May-26,100.00%,0.00%,$0.00,$0.00,$0.00,
The Big -P.01-UP-20-April-26,CON-B04-BAS02-1040,528,600,589,The Big -P.01-UP-20-April-26,The Big - P.01 - UP-24-MAY-26.CON.P01.B04.SUB.3,CON-B04-BAS02-1040,Shuttering for Slabs & Beams (B04) (Bas 02),22-Feb-26,2-Mar-26,17-Jun-26,25-Jun-26,22-Feb-26,2-Mar-26,1,1.0,0.0,-90.0,Yes,,The Big -P.01-UP-20-April-26,CON-B04-BAS02-1040,Shuttering for Slabs & Beams (B04) (Bas 02),17-May-26,2076088.44,0.0,0.0,2076088.44,0,0.0,0,-2076088.44,The Big -P.01-UP-20-April-26,CON-B04-BAS02-1040,10-May-26,100.00%,0.00%,"$2,076,088.44",$0.00,$0.00,
The Big -P.01-UP-20-April-26,AB-APP-B02-BAS2-1010,529,591,592,The Big -P.01-UP-20-April-26,The Big - P.01 - UP-24-MAY-26.HO.1.A.P02.B02.SUB.2ndB,AB-APP-B02-BAS2-1010,Approval for Stairs Conc. Dim.  & RFT DWGs As-Built Drawing (B02) (Bas 02),22-Feb-26,7-Mar-26,14-Jun-26,27-Jun-26,23-Mar-27,5-Apr-27,1,1.0,0.0,233.0,No,,The Big -P.01-UP-20-April-26,AB-APP-B02-BAS2-1010,Approval for Stairs Conc. Dim.  & RFT DWGs As-Built Drawing (B02) (Bas 02),17-May-26,0.0,0.0,0.0,0.0,0,0.0,0,0.0,The Big -P.01-UP-20-April-26,AB-APP-B02-BAS2-1010,10-May-26,100.00%,0.00%,$0.00,$0.00,$0.00,
The Big -P.01-UP-20-April-26,CON-B01-BAS02-1140,530,702,701,The Big -P.01-UP-20-April-26,The Big - P.01 - UP-24-MAY-26.CON.P02.B01.SUB.2ndB,CON-B01-BAS02-1140,Dismantling Formwork (B01) (Bas 02),23-Feb-26,23-Feb-26,22-Jul-26,23-Jul-26,2-Mar-26,2-Mar-26,1,1.0,0.0,-142.0,Yes,,The Big -P.01-UP-20-April-26,CON-B01-BAS02-1140,Dismantling Formwork (B01) (Bas 02),17-May-26,0.0,0.0,0.0,0.0,0,0.0,0,0.0,The Big -P.01-UP-20-April-26,CON-B01-BAS02-1140,10-May-26,100.00%,0.00%,$0.00,$0.00,$0.00,
The Big -P.01-UP-20-April-26,E-APP-B02-4TH-1010,531,223,223,The Big -P.01-UP-20-April-26,The Big - P.01 - UP-24-MAY-26.EN.2.A.P02.B02.SUP.4thF,E-APP-B02-4TH-1010,Approval for Stairs Conc. Dim.  & RFT DWGs (B02) (4th),23-Feb-26,5-Mar-26,01-Feb-26 A,15-Feb-26 A,2-Jan-27,2-Jan-27,1,1.0,1.0,,No,,The Big -P.01-UP-20-April-26,E-APP-B02-4TH-1010,Approval for Stairs Conc. Dim.  & RFT DWGs (B02) (4th),17-May-26,0.0,0.0,0.0,0.0,0,0.0,0,0.0,The Big -P.01-UP-20-April-26,E-APP-B02-4TH-1010,10-May-26,100.00%,100.00%,$0.00,$0.00,$0.00,
The Big -P.01-UP-20-April-26,CON-B04-BAS02-1050,532,601,593,The Big -P.01-UP-20-April-26,The Big - P.01 - UP-24-MAY-26.CON.P01.B04.SUB.3,CON-B04-BAS02-1050,Shuttering for Stairs  (B04) (Bas 02),23-Feb-26,1-Mar-26,18-Jun-26,24-Jun-26,10-Mar-26,21-Mar-26,1,1.0,0.0,-77.0,Yes,,The Big -P.01-UP-20-April-26,CON-B04-BAS02-1050,Shuttering for Stairs  (B04) (Bas 02),17-May-26,17372.16,0.0,0.0,17372.16,0,0.0,0,-17372.16,The Big -P.01-UP-20-April-26,CON-B04-BAS02-1050,10-May-26,100.00%,0.00%,"$17,372.16",$0.00,$0.00,
The Big -P.01-UP-20-April-26,E-APP-B03-SOG-1010,533,588,584,The Big -P.01-UP-20-April-26,The Big - P.01 - UP-24-MAY-26.EN.2.A.P01.B03.SUB.3.2,E-APP-B03-SOG-1010,Approval for S.O.G RFT DWGs  (B03) (Sog),23-Feb-26,5-Mar-26,15-Jun-26,25-Jun-26,2-Feb-27,13-Feb-27,1,1.0,0.0,193.0,No,,The Big -P.01-UP-20-April-26,E-APP-B03-SOG-1010,Approval for S.O.G RFT DWGs  (B03) (Sog),17-May-26,0.0,0.0,0.0,0.0,0,0.0,0,0.0,The Big -P.01-UP-20-April-26,E-APP-B03-SOG-1010,10-May-26,100.00%,0.00%,$0.00,$0.00,$0.00,
The Big -P.01-UP-20-April-26,P-MPOS-1090,534,404,402,The Big -P.01-UP-20-April-26,The Big - P.01 - UP-24-MAY-26.P.PC.PO.1,P-MPOS-1090,P.O for Rebar Patch#4  (SOG),23-Feb-26,24-Feb-26,17-May-26,18-May-26,20-Jan-27,21-Jan-27,1,1.0,0.0,204.0,No,,The Big -P.01-UP-20-April-26,P-MPOS-1090,P.O for Rebar Patch#4  (SOG),17-May-26,0.0,0.0,0.0,0.0,0,0.0,0,0.0,The Big -P.01-UP-20-April-26,P-MPOS-1090,10-May-26,100.00%,0.00%,$0.00,$0.00,$0.00,
The Big -P.01-UP-20-April-26,CON-B03-BAS02-1080,535,552,550,The Big -P.01-UP-20-April-26,The Big - P.01 - UP-24-MAY-26.CON.P01.B03.SUB.2ndB,CON-B03-BAS02-1080,Pouring for Stairs  (B03) (Bas 02),24-Feb-26,25-Feb-26,9-Jun-26,11-Jun-26,5-Mar-26,7-Mar-26,1,1.0,0.0,-73.0,Yes,,The Big -P.01-UP-20-April-26,CON-B03-BAS02-1080,Pouring for Stairs  (B03) (Bas 02),17-May-26,26058.24,0.0,0.0,26058.24,0,0.0,0,-26058.24,The Big -P.01-UP-20-April-26,CON-B03-BAS02-1080,10-May-26,100.00%,0.00%,"$26,058.24",$0.00,$0.00,
The Big -P.01-UP-20-April-26,E-SUB-B01-7TH-1030,536,452,447,The Big -P.01-UP-20-April-26,The Big - P.01 - UP-24-MAY-26.EN.2.S.P02.B01.SUP.7thF,E-SUB-B01-7TH-1030,Submittal for Slabs Conc. Dim.  & RFT DWGs (B01) (7th),24-Feb-26,21-Mar-26,20-May-26,14-Jun-26,1-Dec-26,21-Dec-26,1,1.0,0.0,159.0,No,,The Big -P.01-UP-20-April-26,E-SUB-B01-7TH-1030,Submittal for Slabs Conc. Dim.  & RFT DWGs (B01) (7th),17-May-26,0.0,0.0,0.0,0.0,0,0.0,0,0.0,The Big -P.01-UP-20-April-26,E-SUB-B01-7TH-1030,10-May-26,100.00%,0.00%,$0.00,$0.00,$0.00,
The Big -P.01-UP-20-April-26,E-APP-B01-6TH-1000,537,261,261,The Big -P.01-UP-20-April-26,The Big - P.01 - UP-24-MAY-26.EN.2.A.P02.B01.SUP.6thF,E-APP-B01-6TH-1000,Approval for Col. & Walls Conc. Dim.  & RFT DWGs (B01) (6th),24-Feb-26,7-Mar-26,01-Feb-26 A,11-Feb-26 A,17-Nov-26,17-Nov-26,1,1.0,1.0,,No,,The Big -P.01-UP-20-April-26,E-APP-B01-6TH-1000,Approval for Col. & Walls Conc. Dim.  & RFT DWGs (B01) (6th),17-May-26,0.0,0.0,0.0,0.0,0,0.0,0,0.0,The Big -P.01-UP-20-April-26,E-APP-B01-6TH-1000,10-May-26,100.00%,100.00%,$0.00,$0.00,$0.00,
The Big -P.01-UP-20-April-26,E-APP-B03-RF-1000,538,181,181,The Big -P.01-UP-20-April-26,The Big - P.01 - UP-24-MAY-26.EN.2.A.P01.B03.SUP.RF,E-APP-B03-RF-1000,Approval for Col. & Walls Conc. Dim.  & RFT DWGs  (B03) (RF),24-Feb-26,7-Mar-26,07-Jan-26 A,12-Feb-26 A,15-Feb-27,15-Feb-27,1,1.0,1.0,,No,,The Big -P.01-UP-20-April-26,E-APP-B03-RF-1000,Approval for Col. & Walls Conc. Dim.  & RFT DWGs  (B03) (RF),17-May-26,0.0,0.0,0.0,0.0,0,0.0,0,0.0,The Big -P.01-UP-20-April-26,E-APP-B03-RF-1000,10-May-26,100.00%,100.00%,$0.00,$0.00,$0.00,
The Big -P.01-UP-20-April-26,CON-B04-BAS02-1060,539,607,597,The Big -P.01-UP-20-April-26,The Big - P.01 - UP-24-MAY-26.CON.P01.B04.SUB.3,CON-B04-BAS02-1060,RFT for Slabs & Beams (B04) (Bas 02),24-Feb-26,7-Mar-26,20-Jun-26,1-Jul-26,24-Feb-26,7-Mar-26,1,1.0,0.0,-90.0,Yes,,The Big -P.01-UP-20-April-26,CON-B04-BAS02-1060,RFT for Slabs & Beams (B04) (Bas 02),17-May-26,3266944.59,0.0,0.0,3266944.59,0,0.0,0,-3266944.59,The Big -P.01-UP-20-April-26,CON-B04-BAS02-1060,10-May-26,100.00%,0.00%,"$3,266,944.59",$0.00,$0.00,
The Big -P.01-UP-20-April-26,CON-B04-BAS02-1070,540,608,598,The Big -P.01-UP-20-April-26,The Big - P.01 - UP-24-MAY-26.CON.P01.B04.SUB.3,CON-B04-BAS02-1070,Shuttering for  Ramps (B04) (Bas 02),24-Feb-26,2-Mar-26,20-Jun-26,25-Jun-26,10-Mar-26,21-Mar-26,1,1.0,0.0,-78.0,Yes,,The Big -P.01-UP-20-April-26,CON-B04-BAS02-1070,Shuttering for  Ramps (B04) (Bas 02),17-May-26,527474.8,0.0,0.0,527474.8,0,0.0,0,-527474.8,The Big -P.01-UP-20-April-26,CON-B04-BAS02-1070,10-May-26,100.00%,0.00%,"$527,474.80",$0.00,$0.00,
The Big -P.01-UP-20-April-26,E-SUB-B02-RF-1020,541,456,451,The Big -P.01-UP-20-April-26,The Big - P.01 - UP-24-MAY-26.EN.2.S.P02.B02.SUP.RF,E-SUB-B02-RF-1020,Submittal for Slabs Conc. Dim.  & RFT DWGs (B02) (RF),25-Feb-26,22-Mar-26,20-May-26,14-Jun-26,19-Jan-27,9-Feb-27,1,1.0,0.0,200.0,No,,The Big -P.01-UP-20-April-26,E-SUB-B02-RF-1020,Submittal for Slabs Conc. Dim.  & RFT DWGs (B02) (RF),17-May-26,0.0,0.0,0.0,0.0,0,0.0,0,0.0,The Big -P.01-UP-20-April-26,E-SUB-B02-RF-1020,10-May-26,100.00%,0.00%,$0.00,$0.00,$0.00,
The Big -P.01-UP-20-April-26,E-APP-B01-5TH-1030,542,566,562,The Big -P.01-UP-20-April-26,The Big - P.01 - UP-24-MAY-26.EN.2.A.P02.B01.SUP.5thF,E-APP-B01-5TH-1030,Approval for Slabs Conc. Dim.  & RFT DWGs (B01) (5th),25-Feb-26,8-Mar-26,15-Jun-26,25-Jun-26,15-Oct-26,26-Oct-26,1,1.0,0.0,101.0,No,,The Big -P.01-UP-20-April-26,E-APP-B01-5TH-1030,Approval for Slabs Conc. Dim.  & RFT DWGs (B01) (5th),17-May-26,0.0,0.0,0.0,0.0,0,0.0,0,0.0,The Big -P.01-UP-20-April-26,E-APP-B01-5TH-1030,10-May-26,100.00%,0.00%,$0.00,$0.00,$0.00,
The Big -P.01-UP-20-April-26,E-APP-B04-2RD-1030,543,575,571,The Big -P.01-UP-20-April-26,The Big - P.01 - UP-24-MAY-26.EN.2.A.P01.B04.SUP.3rdF,E-APP-B04-2RD-1030,Approval for Slabs Conc. Dim.  & RFT DWGs (B04) (3rd),25-Feb-26,8-Mar-26,15-Jun-26,25-Jun-26,13-Aug-26,24-Aug-26,1,1.0,0.0,49.0,No,,The Big -P.01-UP-20-April-26,E-APP-B04-2RD-1030,Approval for Slabs Conc. Dim.  & RFT DWGs (B04) (3rd),17-May-26,0.0,0.0,0.0,0.0,0,0.0,0,0.0,The Big -P.01-UP-20-April-26,E-APP-B04-2RD-1030,10-May-26,100.00%,0.00%,$0.00,$0.00,$0.00,
The Big -P.01-UP-20-April-26,CON-B04-BAS02-1080,544,611,603,The Big -P.01-UP-20-April-26,The Big - P.01 - UP-24-MAY-26.CON.P01.B04.SUB.3,CON-B04-BAS02-1080,RFT for Stairs  (B04) (Bas 02),25-Feb-26,2-Mar-26,21-Jun-26,25-Jun-26,12-Mar-26,22-Mar-26,1,1.0,0.0,-77.0,Yes,,The Big -P.01-UP-20-April-26,CON-B04-BAS02-1080,RFT for Stairs  (B04) (Bas 02),17-May-26,21800.21,0.0,0.0,21800.21,0,0.0,0,-21800.21,The Big -P.01-UP-20-April-26,CON-B04-BAS02-1080,10-May-26,100.00%,0.00%,"$21,800.21",$0.00,$0.00,
The Big -P.01-UP-20-April-26,P-MDEL-1150,545,419,418,The Big -P.01-UP-20-April-26,The Big - P.01 - UP-24-MAY-26.P.PC.DS.DR,P-MDEL-1150,Delivery for Rebar Patch#4  (SOG),25-Feb-26,26-Feb-26,19-May-26,20-May-26,22-Jan-27,23-Jan-27,1,1.0,0.0,248.0,No,,The Big -P.01-UP-20-April-26,P-MDEL-1150,Delivery for Rebar Patch#4  (SOG),17-May-26,0.0,0.0,0.0,0.0,0,0.0,0,0.0,The Big -P.01-UP-20-April-26,P-MDEL-1150,10-May-26,100.00%,0.00%,$0.00,$0.00,$0.00,
The Big -P.01-UP-20-April-26,CON-B03-BAS02-1100,546,590,591,The Big -P.01-UP-20-April-26,The Big - P.01 - UP-24-MAY-26.CON.P01.B03.SUB.2ndB,CON-B03-BAS02-1100,Pouring for Slabs & Beams B03) (Bas 02),26-Feb-26,28-Feb-26,14-Jun-26,15-Jun-26,26-Feb-26,28-Feb-26,1,1.0,0.0,-83.0,Yes,,The Big -P.01-UP-20-April-26,CON-B03-BAS02-1100,Pouring for Slabs & Beams B03) (Bas 02),17-May-26,1135730.66,0.0,0.0,1135730.66,0,0.0,0,-1135730.66,The Big -P.01-UP-20-April-26,CON-B03-BAS02-1100,10-May-26,100.00%,0.00%,"$1,135,730.66",$0.00,$0.00,
The Big -P.01-UP-20-April-26,CON-B03-BAS02-1090,547,555,586,The Big -P.01-UP-20-April-26,The Big - P.01 - UP-24-MAY-26.CON.P01.B03.SUB.2ndB,CON-B03-BAS02-1090,"Curing for Slabs, Beams & Stairs (B03) (Bas 02)",26-Feb-26,2-Mar-26,11-Jun-26,16-Jun-26,19-Mar-26,23-Mar-26,1,1.0,0.0,-84.0,Yes,,The Big -P.01-UP-20-April-26,CON-B03-BAS02-1090,"Curing for Slabs, Beams & Stairs (B03) (Bas 02)",17-May-26,0.0,0.0,0.0,0.0,0,0.0,0,0.0,The Big -P.01-UP-20-April-26,CON-B03-BAS02-1090,10-May-26,100.00%,0.00%,$0.00,$0.00,$0.00,
The Big -P.01-UP-20-April-26,CON-B01-BAS01-1030,548,715,706,The Big -P.01-UP-20-April-26,The Big - P.01 - UP-24-MAY-26.CON.P02.B01.SUB.1stB,CON-B01-BAS01-1030,"Pouring for Walls, Col. & Cores (B01) (Bas 01)",26-Feb-26,28-Feb-26,28-Jul-26,30-Jul-26,26-Feb-26,28-Feb-26,1,1.0,0.0,-119.0,Yes,,The Big -P.01-UP-20-April-26,CON-B01-BAS01-1030,"Pouring for Walls, Col. & Cores (B01) (Bas 01)",17-May-26,2288430.92,0.0,0.0,2288430.92,0,0.0,0,-2288430.92,The Big -P.01-UP-20-April-26,CON-B01-BAS01-1030,10-May-26,100.00%,0.00%,"$2,288,430.92",$0.00,$0.00,
The Big -P.01-UP-20-April-26,E-APP-B02-4TH-1020,549,523,519,The Big -P.01-UP-20-April-26,The Big - P.01 - UP-24-MAY-26.EN.2.A.P02.B02.SUP.4thF,E-APP-B02-4TH-1020,Approval for Beams Conc. Dim.  & RFT DWGs (B02) (4th),26-Feb-26,9-Mar-26,11-Jun-26,22-Jun-26,21-Dec-26,31-Dec-26,1,1.0,0.0,161.0,No,,The Big -P.01-UP-20-April-26,E-APP-B02-4TH-1020,Approval for Beams Conc. Dim.  & RFT DWGs (B02) (4th),17-May-26,0.0,0.0,0.0,0.0,0,0.0,0,0.0,The Big -P.01-UP-20-April-26,E-APP-B02-4TH-1020,10-May-26,100.00%,0.00%,$0.00,$0.00,$0.00,
The Big -P.01-UP-20-April-26,CON-B04-BAS02-1090,550,617,606,The Big -P.01-UP-20-April-26,The Big - P.01 - UP-24-MAY-26.CON.P01.B04.SUB.3,CON-B04-BAS02-1090,RFT for Ramps (B04) (Bas 02),26-Feb-26,3-Mar-26,22-Jun-26,27-Jun-26,12-Mar-26,22-Mar-26,1,1.0,0.0,-78.0,Yes,,The Big -P.01-UP-20-April-26,CON-B04-BAS02-1090,RFT for Ramps (B04) (Bas 02),17-May-26,1075623.24,0.0,0.0,1075623.24,0,0.0,0,-1075623.24,The Big -P.01-UP-20-April-26,CON-B04-BAS02-1090,10-May-26,100.00%,0.00%,"$1,075,623.24",$0.00,$0.00,
The Big -P.01-UP-20-April-26,AB-SUB-B03-BAS2-1010,551,556,587,The Big -P.01-UP-20-April-26,The Big - P.01 - UP-24-MAY-26.HO.1.S.P01.B03.SUB.2ndB,AB-SUB-B03-BAS2-1010,Submittal for Stairs Conc. Dim.  & RFT DWGs As-Built Drawing (B03) (Bas 02),26-Feb-26,23-Mar-26,11-Jun-26,4-Jul-26,6-Mar-27,29-Mar-27,1,1.0,0.0,223.0,No,,The Big -P.01-UP-20-April-26,AB-SUB-B03-BAS2-1010,Submittal for Stairs Conc. Dim.  & RFT DWGs As-Built Drawing (B03) (Bas 02),17-May-26,0.0,0.0,0.0,0.0,0,0.0,0,0.0,The Big -P.01-UP-20-April-26,AB-SUB-B03-BAS2-1010,10-May-26,100.00%,0.00%,$0.00,$0.00,$0.00,
The Big -P.01-UP-20-April-26,AB-APP-B02-BAS2-1020,552,605,609,The Big -P.01-UP-20-April-26,The Big - P.01 - UP-24-MAY-26.HO.1.A.P02.B02.SUB.2ndB,AB-APP-B02-BAS2-1020,Approval for Slabs Conc. Dim.  & RFT DWGs As-Built Drawing (B02) (Bas 02),26-Feb-26,11-Mar-26,18-Jun-26,2-Jul-26,23-Mar-27,5-Apr-27,1,1.0,0.0,229.0,No,,The Big -P.01-UP-20-April-26,AB-APP-B02-BAS2-1020,Approval for Slabs Conc. Dim.  & RFT DWGs As-Built Drawing (B02) (Bas 02),17-May-26,0.0,0.0,0.0,0.0,0,0.0,0,0.0,The Big -P.01-UP-20-April-26,AB-APP-B02-BAS2-1020,10-May-26,100.00%,0.00%,$0.00,$0.00,$0.00,
The Big -P.01-UP-20-April-26,AB-APP-B02-BAS2-1030,553,606,610,The Big -P.01-UP-20-April-26,The Big - P.01 - UP-24-MAY-26.HO.1.A.P02.B02.SUB.2ndB,AB-APP-B02-BAS2-1030,Approval for Beams Conc. Dim.  & RFT DWGs As-Built Drawing (B02) (Bas 02),26-Feb-26,11-Mar-26,18-Jun-26,2-Jul-26,23-Mar-27,5-Apr-27,1,1.0,0.0,229.0,No,,The Big -P.01-UP-20-April-26,AB-APP-B02-BAS2-1030,Approval for Beams Conc. Dim.  & RFT DWGs As-Built Drawing (B02) (Bas 02),17-May-26,0.0,0.0,0.0,0.0,0,0.0,0,0.0,The Big -P.01-UP-20-April-26,AB-APP-B02-BAS2-1030,10-May-26,100.00%,0.00%,$0.00,$0.00,$0.00,
The Big -P.01-UP-20-April-26,AB-APP-B03-BAS2-1000,554,512,507,The Big -P.01-UP-20-April-26,The Big - P.01 - UP-24-MAY-26.HO.1.A.P01.B03.SUB.3,AB-APP-B03-BAS2-1000,Approval for Col. & Walls Conc. Dim.  & RFT DWGs As-Built Drawing  (B03) (Bas 02),26-Feb-26,11-Mar-26,4-Jun-26,17-Jun-26,23-Mar-27,5-Apr-27,1,1.0,0.0,241.0,No,,The Big -P.01-UP-20-April-26,AB-APP-B03-BAS2-1000,Approval for Col. & Walls Conc. Dim.  & RFT DWGs As-Built Drawing  (B03) (Bas 02),17-May-26,0.0,0.0,0.0,0.0,0,0.0,0,0.0,The Big -P.01-UP-20-April-26,AB-APP-B03-BAS2-1000,10-May-26,100.00%,0.00%,$0.00,$0.00,$0.00,
The Big -P.01-UP-20-April-26,AB-APP-B04-BAS2-1000,555,618,607,The Big -P.01-UP-20-April-26,The Big - P.01 - UP-24-MAY-26.HO.1.A.P01.B04.SUB.2ndF,AB-APP-B04-BAS2-1000,Approval for Col. & Walls Conc. Dim.  & RFT DWGs As-Built Drawing (B04) (Bas 02),26-Feb-26,11-Mar-26,22-Jun-26,6-Jul-26,23-Mar-27,5-Apr-27,1,1.0,0.0,226.0,No,,The Big -P.01-UP-20-April-26,AB-APP-B04-BAS2-1000,Approval for Col. & Walls Conc. Dim.  & RFT DWGs As-Built Drawing (B04) (Bas 02),17-May-26,0.0,0.0,0.0,0.0,0,0.0,0,0.0,The Big -P.01-UP-20-April-26,AB-APP-B04-BAS2-1000,10-May-26,100.00%,0.00%,$0.00,$0.00,$0.00,
The Big -P.01-UP-20-April-26,E-SUB-B04-5TH-1000,556,163,163,The Big -P.01-UP-20-April-26,The Big - P.01 - UP-24-MAY-26.EN.2.S.P01.B04.SUP.5thF,E-SUB-B04-5TH-1000,Submittal for Col. & Walls Conc. Dim.  & RFT DWGs (B04) (5th),28-Feb-26,24-Mar-26,01-Jan-26 A,10-Feb-26 A,4-Oct-26,4-Oct-26,1,1.0,1.0,,No,,The Big -P.01-UP-20-April-26,E-SUB-B04-5TH-1000,Submittal for Col. & Walls Conc. Dim.  & RFT DWGs (B04) (5th),17-May-26,0.0,0.0,0.0,0.0,0,0.0,0,0.0,The Big -P.01-UP-20-April-26,E-SUB-B04-5TH-1000,10-May-26,100.00%,100.00%,$0.00,$0.00,$0.00,
The Big -P.01-UP-20-April-26,E-SUB-B01-8TH-1000,557,202,202,The Big -P.01-UP-20-April-26,The Big - P.01 - UP-24-MAY-26.EN.2.S.P02.B01.SUP.8thF,E-SUB-B01-8TH-1000,Submittal for Col. & Walls Conc. Dim.  & RFT DWGs (B01) (8th),28-Feb-26,24-Mar-26,01-Feb-26 A,03-Feb-26 A,28-Dec-26,28-Dec-26,1,1.0,1.0,,No,,The Big -P.01-UP-20-April-26,E-SUB-B01-8TH-1000,Submittal for Col. & Walls Conc. Dim.  & RFT DWGs (B01) (8th),17-May-26,0.0,0.0,0.0,0.0,0,0.0,0,0.0,The Big -P.01-UP-20-April-26,E-SUB-B01-8TH-1000,10-May-26,100.00%,100.00%,$0.00,$0.00,$0.00,
The Big -P.01-UP-20-April-26,E-APP-B01-6TH-1010,558,229,229,The Big -P.01-UP-20-April-26,The Big - P.01 - UP-24-MAY-26.EN.2.A.P02.B01.SUP.6thF,E-APP-B01-6TH-1010,Approval for Stairs Conc. Dim.  & RFT DWGs (B01) (6th),28-Feb-26,10-Mar-26,01-Feb-26 A,07-Feb-26 A,1-Dec-26,1-Dec-26,1,1.0,1.0,,No,,The Big -P.01-UP-20-April-26,E-APP-B01-6TH-1010,Approval for Stairs Conc. Dim.  & RFT DWGs (B01) (6th),17-May-26,0.0,0.0,0.0,0.0,0,0.0,0,0.0,The Big -P.01-UP-20-April-26,E-APP-B01-6TH-1010,10-May-26,100.00%,100.00%,$0.00,$0.00,$0.00,
The Big -P.01-UP-20-April-26,E-APP-B03-RF-1010,559,549,545,The Big -P.01-UP-20-April-26,The Big - P.01 - UP-24-MAY-26.EN.2.A.P01.B03.SUP.RF,E-APP-B03-RF-1010,Approval for Beams Conc. Dim.  & RFT DWGs  (B03) (RF),28-Feb-26,10-Mar-26,11-Jun-26,22-Jun-26,10-Feb-27,21-Feb-27,1,1.0,0.0,203.0,No,,The Big -P.01-UP-20-April-26,E-APP-B03-RF-1010,Approval for Beams Conc. Dim.  & RFT DWGs  (B03) (RF),17-May-26,0.0,0.0,0.0,0.0,0,0.0,0,0.0,The Big -P.01-UP-20-April-26,E-APP-B03-RF-1010,10-May-26,100.00%,0.00%,$0.00,$0.00,$0.00,
The Big -P.01-UP-20-April-26,CON-B02-BAS02-1110,560,614,613,The Big -P.01-UP-20-April-26,The Big - P.01 - UP-24-MAY-26.CON.P02.B02.SUB.2ndB,CON-B02-BAS02-1110,Dismantling Formwork (B02) (Bas 02),1-Mar-26,1-Mar-26,21-Jun-26,21-Jun-26,4-Mar-26,4-Mar-26,1,1.0,0.0,-109.0,Yes,,The Big -P.01-UP-20-April-26,CON-B02-BAS02-1110,Dismantling Formwork (B02) (Bas 02),17-May-26,0.0,0.0,0.0,0.0,0,0.0,0,0.0,The Big -P.01-UP-20-April-26,CON-B02-BAS02-1110,10-May-26,100.00%,0.00%,$0.00,$0.00,$0.00,
The Big -P.01-UP-20-April-26,CON-B01-BAS01-1040,561,720,713,The Big -P.01-UP-20-April-26,The Big - P.01 - UP-24-MAY-26.CON.P02.B01.SUB.1stB,CON-B01-BAS01-1040,Shuttering for Slabs & Beams (B01) (Bas 01),1-Mar-26,9-Mar-26,30-Jul-26,9-Aug-26,1-Mar-26,9-Mar-26,1,1.0,0.0,-119.0,Yes,,The Big -P.01-UP-20-April-26,CON-B01-BAS01-1040,Shuttering for Slabs & Beams (B01) (Bas 01),17-May-26,2342696.03,0.0,0.0,2342696.03,0,0.0,0,-2342696.03,The Big -P.01-UP-20-April-26,CON-B01-BAS01-1040,10-May-26,100.00%,0.00%,"$2,342,696.03",$0.00,$0.00,
The Big -P.01-UP-20-April-26,CON-B03-BAS01-1000,562,596,599,The Big -P.01-UP-20-April-26,The Big - P.01 - UP-24-MAY-26.CON.P01.B03.SUB.1stB,CON-B03-BAS01-1000,"Scaffolding works for Walls, Col. & Cores (B03) (Bas 01)",1-Mar-26,7-Mar-26,16-Jun-26,22-Jun-26,1-Mar-26,7-Mar-26,1,1.0,0.0,-83.0,Yes,,The Big -P.01-UP-20-April-26,CON-B03-BAS01-1000,"Scaffolding works for Walls, Col. & Cores (B03) (Bas 01)",17-May-26,0.0,0.0,0.0,0.0,0,0.0,0,0.0,The Big -P.01-UP-20-April-26,CON-B03-BAS01-1000,10-May-26,100.00%,0.00%,$0.00,$0.00,$0.00,
The Big -P.01-UP-20-April-26,CON-B03-BAS01-1010,563,597,614,The Big -P.01-UP-20-April-26,The Big - P.01 - UP-24-MAY-26.CON.P01.B03.SUB.1stB,CON-B03-BAS01-1010,"RFT for Walls, Col. & Cores (B03) (Bas 01)",1-Mar-26,14-Mar-26,21-Jun-26,5-Jul-26,1-Mar-26,14-Mar-26,1,1.0,0.0,-87.0,Yes,,The Big -P.01-UP-20-April-26,CON-B03-BAS01-1010,"RFT for Walls, Col. & Cores (B03) (Bas 01)",17-May-26,882883.82,0.0,0.0,882883.82,0,0.0,0,-882883.82,The Big -P.01-UP-20-April-26,CON-B03-BAS01-1010,10-May-26,100.00%,0.00%,"$882,883.82",$0.00,$0.00,
The Big -P.01-UP-20-April-26,E-APP-B04-4TH-1000,564,275,275,The Big -P.01-UP-20-April-26,The Big - P.01 - UP-24-MAY-26.EN.2.A.P01.B04.SUP.4thF,E-APP-B04-4TH-1000,Approval for Col. & Walls Conc. Dim.  & RFT DWGs (B04) (4th),1-Mar-26,11-Mar-26,01-Feb-26 A,12-Feb-26 A,19-Sep-26,19-Sep-26,1,1.0,1.0,,No,,The Big -P.01-UP-20-April-26,E-APP-B04-4TH-1000,Approval for Col. & Walls Conc. Dim.  & RFT DWGs (B04) (4th),17-May-26,0.0,0.0,0.0,0.0,0,0.0,0,0.0,The Big -P.01-UP-20-April-26,E-APP-B04-4TH-1000,10-May-26,100.00%,100.00%,$0.00,$0.00,$0.00,
The Big -P.01-UP-20-April-26,AB-SUB-B03-BAS2-1020,565,598,600,The Big -P.01-UP-20-April-26,The Big - P.01 - UP-24-MAY-26.HO.1.S.P01.B03.SUB.2ndB,AB-SUB-B03-BAS2-1020,Submittal for Slabs Conc. Dim.  & RFT DWGs As-Built Drawing (B03) (Bas 02),1-Mar-26,25-Mar-26,16-Jun-26,7-Jul-26,6-Mar-27,29-Mar-27,1,1.0,0.0,219.0,No,,The Big -P.01-UP-20-April-26,AB-SUB-B03-BAS2-1020,Submittal for Slabs Conc. Dim.  & RFT DWGs As-Built Drawing (B03) (Bas 02),17-May-26,0.0,0.0,0.0,0.0,0,0.0,0,0.0,The Big -P.01-UP-20-April-26,AB-SUB-B03-BAS2-1020,10-May-26,100.00%,0.00%,$0.00,$0.00,$0.00,
The Big -P.01-UP-20-April-26,AB-SUB-B03-BAS2-1030,566,599,601,The Big -P.01-UP-20-April-26,The Big - P.01 - UP-24-MAY-26.HO.1.S.P01.B03.SUB.2ndB,AB-SUB-B03-BAS2-1030,Submittal for Beams Conc. Dim.  & RFT DWGs As-Built Drawing (B03) (Bas 02),1-Mar-26,25-Mar-26,16-Jun-26,7-Jul-26,6-Mar-27,29-Mar-27,1,1.0,0.0,219.0,No,,The Big -P.01-UP-20-April-26,AB-SUB-B03-BAS2-1030,Submittal for Beams Conc. Dim.  & RFT DWGs As-Built Drawing (B03) (Bas 02),17-May-26,0.0,0.0,0.0,0.0,0,0.0,0,0.0,The Big -P.01-UP-20-April-26,AB-SUB-B03-BAS2-1030,10-May-26,100.00%,0.00%,$0.00,$0.00,$0.00,
The Big -P.01-UP-20-April-26,AB-SUB-B01-BAS1-1000,567,721,715,The Big -P.01-UP-20-April-26,The Big - P.01 - UP-24-MAY-26.HO.1.S.P02.B01.SUB.1stB,AB-SUB-B01-BAS1-1000,Submittal for Col. & Walls Conc. Dim.  & RFT DWGs As-Built Drawing (B01) (Bas 01),1-Mar-26,25-Mar-26,30-Jul-26,20-Aug-26,6-Mar-27,29-Mar-27,1,1.0,0.0,183.0,No,,The Big -P.01-UP-20-April-26,AB-SUB-B01-BAS1-1000,Submittal for Col. & Walls Conc. Dim.  & RFT DWGs As-Built Drawing (B01) (Bas 01),17-May-26,0.0,0.0,0.0,0.0,0,0.0,0,0.0,The Big -P.01-UP-20-April-26,AB-SUB-B01-BAS1-1000,10-May-26,100.00%,0.00%,$0.00,$0.00,$0.00,
The Big -P.01-UP-20-April-26,E-APP-B02-4TH-1030,568,562,558,The Big -P.01-UP-20-April-26,The Big - P.01 - UP-24-MAY-26.EN.2.A.P02.B02.SUP.4thF,E-APP-B02-4TH-1030,Approval for Slabs Conc. Dim.  & RFT DWGs (B02) (4th),2-Mar-26,12-Mar-26,15-Jun-26,25-Jun-26,21-Dec-26,31-Dec-26,1,1.0,0.0,158.0,No,,The Big -P.01-UP-20-April-26,E-APP-B02-4TH-1030,Approval for Slabs Conc. Dim.  & RFT DWGs (B02) (4th),17-May-26,0.0,0.0,0.0,0.0,0,0.0,0,0.0,The Big -P.01-UP-20-April-26,E-APP-B02-4TH-1030,10-May-26,100.00%,0.00%,$0.00,$0.00,$0.00,
The Big -P.01-UP-20-April-26,CON-B01-BAS01-1050,569,725,724,The Big -P.01-UP-20-April-26,The Big - P.01 - UP-24-MAY-26.CON.P02.B01.SUB.1stB,CON-B01-BAS01-1050,Shuttering for Stairs  (B01) (Bas 01),3-Mar-26,11-Mar-26,2-Aug-26,11-Aug-26,15-Mar-26,28-Mar-26,1,1.0,0.0,-109.0,Yes,,The Big -P.01-UP-20-April-26,CON-B01-BAS01-1050,Shuttering for Stairs  (B01) (Bas 01),17-May-26,16099.2,0.0,0.0,16099.2,0,0.0,0,-16099.2,The Big -P.01-UP-20-April-26,CON-B01-BAS01-1050,10-May-26,100.00%,0.00%,"$16,099.20",$0.00,$0.00,
The Big -P.01-UP-20-April-26,CON-B01-BAS01-1060,570,726,725,The Big -P.01-UP-20-April-26,The Big - P.01 - UP-24-MAY-26.CON.P02.B01.SUB.1stB,CON-B01-BAS01-1060,RFT for Slabs & Beams (B01) (Bas 01),3-Mar-26,14-Mar-26,2-Aug-26,13-Aug-26,3-Mar-26,14-Mar-26,1,1.0,0.0,-119.0,Yes,,The Big -P.01-UP-20-April-26,CON-B01-BAS01-1060,RFT for Slabs & Beams (B01) (Bas 01),17-May-26,3436647.26,0.0,0.0,3436647.26,0,0.0,0,-3436647.26,The Big -P.01-UP-20-April-26,CON-B01-BAS01-1060,10-May-26,100.00%,0.00%,"$3,436,647.26",$0.00,$0.00,
The Big -P.01-UP-20-April-26,CON-B02-BAS01-1030,571,604,617,The Big -P.01-UP-20-April-26,The Big - P.01 - UP-24-MAY-26.CON.P02.B02.SUB.1stB,CON-B02-BAS01-1030,"Pouring for Walls, Col. & Cores (B02) (Bas 01)",3-Mar-26,4-Mar-26,23-Jun-26,24-Jun-26,3-Mar-26,4-Mar-26,1,1.0,0.0,-87.0,Yes,,The Big -P.01-UP-20-April-26,CON-B02-BAS01-1030,"Pouring for Walls, Col. & Cores (B02) (Bas 01)",17-May-26,144709.37,0.0,0.0,144709.37,0,0.0,0,-144709.37,The Big -P.01-UP-20-April-26,CON-B02-BAS01-1030,10-May-26,100.00%,0.00%,"$144,709.37",$0.00,$0.00,
The Big -P.01-UP-20-April-26,E-SUB-B04-5TH-1010,572,243,243,The Big -P.01-UP-20-April-26,The Big - P.01 - UP-24-MAY-26.EN.2.S.P01.B04.SUP.5thF,E-SUB-B04-5TH-1010,Submittal for Stairs Conc. Dim.  & RFT DWGs (B04) (5th),3-Mar-26,28-Mar-26,01-Feb-26 A,21-Feb-26 A,4-Oct-26,4-Oct-26,1,1.0,1.0,,No,,The Big -P.01-UP-20-April-26,E-SUB-B04-5TH-1010,Submittal for Stairs Conc. Dim.  & RFT DWGs (B04) (5th),17-May-26,0.0,0.0,0.0,0.0,0,0.0,0,0.0,The Big -P.01-UP-20-April-26,E-SUB-B04-5TH-1010,10-May-26,100.00%,100.00%,$0.00,$0.00,$0.00,
The Big -P.01-UP-20-April-26,E-SUB-B01-8TH-1010,573,95,95,The Big -P.01-UP-20-April-26,The Big - P.01 - UP-24-MAY-26.EN.2.S.P02.B01.SUP.8thF,E-SUB-B01-8TH-1010,Submittal for Stairs Conc. Dim.  & RFT DWGs (B01) (8th),3-Mar-26,28-Mar-26,01-Nov-25 A,15-Nov-25 A,28-Dec-26,28-Dec-26,1,1.0,1.0,,No,,The Big -P.01-UP-20-April-26,E-SUB-B01-8TH-1010,Submittal for Stairs Conc. Dim.  & RFT DWGs (B01) (8th),17-May-26,0.0,0.0,0.0,0.0,0,0.0,0,0.0,The Big -P.01-UP-20-April-26,E-SUB-B01-8TH-1010,10-May-26,100.00%,100.00%,$0.00,$0.00,$0.00,
The Big -P.01-UP-20-April-26,E-APP-B01-6TH-1020,574,529,525,The Big -P.01-UP-20-April-26,The Big - P.01 - UP-24-MAY-26.EN.2.A.P02.B01.SUP.6thF,E-APP-B01-6TH-1020,Approval for Beams Conc. Dim.  & RFT DWGs (B01) (6th),3-Mar-26,14-Mar-26,11-Jun-26,22-Jun-26,19-Nov-26,30-Nov-26,1,1.0,0.0,134.0,No,,The Big -P.01-UP-20-April-26,E-APP-B01-6TH-1020,Approval for Beams Conc. Dim.  & RFT DWGs (B01) (6th),17-May-26,0.0,0.0,0.0,0.0,0,0.0,0,0.0,The Big -P.01-UP-20-April-26,E-APP-B01-6TH-1020,10-May-26,100.00%,0.00%,$0.00,$0.00,$0.00,
The Big -P.01-UP-20-April-26,E-APP-B03-RF-1020,575,586,582,The Big -P.01-UP-20-April-26,The Big - P.01 - UP-24-MAY-26.EN.2.A.P01.B03.SUP.RF,E-APP-B03-RF-1020,Approval for Slabs Conc. Dim.  & RFT DWGs  (B03) (RF),3-Mar-26,14-Mar-26,15-Jun-26,25-Jun-26,10-Feb-27,21-Feb-27,1,1.0,0.0,200.0,No,,The Big -P.01-UP-20-April-26,E-APP-B03-RF-1020,Approval for Slabs Conc. Dim.  & RFT DWGs  (B03) (RF),17-May-26,0.0,0.0,0.0,0.0,0,0.0,0,0.0,The Big -P.01-UP-20-April-26,E-APP-B03-RF-1020,10-May-26,100.00%,0.00%,$0.00,$0.00,$0.00,
The Big -P.01-UP-20-April-26,CON-B04-BAS02-1100,576,625,615,The Big -P.01-UP-20-April-26,The Big - P.01 - UP-24-MAY-26.CON.P01.B04.SUB.3,CON-B04-BAS02-1100,Pouring for Stairs  (B04) (Bas 02),3-Mar-26,4-Mar-26,27-Jun-26,28-Jun-26,23-Mar-26,24-Mar-26,1,1.0,0.0,-77.0,Yes,,The Big -P.01-UP-20-April-26,CON-B04-BAS02-1100,Pouring for Stairs  (B04) (Bas 02),17-May-26,26058.24,0.0,0.0,26058.24,0,0.0,0,-26058.24,The Big -P.01-UP-20-April-26,CON-B04-BAS02-1100,10-May-26,100.00%,0.00%,"$26,058.24",$0.00,$0.00,
The Big -P.01-UP-20-April-26,CON-B03-BAS01-1020,577,610,620,The Big -P.01-UP-20-April-26,The Big - P.01 - UP-24-MAY-26.CON.P01.B03.SUB.1stB,CON-B03-BAS01-1020,"Shuttering for Walls, Col. & Cores (B03) (Bas 01)",4-Mar-26,22-Mar-26,24-Jun-26,8-Jul-26,4-Mar-26,22-Mar-26,1,1.0,0.0,-87.0,Yes,,The Big -P.01-UP-20-April-26,CON-B03-BAS01-1020,"Shuttering for Walls, Col. & Cores (B03) (Bas 01)",17-May-26,716427.39,0.0,0.0,716427.39,0,0.0,0,-716427.39,The Big -P.01-UP-20-April-26,CON-B03-BAS01-1020,10-May-26,100.00%,0.00%,"$716,427.39",$0.00,$0.00,
The Big -P.01-UP-20-April-26,E-APP-B04-4TH-1010,578,294,294,The Big -P.01-UP-20-April-26,The Big - P.01 - UP-24-MAY-26.EN.2.A.P01.B04.SUP.4thF,E-APP-B04-4TH-1010,Approval for Stairs Conc. Dim.  & RFT DWGs (B04) (4th),4-Mar-26,15-Mar-26,08-Feb-26 A,18-Feb-26 A,3-Oct-26,3-Oct-26,1,1.0,1.0,,No,,The Big -P.01-UP-20-April-26,E-APP-B04-4TH-1010,Approval for Stairs Conc. Dim.  & RFT DWGs (B04) (4th),17-May-26,0.0,0.0,0.0,0.0,0,0.0,0,0.0,The Big -P.01-UP-20-April-26,E-APP-B04-4TH-1010,10-May-26,100.00%,100.00%,$0.00,$0.00,$0.00,
The Big -P.01-UP-20-April-26,CON-B01-BAS01-1070,579,727,728,The Big -P.01-UP-20-April-26,The Big - P.01 - UP-24-MAY-26.CON.P02.B01.SUB.1stB,CON-B01-BAS01-1070,Shuttering for  Ramps (B01) (Bas 01),4-Mar-26,12-Mar-26,3-Aug-26,12-Aug-26,21-Mar-26,29-Mar-26,1,1.0,0.0,-109.0,Yes,,The Big -P.01-UP-20-April-26,CON-B01-BAS01-1070,Shuttering for  Ramps (B01) (Bas 01),17-May-26,527474.8,0.0,0.0,527474.8,0,0.0,0,-527474.8,The Big -P.01-UP-20-April-26,CON-B01-BAS01-1070,10-May-26,100.00%,0.00%,"$527,474.80",$0.00,$0.00,
The Big -P.01-UP-20-April-26,CON-B04-BAS02-1110,580,626,619,The Big -P.01-UP-20-April-26,The Big - P.01 - UP-24-MAY-26.CON.P01.B04.SUB.3,CON-B04-BAS02-1110,Pouring for Ramps (B04) (Bas 02),4-Mar-26,5-Mar-26,28-Jun-26,29-Jun-26,23-Mar-26,24-Mar-26,1,1.0,0.0,-78.0,Yes,,The Big -P.01-UP-20-April-26,CON-B04-BAS02-1110,Pouring for Ramps (B04) (Bas 02),17-May-26,791212.2,0.0,0.0,791212.2,0,0.0,0,-791212.2,The Big -P.01-UP-20-April-26,CON-B04-BAS02-1110,10-May-26,100.00%,0.00%,"$791,212.20",$0.00,$0.00,
The Big -P.01-UP-20-April-26,CON-B02-BAS01-1040,581,615,622,The Big -P.01-UP-20-April-26,The Big - P.01 - UP-24-MAY-26.CON.P02.B02.SUB.1stB,CON-B02-BAS01-1040,Shuttering for Slabs & Beams (B02) (Bas 01),5-Mar-26,14-Mar-26,25-Jun-26,5-Jul-26,5-Mar-26,14-Mar-26,1,1.0,0.0,-87.0,Yes,,The Big -P.01-UP-20-April-26,CON-B02-BAS01-1040,Shuttering for Slabs & Beams (B02) (Bas 01),17-May-26,2270472.81,0.0,0.0,2270472.81,0,0.0,0,-2270472.81,The Big -P.01-UP-20-April-26,CON-B02-BAS01-1040,10-May-26,100.00%,0.00%,"$2,270,472.81",$0.00,$0.00,
The Big -P.01-UP-20-April-26,AB-SUB-B04-BAS2-1010,582,628,621,The Big -P.01-UP-20-April-26,The Big - P.01 - UP-24-MAY-26.HO.1.S.P01.B04.SUB.2ndB,AB-SUB-B04-BAS2-1010,Submittal for Stairs Conc. Dim.  & RFT DWGs As-Built Drawing (B04) (Bas 02),5-Mar-26,30-Mar-26,29-Jun-26,20-Jul-26,6-Mar-27,29-Mar-27,1,1.0,0.0,208.0,No,,The Big -P.01-UP-20-April-26,AB-SUB-B04-BAS2-1010,Submittal for Stairs Conc. Dim.  & RFT DWGs As-Built Drawing (B04) (Bas 02),17-May-26,0.0,0.0,0.0,0.0,0,0.0,0,0.0,The Big -P.01-UP-20-April-26,AB-SUB-B04-BAS2-1010,10-May-26,100.00%,0.00%,$0.00,$0.00,$0.00,
The Big -P.01-UP-20-April-26,AB-SUB-B02-BAS1-1000,583,616,623,The Big -P.01-UP-20-April-26,The Big - P.01 - UP-24-MAY-26.HO.1.S.P02.B02.SUB.1stB,AB-SUB-B02-BAS1-1000,Submittal for Col. & Walls Conc. Dim.  & RFT DWGs As-Built Drawing (B02) (Bas 01),5-Mar-26,30-Mar-26,25-Jun-26,16-Jul-26,6-Mar-27,29-Mar-27,1,1.0,0.0,211.0,No,,The Big -P.01-UP-20-April-26,AB-SUB-B02-BAS1-1000,Submittal for Col. & Walls Conc. Dim.  & RFT DWGs As-Built Drawing (B02) (Bas 01),17-May-26,0.0,0.0,0.0,0.0,0,0.0,0,0.0,The Big -P.01-UP-20-April-26,AB-SUB-B02-BAS1-1000,10-May-26,100.00%,0.00%,$0.00,$0.00,$0.00,
The Big -P.01-UP-20-April-26,CON-B04-BAS02-1150,584,631,626,The Big -P.01-UP-20-April-26,The Big - P.01 - UP-24-MAY-26.CON.P01.B04.SUB.3,CON-B04-BAS02-1150,Curing for  Ramps & Stairs (B04) (Bas 02),6-Mar-26,8-Mar-26,30-Jun-26,2-Jul-26,25-Mar-26,27-Mar-26,1,1.0,0.0,-97.0,Yes,,The Big -P.01-UP-20-April-26,CON-B04-BAS02-1150,Curing for  Ramps & Stairs (B04) (Bas 02),17-May-26,0.0,0.0,0.0,0.0,0,0.0,0,0.0,The Big -P.01-UP-20-April-26,CON-B04-BAS02-1150,10-May-26,100.00%,0.00%,$0.00,$0.00,$0.00,
The Big -P.01-UP-20-April-26,CON-B01-BAS01-1080,585,735,740,The Big -P.01-UP-20-April-26,The Big - P.01 - UP-24-MAY-26.CON.P02.B01.SUB.1stB,CON-B01-BAS01-1080,RFT for Stairs  (B01) (Bas 01),7-Mar-26,12-Mar-26,5-Aug-26,12-Aug-26,25-Mar-26,31-Mar-26,1,1.0,0.0,-107.0,Yes,,The Big -P.01-UP-20-April-26,CON-B01-BAS01-1080,RFT for Stairs  (B01) (Bas 01),17-May-26,32613.8,0.0,0.0,32613.8,0,0.0,0,-32613.8,The Big -P.01-UP-20-April-26,CON-B01-BAS01-1080,10-May-26,100.00%,0.00%,"$32,613.80",$0.00,$0.00,
The Big -P.01-UP-20-April-26,E-SUB-B04-5TH-1020,586,357,355,The Big -P.01-UP-20-April-26,The Big - P.01 - UP-24-MAY-26.EN.2.S.P01.B04.SUP.5thF,E-SUB-B04-5TH-1020,Submittal for Beams Conc. Dim.  & RFT DWGs (B04) (5th),7-Mar-26,31-Mar-26,17-May-26,10-Jun-26,4-Oct-26,25-Oct-26,1,1.0,0.0,113.0,No,,The Big -P.01-UP-20-April-26,E-SUB-B04-5TH-1020,Submittal for Beams Conc. Dim.  & RFT DWGs (B04) (5th),17-May-26,0.0,0.0,0.0,0.0,0,0.0,0,0.0,The Big -P.01-UP-20-April-26,E-SUB-B04-5TH-1020,10-May-26,100.00%,0.00%,$0.00,$0.00,$0.00,
The Big -P.01-UP-20-April-26,E-SUB-B01-8TH-1020,587,376,374,The Big -P.01-UP-20-April-26,The Big - P.01 - UP-24-MAY-26.EN.2.S.P02.B01.SUP.8thF,E-SUB-B01-8TH-1020,Submittal for Beams Conc. Dim.  & RFT DWGs (B01) (8th),7-Mar-26,31-Mar-26,17-May-26,10-Jun-26,28-Dec-26,18-Jan-27,1,1.0,0.0,185.0,No,,The Big -P.01-UP-20-April-26,E-SUB-B01-8TH-1020,Submittal for Beams Conc. Dim.  & RFT DWGs (B01) (8th),17-May-26,0.0,0.0,0.0,0.0,0,0.0,0,0.0,The Big -P.01-UP-20-April-26,E-SUB-B01-8TH-1020,10-May-26,100.00%,0.00%,$0.00,$0.00,$0.00,
The Big -P.01-UP-20-April-26,E-APP-B01-6TH-1030,588,567,563,The Big -P.01-UP-20-April-26,The Big - P.01 - UP-24-MAY-26.EN.2.A.P02.B01.SUP.6thF,E-APP-B01-6TH-1030,Approval for Slabs Conc. Dim.  & RFT DWGs (B01) (6th),7-Mar-26,22-Mar-26,15-Jun-26,25-Jun-26,19-Nov-26,30-Nov-26,1,1.0,0.0,131.0,No,,The Big -P.01-UP-20-April-26,E-APP-B01-6TH-1030,Approval for Slabs Conc. Dim.  & RFT DWGs (B01) (6th),17-May-26,0.0,0.0,0.0,0.0,0,0.0,0,0.0,The Big -P.01-UP-20-April-26,E-APP-B01-6TH-1030,10-May-26,100.00%,0.00%,$0.00,$0.00,$0.00,
The Big -P.01-UP-20-April-26,E-APP-B01-7TH-1000,589,262,262,The Big -P.01-UP-20-April-26,The Big - P.01 - UP-24-MAY-26.EN.2.A.P02.B01.SUP.7thF,E-APP-B01-7TH-1000,Approval for Col. & Walls Conc. Dim.  & RFT DWGs (B01) (7th),7-Mar-26,22-Mar-26,01-Feb-26 A,11-Feb-26 A,21-Dec-26,21-Dec-26,1,1.0,1.0,,No,,The Big -P.01-UP-20-April-26,E-APP-B01-7TH-1000,Approval for Col. & Walls Conc. Dim.  & RFT DWGs (B01) (7th),17-May-26,0.0,0.0,0.0,0.0,0,0.0,0,0.0,The Big -P.01-UP-20-April-26,E-APP-B01-7TH-1000,10-May-26,100.00%,100.00%,$0.00,$0.00,$0.00,
The Big -P.01-UP-20-April-26,CON-B01-BAS01-1090,590,736,742,The Big -P.01-UP-20-April-26,The Big - P.01 - UP-24-MAY-26.CON.P02.B01.SUB.1stB,CON-B01-BAS01-1090,RFT for  Ramps (B01) (Bas 01),7-Mar-26,15-Mar-26,5-Aug-26,15-Aug-26,23-Mar-26,31-Mar-26,1,1.0,0.0,-109.0,Yes,,The Big -P.01-UP-20-April-26,CON-B01-BAS01-1090,RFT for  Ramps (B01) (Bas 01),17-May-26,1075623.24,0.0,0.0,1075623.24,0,0.0,0,-1075623.24,The Big -P.01-UP-20-April-26,CON-B01-BAS01-1090,10-May-26,100.00%,0.00%,"$1,075,623.24",$0.00,$0.00,
The Big -P.01-UP-20-April-26,AB-SUB-B04-BAS2-1020,591,630,625,The Big -P.01-UP-20-April-26,The Big - P.01 - UP-24-MAY-26.HO.1.S.P01.B04.SUB.2ndB,AB-SUB-B04-BAS2-1020,Submittal for Ramps Conc. Dim.  & RFT DWGs As-Built Drawing (B04) (Bas 02),7-Mar-26,31-Mar-26,1-Jul-26,21-Jul-26,6-Mar-27,29-Mar-27,1,1.0,0.0,207.0,No,,The Big -P.01-UP-20-April-26,AB-SUB-B04-BAS2-1020,Submittal for Ramps Conc. Dim.  & RFT DWGs As-Built Drawing (B04) (Bas 02),17-May-26,0.0,0.0,0.0,0.0,0,0.0,0,0.0,The Big -P.01-UP-20-April-26,AB-SUB-B04-BAS2-1020,10-May-26,100.00%,0.00%,$0.00,$0.00,$0.00,
The Big -P.01-UP-20-April-26,P-MPOS-1100,592,405,403,The Big -P.01-UP-20-April-26,The Big - P.01 - UP-24-MAY-26.P.PC.PO.1,P-MPOS-1100,P.O for Rebar Patch#5  (Ground floor),7-Mar-26,8-Mar-26,17-May-26,18-May-26,14-Mar-26,15-Mar-26,1,1.0,0.0,-50.0,Yes,,The Big -P.01-UP-20-April-26,P-MPOS-1100,P.O for Rebar Patch#5  (Ground floor),17-May-26,0.0,0.0,0.0,0.0,0,0.0,0,0.0,The Big -P.01-UP-20-April-26,P-MPOS-1100,10-May-26,100.00%,0.00%,$0.00,$0.00,$0.00,
The Big -P.01-UP-20-April-26,CON-B02-BAS01-1050,593,619,629,The Big -P.01-UP-20-April-26,The Big - P.01 - UP-24-MAY-26.CON.P02.B02.SUB.1stB,CON-B02-BAS01-1050,Shuttering for Stairs (B02) (Bas 01),8-Mar-26,14-Mar-26,28-Jun-26,5-Jul-26,11-Mar-26,22-Mar-26,1,1.0,0.0,-84.0,Yes,,The Big -P.01-UP-20-April-26,CON-B02-BAS01-1050,Shuttering for Stairs (B02) (Bas 01),17-May-26,16436.16,0.0,0.0,16436.16,0,0.0,0,-16436.16,The Big -P.01-UP-20-April-26,CON-B02-BAS01-1050,10-May-26,100.00%,0.00%,"$16,436.16",$0.00,$0.00,
The Big -P.01-UP-20-April-26,CON-B02-BAS01-1060,594,620,630,The Big -P.01-UP-20-April-26,The Big - P.01 - UP-24-MAY-26.CON.P02.B02.SUB.1stB,CON-B02-BAS01-1060,RFT for Slabs & Beams (B02) (Bas 01),8-Mar-26,23-Mar-26,28-Jun-26,9-Jul-26,8-Mar-26,23-Mar-26,1,1.0,0.0,-87.0,Yes,,The Big -P.01-UP-20-April-26,CON-B02-BAS01-1060,RFT for Slabs & Beams (B02) (Bas 01),17-May-26,2217753.89,0.0,0.0,2217753.89,0,0.0,0,-2217753.89,The Big -P.01-UP-20-April-26,CON-B02-BAS01-1060,10-May-26,100.00%,0.00%,"$2,217,753.89",$0.00,$0.00,
The Big -P.01-UP-20-April-26,E-APP-B04-4TH-1020,595,539,535,The Big -P.01-UP-20-April-26,The Big - P.01 - UP-24-MAY-26.EN.2.A.P01.B04.SUP.4thF,E-APP-B04-4TH-1020,Approval for Beams Conc. Dim.  & RFT DWGs (B04) (4th),8-Mar-26,23-Mar-26,11-Jun-26,22-Jun-26,21-Sep-26,1-Oct-26,1,1.0,0.0,84.0,No,,The Big -P.01-UP-20-April-26,E-APP-B04-4TH-1020,Approval for Beams Conc. Dim.  & RFT DWGs (B04) (4th),17-May-26,0.0,0.0,0.0,0.0,0,0.0,0,0.0,The Big -P.01-UP-20-April-26,E-APP-B04-4TH-1020,10-May-26,100.00%,0.00%,$0.00,$0.00,$0.00,
The Big -P.01-UP-20-April-26,CON-B04-BAS02-1130,596,637,628,The Big -P.01-UP-20-April-26,The Big - P.01 - UP-24-MAY-26.CON.P01.B04.SUB.3,CON-B04-BAS02-1130,Pouring for Slabs & Beams (B04) (Bas 02),8-Mar-26,9-Mar-26,2-Jul-26,4-Jul-26,8-Mar-26,9-Mar-26,1,1.0,0.0,-90.0,Yes,,The Big -P.01-UP-20-April-26,CON-B04-BAS02-1130,Pouring for Slabs & Beams (B04) (Bas 02),17-May-26,3114132.67,0.0,0.0,3114132.67,0,0.0,0,-3114132.67,The Big -P.01-UP-20-April-26,CON-B04-BAS02-1130,10-May-26,100.00%,0.00%,"$3,114,132.67",$0.00,$0.00,
The Big -P.01-UP-20-April-26,P-MDEL-1130,597,418,417,The Big -P.01-UP-20-April-26,The Big - P.01 - UP-24-MAY-26.P.PC.DS.DR,P-MDEL-1130,Delivery for Rebar Patch#5  (Ground floor),9-Mar-26,10-Mar-26,19-May-26,20-May-26,20-Mar-26,21-Mar-26,1,1.0,0.0,-60.0,Yes,,The Big -P.01-UP-20-April-26,P-MDEL-1130,Delivery for Rebar Patch#5  (Ground floor),17-May-26,0.0,0.0,0.0,0.0,0,0.0,0,0.0,The Big -P.01-UP-20-April-26,P-MDEL-1130,10-May-26,100.00%,0.00%,$0.00,$0.00,$0.00,
The Big -P.01-UP-20-April-26,CON-B03-BAS02-1110,598,621,616,The Big -P.01-UP-20-April-26,The Big - P.01 - UP-24-MAY-26.CON.P01.B03.SUB.2ndB,CON-B03-BAS02-1110,Dismantling Formwork (B03) (Bas 02),10-Mar-26,10-Mar-26,23-Jun-26,24-Jun-26,24-Mar-26,24-Mar-26,1,1.0,0.0,-91.0,Yes,,The Big -P.01-UP-20-April-26,CON-B03-BAS02-1110,Dismantling Formwork (B03) (Bas 02),17-May-26,0.0,0.0,0.0,0.0,0,0.0,0,0.0,The Big -P.01-UP-20-April-26,CON-B03-BAS02-1110,10-May-26,100.00%,0.00%,$0.00,$0.00,$0.00,
The Big -P.01-UP-20-April-26,CON-B02-BAS01-1070,599,622,644,The Big -P.01-UP-20-April-26,The Big - P.01 - UP-24-MAY-26.CON.P02.B02.SUB.1stB,CON-B02-BAS01-1070,RFT for Stairs  (B02) (Bas 01),10-Mar-26,21-Mar-26,1-Jul-26,7-Jul-26,14-Mar-26,24-Mar-26,1,1.0,0.0,-84.0,Yes,,The Big -P.01-UP-20-April-26,CON-B02-BAS01-1070,RFT for Stairs  (B02) (Bas 01),17-May-26,30854.95,0.0,0.0,30854.95,0,0.0,0,-30854.95,The Big -P.01-UP-20-April-26,CON-B02-BAS01-1070,10-May-26,100.00%,0.00%,"$30,854.95",$0.00,$0.00,
The Big -P.01-UP-20-April-26,CON-B04-BAS01-1000,600,646,634,The Big -P.01-UP-20-April-26,The Big - P.01 - UP-24-MAY-26.CON.P01.B04.SUB.2,CON-B04-BAS01-1000,"Scaffolding works for Walls, Col. & Cores (B04) (Bas 01)",10-Mar-26,22-Mar-26,5-Jul-26,12-Jul-26,10-Mar-26,22-Mar-26,1,1.0,0.0,-90.0,Yes,,The Big -P.01-UP-20-April-26,CON-B04-BAS01-1000,"Scaffolding works for Walls, Col. & Cores (B04) (Bas 01)",17-May-26,0.0,0.0,0.0,0.0,0,0.0,0,0.0,The Big -P.01-UP-20-April-26,CON-B04-BAS01-1000,10-May-26,100.00%,0.00%,$0.00,$0.00,$0.00,
The Big -P.01-UP-20-April-26,CON-B04-BAS01-1010,601,647,635,The Big -P.01-UP-20-April-26,The Big - P.01 - UP-24-MAY-26.CON.P01.B04.SUB.2,CON-B04-BAS01-1010,"RFT for Walls, Col. & Cores (B04) (Bas 01)",10-Mar-26,23-Mar-26,5-Jul-26,13-Jul-26,10-Mar-26,23-Mar-26,1,1.0,0.0,-90.0,Yes,,The Big -P.01-UP-20-April-26,CON-B04-BAS01-1010,"RFT for Walls, Col. & Cores (B04) (Bas 01)",17-May-26,1868166.61,0.0,0.0,1868166.61,0,0.0,0,-1868166.61,The Big -P.01-UP-20-April-26,CON-B04-BAS01-1010,10-May-26,100.00%,0.00%,"$1,868,166.61",$0.00,$0.00,
The Big -P.01-UP-20-April-26,E-SUB-B04-5TH-1030,602,435,430,The Big -P.01-UP-20-April-26,The Big - P.01 - UP-24-MAY-26.EN.2.S.P01.B04.SUP.5thF,E-SUB-B04-5TH-1030,Submittal for Slabs Conc. Dim.  & RFT DWGs (B04) (5th),10-Mar-26,4-Apr-26,20-May-26,14-Jun-26,8-Oct-26,28-Oct-26,1,1.0,0.0,113.0,No,,The Big -P.01-UP-20-April-26,E-SUB-B04-5TH-1030,Submittal for Slabs Conc. Dim.  & RFT DWGs (B04) (5th),17-May-26,0.0,0.0,0.0,0.0,0,0.0,0,0.0,The Big -P.01-UP-20-April-26,E-SUB-B04-5TH-1030,10-May-26,100.00%,0.00%,$0.00,$0.00,$0.00,
The Big -P.01-UP-20-April-26,E-SUB-B01-8TH-1030,603,453,448,The Big -P.01-UP-20-April-26,The Big - P.01 - UP-24-MAY-26.EN.2.S.P02.B01.SUP.8thF,E-SUB-B01-8TH-1030,Submittal for Slabs Conc. Dim.  & RFT DWGs (B01) (8th),10-Mar-26,4-Apr-26,20-May-26,14-Jun-26,31-Dec-26,21-Jan-27,1,1.0,0.0,185.0,No,,The Big -P.01-UP-20-April-26,E-SUB-B01-8TH-1030,Submittal for Slabs Conc. Dim.  & RFT DWGs (B01) (8th),17-May-26,0.0,0.0,0.0,0.0,0,0.0,0,0.0,The Big -P.01-UP-20-April-26,E-SUB-B01-8TH-1030,10-May-26,100.00%,0.00%,$0.00,$0.00,$0.00,
The Big -P.01-UP-20-April-26,E-APP-B01-7TH-1010,604,230,230,The Big -P.01-UP-20-April-26,The Big - P.01 - UP-24-MAY-26.EN.2.A.P02.B01.SUP.7thF,E-APP-B01-7TH-1010,Approval for Stairs Conc. Dim.  & RFT DWGs (B01) (7th),10-Mar-26,25-Mar-26,01-Feb-26 A,07-Feb-26 A,3-Jan-27,3-Jan-27,1,1.0,1.0,,No,,The Big -P.01-UP-20-April-26,E-APP-B01-7TH-1010,Approval for Stairs Conc. Dim.  & RFT DWGs (B01) (7th),17-May-26,0.0,0.0,0.0,0.0,0,0.0,0,0.0,The Big -P.01-UP-20-April-26,E-APP-B01-7TH-1010,10-May-26,100.00%,100.00%,$0.00,$0.00,$0.00,
The Big -P.01-UP-20-April-26,CON-B04-BAS02-1120,605,648,636,The Big -P.01-UP-20-April-26,The Big - P.01 - UP-24-MAY-26.CON.P01.B04.SUB.3,CON-B04-BAS02-1120,"Curing for Slabs, Beams (B04) (Bas 02)",10-Mar-26,12-Mar-26,5-Jul-26,7-Jul-26,25-Mar-26,27-Mar-26,1,1.0,0.0,-102.0,Yes,,The Big -P.01-UP-20-April-26,CON-B04-BAS02-1120,"Curing for Slabs, Beams (B04) (Bas 02)",17-May-26,0.0,0.0,0.0,0.0,0,0.0,0,0.0,The Big -P.01-UP-20-April-26,CON-B04-BAS02-1120,10-May-26,100.00%,0.00%,$0.00,$0.00,$0.00,
The Big -P.01-UP-20-April-26,E-SUB-B01-SOG-1000,606,301,301,The Big -P.01-UP-20-April-26,The Big - P.01 - UP-24-MAY-26.EN.2.S.P02.B01.SUB.2ndB.SOG,E-SUB-B01-SOG-1000,Submittal for S.O.G Conc. Dim. DWGs (B01) (Sog),10-Mar-26,4-Apr-26,12-Feb-26 A,04-Mar-26 A,12-Jan-27,12-Jan-27,1,1.0,1.0,,No,,The Big -P.01-UP-20-April-26,E-SUB-B01-SOG-1000,Submittal for S.O.G Conc. Dim. DWGs (B01) (Sog),17-May-26,0.0,0.0,0.0,0.0,0,0.0,0,0.0,The Big -P.01-UP-20-April-26,E-SUB-B01-SOG-1000,10-May-26,100.00%,100.00%,$0.00,$0.00,$0.00,
The Big -P.01-UP-20-April-26,AB-SUB-B04-BAS2-1030,607,649,637,The Big -P.01-UP-20-April-26,The Big - P.01 - UP-24-MAY-26.HO.1.S.P01.B04.SUB.2ndB,AB-SUB-B04-BAS2-1030,Submittal for Slabs Conc. Dim.  & RFT DWGs As-Built Drawing (B04) (Bas 02),10-Mar-26,4-Apr-26,5-Jul-26,26-Jul-26,6-Mar-27,29-Mar-27,1,1.0,0.0,204.0,No,,The Big -P.01-UP-20-April-26,AB-SUB-B04-BAS2-1030,Submittal for Slabs Conc. Dim.  & RFT DWGs As-Built Drawing (B04) (Bas 02),17-May-26,0.0,0.0,0.0,0.0,0,0.0,0,0.0,The Big -P.01-UP-20-April-26,AB-SUB-B04-BAS2-1030,10-May-26,100.00%,0.00%,$0.00,$0.00,$0.00,
The Big -P.01-UP-20-April-26,AB-SUB-B04-BAS2-1040,608,650,638,The Big -P.01-UP-20-April-26,The Big - P.01 - UP-24-MAY-26.HO.1.S.P01.B04.SUB.2ndB,AB-SUB-B04-BAS2-1040,Submittal for Beams Conc. Dim.  & RFT DWGs As-Built Drawing (B04) (Bas 02),10-Mar-26,4-Apr-26,5-Jul-26,26-Jul-26,6-Mar-27,29-Mar-27,1,1.0,0.0,204.0,No,,The Big -P.01-UP-20-April-26,AB-SUB-B04-BAS2-1040,Submittal for Beams Conc. Dim.  & RFT DWGs As-Built Drawing (B04) (Bas 02),17-May-26,0.0,0.0,0.0,0.0,0,0.0,0,0.0,The Big -P.01-UP-20-April-26,AB-SUB-B04-BAS2-1040,10-May-26,100.00%,0.00%,$0.00,$0.00,$0.00,
The Big -P.01-UP-20-April-26,CON-B03-SOG-1000,609,677,665,The Big -P.01-UP-20-April-26,The Big - P.01 - UP-24-MAY-26.CON.P01.B03.SUB.2ndB.SOG,CON-B03-SOG-1000,Soil Backfilling & Compaction (B03) (sog),11-Mar-26,23-Mar-26,13-Jul-26,20-Jul-26,12-Jan-27,19-Jan-27,1,1.0,0.0,153.0,No,,The Big -P.01-UP-20-April-26,CON-B03-SOG-1000,Soil Backfilling & Compaction (B03) (sog),17-May-26,228729.82,0.0,0.0,228729.82,0,0.0,0,-228729.82,The Big -P.01-UP-20-April-26,CON-B03-SOG-1000,10-May-26,100.00%,0.00%,"$228,729.82",$0.00,$0.00,
The Big -P.01-UP-20-April-26,E-APP-B02-RF-1000,610,232,232,The Big -P.01-UP-20-April-26,The Big - P.01 - UP-24-MAY-26.EN.2.A.P02.B02.SUP.RF,E-APP-B02-RF-1000,Approval for Col. & Walls Conc. Dim.  & RFT DWGs (B02) (RF),11-Mar-26,26-Mar-26,01-Feb-26 A,09-Feb-26 A,13-Feb-27,13-Feb-27,1,1.0,1.0,,No,,The Big -P.01-UP-20-April-26,E-APP-B02-RF-1000,Approval for Col. & Walls Conc. Dim.  & RFT DWGs (B02) (RF),17-May-26,0.0,0.0,0.0,0.0,0,0.0,0,0.0,The Big -P.01-UP-20-April-26,E-APP-B02-RF-1000,10-May-26,100.00%,100.00%,$0.00,$0.00,$0.00,
The Big -P.01-UP-20-April-26,E-APP-B04-4TH-1030,611,576,572,The Big -P.01-UP-20-April-26,The Big - P.01 - UP-24-MAY-26.EN.2.A.P01.B04.SUP.4thF,E-APP-B04-4TH-1030,Approval for Slabs Conc. Dim.  & RFT DWGs (B04) (4th),11-Mar-26,26-Mar-26,15-Jun-26,25-Jun-26,21-Sep-26,1-Oct-26,1,1.0,0.0,81.0,No,,The Big -P.01-UP-20-April-26,E-APP-B04-4TH-1030,Approval for Slabs Conc. Dim.  & RFT DWGs (B04) (4th),17-May-26,0.0,0.0,0.0,0.0,0,0.0,0,0.0,The Big -P.01-UP-20-April-26,E-APP-B04-4TH-1030,10-May-26,100.00%,0.00%,$0.00,$0.00,$0.00,
The Big -P.01-UP-20-April-26,AB-APP-B03-BAS2-1010,612,624,624,The Big -P.01-UP-20-April-26,The Big - P.01 - UP-24-MAY-26.HO.1.A.P01.B03.SUB.3,AB-APP-B03-BAS2-1010,Approval for Stairs Conc. Dim.  & RFT DWGs As-Built Drawing  (B03) (Bas 02),12-Mar-26,30-Mar-26,25-Jun-26,11-Jul-26,23-Mar-27,5-Apr-27,1,1.0,0.0,223.0,No,,The Big -P.01-UP-20-April-26,AB-APP-B03-BAS2-1010,Approval for Stairs Conc. Dim.  & RFT DWGs As-Built Drawing  (B03) (Bas 02),17-May-26,0.0,0.0,0.0,0.0,0,0.0,0,0.0,The Big -P.01-UP-20-April-26,AB-APP-B03-BAS2-1010,10-May-26,100.00%,0.00%,$0.00,$0.00,$0.00,
The Big -P.01-UP-20-April-26,CON-B01-BAS01-1100,613,759,751,The Big -P.01-UP-20-April-26,The Big - P.01 - UP-24-MAY-26.CON.P02.B01.SUB.1stB,CON-B01-BAS01-1100,Pouring for Stairs  (B01) (Bas 01),14-Mar-26,15-Mar-26,12-Aug-26,15-Aug-26,1-Apr-26,2-Apr-26,1,1.0,0.0,-107.0,Yes,,The Big -P.01-UP-20-April-26,CON-B01-BAS01-1100,Pouring for Stairs  (B01) (Bas 01),17-May-26,24148.8,0.0,0.0,24148.8,0,0.0,0,-24148.8,The Big -P.01-UP-20-April-26,CON-B01-BAS01-1100,10-May-26,100.00%,0.00%,"$24,148.80",$0.00,$0.00,
The Big -P.01-UP-20-April-26,E-APP-B01-7TH-1020,614,530,526,The Big -P.01-UP-20-April-26,The Big - P.01 - UP-24-MAY-26.EN.2.A.P02.B01.SUP.7thF,E-APP-B01-7TH-1020,Approval for Beams Conc. Dim.  & RFT DWGs (B01) (7th),14-Mar-26,29-Mar-26,11-Jun-26,22-Jun-26,22-Dec-26,2-Jan-27,1,1.0,0.0,162.0,No,,The Big -P.01-UP-20-April-26,E-APP-B01-7TH-1020,Approval for Beams Conc. Dim.  & RFT DWGs (B01) (7th),17-May-26,0.0,0.0,0.0,0.0,0,0.0,0,0.0,The Big -P.01-UP-20-April-26,E-APP-B01-7TH-1020,10-May-26,100.00%,0.00%,$0.00,$0.00,$0.00,
The Big -P.01-UP-20-April-26,E-SUB-B01-SOG-1010,615,305,305,The Big -P.01-UP-20-April-26,The Big - P.01 - UP-24-MAY-26.EN.2.S.P02.B01.SUB.2ndB.SOG,E-SUB-B01-SOG-1010,Submittal for S.O.G RFT DWGs (B01) (Sog),14-Mar-26,7-Apr-26,16-Feb-26 A,08-Mar-26 A,12-Jan-27,12-Jan-27,1,1.0,1.0,,No,,The Big -P.01-UP-20-April-26,E-SUB-B01-SOG-1010,Submittal for S.O.G RFT DWGs (B01) (Sog),17-May-26,0.0,0.0,0.0,0.0,0,0.0,0,0.0,The Big -P.01-UP-20-April-26,E-SUB-B01-SOG-1010,10-May-26,100.00%,100.00%,$0.00,$0.00,$0.00,
The Big -P.01-UP-20-April-26,CON-B01-BAS01-1110,616,762,754,The Big -P.01-UP-20-April-26,The Big - P.01 - UP-24-MAY-26.CON.P02.B01.SUB.1stB,CON-B01-BAS01-1110,Pouring for Slabs & Beams (B01) (Bas 01),15-Mar-26,21-Mar-26,13-Aug-26,16-Aug-26,15-Mar-26,21-Mar-26,1,1.0,0.0,-119.0,Yes,,The Big -P.01-UP-20-April-26,CON-B01-BAS01-1110,Pouring for Slabs & Beams (B01) (Bas 01),17-May-26,3514044.05,0.0,0.0,3514044.05,0,0.0,0,-3514044.05,The Big -P.01-UP-20-April-26,CON-B01-BAS01-1110,10-May-26,100.00%,0.00%,"$3,514,044.05",$0.00,$0.00,
The Big -P.01-UP-20-April-26,CON-B04-BAS01-1020,617,673,659,The Big -P.01-UP-20-April-26,The Big - P.01 - UP-24-MAY-26.CON.P01.B04.SUB.2,CON-B04-BAS01-1020,"Shuttering for Walls, Col. & Cores (B04) (Bas 01)",15-Mar-26,25-Mar-26,9-Jul-26,15-Jul-26,15-Mar-26,25-Mar-26,1,1.0,0.0,-90.0,Yes,,The Big -P.01-UP-20-April-26,CON-B04-BAS01-1020,"Shuttering for Walls, Col. & Cores (B04) (Bas 01)",17-May-26,1532278.45,0.0,0.0,1532278.45,0,0.0,0,-1532278.45,The Big -P.01-UP-20-April-26,CON-B04-BAS01-1020,10-May-26,100.00%,0.00%,"$1,532,278.45",$0.00,$0.00,
The Big -P.01-UP-20-April-26,E-SUB-B04-6TH-1000,618,164,164,The Big -P.01-UP-20-April-26,The Big - P.01 - UP-24-MAY-26.EN.2.S.P01.B04.SUP.6thF,E-SUB-B04-6TH-1000,Submittal for Col. & Walls Conc. Dim.  & RFT DWGs (B04) (6th),15-Mar-26,8-Apr-26,01-Jan-26 A,10-Feb-26 A,5-Nov-26,5-Nov-26,1,1.0,1.0,,No,,The Big -P.01-UP-20-April-26,E-SUB-B04-6TH-1000,Submittal for Col. & Walls Conc. Dim.  & RFT DWGs (B04) (6th),17-May-26,0.0,0.0,0.0,0.0,0,0.0,0,0.0,The Big -P.01-UP-20-April-26,E-SUB-B04-6TH-1000,10-May-26,100.00%,100.00%,$0.00,$0.00,$0.00,
The Big -P.01-UP-20-April-26,E-SUB-B01-RF-1000,619,203,203,The Big -P.01-UP-20-April-26,The Big - P.01 - UP-24-MAY-26.EN.2.S.P02.B01.SUP.RF,E-SUB-B01-RF-1000,Submittal for Col. & Walls Conc. Dim.  & RFT DWGs (B01) (RF),15-Mar-26,8-Apr-26,01-Feb-26 A,03-Apr-26 A,26-Jan-27,26-Jan-27,1,1.0,1.0,,No,,The Big -P.01-UP-20-April-26,E-SUB-B01-RF-1000,Submittal for Col. & Walls Conc. Dim.  & RFT DWGs (B01) (RF),17-May-26,0.0,0.0,0.0,0.0,0,0.0,0,0.0,The Big -P.01-UP-20-April-26,E-SUB-B01-RF-1000,10-May-26,100.00%,100.00%,$0.00,$0.00,$0.00,
The Big -P.01-UP-20-April-26,E-APP-B02-RF-1010,620,532,528,The Big -P.01-UP-20-April-26,The Big - P.01 - UP-24-MAY-26.EN.2.A.P02.B02.SUP.RF,E-APP-B02-RF-1010,Approval for Beams Conc. Dim.  & RFT DWGs (B02) (RF),15-Mar-26,30-Mar-26,11-Jun-26,22-Jun-26,10-Feb-27,21-Feb-27,1,1.0,0.0,203.0,No,,The Big -P.01-UP-20-April-26,E-APP-B02-RF-1010,Approval for Beams Conc. Dim.  & RFT DWGs (B02) (RF),17-May-26,0.0,0.0,0.0,0.0,0,0.0,0,0.0,The Big -P.01-UP-20-April-26,E-APP-B02-RF-1010,10-May-26,100.00%,0.00%,$0.00,$0.00,$0.00,
The Big -P.01-UP-20-April-26,E-SUB-B02-SOG-1000,621,384,382,The Big -P.01-UP-20-April-26,The Big - P.01 - UP-24-MAY-26.EN.2.S.P02.B02.SUB.2ndB.2,E-SUB-B02-SOG-1000,Submittal for S.O.G Conc. Dim. DWGs (B02) (Sog),15-Mar-26,8-Apr-26,17-May-26,10-Jun-26,4-Jan-27,26-Jan-27,1,1.0,0.0,191.0,No,,The Big -P.01-UP-20-April-26,E-SUB-B02-SOG-1000,Submittal for S.O.G Conc. Dim. DWGs (B02) (Sog),17-May-26,0.0,0.0,0.0,0.0,0,0.0,0,0.0,The Big -P.01-UP-20-April-26,E-SUB-B02-SOG-1000,10-May-26,100.00%,0.00%,$0.00,$0.00,$0.00,
The Big -P.01-UP-20-April-26,AB-APP-B01-BAS1-1000,622,763,756,The Big -P.01-UP-20-April-26,The Big - P.01 - UP-24-MAY-26.HO.1.A.P02.B01.SUB.1stB,AB-APP-B01-BAS1-1000,Approval for Col. & Walls Conc. Dim.  & RFT DWGs As-Built Drawing (B01) (Bas 01),15-Mar-26,1-Apr-26,13-Aug-26,29-Aug-26,23-Mar-27,5-Apr-27,1,1.0,0.0,183.0,No,,The Big -P.01-UP-20-April-26,AB-APP-B01-BAS1-1000,Approval for Col. & Walls Conc. Dim.  & RFT DWGs As-Built Drawing (B01) (Bas 01),17-May-26,0.0,0.0,0.0,0.0,0,0.0,0,0.0,The Big -P.01-UP-20-April-26,AB-APP-B01-BAS1-1000,10-May-26,100.00%,0.00%,$0.00,$0.00,$0.00,
The Big -P.01-UP-20-April-26,AB-APP-B03-BAS2-1020,623,635,645,The Big -P.01-UP-20-April-26,The Big - P.01 - UP-24-MAY-26.HO.1.A.P01.B03.SUB.3,AB-APP-B03-BAS2-1020,Approval for Slabs Conc. Dim.  & RFT DWGs As-Built Drawing  (B03) (Bas 02),15-Mar-26,1-Apr-26,1-Jul-26,14-Jul-26,23-Mar-27,5-Apr-27,1,1.0,0.0,219.0,No,,The Big -P.01-UP-20-April-26,AB-APP-B03-BAS2-1020,Approval for Slabs Conc. Dim.  & RFT DWGs As-Built Drawing  (B03) (Bas 02),17-May-26,0.0,0.0,0.0,0.0,0,0.0,0,0.0,The Big -P.01-UP-20-April-26,AB-APP-B03-BAS2-1020,10-May-26,100.00%,0.00%,$0.00,$0.00,$0.00,
The Big -P.01-UP-20-April-26,AB-APP-B03-BAS2-1030,624,636,646,The Big -P.01-UP-20-April-26,The Big - P.01 - UP-24-MAY-26.HO.1.A.P01.B03.SUB.3,AB-APP-B03-BAS2-1030,Approval for Beams Conc. Dim.  & RFT DWGs As-Built Drawing  (B03) (Bas 02),15-Mar-26,1-Apr-26,1-Jul-26,14-Jul-26,23-Mar-27,5-Apr-27,1,1.0,0.0,219.0,No,,The Big -P.01-UP-20-April-26,AB-APP-B03-BAS2-1030,Approval for Beams Conc. Dim.  & RFT DWGs As-Built Drawing  (B03) (Bas 02),17-May-26,0.0,0.0,0.0,0.0,0,0.0,0,0.0,The Big -P.01-UP-20-April-26,AB-APP-B03-BAS2-1030,10-May-26,100.00%,0.00%,$0.00,$0.00,$0.00,
The Big -P.01-UP-20-April-26,CON-B01-BAS01-1120,625,765,758,The Big -P.01-UP-20-April-26,The Big - P.01 - UP-24-MAY-26.CON.P02.B01.SUB.1stB,CON-B01-BAS01-1120,"Curing for Slabs, Beams (B01) (Bas 01)",16-Mar-26,18-Mar-26,15-Aug-26,18-Aug-26,4-Apr-26,6-Apr-26,1,1.0,0.0,-133.0,Yes,,The Big -P.01-UP-20-April-26,CON-B01-BAS01-1120,"Curing for Slabs, Beams (B01) (Bas 01)",17-May-26,0.0,0.0,0.0,0.0,0,0.0,0,0.0,The Big -P.01-UP-20-April-26,CON-B01-BAS01-1120,10-May-26,100.00%,0.00%,$0.00,$0.00,$0.00,
The Big -P.01-UP-20-April-26,CON-B01-BAS01-1130,626,766,760,The Big -P.01-UP-20-April-26,The Big - P.01 - UP-24-MAY-26.CON.P02.B01.SUB.1stB,CON-B01-BAS01-1130,Pouring for  Ramps (B01) (Bas 01),21-Mar-26,22-Mar-26,15-Aug-26,17-Aug-26,1-Apr-26,2-Apr-26,1,1.0,0.0,-109.0,Yes,,The Big -P.01-UP-20-April-26,CON-B01-BAS01-1130,Pouring for  Ramps (B01) (Bas 01),17-May-26,791212.2,0.0,0.0,791212.2,0,0.0,0,-791212.2,The Big -P.01-UP-20-April-26,CON-B01-BAS01-1130,10-May-26,100.00%,0.00%,"$791,212.20",$0.00,$0.00,
The Big -P.01-UP-20-April-26,AB-SUB-B01-BAS1-1010,627,767,761,The Big -P.01-UP-20-April-26,The Big - P.01 - UP-24-MAY-26.HO.1.S.P02.B01.SUB.1stB,AB-SUB-B01-BAS1-1010,Submittal for Stairs Conc. Dim.  & RFT DWGs As-Built Drawing (B01) (Bas 01),21-Mar-26,9-Apr-26,15-Aug-26,6-Sep-26,6-Mar-27,29-Mar-27,1,1.0,0.0,170.0,No,,The Big -P.01-UP-20-April-26,AB-SUB-B01-BAS1-1010,Submittal for Stairs Conc. Dim.  & RFT DWGs As-Built Drawing (B01) (Bas 01),17-May-26,0.0,0.0,0.0,0.0,0,0.0,0,0.0,The Big -P.01-UP-20-April-26,AB-SUB-B01-BAS1-1010,10-May-26,100.00%,0.00%,$0.00,$0.00,$0.00,
The Big -P.01-UP-20-April-26,CON-B02-BAS01-1080,628,645,662,The Big -P.01-UP-20-April-26,The Big - P.01 - UP-24-MAY-26.CON.P02.B02.SUB.1stB,CON-B02-BAS01-1080,Pouring for Stairs  (B02) (Bas 01),22-Mar-26,23-Mar-26,8-Jul-26,9-Jul-26,25-Mar-26,26-Mar-26,1,1.0,0.0,-84.0,Yes,,The Big -P.01-UP-20-April-26,CON-B02-BAS01-1080,Pouring for Stairs  (B02) (Bas 01),17-May-26,24654.24,0.0,0.0,24654.24,0,0.0,0,-24654.24,The Big -P.01-UP-20-April-26,CON-B02-BAS01-1080,10-May-26,100.00%,0.00%,"$24,654.24",$0.00,$0.00,
The Big -P.01-UP-20-April-26,CON-B01-GR-1000,629,770,765,The Big -P.01-UP-20-April-26,The Big - P.01 - UP-24-MAY-26.CON.P02.B01.SUP.GF,CON-B01-GR-1000,"Scaffolding works for Walls, Col. & Cores (B01) (GR)",22-Mar-26,29-Mar-26,16-Aug-26,24-Aug-26,22-Mar-26,29-Mar-26,1,1.0,0.0,-119.0,Yes,,The Big -P.01-UP-20-April-26,CON-B01-GR-1000,"Scaffolding works for Walls, Col. & Cores (B01) (GR)",17-May-26,0.0,0.0,0.0,0.0,0,0.0,0,0.0,The Big -P.01-UP-20-April-26,CON-B01-GR-1000,10-May-26,100.00%,0.00%,$0.00,$0.00,$0.00,
The Big -P.01-UP-20-April-26,CON-B01-GR-1010,630,771,766,The Big -P.01-UP-20-April-26,The Big - P.01 - UP-24-MAY-26.CON.P02.B01.SUP.GF,CON-B01-GR-1010,"RFT for Walls, Col. & Cores (B01) (GR)",22-Mar-26,1-Apr-26,16-Aug-26,29-Aug-26,22-Mar-26,1-Apr-26,1,1.0,0.0,-119.0,Yes,,The Big -P.01-UP-20-April-26,CON-B01-GR-1010,"RFT for Walls, Col. & Cores (B01) (GR)",17-May-26,856330.53,0.0,0.0,856330.53,0,0.0,0,-856330.53,The Big -P.01-UP-20-April-26,CON-B01-GR-1010,10-May-26,100.00%,0.00%,"$856,330.53",$0.00,$0.00,
The Big -P.01-UP-20-April-26,E-APP-B01-7TH-1030,631,568,564,The Big -P.01-UP-20-April-26,The Big - P.01 - UP-24-MAY-26.EN.2.A.P02.B01.SUP.7thF,E-APP-B01-7TH-1030,Approval for Slabs Conc. Dim.  & RFT DWGs (B01) (7th),22-Mar-26,1-Apr-26,15-Jun-26,25-Jun-26,22-Dec-26,2-Jan-27,1,1.0,0.0,159.0,No,,The Big -P.01-UP-20-April-26,E-APP-B01-7TH-1030,Approval for Slabs Conc. Dim.  & RFT DWGs (B01) (7th),17-May-26,0.0,0.0,0.0,0.0,0,0.0,0,0.0,The Big -P.01-UP-20-April-26,E-APP-B01-7TH-1030,10-May-26,100.00%,0.00%,$0.00,$0.00,$0.00,
The Big -P.01-UP-20-April-26,AB-SUB-B01-BAS1-1020,632,772,768,The Big -P.01-UP-20-April-26,The Big - P.01 - UP-24-MAY-26.HO.1.S.P02.B01.SUB.1stB,AB-SUB-B01-BAS1-1020,Submittal for Slabs Conc. Dim.  & RFT DWGs As-Built Drawing (B01) (Bas 01),22-Mar-26,11-Apr-26,16-Aug-26,7-Sep-26,6-Mar-27,29-Mar-27,1,1.0,0.0,169.0,No,,The Big -P.01-UP-20-April-26,AB-SUB-B01-BAS1-1020,Submittal for Slabs Conc. Dim.  & RFT DWGs As-Built Drawing (B01) (Bas 01),17-May-26,0.0,0.0,0.0,0.0,0,0.0,0,0.0,The Big -P.01-UP-20-April-26,AB-SUB-B01-BAS1-1020,10-May-26,100.00%,0.00%,$0.00,$0.00,$0.00,
The Big -P.01-UP-20-April-26,AB-SUB-B01-BAS1-1030,633,773,769,The Big -P.01-UP-20-April-26,The Big - P.01 - UP-24-MAY-26.HO.1.S.P02.B01.SUB.1stB,AB-SUB-B01-BAS1-1030,Submittal for Beams Conc. Dim.  & RFT DWGs As-Built Drawing (B01) (Bas 01),22-Mar-26,11-Apr-26,16-Aug-26,7-Sep-26,6-Mar-27,29-Mar-27,1,1.0,0.0,169.0,No,,The Big -P.01-UP-20-April-26,AB-SUB-B01-BAS1-1030,Submittal for Beams Conc. Dim.  & RFT DWGs As-Built Drawing (B01) (Bas 01),17-May-26,0.0,0.0,0.0,0.0,0,0.0,0,0.0,The Big -P.01-UP-20-April-26,AB-SUB-B01-BAS1-1030,10-May-26,100.00%,0.00%,$0.00,$0.00,$0.00,
The Big -P.01-UP-20-April-26,CON-B03-BAS01-1030,634,654,664,The Big -P.01-UP-20-April-26,The Big - P.01 - UP-24-MAY-26.CON.P01.B03.SUB.1stB,CON-B03-BAS01-1030,"Pouring for Walls, Col. & Cores (B03) (Bas 01)",23-Mar-26,24-Mar-26,9-Jul-26,11-Jul-26,23-Mar-26,24-Mar-26,1,1.0,0.0,-87.0,Yes,,The Big -P.01-UP-20-April-26,CON-B03-BAS01-1030,"Pouring for Walls, Col. & Cores (B03) (Bas 01)",17-May-26,1074641.09,0.0,0.0,1074641.09,0,0.0,0,-1074641.09,The Big -P.01-UP-20-April-26,CON-B03-BAS01-1030,10-May-26,100.00%,0.00%,"$1,074,641.09",$0.00,$0.00,
The Big -P.01-UP-20-April-26,E-SUB-B04-6TH-1010,635,244,244,The Big -P.01-UP-20-April-26,The Big - P.01 - UP-24-MAY-26.EN.2.S.P01.B04.SUP.6thF,E-SUB-B04-6TH-1010,Submittal for Stairs Conc. Dim.  & RFT DWGs (B04) (6th),23-Mar-26,12-Apr-26,01-Feb-26 A,21-Feb-26 A,5-Nov-26,5-Nov-26,1,1.0,1.0,,No,,The Big -P.01-UP-20-April-26,E-SUB-B04-6TH-1010,Submittal for Stairs Conc. Dim.  & RFT DWGs (B04) (6th),17-May-26,0.0,0.0,0.0,0.0,0,0.0,0,0.0,The Big -P.01-UP-20-April-26,E-SUB-B04-6TH-1010,10-May-26,100.00%,100.00%,$0.00,$0.00,$0.00,
The Big -P.01-UP-20-April-26,E-SUB-B01-RF-1010,636,380,378,The Big -P.01-UP-20-April-26,The Big - P.01 - UP-24-MAY-26.EN.2.S.P02.B01.SUP.RF,E-SUB-B01-RF-1010,Submittal for Slabs Conc. Dim.  & RFT DWGs (B01) (RF),23-Mar-26,12-Apr-26,17-May-26,10-Jun-26,26-Jan-27,15-Feb-27,1,1.0,0.0,208.0,No,,The Big -P.01-UP-20-April-26,E-SUB-B01-RF-1010,Submittal for Slabs Conc. Dim.  & RFT DWGs (B01) (RF),17-May-26,0.0,0.0,0.0,0.0,0,0.0,0,0.0,The Big -P.01-UP-20-April-26,E-SUB-B01-RF-1010,10-May-26,100.00%,0.00%,$0.00,$0.00,$0.00,
The Big -P.01-UP-20-April-26,E-APP-B02-RF-1020,637,570,566,The Big -P.01-UP-20-April-26,The Big - P.01 - UP-24-MAY-26.EN.2.A.P02.B02.SUP.RF,E-APP-B02-RF-1020,Approval for Slabs Conc. Dim.  & RFT DWGs (B02) (RF),23-Mar-26,2-Apr-26,15-Jun-26,25-Jun-26,10-Feb-27,21-Feb-27,1,1.0,0.0,200.0,No,,The Big -P.01-UP-20-April-26,E-APP-B02-RF-1020,Approval for Slabs Conc. Dim.  & RFT DWGs (B02) (RF),17-May-26,0.0,0.0,0.0,0.0,0,0.0,0,0.0,The Big -P.01-UP-20-April-26,E-APP-B02-RF-1020,10-May-26,100.00%,0.00%,$0.00,$0.00,$0.00,
The Big -P.01-UP-20-April-26,E-SUB-B02-SOG-1010,638,459,454,The Big -P.01-UP-20-April-26,The Big - P.01 - UP-24-MAY-26.EN.2.S.P02.B02.SUB.2ndB.2,E-SUB-B02-SOG-1010,Submittal for S.O.G RFT DWGs (B02) (Sog),23-Mar-26,12-Apr-26,20-May-26,14-Jun-26,9-Jan-27,30-Jan-27,1,1.0,0.0,191.0,No,,The Big -P.01-UP-20-April-26,E-SUB-B02-SOG-1010,Submittal for S.O.G RFT DWGs (B02) (Sog),17-May-26,0.0,0.0,0.0,0.0,0,0.0,0,0.0,The Big -P.01-UP-20-April-26,E-SUB-B02-SOG-1010,10-May-26,100.00%,0.00%,$0.00,$0.00,$0.00,
The Big -P.01-UP-20-April-26,AB-SUB-B01-BAS1-1040,639,776,772,The Big -P.01-UP-20-April-26,The Big - P.01 - UP-24-MAY-26.HO.1.S.P02.B01.SUB.1stB,AB-SUB-B01-BAS1-1040,Submittal for Ramps Conc. Dim.  & RFT DWGs As-Built Drawing (B01) (Bas 01),23-Mar-26,12-Apr-26,17-Aug-26,8-Sep-26,6-Mar-27,29-Mar-27,1,1.0,0.0,168.0,No,,The Big -P.01-UP-20-April-26,AB-SUB-B01-BAS1-1040,Submittal for Ramps Conc. Dim.  & RFT DWGs As-Built Drawing (B01) (Bas 01),17-May-26,0.0,0.0,0.0,0.0,0,0.0,0,0.0,The Big -P.01-UP-20-April-26,AB-SUB-B01-BAS1-1040,10-May-26,100.00%,0.00%,$0.00,$0.00,$0.00,
The Big -P.01-UP-20-April-26,CON-B01-BAS01-1150,640,777,773,The Big -P.01-UP-20-April-26,The Big - P.01 - UP-24-MAY-26.CON.P02.B01.SUB.1stB,CON-B01-BAS01-1150,Curing for  Ramps & Stairs (B01) (Bas 01),23-Mar-26,25-Mar-26,17-Aug-26,20-Aug-26,4-Apr-26,6-Apr-26,1,1.0,0.0,-135.0,Yes,,The Big -P.01-UP-20-April-26,CON-B01-BAS01-1150,Curing for  Ramps & Stairs (B01) (Bas 01),17-May-26,0.0,0.0,0.0,0.0,0,0.0,0,0.0,The Big -P.01-UP-20-April-26,CON-B01-BAS01-1150,10-May-26,100.00%,0.00%,$0.00,$0.00,$0.00,
The Big -P.01-UP-20-April-26,CON-B02-BAS01-1090,641,660,669,The Big -P.01-UP-20-April-26,The Big - P.01 - UP-24-MAY-26.CON.P02.B02.SUB.1stB,CON-B02-BAS01-1090,Pouring for Slabs & Beams (B02) (Bas 01),24-Mar-26,25-Mar-26,11-Jul-26,12-Jul-26,24-Mar-26,25-Mar-26,1,1.0,0.0,-87.0,Yes,,The Big -P.01-UP-20-April-26,CON-B02-BAS01-1090,Pouring for Slabs & Beams (B02) (Bas 01),17-May-26,1513648.54,0.0,0.0,1513648.54,0,0.0,0,-1513648.54,The Big -P.01-UP-20-April-26,CON-B02-BAS01-1090,10-May-26,100.00%,0.00%,"$1,513,648.54",$0.00,$0.00,
The Big -P.01-UP-20-April-26,CON-B02-BAS01-1100,642,661,667,The Big -P.01-UP-20-April-26,The Big - P.01 - UP-24-MAY-26.CON.P02.B02.SUB.1stB,CON-B02-BAS01-1100,"Curing for Slabs, Beams Stairs (B02) (Bas 01)",24-Mar-26,28-Mar-26,10-Jul-26,14-Jul-26,28-Mar-26,1-Apr-26,1,1.0,0.0,-104.0,Yes,,The Big -P.01-UP-20-April-26,CON-B02-BAS01-1100,"Curing for Slabs, Beams Stairs (B02) (Bas 01)",17-May-26,0.0,0.0,0.0,0.0,0,0.0,0,0.0,The Big -P.01-UP-20-April-26,CON-B02-BAS01-1100,10-May-26,100.00%,0.00%,$0.00,$0.00,$0.00,
The Big -P.01-UP-20-April-26,CON-B03-SOG-1010,643,695,693,The Big -P.01-UP-20-April-26,The Big - P.01 - UP-24-MAY-26.CON.P01.B03.SUB.2ndB.SOG,CON-B03-SOG-1010,Soil Compaction Test (B03) (sog),24-Mar-26,25-Mar-26,21-Jul-26,22-Jul-26,31-Jan-27,1-Feb-27,1,1.0,0.0,161.0,No,,The Big -P.01-UP-20-April-26,CON-B03-SOG-1010,Soil Compaction Test (B03) (sog),17-May-26,25414.42,0.0,0.0,25414.42,0,0.0,0,-25414.42,The Big -P.01-UP-20-April-26,CON-B03-SOG-1010,10-May-26,100.00%,0.00%,"$25,414.42",$0.00,$0.00,
The Big -P.01-UP-20-April-26,CON-B01-GR-1020,644,782,780,The Big -P.01-UP-20-April-26,The Big - P.01 - UP-24-MAY-26.CON.P02.B01.SUP.GF,CON-B01-GR-1020,"Shuttering for Walls, Col. & Cores (B01) (GR)",24-Mar-26,4-Apr-26,18-Aug-26,31-Aug-26,24-Mar-26,4-Apr-26,1,1.0,0.0,-119.0,Yes,,The Big -P.01-UP-20-April-26,CON-B01-GR-1020,"Shuttering for Walls, Col. & Cores (B01) (GR)",17-May-26,467957.0,0.0,0.0,467957.0,0,0.0,0,-467957.0,The Big -P.01-UP-20-April-26,CON-B01-GR-1020,10-May-26,100.00%,0.00%,"$467,957.00",$0.00,$0.00,
The Big -P.01-UP-20-April-26,AB-SUB-B02-BAS1-1010,645,662,670,The Big -P.01-UP-20-April-26,The Big - P.01 - UP-24-MAY-26.HO.1.S.P02.B02.SUB.1stB,AB-SUB-B02-BAS1-1010,Submittal for Stairs Conc. Dim.  & RFT DWGs As-Built Drawing (B02) (Bas 01),24-Mar-26,14-Apr-26,11-Jul-26,1-Aug-26,6-Mar-27,29-Mar-27,1,1.0,0.0,199.0,No,,The Big -P.01-UP-20-April-26,AB-SUB-B02-BAS1-1010,Submittal for Stairs Conc. Dim.  & RFT DWGs As-Built Drawing (B02) (Bas 01),17-May-26,0.0,0.0,0.0,0.0,0,0.0,0,0.0,The Big -P.01-UP-20-April-26,AB-SUB-B02-BAS1-1010,10-May-26,100.00%,0.00%,$0.00,$0.00,$0.00,
The Big -P.01-UP-20-April-26,AB-APP-B02-BAS1-1000,646,663,671,The Big -P.01-UP-20-April-26,The Big - P.01 - UP-24-MAY-26.HO.1.A.P02.B02.SUB.1stB,AB-APP-B02-BAS1-1000,Approval for Col. & Walls Conc. Dim.  & RFT DWGs As-Built Drawing (B02) (Bas 01),24-Mar-26,6-Apr-26,11-Jul-26,25-Jul-26,23-Mar-27,5-Apr-27,1,1.0,0.0,211.0,No,,The Big -P.01-UP-20-April-26,AB-APP-B02-BAS1-1000,Approval for Col. & Walls Conc. Dim.  & RFT DWGs As-Built Drawing (B02) (Bas 01),17-May-26,0.0,0.0,0.0,0.0,0,0.0,0,0.0,The Big -P.01-UP-20-April-26,AB-APP-B02-BAS1-1000,10-May-26,100.00%,0.00%,$0.00,$0.00,$0.00,
The Big -P.01-UP-20-April-26,AB-APP-B04-BAS2-1010,647,681,666,The Big -P.01-UP-20-April-26,The Big - P.01 - UP-24-MAY-26.HO.1.A.P01.B04.SUB.2ndF,AB-APP-B04-BAS2-1010,Approval for Stairs Conc. Dim.  & RFT DWGs As-Built Drawing (B04) (Bas 02),24-Mar-26,6-Apr-26,14-Jul-26,28-Jul-26,23-Mar-27,5-Apr-27,1,1.0,0.0,208.0,No,,The Big -P.01-UP-20-April-26,AB-APP-B04-BAS2-1010,Approval for Stairs Conc. Dim.  & RFT DWGs As-Built Drawing (B04) (Bas 02),17-May-26,0.0,0.0,0.0,0.0,0,0.0,0,0.0,The Big -P.01-UP-20-April-26,AB-APP-B04-BAS2-1010,10-May-26,100.00%,0.00%,$0.00,$0.00,$0.00,
The Big -P.01-UP-20-April-26,CON-B03-BAS01-1040,648,669,673,The Big -P.01-UP-20-April-26,The Big - P.01 - UP-24-MAY-26.CON.P01.B03.SUB.1stB,CON-B03-BAS01-1040,Shuttering for Slabs & Beams (B03) (Bas 01),25-Mar-26,2-Apr-26,12-Jul-26,20-Jul-26,25-Mar-26,2-Apr-26,1,1.0,0.0,-87.0,Yes,,The Big -P.01-UP-20-April-26,CON-B03-BAS01-1040,Shuttering for Slabs & Beams (B03) (Bas 01),17-May-26,1268962.7,0.0,0.0,1268962.7,0,0.0,0,-1268962.7,The Big -P.01-UP-20-April-26,CON-B03-BAS01-1040,10-May-26,100.00%,0.00%,"$1,268,962.70",$0.00,$0.00,
The Big -P.01-UP-20-April-26,E-APP-B01-8TH-1000,649,263,263,The Big -P.01-UP-20-April-26,The Big - P.01 - UP-24-MAY-26.EN.2.A.P02.B01.SUP.8thF,E-APP-B01-8TH-1000,Approval for Col. & Walls Conc. Dim.  & RFT DWGs (B01) (8th),25-Mar-26,5-Apr-26,01-Feb-26 A,11-Feb-26 A,23-Jan-27,23-Jan-27,1,1.0,1.0,,No,,The Big -P.01-UP-20-April-26,E-APP-B01-8TH-1000,Approval for Col. & Walls Conc. Dim.  & RFT DWGs (B01) (8th),17-May-26,0.0,0.0,0.0,0.0,0,0.0,0,0.0,The Big -P.01-UP-20-April-26,E-APP-B01-8TH-1000,10-May-26,100.00%,100.00%,$0.00,$0.00,$0.00,
The Big -P.01-UP-20-April-26,E-APP-B04-5TH-1000,650,276,276,The Big -P.01-UP-20-April-26,The Big - P.01 - UP-24-MAY-26.EN.2.A.P01.B04.SUP.5thF,E-APP-B04-5TH-1000,Approval for Col. & Walls Conc. Dim.  & RFT DWGs (B04) (5th),25-Mar-26,5-Apr-26,01-Feb-26 A,12-Feb-26 A,28-Oct-26,28-Oct-26,1,1.0,1.0,,No,,The Big -P.01-UP-20-April-26,E-APP-B04-5TH-1000,Approval for Col. & Walls Conc. Dim.  & RFT DWGs (B04) (5th),17-May-26,0.0,0.0,0.0,0.0,0,0.0,0,0.0,The Big -P.01-UP-20-April-26,E-APP-B04-5TH-1000,10-May-26,100.00%,100.00%,$0.00,$0.00,$0.00,
The Big -P.01-UP-20-April-26,E-SUB-B04-SOG-1000,651,382,380,The Big -P.01-UP-20-April-26,The Big - P.01 - UP-24-MAY-26.EN.2.S.P01.B04.SUB.2ndB.2,E-SUB-B04-SOG-1000,Submittal for S.O.G Conc. Dim. DWGs (B04) (Sog),25-Mar-26,15-Apr-26,17-May-26,10-Jun-26,21-Jan-27,11-Feb-27,1,1.0,0.0,205.0,No,,The Big -P.01-UP-20-April-26,E-SUB-B04-SOG-1000,Submittal for S.O.G Conc. Dim. DWGs (B04) (Sog),17-May-26,0.0,0.0,0.0,0.0,0,0.0,0,0.0,The Big -P.01-UP-20-April-26,E-SUB-B04-SOG-1000,10-May-26,100.00%,0.00%,$0.00,$0.00,$0.00,
The Big -P.01-UP-20-April-26,AB-SUB-B03-BAS1-1000,652,670,674,The Big -P.01-UP-20-April-26,The Big - P.01 - UP-24-MAY-26.HO.1.S.P01.B03.SUB.1stB,AB-SUB-B03-BAS1-1000,Submittal for Col. & Walls Conc. Dim.  & RFT DWGs As-Built Drawing (B03) (Bas 01),25-Mar-26,15-Apr-26,12-Jul-26,2-Aug-26,6-Mar-27,29-Mar-27,1,1.0,0.0,198.0,No,,The Big -P.01-UP-20-April-26,AB-SUB-B03-BAS1-1000,Submittal for Col. & Walls Conc. Dim.  & RFT DWGs As-Built Drawing (B03) (Bas 01),17-May-26,0.0,0.0,0.0,0.0,0,0.0,0,0.0,The Big -P.01-UP-20-April-26,AB-SUB-B03-BAS1-1000,10-May-26,100.00%,0.00%,$0.00,$0.00,$0.00,
The Big -P.01-UP-20-April-26,AB-APP-B04-BAS2-1020,653,683,672,The Big -P.01-UP-20-April-26,The Big - P.01 - UP-24-MAY-26.HO.1.A.P01.B04.SUB.2ndF,AB-APP-B04-BAS2-1020,Approval for Ramps Conc. Dim.  & RFT DWGs As-Built Drawing (B04) (Bas 02),25-Mar-26,7-Apr-26,15-Jul-26,29-Jul-26,23-Mar-27,5-Apr-27,1,1.0,0.0,207.0,No,,The Big -P.01-UP-20-April-26,AB-APP-B04-BAS2-1020,Approval for Ramps Conc. Dim.  & RFT DWGs As-Built Drawing (B04) (Bas 02),17-May-26,0.0,0.0,0.0,0.0,0,0.0,0,0.0,The Big -P.01-UP-20-April-26,AB-APP-B04-BAS2-1020,10-May-26,100.00%,0.00%,$0.00,$0.00,$0.00,
The Big -P.01-UP-20-April-26,CON-B04-BAS01-1030,654,685,675,The Big -P.01-UP-20-April-26,The Big - P.01 - UP-24-MAY-26.CON.P01.B04.SUB.2,CON-B04-BAS01-1030,"Pouring for Walls, Col. & Cores (B04) (Bas 01)",26-Mar-26,28-Mar-26,16-Jul-26,18-Jul-26,26-Mar-26,28-Mar-26,1,1.0,0.0,-90.0,Yes,,The Big -P.01-UP-20-April-26,CON-B04-BAS01-1030,"Pouring for Walls, Col. & Cores (B04) (Bas 01)",17-May-26,2298417.67,0.0,0.0,2298417.67,0,0.0,0,-2298417.67,The Big -P.01-UP-20-April-26,CON-B04-BAS01-1030,10-May-26,100.00%,0.00%,"$2,298,417.67",$0.00,$0.00,
The Big -P.01-UP-20-April-26,CON-B03-SOG-1020,655,704,702,The Big -P.01-UP-20-April-26,The Big - P.01 - UP-24-MAY-26.CON.P01.B03.SUB.2ndB.SOG,CON-B03-SOG-1020,DPM Layer works (B03) (sog),26-Mar-26,6-Apr-26,25-Jul-26,4-Aug-26,2-Feb-27,13-Feb-27,1,1.0,0.0,161.0,No,,The Big -P.01-UP-20-April-26,CON-B03-SOG-1020,DPM Layer works (B03) (sog),17-May-26,115955.2,0.0,0.0,115955.2,0,0.0,0,-115955.2,The Big -P.01-UP-20-April-26,CON-B03-SOG-1020,10-May-26,100.00%,0.00%,"$115,955.20",$0.00,$0.00,
The Big -P.01-UP-20-April-26,E-SUB-B04-6TH-1020,656,358,356,The Big -P.01-UP-20-April-26,The Big - P.01 - UP-24-MAY-26.EN.2.S.P01.B04.SUP.6thF,E-SUB-B04-6TH-1020,Submittal for Beams Conc. Dim.  & RFT DWGs (B04) (6th),26-Mar-26,16-Apr-26,17-May-26,10-Jun-26,5-Nov-26,25-Nov-26,1,1.0,0.0,140.0,No,,The Big -P.01-UP-20-April-26,E-SUB-B04-6TH-1020,Submittal for Beams Conc. Dim.  & RFT DWGs (B04) (6th),17-May-26,0.0,0.0,0.0,0.0,0,0.0,0,0.0,The Big -P.01-UP-20-April-26,E-SUB-B04-6TH-1020,10-May-26,100.00%,0.00%,$0.00,$0.00,$0.00,
The Big -P.01-UP-20-April-26,E-SUB-B01-RF-1020,657,96,96,The Big -P.01-UP-20-April-26,The Big - P.01 - UP-24-MAY-26.EN.2.S.P02.B01.SUP.RF,E-SUB-B01-RF-1020,Submittal for Beams Conc. Dim.  & RFT DWGs (B01) (RF),26-Mar-26,16-Apr-26,01-Nov-25 A,15-Nov-25 A,16-Feb-27,16-Feb-27,1,1.0,1.0,,No,,The Big -P.01-UP-20-April-26,E-SUB-B01-RF-1020,Submittal for Beams Conc. Dim.  & RFT DWGs (B01) (RF),17-May-26,0.0,0.0,0.0,0.0,0,0.0,0,0.0,The Big -P.01-UP-20-April-26,E-SUB-B01-RF-1020,10-May-26,100.00%,100.00%,$0.00,$0.00,$0.00,
The Big -P.01-UP-20-April-26,CON-B04-BAS02-1140,658,686,676,The Big -P.01-UP-20-April-26,The Big - P.01 - UP-24-MAY-26.CON.P01.B04.SUB.3,CON-B04-BAS02-1140,Dismantling Formwork (B04) (Bas 02),26-Mar-26,26-Mar-26,16-Jul-26,16-Jul-26,28-Mar-26,28-Mar-26,1,1.0,0.0,-110.0,Yes,,The Big -P.01-UP-20-April-26,CON-B04-BAS02-1140,Dismantling Formwork (B04) (Bas 02),17-May-26,0.0,0.0,0.0,0.0,0,0.0,0,0.0,The Big -P.01-UP-20-April-26,CON-B04-BAS02-1140,10-May-26,100.00%,0.00%,$0.00,$0.00,$0.00,
The Big -P.01-UP-20-April-26,AB-SUB-B02-BAS1-1020,659,671,677,The Big -P.01-UP-20-April-26,The Big - P.01 - UP-24-MAY-26.HO.1.S.P02.B02.SUB.1stB,AB-SUB-B02-BAS1-1020,Submittal for Slabs Conc. Dim.  & RFT DWGs As-Built Drawing (B02) (Bas 01),26-Mar-26,16-Apr-26,13-Jul-26,3-Aug-26,6-Mar-27,29-Mar-27,1,1.0,0.0,197.0,No,,The Big -P.01-UP-20-April-26,AB-SUB-B02-BAS1-1020,Submittal for Slabs Conc. Dim.  & RFT DWGs As-Built Drawing (B02) (Bas 01),17-May-26,0.0,0.0,0.0,0.0,0,0.0,0,0.0,The Big -P.01-UP-20-April-26,AB-SUB-B02-BAS1-1020,10-May-26,100.00%,0.00%,$0.00,$0.00,$0.00,
The Big -P.01-UP-20-April-26,AB-SUB-B02-BAS1-1030,660,672,678,The Big -P.01-UP-20-April-26,The Big - P.01 - UP-24-MAY-26.HO.1.S.P02.B02.SUB.1stB,AB-SUB-B02-BAS1-1030,Submittal for Beams Conc. Dim.  & RFT DWGs As-Built Drawing (B02) (Bas 01),26-Mar-26,16-Apr-26,13-Jul-26,3-Aug-26,6-Mar-27,29-Mar-27,1,1.0,0.0,197.0,No,,The Big -P.01-UP-20-April-26,AB-SUB-B02-BAS1-1030,Submittal for Beams Conc. Dim.  & RFT DWGs As-Built Drawing (B02) (Bas 01),17-May-26,0.0,0.0,0.0,0.0,0,0.0,0,0.0,The Big -P.01-UP-20-April-26,AB-SUB-B02-BAS1-1030,10-May-26,100.00%,0.00%,$0.00,$0.00,$0.00,
The Big -P.01-UP-20-April-26,CON-B03-BAS01-1050,661,674,680,The Big -P.01-UP-20-April-26,The Big - P.01 - UP-24-MAY-26.CON.P01.B03.SUB.1stB,CON-B03-BAS01-1050,RFT for Slabs & Beams (B03) (Bas 01),28-Mar-26,7-Apr-26,14-Jul-26,26-Jul-26,12-Apr-26,23-Apr-26,1,1.0,0.0,-74.0,Yes,,The Big -P.01-UP-20-April-26,CON-B03-BAS01-1050,RFT for Slabs & Beams (B03) (Bas 01),17-May-26,1863491.47,0.0,0.0,1863491.47,0,0.0,0,-1863491.47,The Big -P.01-UP-20-April-26,CON-B03-BAS01-1050,10-May-26,100.00%,0.00%,"$1,863,491.47",$0.00,$0.00,
The Big -P.01-UP-20-April-26,CON-B04-SOG-1000,662,707,704,The Big -P.01-UP-20-April-26,The Big - P.01 - UP-24-MAY-26.CON.P01.B04.SUB.3.1,CON-B04-SOG-1000,Soil Backfilling & Compaction (B04) (Sog),28-Mar-26,4-Apr-26,26-Jul-26,2-Aug-26,24-Jan-27,1-Feb-27,1,1.0,0.0,153.0,No,,The Big -P.01-UP-20-April-26,CON-B04-SOG-1000,Soil Backfilling & Compaction (B04) (Sog),17-May-26,344448.0,0.0,0.0,344448.0,0,0.0,0,-344448.0,The Big -P.01-UP-20-April-26,CON-B04-SOG-1000,10-May-26,100.00%,0.00%,"$344,448.00",$0.00,$0.00,
The Big -P.01-UP-20-April-26,CON-B04-BAS01-1040,663,688,682,The Big -P.01-UP-20-April-26,The Big - P.01 - UP-24-MAY-26.CON.P01.B04.SUB.2,CON-B04-BAS01-1040,Shuttering for Slabs & Beams (B04) (Bas 01),29-Mar-26,6-Apr-26,19-Jul-26,28-Jul-26,29-Mar-26,6-Apr-26,1,1.0,0.0,-90.0,Yes,,The Big -P.01-UP-20-April-26,CON-B04-BAS01-1040,Shuttering for Slabs & Beams (B04) (Bas 01),17-May-26,2326995.01,0.0,0.0,2326995.01,0,0.0,0,-2326995.01,The Big -P.01-UP-20-April-26,CON-B04-BAS01-1040,10-May-26,100.00%,0.00%,"$2,326,995.01",$0.00,$0.00,
The Big -P.01-UP-20-April-26,CON-B03-BAS01-1060,664,676,687,The Big -P.01-UP-20-April-26,The Big - P.01 - UP-24-MAY-26.CON.P01.B03.SUB.1stB,CON-B03-BAS01-1060,Shuttering for Stairs (B03) (Bas 01),29-Mar-26,6-Apr-26,15-Jul-26,25-Jul-26,29-Mar-26,6-Apr-26,1,1.0,0.0,-87.0,Yes,,The Big -P.01-UP-20-April-26,CON-B03-BAS01-1060,Shuttering for Stairs (B03) (Bas 01),17-May-26,17372.16,0.0,0.0,17372.16,0,0.0,0,-17372.16,The Big -P.01-UP-20-April-26,CON-B03-BAS01-1060,10-May-26,100.00%,0.00%,"$17,372.16",$0.00,$0.00,
The Big -P.01-UP-20-April-26,E-APP-B01-8TH-1010,665,231,231,The Big -P.01-UP-20-April-26,The Big - P.01 - UP-24-MAY-26.EN.2.A.P02.B01.SUP.8thF,E-APP-B01-8TH-1010,Approval for Stairs Conc. Dim.  & RFT DWGs (B01) (8th),29-Mar-26,8-Apr-26,01-Feb-26 A,07-Feb-26 A,4-Feb-27,4-Feb-27,1,1.0,1.0,,No,,The Big -P.01-UP-20-April-26,E-APP-B01-8TH-1010,Approval for Stairs Conc. Dim.  & RFT DWGs (B01) (8th),17-May-26,0.0,0.0,0.0,0.0,0,0.0,0,0.0,The Big -P.01-UP-20-April-26,E-APP-B01-8TH-1010,10-May-26,100.00%,100.00%,$0.00,$0.00,$0.00,
The Big -P.01-UP-20-April-26,E-APP-B04-5TH-1010,666,295,295,The Big -P.01-UP-20-April-26,The Big - P.01 - UP-24-MAY-26.EN.2.A.P01.B04.SUP.5thF,E-APP-B04-5TH-1010,Approval for Stairs Conc. Dim.  & RFT DWGs (B04) (5th),29-Mar-26,8-Apr-26,08-Feb-26 A,18-Feb-26 A,10-Nov-26,10-Nov-26,1,1.0,1.0,,No,,The Big -P.01-UP-20-April-26,E-APP-B04-5TH-1010,Approval for Stairs Conc. Dim.  & RFT DWGs (B04) (5th),17-May-26,0.0,0.0,0.0,0.0,0,0.0,0,0.0,The Big -P.01-UP-20-April-26,E-APP-B04-5TH-1010,10-May-26,100.00%,100.00%,$0.00,$0.00,$0.00,
The Big -P.01-UP-20-April-26,E-SUB-B04-SOG-1010,667,457,452,The Big -P.01-UP-20-April-26,The Big - P.01 - UP-24-MAY-26.EN.2.S.P01.B04.SUB.2ndB.2,E-SUB-B04-SOG-1010,Submittal for S.O.G RFT DWGs (B04) (Sog),29-Mar-26,19-Apr-26,20-May-26,14-Jun-26,26-Jan-27,15-Feb-27,1,1.0,0.0,205.0,No,,The Big -P.01-UP-20-April-26,E-SUB-B04-SOG-1010,Submittal for S.O.G RFT DWGs (B04) (Sog),17-May-26,0.0,0.0,0.0,0.0,0,0.0,0,0.0,The Big -P.01-UP-20-April-26,E-SUB-B04-SOG-1010,10-May-26,100.00%,0.00%,$0.00,$0.00,$0.00,
The Big -P.01-UP-20-April-26,CON-B04-BAS01-1050,668,689,683,The Big -P.01-UP-20-April-26,The Big - P.01 - UP-24-MAY-26.CON.P01.B04.SUB.2,CON-B04-BAS01-1050,Shuttering for Ramps (B04) (Bas 01),29-Mar-26,5-Apr-26,19-Jul-26,27-Jul-26,29-Mar-26,5-Apr-26,1,1.0,0.0,-90.0,Yes,,The Big -P.01-UP-20-April-26,CON-B04-BAS01-1050,Shuttering for Ramps (B04) (Bas 01),17-May-26,527474.8,0.0,0.0,527474.8,0,0.0,0,-527474.8,The Big -P.01-UP-20-April-26,CON-B04-BAS01-1050,10-May-26,100.00%,0.00%,"$527,474.80",$0.00,$0.00,
The Big -P.01-UP-20-April-26,AB-SUB-B04-BAS1-1000,669,690,684,The Big -P.01-UP-20-April-26,The Big - P.01 - UP-24-MAY-26.HO.1.S.P01.B04.SUB.1stB,AB-SUB-B04-BAS1-1000,Submittal for Col. & Walls Conc. Dim.  & RFT DWGs As-Built Drawing (B04) (Bas 01),29-Mar-26,19-Apr-26,19-Jul-26,9-Aug-26,6-Mar-27,29-Mar-27,1,1.0,0.0,192.0,No,,The Big -P.01-UP-20-April-26,AB-SUB-B04-BAS1-1000,Submittal for Col. & Walls Conc. Dim.  & RFT DWGs As-Built Drawing (B04) (Bas 01),17-May-26,0.0,0.0,0.0,0.0,0,0.0,0,0.0,The Big -P.01-UP-20-April-26,AB-SUB-B04-BAS1-1000,10-May-26,100.00%,0.00%,$0.00,$0.00,$0.00,
The Big -P.01-UP-20-April-26,AB-APP-B04-BAS2-1030,670,691,685,The Big -P.01-UP-20-April-26,The Big - P.01 - UP-24-MAY-26.HO.1.A.P01.B04.SUB.2ndF,AB-APP-B04-BAS2-1030,Approval for Slabs Conc. Dim.  & RFT DWGs As-Built Drawing (B04) (Bas 02),29-Mar-26,11-Apr-26,19-Jul-26,2-Aug-26,23-Mar-27,5-Apr-27,1,1.0,0.0,204.0,No,,The Big -P.01-UP-20-April-26,AB-APP-B04-BAS2-1030,Approval for Slabs Conc. Dim.  & RFT DWGs As-Built Drawing (B04) (Bas 02),17-May-26,0.0,0.0,0.0,0.0,0,0.0,0,0.0,The Big -P.01-UP-20-April-26,AB-APP-B04-BAS2-1030,10-May-26,100.00%,0.00%,$0.00,$0.00,$0.00,
The Big -P.01-UP-20-April-26,AB-APP-B04-BAS2-1040,671,692,686,The Big -P.01-UP-20-April-26,The Big - P.01 - UP-24-MAY-26.HO.1.A.P01.B04.SUB.2ndF,AB-APP-B04-BAS2-1040,Approval for Beams Conc. Dim.  & RFT DWGs As-Built Drawing (B04) (Bas 02),29-Mar-26,11-Apr-26,19-Jul-26,2-Aug-26,23-Mar-27,5-Apr-27,1,1.0,0.0,204.0,No,,The Big -P.01-UP-20-April-26,AB-APP-B04-BAS2-1040,Approval for Beams Conc. Dim.  & RFT DWGs As-Built Drawing (B04) (Bas 02),17-May-26,0.0,0.0,0.0,0.0,0,0.0,0,0.0,The Big -P.01-UP-20-April-26,AB-APP-B04-BAS2-1040,10-May-26,100.00%,0.00%,$0.00,$0.00,$0.00,
The Big -P.01-UP-20-April-26,E-SUB-B04-6TH-1030,672,436,431,The Big -P.01-UP-20-April-26,The Big - P.01 - UP-24-MAY-26.EN.2.S.P01.B04.SUP.6thF,E-SUB-B04-6TH-1030,Submittal for Slabs Conc. Dim.  & RFT DWGs (B04) (6th),30-Mar-26,20-Apr-26,20-May-26,14-Jun-26,9-Nov-26,29-Nov-26,1,1.0,0.0,140.0,No,,The Big -P.01-UP-20-April-26,E-SUB-B04-6TH-1030,Submittal for Slabs Conc. Dim.  & RFT DWGs (B04) (6th),17-May-26,0.0,0.0,0.0,0.0,0,0.0,0,0.0,The Big -P.01-UP-20-April-26,E-SUB-B04-6TH-1030,10-May-26,100.00%,0.00%,$0.00,$0.00,$0.00,
The Big -P.01-UP-20-April-26,CON-B02-GR-1000,673,678,688,The Big -P.01-UP-20-April-26,The Big - P.01 - UP-24-MAY-26.CON.P02.B02.SUP.GF,CON-B02-GR-1000,"Scaffolding works for Walls, Col. & Cores (B02) (GR)",30-Mar-26,6-Apr-26,16-Jul-26,25-Jul-26,4-Apr-26,11-Apr-26,1,1.0,0.0,-83.0,Yes,,The Big -P.01-UP-20-April-26,CON-B02-GR-1000,"Scaffolding works for Walls, Col. & Cores (B02) (GR)",17-May-26,0.0,0.0,0.0,0.0,0,0.0,0,0.0,The Big -P.01-UP-20-April-26,CON-B02-GR-1000,10-May-26,100.00%,0.00%,$0.00,$0.00,$0.00,
The Big -P.01-UP-20-April-26,CON-B02-GR-1010,674,679,689,The Big -P.01-UP-20-April-26,The Big - P.01 - UP-24-MAY-26.CON.P02.B02.SUP.GF,CON-B02-GR-1010,"RFT for Walls, Col. & Cores (B02) (GR)",30-Mar-26,12-Apr-26,16-Jul-26,30-Jul-26,4-Apr-26,18-Apr-26,1,1.0,0.0,-83.0,Yes,,The Big -P.01-UP-20-April-26,CON-B02-GR-1010,"RFT for Walls, Col. & Cores (B02) (GR)",17-May-26,491156.73,0.0,0.0,491156.73,0,0.0,0,-491156.73,The Big -P.01-UP-20-April-26,CON-B02-GR-1010,10-May-26,100.00%,0.00%,"$491,156.73",$0.00,$0.00,
The Big -P.01-UP-20-April-26,CON-B04-BAS01-1060,675,701,691,The Big -P.01-UP-20-April-26,The Big - P.01 - UP-24-MAY-26.CON.P01.B04.SUB.2,CON-B04-BAS01-1060,Shuttering for Stairs  (B04) (Bas 01),31-Mar-26,6-Apr-26,21-Jul-26,28-Jul-26,31-Mar-26,6-Apr-26,1,1.0,0.0,-90.0,Yes,,The Big -P.01-UP-20-April-26,CON-B04-BAS01-1060,Shuttering for Stairs  (B04) (Bas 01),17-May-26,17372.16,0.0,0.0,17372.16,0,0.0,0,-17372.16,The Big -P.01-UP-20-April-26,CON-B04-BAS01-1060,10-May-26,100.00%,0.00%,"$17,372.16",$0.00,$0.00,
The Big -P.01-UP-20-April-26,CON-B03-BAS01-1070,676,680,692,The Big -P.01-UP-20-April-26,The Big - P.01 - UP-24-MAY-26.CON.P01.B03.SUB.1stB,CON-B03-BAS01-1070,RFT for Stairs (B03) (Bas 01),31-Mar-26,6-Apr-26,18-Jul-26,25-Jul-26,31-Mar-26,6-Apr-26,1,1.0,0.0,-87.0,Yes,,The Big -P.01-UP-20-April-26,CON-B03-BAS01-1070,RFT for Stairs (B03) (Bas 01),17-May-26,32613.8,0.0,0.0,32613.8,0,0.0,0,-32613.8,The Big -P.01-UP-20-April-26,CON-B03-BAS01-1070,10-May-26,100.00%,0.00%,"$32,613.80",$0.00,$0.00,
The Big -P.01-UP-20-April-26,CON-B03-SOG-1030,677,722,710,The Big -P.01-UP-20-April-26,The Big - P.01 - UP-24-MAY-26.CON.P01.B03.SUB.2ndB.SOG,CON-B03-SOG-1030,Blinding Concrete works (B03) (sog),1-Apr-26,15-Apr-26,30-Jul-26,12-Aug-26,8-Feb-27,21-Feb-27,1,1.0,0.0,161.0,No,,The Big -P.01-UP-20-April-26,CON-B03-SOG-1030,Blinding Concrete works (B03) (sog),17-May-26,231910.41,0.0,0.0,231910.41,0,0.0,0,-231910.41,The Big -P.01-UP-20-April-26,CON-B03-SOG-1030,10-May-26,100.00%,0.00%,"$231,910.41",$0.00,$0.00,
The Big -P.01-UP-20-April-26,CON-B02-GR-1020,678,682,696,The Big -P.01-UP-20-April-26,The Big - P.01 - UP-24-MAY-26.CON.P02.B02.SUP.GF,CON-B02-GR-1020,"Shuttering for Walls, Col. & Cores (B02) (GR)",1-Apr-26,15-Apr-26,19-Jul-26,2-Aug-26,6-Apr-26,20-Apr-26,1,1.0,0.0,-83.0,Yes,,The Big -P.01-UP-20-April-26,CON-B02-GR-1020,"Shuttering for Walls, Col. & Cores (B02) (GR)",17-May-26,71724.85,0.0,0.0,71724.85,0,0.0,0,-71724.85,The Big -P.01-UP-20-April-26,CON-B02-GR-1020,10-May-26,100.00%,0.00%,"$71,724.85",$0.00,$0.00,
The Big -P.01-UP-20-April-26,E-APP-B01-8TH-1020,679,531,527,The Big -P.01-UP-20-April-26,The Big - P.01 - UP-24-MAY-26.EN.2.A.P02.B01.SUP.8thF,E-APP-B01-8TH-1020,Approval for Beams Conc. Dim.  & RFT DWGs (B01) (8th),1-Apr-26,12-Apr-26,11-Jun-26,22-Jun-26,23-Jan-27,3-Feb-27,1,1.0,0.0,188.0,No,,The Big -P.01-UP-20-April-26,E-APP-B01-8TH-1020,Approval for Beams Conc. Dim.  & RFT DWGs (B01) (8th),17-May-26,0.0,0.0,0.0,0.0,0,0.0,0,0.0,The Big -P.01-UP-20-April-26,E-APP-B01-8TH-1020,10-May-26,100.00%,0.00%,$0.00,$0.00,$0.00,
The Big -P.01-UP-20-April-26,E-APP-B04-5TH-1020,680,540,536,The Big -P.01-UP-20-April-26,The Big - P.01 - UP-24-MAY-26.EN.2.A.P01.B04.SUP.5thF,E-APP-B04-5TH-1020,Approval for Beams Conc. Dim.  & RFT DWGs (B04) (5th),1-Apr-26,12-Apr-26,11-Jun-26,22-Jun-26,29-Oct-26,9-Nov-26,1,1.0,0.0,116.0,No,,The Big -P.01-UP-20-April-26,E-APP-B04-5TH-1020,Approval for Beams Conc. Dim.  & RFT DWGs (B04) (5th),17-May-26,0.0,0.0,0.0,0.0,0,0.0,0,0.0,The Big -P.01-UP-20-April-26,E-APP-B04-5TH-1020,10-May-26,100.00%,0.00%,$0.00,$0.00,$0.00,
The Big -P.01-UP-20-April-26,CON-B04-BAS01-1070,681,711,700,The Big -P.01-UP-20-April-26,The Big - P.01 - UP-24-MAY-26.CON.P01.B04.SUB.2,CON-B04-BAS01-1070,RFT for Slabs & Beams (B04) (Bas 01),2-Apr-26,11-Apr-26,25-Jul-26,2-Aug-26,2-Apr-26,11-Apr-26,1,1.0,0.0,-90.0,Yes,,The Big -P.01-UP-20-April-26,CON-B04-BAS01-1070,RFT for Slabs & Beams (B04) (Bas 01),17-May-26,3546754.6,0.0,0.0,3546754.6,0,0.0,0,-3546754.6,The Big -P.01-UP-20-April-26,CON-B04-BAS01-1070,10-May-26,100.00%,0.00%,"$3,546,754.60",$0.00,$0.00,
The Big -P.01-UP-20-April-26,E-SUB-B04-7TH-1000,682,165,165,The Big -P.01-UP-20-April-26,The Big - P.01 - UP-24-MAY-26.EN.2.S.P01.B04.SUP.7thF,E-SUB-B04-7TH-1000,Submittal for Col. & Walls Conc. Dim.  & RFT DWGs (B04) (7th),4-Apr-26,25-Apr-26,01-Jan-26 A,10-Feb-26 A,5-Dec-26,5-Dec-26,1,1.0,1.0,,No,,The Big -P.01-UP-20-April-26,E-SUB-B04-7TH-1000,Submittal for Col. & Walls Conc. Dim.  & RFT DWGs (B04) (7th),17-May-26,0.0,0.0,0.0,0.0,0,0.0,0,0.0,The Big -P.01-UP-20-April-26,E-SUB-B04-7TH-1000,10-May-26,100.00%,100.00%,$0.00,$0.00,$0.00,
The Big -P.01-UP-20-April-26,E-APP-B04-SOG-1000,683,471,471,The Big -P.01-UP-20-April-26,The Big - P.01 - UP-24-MAY-26.EN.2.A.P01.B04.SUB.2ndF.SOG,E-APP-B04-SOG-1000,Approval for S.O.G Conc. Dim. DWGs (B04) (Sog),4-Apr-26,15-Apr-26,26-May-26,10-Jun-26,4-Feb-27,15-Feb-27,1,1.0,0.0,208.0,No,,The Big -P.01-UP-20-April-26,E-APP-B04-SOG-1000,Approval for S.O.G Conc. Dim. DWGs (B04) (Sog),17-May-26,0.0,0.0,0.0,0.0,0,0.0,0,0.0,The Big -P.01-UP-20-April-26,E-APP-B04-SOG-1000,10-May-26,100.00%,0.00%,$0.00,$0.00,$0.00,
The Big -P.01-UP-20-April-26,CON-B04-BAS01-1080,684,714,703,The Big -P.01-UP-20-April-26,The Big - P.01 - UP-24-MAY-26.CON.P01.B04.SUB.2,CON-B04-BAS01-1080,RFT for  Ramps (B04) (Bas 01),4-Apr-26,11-Apr-26,26-Jul-26,2-Aug-26,4-Apr-26,11-Apr-26,1,1.0,0.0,-90.0,Yes,,The Big -P.01-UP-20-April-26,CON-B04-BAS01-1080,RFT for  Ramps (B04) (Bas 01),17-May-26,1075623.24,0.0,0.0,1075623.24,0,0.0,0,-1075623.24,The Big -P.01-UP-20-April-26,CON-B04-BAS01-1080,10-May-26,100.00%,0.00%,"$1,075,623.24",$0.00,$0.00,
The Big -P.01-UP-20-April-26,AB-APP-B01-BAS1-1010,685,809,804,The Big -P.01-UP-20-April-26,The Big - P.01 - UP-24-MAY-26.HO.1.A.P02.B01.SUB.1stB,AB-APP-B01-BAS1-1010,Approval for Stairs Conc. Dim.  & RFT DWGs As-Built Drawing (B01) (Bas 01),4-Apr-26,18-Apr-26,30-Aug-26,13-Sep-26,23-Mar-27,5-Apr-27,1,1.0,0.0,170.0,No,,The Big -P.01-UP-20-April-26,AB-APP-B01-BAS1-1010,Approval for Stairs Conc. Dim.  & RFT DWGs As-Built Drawing (B01) (Bas 01),17-May-26,0.0,0.0,0.0,0.0,0,0.0,0,0.0,The Big -P.01-UP-20-April-26,AB-APP-B01-BAS1-1010,10-May-26,100.00%,0.00%,$0.00,$0.00,$0.00,
The Big -P.01-UP-20-April-26,P-MPOS-1110,686,406,404,The Big -P.01-UP-20-April-26,The Big - P.01 - UP-24-MAY-26.P.PC.PO.1,P-MPOS-1110,P.O for Rebar Patch#6  (1st floor),4-Apr-26,5-Apr-26,17-May-26,18-May-26,29-Apr-26,30-Apr-26,1,1.0,0.0,-15.0,Yes,,The Big -P.01-UP-20-April-26,P-MPOS-1110,P.O for Rebar Patch#6  (1st floor),17-May-26,0.0,0.0,0.0,0.0,0,0.0,0,0.0,The Big -P.01-UP-20-April-26,P-MPOS-1110,10-May-26,100.00%,0.00%,$0.00,$0.00,$0.00,
The Big -P.01-UP-20-April-26,CON-B04-SOG-1010,687,728,727,The Big -P.01-UP-20-April-26,The Big - P.01 - UP-24-MAY-26.CON.P01.B04.SUB.3.1,CON-B04-SOG-1010,Soil Compaction Test (B04) (Sog),5-Apr-26,6-Apr-26,3-Aug-26,4-Aug-26,2-Feb-27,3-Feb-27,1,1.0,0.0,153.0,No,,The Big -P.01-UP-20-April-26,CON-B04-SOG-1010,Soil Compaction Test (B04) (Sog),17-May-26,38272.0,0.0,0.0,38272.0,0,0.0,0,-38272.0,The Big -P.01-UP-20-April-26,CON-B04-SOG-1010,10-May-26,100.00%,0.00%,"$38,272.00",$0.00,$0.00,
The Big -P.01-UP-20-April-26,CON-B01-GR-1030,688,810,805,The Big -P.01-UP-20-April-26,The Big - P.01 - UP-24-MAY-26.CON.P02.B01.SUP.GF,CON-B01-GR-1030,"Pouring for Walls, Col. & Cores (B01) (GR)",5-Apr-26,6-Apr-26,31-Aug-26,2-Sep-26,5-Apr-26,6-Apr-26,1,1.0,0.0,-119.0,Yes,,The Big -P.01-UP-20-April-26,CON-B01-GR-1030,"Pouring for Walls, Col. & Cores (B01) (GR)",17-May-26,701935.51,0.0,0.0,701935.51,0,0.0,0,-701935.51,The Big -P.01-UP-20-April-26,CON-B01-GR-1030,10-May-26,100.00%,0.00%,"$701,935.51",$0.00,$0.00,
The Big -P.01-UP-20-April-26,E-APP-B01-8TH-1030,689,569,565,The Big -P.01-UP-20-April-26,The Big - P.01 - UP-24-MAY-26.EN.2.A.P02.B01.SUP.8thF,E-APP-B01-8TH-1030,Approval for Slabs Conc. Dim.  & RFT DWGs (B01) (8th),5-Apr-26,16-Apr-26,15-Jun-26,25-Jun-26,23-Jan-27,3-Feb-27,1,1.0,0.0,185.0,No,,The Big -P.01-UP-20-April-26,E-APP-B01-8TH-1030,Approval for Slabs Conc. Dim.  & RFT DWGs (B01) (8th),17-May-26,0.0,0.0,0.0,0.0,0,0.0,0,0.0,The Big -P.01-UP-20-April-26,E-APP-B01-8TH-1030,10-May-26,100.00%,0.00%,$0.00,$0.00,$0.00,
The Big -P.01-UP-20-April-26,E-APP-B04-5TH-1030,690,577,573,The Big -P.01-UP-20-April-26,The Big - P.01 - UP-24-MAY-26.EN.2.A.P01.B04.SUP.5thF,E-APP-B04-5TH-1030,Approval for Slabs Conc. Dim.  & RFT DWGs (B04) (5th),5-Apr-26,16-Apr-26,15-Jun-26,25-Jun-26,29-Oct-26,9-Nov-26,1,1.0,0.0,113.0,No,,The Big -P.01-UP-20-April-26,E-APP-B04-5TH-1030,Approval for Slabs Conc. Dim.  & RFT DWGs (B04) (5th),17-May-26,0.0,0.0,0.0,0.0,0,0.0,0,0.0,The Big -P.01-UP-20-April-26,E-APP-B04-5TH-1030,10-May-26,100.00%,0.00%,$0.00,$0.00,$0.00,
The Big -P.01-UP-20-April-26,E-APP-B01-SOG-1000,691,385,383,The Big -P.01-UP-20-April-26,The Big - P.01 - UP-24-MAY-26.EN.2.A.P02.B01.SUB.2ndB.1,E-APP-B01-SOG-1000,Approval for S.O.G Conc. Dim.DWGs (B01) (Sog),5-Apr-26,16-Apr-26,17-May-26,1-Jun-26,12-Jan-27,23-Jan-27,1,1.0,0.0,197.0,No,,The Big -P.01-UP-20-April-26,E-APP-B01-SOG-1000,Approval for S.O.G Conc. Dim.DWGs (B01) (Sog),17-May-26,0.0,0.0,0.0,0.0,0,0.0,0,0.0,The Big -P.01-UP-20-April-26,E-APP-B01-SOG-1000,10-May-26,100.00%,0.00%,$0.00,$0.00,$0.00,
The Big -P.01-UP-20-April-26,AB-APP-B01-BAS1-1020,692,811,810,The Big -P.01-UP-20-April-26,The Big - P.01 - UP-24-MAY-26.HO.1.A.P02.B01.SUB.1stB,AB-APP-B01-BAS1-1020,Approval for Slabs Conc. Dim.  & RFT DWGs As-Built Drawing (B01) (Bas 01),5-Apr-26,19-Apr-26,31-Aug-26,14-Sep-26,23-Mar-27,5-Apr-27,1,1.0,0.0,169.0,No,,The Big -P.01-UP-20-April-26,AB-APP-B01-BAS1-1020,Approval for Slabs Conc. Dim.  & RFT DWGs As-Built Drawing (B01) (Bas 01),17-May-26,0.0,0.0,0.0,0.0,0,0.0,0,0.0,The Big -P.01-UP-20-April-26,AB-APP-B01-BAS1-1020,10-May-26,100.00%,0.00%,$0.00,$0.00,$0.00,
The Big -P.01-UP-20-April-26,AB-APP-B01-BAS1-1030,693,812,811,The Big -P.01-UP-20-April-26,The Big - P.01 - UP-24-MAY-26.HO.1.A.P02.B01.SUB.1stB,AB-APP-B01-BAS1-1030,Approval for Beams Conc. Dim.  & RFT DWGs As-Built Drawing (B01) (Bas 01),5-Apr-26,19-Apr-26,31-Aug-26,14-Sep-26,23-Mar-27,5-Apr-27,1,1.0,0.0,169.0,No,,The Big -P.01-UP-20-April-26,AB-APP-B01-BAS1-1030,Approval for Beams Conc. Dim.  & RFT DWGs As-Built Drawing (B01) (Bas 01),17-May-26,0.0,0.0,0.0,0.0,0,0.0,0,0.0,The Big -P.01-UP-20-April-26,AB-APP-B01-BAS1-1030,10-May-26,100.00%,0.00%,$0.00,$0.00,$0.00,
The Big -P.01-UP-20-April-26,CON-B04-BAS01-1090,694,719,705,The Big -P.01-UP-20-April-26,The Big - P.01 - UP-24-MAY-26.CON.P01.B04.SUB.2,CON-B04-BAS01-1090,RFT for Stairs  (B04) (Bas 01),6-Apr-26,11-Apr-26,28-Jul-26,2-Aug-26,6-Apr-26,11-Apr-26,1,1.0,0.0,-90.0,Yes,,The Big -P.01-UP-20-April-26,CON-B04-BAS01-1090,RFT for Stairs  (B04) (Bas 01),17-May-26,21800.21,0.0,0.0,21800.21,0,0.0,0,-21800.21,The Big -P.01-UP-20-April-26,CON-B04-BAS01-1090,10-May-26,100.00%,0.00%,"$21,800.21",$0.00,$0.00,
The Big -P.01-UP-20-April-26,AB-APP-B01-BAS1-1040,695,813,819,The Big -P.01-UP-20-April-26,The Big - P.01 - UP-24-MAY-26.HO.1.A.P02.B01.SUB.1stB,AB-APP-B01-BAS1-1040,Approval for Ramps Conc. Dim.  & RFT DWGs As-Built Drawing (B01) (Bas 01),6-Apr-26,20-Apr-26,1-Sep-26,15-Sep-26,23-Mar-27,5-Apr-27,1,1.0,0.0,168.0,No,,The Big -P.01-UP-20-April-26,AB-APP-B01-BAS1-1040,Approval for Ramps Conc. Dim.  & RFT DWGs As-Built Drawing (B01) (Bas 01),17-May-26,0.0,0.0,0.0,0.0,0,0.0,0,0.0,The Big -P.01-UP-20-April-26,AB-APP-B01-BAS1-1040,10-May-26,100.00%,0.00%,$0.00,$0.00,$0.00,
The Big -P.01-UP-20-April-26,P-MDEL-1120,696,417,416,The Big -P.01-UP-20-April-26,The Big - P.01 - UP-24-MAY-26.P.PC.DS.DR,P-MDEL-1120,Delivery for Rebar Patch#6  (1st floor),6-Apr-26,7-Apr-26,19-May-26,20-May-26,1-May-26,2-May-26,1,1.0,0.0,-18.0,Yes,,The Big -P.01-UP-20-April-26,P-MDEL-1120,Delivery for Rebar Patch#6  (1st floor),17-May-26,0.0,0.0,0.0,0.0,0,0.0,0,0.0,The Big -P.01-UP-20-April-26,P-MDEL-1120,10-May-26,100.00%,0.00%,$0.00,$0.00,$0.00,
The Big -P.01-UP-20-April-26,CON-B01-BAS01-1140,697,817,820,The Big -P.01-UP-20-April-26,The Big - P.01 - UP-24-MAY-26.CON.P02.B01.SUB.1stB,CON-B01-BAS01-1140,Dismantling Formwork (B01) (Bas 01),7-Apr-26,7-Apr-26,2-Sep-26,3-Sep-26,7-Apr-26,7-Apr-26,1,1.0,0.0,-148.0,Yes,,The Big -P.01-UP-20-April-26,CON-B01-BAS01-1140,Dismantling Formwork (B01) (Bas 01),17-May-26,0.0,0.0,0.0,0.0,0,0.0,0,0.0,The Big -P.01-UP-20-April-26,CON-B01-BAS01-1140,10-May-26,100.00%,0.00%,$0.00,$0.00,$0.00,
The Big -P.01-UP-20-April-26,CON-B03-BAS01-1080,698,696,707,The Big -P.01-UP-20-April-26,The Big - P.01 - UP-24-MAY-26.CON.P01.B03.SUB.1stB,CON-B03-BAS01-1080,Pouring for Stairs (B03) (Bas 01),7-Apr-26,8-Apr-26,26-Jul-26,27-Jul-26,7-Apr-26,8-Apr-26,1,1.0,0.0,-87.0,Yes,,The Big -P.01-UP-20-April-26,CON-B03-BAS01-1080,Pouring for Stairs (B03) (Bas 01),17-May-26,26058.24,0.0,0.0,26058.24,0,0.0,0,-26058.24,The Big -P.01-UP-20-April-26,CON-B03-BAS01-1080,10-May-26,100.00%,0.00%,"$26,058.24",$0.00,$0.00,
The Big -P.01-UP-20-April-26,CON-B04-SOG-1020,699,737,736,The Big -P.01-UP-20-April-26,The Big - P.01 - UP-24-MAY-26.CON.P01.B04.SUB.3.1,CON-B04-SOG-1020,DPM Layer works (B04) (Sog),7-Apr-26,19-Apr-26,5-Aug-26,16-Aug-26,4-Feb-27,15-Feb-27,1,1.0,0.0,153.0,No,,The Big -P.01-UP-20-April-26,CON-B04-SOG-1020,DPM Layer works (B04) (Sog),17-May-26,225054.09,0.0,0.0,225054.09,0,0.0,0,-225054.09,The Big -P.01-UP-20-April-26,CON-B04-SOG-1020,10-May-26,100.00%,0.00%,"$225,054.09",$0.00,$0.00,
The Big -P.01-UP-20-April-26,CON-B03-SOG-1040,700,738,737,The Big -P.01-UP-20-April-26,The Big - P.01 - UP-24-MAY-26.CON.P01.B03.SUB.2ndB.SOG,CON-B03-SOG-1040,Shuttering & RFT for S.O.G (B03) (sog),7-Apr-26,19-Apr-26,5-Aug-26,16-Aug-26,14-Feb-27,24-Feb-27,1,1.0,0.0,161.0,No,,The Big -P.01-UP-20-April-26,CON-B03-SOG-1040,Shuttering & RFT for S.O.G (B03) (sog),17-May-26,347865.61,0.0,0.0,347865.61,0,0.0,0,-347865.61,The Big -P.01-UP-20-April-26,CON-B03-SOG-1040,10-May-26,100.00%,0.00%,"$347,865.61",$0.00,$0.00,
The Big -P.01-UP-20-April-26,E-SUB-B04-7TH-1010,701,245,245,The Big -P.01-UP-20-April-26,The Big - P.01 - UP-24-MAY-26.EN.2.S.P01.B04.SUP.7thF,E-SUB-B04-7TH-1010,Submittal for Stairs Conc. Dim.  & RFT DWGs (B04) (7th),7-Apr-26,28-Apr-26,01-Feb-26 A,21-Feb-26 A,5-Dec-26,5-Dec-26,1,1.0,1.0,,No,,The Big -P.01-UP-20-April-26,E-SUB-B04-7TH-1010,Submittal for Stairs Conc. Dim.  & RFT DWGs (B04) (7th),17-May-26,0.0,0.0,0.0,0.0,0,0.0,0,0.0,The Big -P.01-UP-20-April-26,E-SUB-B04-7TH-1010,10-May-26,100.00%,100.00%,$0.00,$0.00,$0.00,
The Big -P.01-UP-20-April-26,E-APP-B04-SOG-1010,702,478,473,The Big -P.01-UP-20-April-26,The Big - P.01 - UP-24-MAY-26.EN.2.A.P01.B04.SUB.2ndF.SOG,E-APP-B04-SOG-1010,Approval for S.O.G RFT DWGs (B04) (Sog),7-Apr-26,19-Apr-26,3-Jun-26,14-Jun-26,4-Feb-27,15-Feb-27,1,1.0,0.0,205.0,No,,The Big -P.01-UP-20-April-26,E-APP-B04-SOG-1010,Approval for S.O.G RFT DWGs (B04) (Sog),17-May-26,0.0,0.0,0.0,0.0,0,0.0,0,0.0,The Big -P.01-UP-20-April-26,E-APP-B04-SOG-1010,10-May-26,100.00%,0.00%,$0.00,$0.00,$0.00,
The Big -P.01-UP-20-April-26,AB-SUB-B01-GR-1000,703,818,821,The Big -P.01-UP-20-April-26,The Big - P.01 - UP-24-MAY-26.HO.1.S.P02.B01.SUP.GF,AB-SUB-B01-GR-1000,Submittal for Col. & Walls Conc. Dim.  & RFT DWGs As-Built Drawing (B01),7-Apr-26,28-Apr-26,2-Sep-26,23-Sep-26,6-Mar-27,29-Mar-27,1,1.0,0.0,155.0,No,,The Big -P.01-UP-20-April-26,AB-SUB-B01-GR-1000,Submittal for Col. & Walls Conc. Dim.  & RFT DWGs As-Built Drawing (B01),17-May-26,0.0,0.0,0.0,0.0,0,0.0,0,0.0,The Big -P.01-UP-20-April-26,AB-SUB-B01-GR-1000,10-May-26,100.00%,0.00%,$0.00,$0.00,$0.00,
The Big -P.01-UP-20-April-26,AB-APP-B02-BAS1-1010,704,697,708,The Big -P.01-UP-20-April-26,The Big - P.01 - UP-24-MAY-26.HO.1.A.P02.B02.SUB.1stB,AB-APP-B02-BAS1-1010,Approval for Stairs Conc. Dim.  & RFT DWGs As-Built Drawing (B02) (Bas 01),7-Apr-26,21-Apr-26,26-Jul-26,8-Aug-26,23-Mar-27,5-Apr-27,1,1.0,0.0,199.0,No,,The Big -P.01-UP-20-April-26,AB-APP-B02-BAS1-1010,Approval for Stairs Conc. Dim.  & RFT DWGs As-Built Drawing (B02) (Bas 01),17-May-26,0.0,0.0,0.0,0.0,0,0.0,0,0.0,The Big -P.01-UP-20-April-26,AB-APP-B02-BAS1-1010,10-May-26,100.00%,0.00%,$0.00,$0.00,$0.00,
The Big -P.01-UP-20-April-26,CON-B03-BAS01-1090,705,703,709,The Big -P.01-UP-20-April-26,The Big - P.01 - UP-24-MAY-26.CON.P01.B03.SUB.1stB,CON-B03-BAS01-1090,Pouring for Slabs & Beams (B03) (Bas 01),8-Apr-26,9-Apr-26,27-Jul-26,28-Jul-26,25-Apr-26,26-Apr-26,1,1.0,0.0,-74.0,Yes,,The Big -P.01-UP-20-April-26,CON-B03-BAS01-1090,Pouring for Slabs & Beams (B03) (Bas 01),17-May-26,1903444.06,0.0,0.0,1903444.06,0,0.0,0,-1903444.06,The Big -P.01-UP-20-April-26,CON-B03-BAS01-1090,10-May-26,100.00%,0.00%,"$1,903,444.06",$0.00,$0.00,
The Big -P.01-UP-20-April-26,E-APP-B01-SOG-1010,706,386,384,The Big -P.01-UP-20-April-26,The Big - P.01 - UP-24-MAY-26.EN.2.A.P02.B01.SUB.2ndB.1,E-APP-B01-SOG-1010,Approval for S.O.G RFT DWGs (B01) (Sog),8-Apr-26,20-Apr-26,17-May-26,1-Jun-26,12-Jan-27,23-Jan-27,1,1.0,0.0,197.0,No,,The Big -P.01-UP-20-April-26,E-APP-B01-SOG-1010,Approval for S.O.G RFT DWGs (B01) (Sog),17-May-26,0.0,0.0,0.0,0.0,0,0.0,0,0.0,The Big -P.01-UP-20-April-26,E-APP-B01-SOG-1010,10-May-26,100.00%,0.00%,$0.00,$0.00,$0.00,
The Big -P.01-UP-20-April-26,AB-APP-B03-BAS1-1000,707,705,711,The Big -P.01-UP-20-April-26,The Big - P.01 - UP-24-MAY-26.HO.1.A.P01.B03.SUB.2,AB-APP-B03-BAS1-1000,Approval for Col. & Walls Conc. Dim.  & RFT DWGs As-Built Drawing  (B03) (Bas 01),8-Apr-26,22-Apr-26,27-Jul-26,9-Aug-26,23-Mar-27,5-Apr-27,1,1.0,0.0,198.0,No,,The Big -P.01-UP-20-April-26,AB-APP-B03-BAS1-1000,Approval for Col. & Walls Conc. Dim.  & RFT DWGs As-Built Drawing  (B03) (Bas 01),17-May-26,0.0,0.0,0.0,0.0,0,0.0,0,0.0,The Big -P.01-UP-20-April-26,AB-APP-B03-BAS1-1000,10-May-26,100.00%,0.00%,$0.00,$0.00,$0.00,
The Big -P.01-UP-20-April-26,CON-B03-BAS01-1100,708,706,712,The Big -P.01-UP-20-April-26,The Big - P.01 - UP-24-MAY-26.CON.P01.B03.SUB.1stB,CON-B03-BAS01-1100,"Curing for Slabs, Beams & Stairs (B03) (Bas 01)",9-Apr-26,13-Apr-26,28-Jul-26,1-Aug-26,9-Apr-26,13-Apr-26,1,1.0,0.0,-110.0,Yes,,The Big -P.01-UP-20-April-26,CON-B03-BAS01-1100,"Curing for Slabs, Beams & Stairs (B03) (Bas 01)",17-May-26,0.0,0.0,0.0,0.0,0,0.0,0,0.0,The Big -P.01-UP-20-April-26,CON-B03-BAS01-1100,10-May-26,100.00%,0.00%,$0.00,$0.00,$0.00,
The Big -P.01-UP-20-April-26,CON-B01-GR-1050,709,824,826,The Big -P.01-UP-20-April-26,The Big - P.01 - UP-24-MAY-26.CON.P02.B01.SUP.GF,CON-B01-GR-1050,Shuttering for Stairs  (B01) (GR),9-Apr-26,19-Apr-26,5-Sep-26,14-Sep-26,9-Apr-26,19-Apr-26,1,1.0,0.0,-119.0,Yes,,The Big -P.01-UP-20-April-26,CON-B01-GR-1050,Shuttering for Stairs  (B01) (GR),17-May-26,32198.4,0.0,0.0,32198.4,0,0.0,0,-32198.4,The Big -P.01-UP-20-April-26,CON-B01-GR-1050,10-May-26,100.00%,0.00%,"$32,198.40",$0.00,$0.00,
The Big -P.01-UP-20-April-26,E-APP-B01-RF-1000,710,264,264,The Big -P.01-UP-20-April-26,The Big - P.01 - UP-24-MAY-26.EN.2.A.P02.B01.SUP.RF,E-APP-B01-RF-1000,Approval for Col. & Walls Conc. Dim.  & RFT DWGs (B01) (RF),9-Apr-26,21-Apr-26,01-Feb-26 A,11-Feb-26 A,23-Feb-27,23-Feb-27,1,1.0,1.0,,No,,The Big -P.01-UP-20-April-26,E-APP-B01-RF-1000,Approval for Col. & Walls Conc. Dim.  & RFT DWGs (B01) (RF),17-May-26,0.0,0.0,0.0,0.0,0,0.0,0,0.0,The Big -P.01-UP-20-April-26,E-APP-B01-RF-1000,10-May-26,100.00%,100.00%,$0.00,$0.00,$0.00,
The Big -P.01-UP-20-April-26,E-APP-B04-6TH-1000,711,277,277,The Big -P.01-UP-20-April-26,The Big - P.01 - UP-24-MAY-26.EN.2.A.P01.B04.SUP.6thF,E-APP-B04-6TH-1000,Approval for Col. & Walls Conc. Dim.  & RFT DWGs (B04) (6th),9-Apr-26,21-Apr-26,01-Feb-26 A,12-Feb-26 A,2-Dec-26,2-Dec-26,1,1.0,1.0,,No,,The Big -P.01-UP-20-April-26,E-APP-B04-6TH-1000,Approval for Col. & Walls Conc. Dim.  & RFT DWGs (B04) (6th),17-May-26,0.0,0.0,0.0,0.0,0,0.0,0,0.0,The Big -P.01-UP-20-April-26,E-APP-B04-6TH-1000,10-May-26,100.00%,100.00%,$0.00,$0.00,$0.00,
The Big -P.01-UP-20-April-26,E-APP-B02-SOG-1000,712,550,546,The Big -P.01-UP-20-April-26,The Big - P.01 - UP-24-MAY-26.EN.2.A.P02.B02.SUB.2ndB.SOG,E-APP-B02-SOG-1000,Approval for S.O.G Conc. Dim. DWGs (B02) (Sog),9-Apr-26,21-Apr-26,11-Jun-26,22-Jun-26,31-Jan-27,10-Feb-27,1,1.0,0.0,194.0,No,,The Big -P.01-UP-20-April-26,E-APP-B02-SOG-1000,Approval for S.O.G Conc. Dim. DWGs (B02) (Sog),17-May-26,0.0,0.0,0.0,0.0,0,0.0,0,0.0,The Big -P.01-UP-20-April-26,E-APP-B02-SOG-1000,10-May-26,100.00%,0.00%,$0.00,$0.00,$0.00,
The Big -P.01-UP-20-April-26,AB-SUB-B03-BAS1-1010,713,708,714,The Big -P.01-UP-20-April-26,The Big - P.01 - UP-24-MAY-26.HO.1.S.P01.B03.SUB.1stB,AB-SUB-B03-BAS1-1010,Submittal for Stairs Conc. Dim.  & RFT DWGs As-Built Drawing (B03) (Bas 01),9-Apr-26,30-Apr-26,28-Jul-26,17-Aug-26,6-Mar-27,29-Mar-27,1,1.0,0.0,185.0,No,,The Big -P.01-UP-20-April-26,AB-SUB-B03-BAS1-1010,Submittal for Stairs Conc. Dim.  & RFT DWGs As-Built Drawing (B03) (Bas 01),17-May-26,0.0,0.0,0.0,0.0,0,0.0,0,0.0,The Big -P.01-UP-20-April-26,AB-SUB-B03-BAS1-1010,10-May-26,100.00%,0.00%,$0.00,$0.00,$0.00,
The Big -P.01-UP-20-April-26,AB-APP-B02-BAS1-1020,714,709,716,The Big -P.01-UP-20-April-26,The Big - P.01 - UP-24-MAY-26.HO.1.A.P02.B02.SUB.1stB,AB-APP-B02-BAS1-1020,Approval for Slabs Conc. Dim.  & RFT DWGs As-Built Drawing (B02) (Bas 01),9-Apr-26,23-Apr-26,28-Jul-26,10-Aug-26,23-Mar-27,5-Apr-27,1,1.0,0.0,197.0,No,,The Big -P.01-UP-20-April-26,AB-APP-B02-BAS1-1020,Approval for Slabs Conc. Dim.  & RFT DWGs As-Built Drawing (B02) (Bas 01),17-May-26,0.0,0.0,0.0,0.0,0,0.0,0,0.0,The Big -P.01-UP-20-April-26,AB-APP-B02-BAS1-1020,10-May-26,100.00%,0.00%,$0.00,$0.00,$0.00,
The Big -P.01-UP-20-April-26,AB-APP-B02-BAS1-1030,715,710,717,The Big -P.01-UP-20-April-26,The Big - P.01 - UP-24-MAY-26.HO.1.A.P02.B02.SUB.1stB,AB-APP-B02-BAS1-1030,Approval for Beams Conc. Dim.  & RFT DWGs As-Built Drawing (B02) (Bas 01),9-Apr-26,23-Apr-26,28-Jul-26,10-Aug-26,23-Mar-27,5-Apr-27,1,1.0,0.0,197.0,No,,The Big -P.01-UP-20-April-26,AB-APP-B02-BAS1-1030,Approval for Beams Conc. Dim.  & RFT DWGs As-Built Drawing (B02) (Bas 01),17-May-26,0.0,0.0,0.0,0.0,0,0.0,0,0.0,The Big -P.01-UP-20-April-26,AB-APP-B02-BAS1-1030,10-May-26,100.00%,0.00%,$0.00,$0.00,$0.00,
The Big -P.01-UP-20-April-26,E-SUB-B04-7TH-1020,716,359,357,The Big -P.01-UP-20-April-26,The Big - P.01 - UP-24-MAY-26.EN.2.S.P01.B04.SUP.7thF,E-SUB-B04-7TH-1020,Submittal for Beams Conc. Dim.  & RFT DWGs (B04) (7th),11-Apr-26,2-May-26,17-May-26,10-Jun-26,5-Dec-26,24-Dec-26,1,1.0,0.0,165.0,No,,The Big -P.01-UP-20-April-26,E-SUB-B04-7TH-1020,Submittal for Beams Conc. Dim.  & RFT DWGs (B04) (7th),17-May-26,0.0,0.0,0.0,0.0,0,0.0,0,0.0,The Big -P.01-UP-20-April-26,E-SUB-B04-7TH-1020,10-May-26,100.00%,0.00%,$0.00,$0.00,$0.00,
The Big -P.01-UP-20-April-26,AB-SUB-B03-BAS1-1020,717,712,718,The Big -P.01-UP-20-April-26,The Big - P.01 - UP-24-MAY-26.HO.1.S.P01.B03.SUB.1stB,AB-SUB-B03-BAS1-1020,Submittal for Slabs Conc. Dim.  & RFT DWGs As-Built Drawing (B03) (Bas 01),11-Apr-26,2-May-26,29-Jul-26,18-Aug-26,6-Mar-27,29-Mar-27,1,1.0,0.0,184.0,No,,The Big -P.01-UP-20-April-26,AB-SUB-B03-BAS1-1020,Submittal for Slabs Conc. Dim.  & RFT DWGs As-Built Drawing (B03) (Bas 01),17-May-26,0.0,0.0,0.0,0.0,0,0.0,0,0.0,The Big -P.01-UP-20-April-26,AB-SUB-B03-BAS1-1020,10-May-26,100.00%,0.00%,$0.00,$0.00,$0.00,
The Big -P.01-UP-20-April-26,AB-SUB-B03-BAS1-1030,718,713,719,The Big -P.01-UP-20-April-26,The Big - P.01 - UP-24-MAY-26.HO.1.S.P01.B03.SUB.1stB,AB-SUB-B03-BAS1-1030,Submittal for Beams Conc. Dim.  & RFT DWGs As-Built Drawing (B03) (Bas 01),11-Apr-26,2-May-26,29-Jul-26,18-Aug-26,6-Mar-27,29-Mar-27,1,1.0,0.0,184.0,No,,The Big -P.01-UP-20-April-26,AB-SUB-B03-BAS1-1030,Submittal for Beams Conc. Dim.  & RFT DWGs As-Built Drawing (B03) (Bas 01),17-May-26,0.0,0.0,0.0,0.0,0,0.0,0,0.0,The Big -P.01-UP-20-April-26,AB-SUB-B03-BAS1-1030,10-May-26,100.00%,0.00%,$0.00,$0.00,$0.00,
The Big -P.01-UP-20-April-26,CON-B02-BAS01-1110,719,716,726,The Big -P.01-UP-20-April-26,The Big - P.01 - UP-24-MAY-26.CON.P02.B02.SUB.1stB,CON-B02-BAS01-1110,Dismantling Formwork (B02) (Bas 01),12-Apr-26,12-Apr-26,30-Jul-26,30-Jul-26,12-Apr-26,12-Apr-26,1,1.0,0.0,-109.0,Yes,,The Big -P.01-UP-20-April-26,CON-B02-BAS01-1110,Dismantling Formwork (B02) (Bas 01),17-May-26,0.0,0.0,0.0,0.0,0,0.0,0,0.0,The Big -P.01-UP-20-April-26,CON-B02-BAS01-1110,10-May-26,100.00%,0.00%,$0.00,$0.00,$0.00,
The Big -P.01-UP-20-April-26,CON-B04-BAS01-1120,720,731,720,The Big -P.01-UP-20-April-26,The Big - P.01 - UP-24-MAY-26.CON.P01.B04.SUB.2,CON-B04-BAS01-1120,Pouring for Slabs & Beams (B04) (Bas 01),12-Apr-26,14-Apr-26,3-Aug-26,4-Aug-26,12-Apr-26,14-Apr-26,1,1.0,0.0,-90.0,Yes,,The Big -P.01-UP-20-April-26,CON-B04-BAS01-1120,Pouring for Slabs & Beams (B04) (Bas 01),17-May-26,3490492.52,0.0,0.0,3490492.52,0,0.0,0,-3490492.52,The Big -P.01-UP-20-April-26,CON-B04-BAS01-1120,10-May-26,100.00%,0.00%,"$3,490,492.52",$0.00,$0.00,
The Big -P.01-UP-20-April-26,CON-B04-BAS01-1100,721,732,721,The Big -P.01-UP-20-April-26,The Big - P.01 - UP-24-MAY-26.CON.P01.B04.SUB.2,CON-B04-BAS01-1100,Pouring for Stairs  (B04) (Bas 01),12-Apr-26,14-Apr-26,3-Aug-26,4-Aug-26,12-Apr-26,14-Apr-26,1,1.0,0.0,-90.0,Yes,,The Big -P.01-UP-20-April-26,CON-B04-BAS01-1100,Pouring for Stairs  (B04) (Bas 01),17-May-26,26058.24,0.0,0.0,26058.24,0,0.0,0,-26058.24,The Big -P.01-UP-20-April-26,CON-B04-BAS01-1100,10-May-26,100.00%,0.00%,"$26,058.24",$0.00,$0.00,
The Big -P.01-UP-20-April-26,CON-B01-GR-1070,722,830,828,The Big -P.01-UP-20-April-26,The Big - P.01 - UP-24-MAY-26.CON.P02.B01.SUP.GF,CON-B01-GR-1070,RFT for Stairs  (B01) (GR),12-Apr-26,21-Apr-26,7-Sep-26,16-Sep-26,12-Apr-26,21-Apr-26,1,1.0,0.0,-119.0,Yes,,The Big -P.01-UP-20-April-26,CON-B01-GR-1070,RFT for Stairs  (B01) (GR),17-May-26,65227.6,0.0,0.0,65227.6,0,0.0,0,-65227.6,The Big -P.01-UP-20-April-26,CON-B01-GR-1070,10-May-26,100.00%,0.00%,"$65,227.60",$0.00,$0.00,
The Big -P.01-UP-20-April-26,CON-B01-GR-1040,723,831,829,The Big -P.01-UP-20-April-26,The Big - P.01 - UP-24-MAY-26.CON.P02.B01.SUP.GF,CON-B01-GR-1040,Shuttering for Slabs & Beams (B01) (GR),12-Apr-26,21-Apr-26,7-Sep-26,16-Sep-26,12-Apr-26,21-Apr-26,1,1.0,0.0,-119.0,Yes,,The Big -P.01-UP-20-April-26,CON-B01-GR-1040,Shuttering for Slabs & Beams (B01) (GR),17-May-26,1017207.72,0.0,0.0,1017207.72,0,0.0,0,-1017207.72,The Big -P.01-UP-20-April-26,CON-B01-GR-1040,10-May-26,100.00%,0.00%,"$1,017,207.72",$0.00,$0.00,
The Big -P.01-UP-20-April-26,CON-B04-BAS01-1110,724,733,722,The Big -P.01-UP-20-April-26,The Big - P.01 - UP-24-MAY-26.CON.P01.B04.SUB.2,CON-B04-BAS01-1110,Pouring for  Ramps (B04) (Bas 01),12-Apr-26,14-Apr-26,3-Aug-26,4-Aug-26,12-Apr-26,14-Apr-26,1,1.0,0.0,-90.0,Yes,,The Big -P.01-UP-20-April-26,CON-B04-BAS01-1110,Pouring for  Ramps (B04) (Bas 01),17-May-26,791212.2,0.0,0.0,791212.2,0,0.0,0,-791212.2,The Big -P.01-UP-20-April-26,CON-B04-BAS01-1110,10-May-26,100.00%,0.00%,"$791,212.20",$0.00,$0.00,
The Big -P.01-UP-20-April-26,AB-APP-B04-BAS1-1000,725,734,723,The Big -P.01-UP-20-April-26,The Big - P.01 - UP-24-MAY-26.HO.1.A.P01.B04.SUB.1stB,AB-APP-B04-BAS1-1000,Approval for Col. & Walls Conc. Dim.  & RFT DWGs As-Built Drawing (B04) (Bas 01),12-Apr-26,26-Apr-26,3-Aug-26,16-Aug-26,23-Mar-27,5-Apr-27,1,1.0,0.0,192.0,No,,The Big -P.01-UP-20-April-26,AB-APP-B04-BAS1-1000,Approval for Col. & Walls Conc. Dim.  & RFT DWGs As-Built Drawing (B04) (Bas 01),17-May-26,0.0,0.0,0.0,0.0,0,0.0,0,0.0,The Big -P.01-UP-20-April-26,AB-APP-B04-BAS1-1000,10-May-26,100.00%,0.00%,$0.00,$0.00,$0.00,
The Big -P.01-UP-20-April-26,CON-B04-SOG-1030,726,757,748,The Big -P.01-UP-20-April-26,The Big - P.01 - UP-24-MAY-26.CON.P01.B04.SUB.3.1,CON-B04-SOG-1030,Blinding Concrete works (B04) (Sog),14-Apr-26,27-Apr-26,11-Aug-26,24-Aug-26,10-Feb-27,23-Feb-27,1,1.0,0.0,153.0,No,,The Big -P.01-UP-20-April-26,CON-B04-SOG-1030,Blinding Concrete works (B04) (Sog),17-May-26,450108.17,0.0,0.0,450108.17,0,0.0,0,-450108.17,The Big -P.01-UP-20-April-26,CON-B04-SOG-1030,10-May-26,100.00%,0.00%,"$450,108.17",$0.00,$0.00,
The Big -P.01-UP-20-April-26,CON-B03-GR-1000,727,717,738,The Big -P.01-UP-20-April-26,The Big - P.01 - UP-24-MAY-26.CON.P01.B03.SUP.GF,CON-B03-GR-1000,"Scaffolding works for Walls, Col. & Cores (B03) (GR)",14-Apr-26,21-Apr-26,2-Aug-26,9-Aug-26,14-Apr-26,21-Apr-26,1,1.0,0.0,-88.0,Yes,,The Big -P.01-UP-20-April-26,CON-B03-GR-1000,"Scaffolding works for Walls, Col. & Cores (B03) (GR)",17-May-26,0.0,0.0,0.0,0.0,0,0.0,0,0.0,The Big -P.01-UP-20-April-26,CON-B03-GR-1000,10-May-26,100.00%,0.00%,$0.00,$0.00,$0.00,
The Big -P.01-UP-20-April-26,CON-B03-GR-1010,728,718,739,The Big -P.01-UP-20-April-26,The Big - P.01 - UP-24-MAY-26.CON.P01.B03.SUP.GF,CON-B03-GR-1010,"RFT for Walls, Col. & Cores (B03) (GR)",14-Apr-26,22-Apr-26,2-Aug-26,10-Aug-26,14-Apr-26,22-Apr-26,1,1.0,0.0,-88.0,Yes,,The Big -P.01-UP-20-April-26,CON-B03-GR-1010,"RFT for Walls, Col. & Cores (B03) (GR)",17-May-26,656398.89,0.0,0.0,656398.89,0,0.0,0,-656398.89,The Big -P.01-UP-20-April-26,CON-B03-GR-1010,10-May-26,100.00%,0.00%,"$656,398.89",$0.00,$0.00,
The Big -P.01-UP-20-April-26,E-APP-B01-RF-1010,729,533,529,The Big -P.01-UP-20-April-26,The Big - P.01 - UP-24-MAY-26.EN.2.A.P02.B01.SUP.RF,E-APP-B01-RF-1010,Approval for Slabs Conc. Dim.  & RFT DWGs (B01) (RF),14-Apr-26,25-Apr-26,11-Jun-26,22-Jun-26,16-Feb-27,27-Feb-27,1,1.0,0.0,208.0,No,,The Big -P.01-UP-20-April-26,E-APP-B01-RF-1010,Approval for Slabs Conc. Dim.  & RFT DWGs (B01) (RF),17-May-26,0.0,0.0,0.0,0.0,0,0.0,0,0.0,The Big -P.01-UP-20-April-26,E-APP-B01-RF-1010,10-May-26,100.00%,0.00%,$0.00,$0.00,$0.00,
The Big -P.01-UP-20-April-26,E-APP-B04-6TH-1010,730,296,296,The Big -P.01-UP-20-April-26,The Big - P.01 - UP-24-MAY-26.EN.2.A.P01.B04.SUP.6thF,E-APP-B04-6TH-1010,Approval for Stairs Conc. Dim.  & RFT DWGs (B04) (6th),14-Apr-26,25-Apr-26,08-Feb-26 A,18-Feb-26 A,12-Dec-26,12-Dec-26,1,1.0,1.0,,No,,The Big -P.01-UP-20-April-26,E-APP-B04-6TH-1010,Approval for Stairs Conc. Dim.  & RFT DWGs (B04) (6th),17-May-26,0.0,0.0,0.0,0.0,0,0.0,0,0.0,The Big -P.01-UP-20-April-26,E-APP-B04-6TH-1010,10-May-26,100.00%,100.00%,$0.00,$0.00,$0.00,
The Big -P.01-UP-20-April-26,E-APP-B02-SOG-1010,731,587,583,The Big -P.01-UP-20-April-26,The Big - P.01 - UP-24-MAY-26.EN.2.A.P02.B02.SUB.2ndB.SOG,E-APP-B02-SOG-1010,Approval for S.O.G RFT DWGs (B02) (Sog),14-Apr-26,25-Apr-26,15-Jun-26,25-Jun-26,31-Jan-27,10-Feb-27,1,1.0,0.0,191.0,No,,The Big -P.01-UP-20-April-26,E-APP-B02-SOG-1010,Approval for S.O.G RFT DWGs (B02) (Sog),17-May-26,0.0,0.0,0.0,0.0,0,0.0,0,0.0,The Big -P.01-UP-20-April-26,E-APP-B02-SOG-1010,10-May-26,100.00%,0.00%,$0.00,$0.00,$0.00,
The Big -P.01-UP-20-April-26,CON-B01-SOG-1000,732,841,832,The Big -P.01-UP-20-April-26,The Big - P.01 - UP-24-MAY-26.CON.P02.B01.SUB.2ndB.SOG,CON-B01-SOG-1000,Soil Backfilling & Compaction (B01) (Sog),15-Apr-26,22-Apr-26,12-Sep-26,19-Sep-26,31-Dec-26,9-Jan-27,1,1.0,0.0,94.0,No,,The Big -P.01-UP-20-April-26,CON-B01-SOG-1000,Soil Backfilling & Compaction (B01) (Sog),17-May-26,372319.76,0.0,0.0,372319.76,0,0.0,0,-372319.76,The Big -P.01-UP-20-April-26,CON-B01-SOG-1000,10-May-26,100.00%,0.00%,"$372,319.76",$0.00,$0.00,
The Big -P.01-UP-20-April-26,CON-B04-BAS01-1130,733,742,729,The Big -P.01-UP-20-April-26,The Big - P.01 - UP-24-MAY-26.CON.P01.B04.SUB.2,CON-B04-BAS01-1130,"Curing for Slabs, Beams (B04) (Bas 01)",15-Apr-26,17-Apr-26,5-Aug-26,7-Aug-26,26-Apr-26,28-Apr-26,1,1.0,0.0,-101.0,Yes,,The Big -P.01-UP-20-April-26,CON-B04-BAS01-1130,"Curing for Slabs, Beams (B04) (Bas 01)",17-May-26,0.0,0.0,0.0,0.0,0,0.0,0,0.0,The Big -P.01-UP-20-April-26,CON-B04-BAS01-1130,10-May-26,100.00%,0.00%,$0.00,$0.00,$0.00,
The Big -P.01-UP-20-April-26,E-SUB-B04-7TH-1030,734,437,432,The Big -P.01-UP-20-April-26,The Big - P.01 - UP-24-MAY-26.EN.2.S.P01.B04.SUP.7thF,E-SUB-B04-7TH-1030,Submittal for Slabs Conc. Dim.  & RFT DWGs  (B04) (7th),15-Apr-26,5-May-26,20-May-26,14-Jun-26,8-Dec-26,28-Dec-26,1,1.0,0.0,165.0,No,,The Big -P.01-UP-20-April-26,E-SUB-B04-7TH-1030,Submittal for Slabs Conc. Dim.  & RFT DWGs  (B04) (7th),17-May-26,0.0,0.0,0.0,0.0,0,0.0,0,0.0,The Big -P.01-UP-20-April-26,E-SUB-B04-7TH-1030,10-May-26,83.00%,0.00%,$0.00,$0.00,$0.00,
The Big -P.01-UP-20-April-26,CON-B01-GR-1060,735,837,831,The Big -P.01-UP-20-April-26,The Big - P.01 - UP-24-MAY-26.CON.P02.B01.SUP.GF,CON-B01-GR-1060,RFT for Slabs & Beams (B01) (GR),15-Apr-26,26-Apr-26,9-Sep-26,21-Sep-26,15-Apr-26,26-Apr-26,1,1.0,0.0,-119.0,Yes,,The Big -P.01-UP-20-April-26,CON-B01-GR-1060,RFT for Slabs & Beams (B01) (GR),17-May-26,1485376.19,0.0,0.0,1485376.19,0,0.0,0,-1485376.19,The Big -P.01-UP-20-April-26,CON-B01-GR-1060,10-May-26,100.00%,0.00%,"$1,485,376.19",$0.00,$0.00,
The Big -P.01-UP-20-April-26,CON-B04-GR-1000,736,743,730,The Big -P.01-UP-20-April-26,The Big - P.01 - UP-24-MAY-26.CON.P01.B04.SUP.GF,CON-B04-GR-1000,"Scaffolding works for Walls, Col. & Cores (B04) (GR)",15-Apr-26,22-Apr-26,5-Aug-26,12-Aug-26,15-Apr-26,22-Apr-26,1,1.0,0.0,-90.0,Yes,,The Big -P.01-UP-20-April-26,CON-B04-GR-1000,"Scaffolding works for Walls, Col. & Cores (B04) (GR)",17-May-26,0.0,0.0,0.0,0.0,0,0.0,0,0.0,The Big -P.01-UP-20-April-26,CON-B04-GR-1000,10-May-26,100.00%,0.00%,$0.00,$0.00,$0.00,
The Big -P.01-UP-20-April-26,AB-SUB-B04-BAS1-1030,737,744,731,The Big -P.01-UP-20-April-26,The Big - P.01 - UP-24-MAY-26.HO.1.S.P01.B04.SUB.1stB,AB-SUB-B04-BAS1-1030,Submittal for Slabs Conc. Dim.  & RFT DWGs As-Built Drawing (B04) (Bas 01),15-Apr-26,5-May-26,5-Aug-26,25-Aug-26,6-Mar-27,29-Mar-27,1,1.0,0.0,178.0,No,,The Big -P.01-UP-20-April-26,AB-SUB-B04-BAS1-1030,Submittal for Slabs Conc. Dim.  & RFT DWGs As-Built Drawing (B04) (Bas 01),17-May-26,0.0,0.0,0.0,0.0,0,0.0,0,0.0,The Big -P.01-UP-20-April-26,AB-SUB-B04-BAS1-1030,10-May-26,83.00%,0.00%,$0.00,$0.00,$0.00,
The Big -P.01-UP-20-April-26,AB-SUB-B04-BAS1-1040,738,745,732,The Big -P.01-UP-20-April-26,The Big - P.01 - UP-24-MAY-26.HO.1.S.P01.B04.SUB.1stB,AB-SUB-B04-BAS1-1040,Submittal for Beams Conc. Dim.  & RFT DWGs As-Built Drawing (B04) (Bas 01),15-Apr-26,5-May-26,5-Aug-26,25-Aug-26,6-Mar-27,29-Mar-27,1,1.0,0.0,178.0,No,,The Big -P.01-UP-20-April-26,AB-SUB-B04-BAS1-1040,Submittal for Beams Conc. Dim.  & RFT DWGs As-Built Drawing (B04) (Bas 01),17-May-26,0.0,0.0,0.0,0.0,0,0.0,0,0.0,The Big -P.01-UP-20-April-26,AB-SUB-B04-BAS1-1040,10-May-26,83.00%,0.00%,$0.00,$0.00,$0.00,
The Big -P.01-UP-20-April-26,AB-SUB-B04-BAS1-1010,739,746,733,The Big -P.01-UP-20-April-26,The Big - P.01 - UP-24-MAY-26.HO.1.S.P01.B04.SUB.1stB,AB-SUB-B04-BAS1-1010,Submittal for Stairs Conc. Dim.  & RFT DWGs As-Built Drawing (B04) (Bas 01),15-Apr-26,5-May-26,5-Aug-26,25-Aug-26,6-Mar-27,29-Mar-27,1,1.0,0.0,178.0,No,,The Big -P.01-UP-20-April-26,AB-SUB-B04-BAS1-1010,Submittal for Stairs Conc. Dim.  & RFT DWGs As-Built Drawing (B04) (Bas 01),17-May-26,0.0,0.0,0.0,0.0,0,0.0,0,0.0,The Big -P.01-UP-20-April-26,AB-SUB-B04-BAS1-1010,10-May-26,83.00%,0.00%,$0.00,$0.00,$0.00,
The Big -P.01-UP-20-April-26,AB-SUB-B04-BAS1-1020,740,747,734,The Big -P.01-UP-20-April-26,The Big - P.01 - UP-24-MAY-26.HO.1.S.P01.B04.SUB.1stB,AB-SUB-B04-BAS1-1020,Submittal for Ramps Conc. Dim.  & RFT DWGs As-Built Drawing (B04) (Bas 01),15-Apr-26,5-May-26,5-Aug-26,25-Aug-26,6-Mar-27,29-Mar-27,1,1.0,0.0,178.0,No,,The Big -P.01-UP-20-April-26,AB-SUB-B04-BAS1-1020,Submittal for Ramps Conc. Dim.  & RFT DWGs As-Built Drawing (B04) (Bas 01),17-May-26,0.0,0.0,0.0,0.0,0,0.0,0,0.0,The Big -P.01-UP-20-April-26,AB-SUB-B04-BAS1-1020,10-May-26,83.00%,0.00%,$0.00,$0.00,$0.00,
The Big -P.01-UP-20-April-26,CON-B04-BAS01-1150,741,748,735,The Big -P.01-UP-20-April-26,The Big - P.01 - UP-24-MAY-26.CON.P01.B04.SUB.2,CON-B04-BAS01-1150,Curing for  Ramps & Stairs (B04) (Bas 01),15-Apr-26,18-Apr-26,5-Aug-26,8-Aug-26,15-Apr-26,18-Apr-26,1,1.0,0.0,-112.0,Yes,,The Big -P.01-UP-20-April-26,CON-B04-BAS01-1150,Curing for  Ramps & Stairs (B04) (Bas 01),17-May-26,0.0,0.0,0.0,0.0,0,0.0,0,0.0,The Big -P.01-UP-20-April-26,CON-B04-BAS01-1150,10-May-26,100.00%,0.00%,$0.00,$0.00,$0.00,
The Big -P.01-UP-20-April-26,CON-B03-SOG-1050,742,764,752,The Big -P.01-UP-20-April-26,The Big - P.01 - UP-24-MAY-26.CON.P01.B03.SUB.2ndB.SOG,CON-B03-SOG-1050,Pouring for S.O.G (B03) (sog),16-Apr-26,23-Apr-26,13-Aug-26,20-Aug-26,22-Feb-27,1-Mar-27,1,1.0,0.0,161.0,No,,The Big -P.01-UP-20-April-26,CON-B03-SOG-1050,Pouring for S.O.G (B03) (sog),17-May-26,463820.82,0.0,0.0,463820.82,0,0.0,0,-463820.82,The Big -P.01-UP-20-April-26,CON-B03-SOG-1050,10-May-26,100.00%,0.00%,"$463,820.82",$0.00,$0.00,
The Big -P.01-UP-20-April-26,CON-B02-GR-1030,743,723,741,The Big -P.01-UP-20-April-26,The Big - P.01 - UP-24-MAY-26.CON.P02.B02.SUP.GF,CON-B02-GR-1030,"Pouring for Walls, Col. & Cores (B02) (GR)",16-Apr-26,18-Apr-26,3-Aug-26,4-Aug-26,21-Apr-26,22-Apr-26,1,1.0,0.0,-83.0,Yes,,The Big -P.01-UP-20-April-26,CON-B02-GR-1030,"Pouring for Walls, Col. & Cores (B02) (GR)",17-May-26,107587.28,0.0,0.0,107587.28,0,0.0,0,-107587.28,The Big -P.01-UP-20-April-26,CON-B02-GR-1030,10-May-26,100.00%,0.00%,"$107,587.28",$0.00,$0.00,
The Big -P.01-UP-20-April-26,CON-B03-GR-1020,744,724,744,The Big -P.01-UP-20-April-26,The Big - P.01 - UP-24-MAY-26.CON.P01.B03.SUP.GF,CON-B03-GR-1020,"Shuttering for Walls, Col. & Cores (B03) (GR)",16-Apr-26,25-Apr-26,4-Aug-26,12-Aug-26,16-Apr-26,25-Apr-26,1,1.0,0.0,-88.0,Yes,,The Big -P.01-UP-20-April-26,CON-B03-GR-1020,"Shuttering for Walls, Col. & Cores (B03) (GR)",17-May-26,355173.29,0.0,0.0,355173.29,0,0.0,0,-355173.29,The Big -P.01-UP-20-April-26,CON-B03-GR-1020,10-May-26,100.00%,0.00%,"$355,173.29",$0.00,$0.00,
The Big -P.01-UP-20-April-26,CON-B03-SOG-1060,745,768,755,The Big -P.01-UP-20-April-26,The Big - P.01 - UP-24-MAY-26.CON.P01.B03.SUB.2ndB.SOG,CON-B03-SOG-1060,Curing & Smoothing Surface for S.O.G (B03) (sog),17-Apr-26,23-Apr-26,14-Aug-26,20-Aug-26,21-Mar-27,27-Mar-27,1,1.0,0.0,219.0,No,,The Big -P.01-UP-20-April-26,CON-B03-SOG-1060,Curing & Smoothing Surface for S.O.G (B03) (sog),17-May-26,0.0,0.0,0.0,0.0,0,0.0,0,0.0,The Big -P.01-UP-20-April-26,CON-B03-SOG-1060,10-May-26,100.00%,0.00%,$0.00,$0.00,$0.00,
The Big -P.01-UP-20-April-26,CON-B01-SOG-1010,746,842,834,The Big -P.01-UP-20-April-26,The Big - P.01 - UP-24-MAY-26.CON.P02.B01.SUB.2ndB.SOG,CON-B01-SOG-1010,Soil Compaction Test (B01) (Sog),18-Apr-26,25-Apr-26,14-Sep-26,21-Sep-26,3-Jan-27,11-Jan-27,1,1.0,0.0,94.0,No,,The Big -P.01-UP-20-April-26,CON-B01-SOG-1010,Soil Compaction Test (B01) (Sog),17-May-26,41368.86,0.0,0.0,41368.86,0,0.0,0,-41368.86,The Big -P.01-UP-20-April-26,CON-B01-SOG-1010,10-May-26,100.00%,0.00%,"$41,368.86",$0.00,$0.00,
The Big -P.01-UP-20-April-26,CON-B04-GR-1010,747,752,743,The Big -P.01-UP-20-April-26,The Big - P.01 - UP-24-MAY-26.CON.P01.B04.SUP.GF,CON-B04-GR-1010,"RFT for Walls, Col. & Cores (B04) (GR)",18-Apr-26,27-Apr-26,8-Aug-26,17-Aug-26,18-Apr-26,27-Apr-26,1,1.0,0.0,-90.0,Yes,,The Big -P.01-UP-20-April-26,CON-B04-GR-1010,"RFT for Walls, Col. & Cores (B04) (GR)",17-May-26,860550.95,0.0,0.0,860550.95,0,0.0,0,-860550.95,The Big -P.01-UP-20-April-26,CON-B04-GR-1010,10-May-26,100.00%,0.00%,"$860,550.95",$0.00,$0.00,
The Big -P.01-UP-20-April-26,E-APP-B01-RF-1020,748,381,379,The Big -P.01-UP-20-April-26,The Big - P.01 - UP-24-MAY-26.EN.2.A.P02.B01.SUP.RF,E-APP-B01-RF-1020,Approval for Beams Conc. Dim.  & RFT DWGs (B01) (RF),18-Apr-26,28-Apr-26,17-May-26,1-Jun-26,16-Feb-27,27-Feb-27,1,1.0,0.0,226.0,No,,The Big -P.01-UP-20-April-26,E-APP-B01-RF-1020,Approval for Beams Conc. Dim.  & RFT DWGs (B01) (RF),17-May-26,0.0,0.0,0.0,0.0,0,0.0,0,0.0,The Big -P.01-UP-20-April-26,E-APP-B01-RF-1020,10-May-26,100.00%,0.00%,$0.00,$0.00,$0.00,
The Big -P.01-UP-20-April-26,E-APP-B04-6TH-1020,749,541,537,The Big -P.01-UP-20-April-26,The Big - P.01 - UP-24-MAY-26.EN.2.A.P01.B04.SUP.6thF,E-APP-B04-6TH-1020,Approval for Beams Conc. Dim.  & RFT DWGs (B04) (6th),18-Apr-26,28-Apr-26,11-Jun-26,22-Jun-26,30-Nov-26,10-Dec-26,1,1.0,0.0,143.0,No,,The Big -P.01-UP-20-April-26,E-APP-B04-6TH-1020,Approval for Beams Conc. Dim.  & RFT DWGs (B04) (6th),17-May-26,0.0,0.0,0.0,0.0,0,0.0,0,0.0,The Big -P.01-UP-20-April-26,E-APP-B04-6TH-1020,10-May-26,100.00%,0.00%,$0.00,$0.00,$0.00,
The Big -P.01-UP-20-April-26,E-SUB-B04-8TH-1000,750,166,166,The Big -P.01-UP-20-April-26,The Big - P.01 - UP-24-MAY-26.EN.2.S.P01.B04.SUP.8thF,E-SUB-B04-8TH-1000,Submittal for Col. & Walls Conc. Dim.  & RFT DWGs (B04) (8th),19-Apr-26,9-May-26,01-Jan-26 A,10-Feb-26 A,2-Jan-27,2-Jan-27,1,1.0,1.0,,No,,The Big -P.01-UP-20-April-26,E-SUB-B04-8TH-1000,Submittal for Col. & Walls Conc. Dim.  & RFT DWGs (B04) (8th),17-May-26,0.0,0.0,0.0,0.0,0,0.0,0,0.0,The Big -P.01-UP-20-April-26,E-SUB-B04-8TH-1000,10-May-26,67.00%,100.00%,$0.00,$0.00,$0.00,
The Big -P.01-UP-20-April-26,AB-SUB-B02-GR-1000,751,729,745,The Big -P.01-UP-20-April-26,The Big - P.01 - UP-24-MAY-26.HO.1.S.P02.B02.SUP.GF,AB-SUB-B02-GR-1000,Submittal for Col. & Walls Conc. Dim.  & RFT DWGs As-Built Drawing (B02) (GF),19-Apr-26,9-May-26,5-Aug-26,25-Aug-26,6-Mar-27,29-Mar-27,1,1.0,0.0,178.0,No,,The Big -P.01-UP-20-April-26,AB-SUB-B02-GR-1000,Submittal for Col. & Walls Conc. Dim.  & RFT DWGs As-Built Drawing (B02) (GF),17-May-26,0.0,0.0,0.0,0.0,0,0.0,0,0.0,The Big -P.01-UP-20-April-26,AB-SUB-B02-GR-1000,10-May-26,67.00%,0.00%,$0.00,$0.00,$0.00,
The Big -P.01-UP-20-April-26,CON-B04-SOG-1040,752,778,764,The Big -P.01-UP-20-April-26,The Big - P.01 - UP-24-MAY-26.CON.P01.B04.SUB.3.1,CON-B04-SOG-1040,Shuttering & RFT for S.O.G (B04) (Sog),20-Apr-26,6-May-26,17-Aug-26,3-Sep-26,16-Feb-27,4-Mar-27,1,1.0,0.0,153.0,No,,The Big -P.01-UP-20-April-26,CON-B04-SOG-1040,Shuttering & RFT for S.O.G (B04) (Sog),17-May-26,675162.26,0.0,0.0,675162.26,0,0.0,0,-675162.26,The Big -P.01-UP-20-April-26,CON-B04-SOG-1040,10-May-26,73.00%,0.00%,"$495,118.99",$0.00,$0.00,
The Big -P.01-UP-20-April-26,CON-B02-GR-1050,753,730,747,The Big -P.01-UP-20-April-26,The Big - P.01 - UP-24-MAY-26.CON.P02.B02.SUP.GF,CON-B02-GR-1050,Shuttering for Stairs  (B02) (GR),20-Apr-26,28-Apr-26,6-Aug-26,15-Aug-26,5-May-26,13-May-26,1,1.0,0.0,-74.0,Yes,,The Big -P.01-UP-20-April-26,CON-B02-GR-1050,Shuttering for Stairs  (B02) (GR),17-May-26,32872.32,0.0,0.0,32872.32,0,0.0,0,-32872.32,The Big -P.01-UP-20-April-26,CON-B02-GR-1050,10-May-26,100.00%,0.00%,"$32,872.32",$0.00,$0.00,
The Big -P.01-UP-20-April-26,CON-B04-GR-1020,754,758,746,The Big -P.01-UP-20-April-26,The Big - P.01 - UP-24-MAY-26.CON.P01.B04.SUP.GF,CON-B04-GR-1020,"Shuttering for Walls, Col. & Cores (B04) (GR)",20-Apr-26,27-Apr-26,10-Aug-26,17-Aug-26,20-Apr-26,27-Apr-26,1,1.0,0.0,-90.0,Yes,,The Big -P.01-UP-20-April-26,CON-B04-GR-1020,"Shuttering for Walls, Col. & Cores (B04) (GR)",17-May-26,469909.97,0.0,0.0,469909.97,0,0.0,0,-469909.97,The Big -P.01-UP-20-April-26,CON-B04-GR-1020,10-May-26,100.00%,0.00%,"$469,909.97",$0.00,$0.00,
The Big -P.01-UP-20-April-26,AB-SUB-B03-SOG-1000,755,781,770,The Big -P.01-UP-20-April-26,The Big - P.01 - UP-24-MAY-26.HO.1.S.P01.B03.SUB.2ndB.1,AB-SUB-B03-SOG-1000,Submittal for S.O.G Conc. Dim. DWGs As-Built Drawing (B03) (Sog),20-Apr-26,10-May-26,17-Aug-26,7-Sep-26,6-Mar-27,29-Mar-27,1,1.0,0.0,168.0,No,,The Big -P.01-UP-20-April-26,AB-SUB-B03-SOG-1000,Submittal for S.O.G Conc. Dim. DWGs As-Built Drawing (B03) (Sog),17-May-26,0.0,0.0,0.0,0.0,0,0.0,0,0.0,The Big -P.01-UP-20-April-26,AB-SUB-B03-SOG-1000,10-May-26,61.00%,0.00%,$0.00,$0.00,$0.00,
The Big -P.01-UP-20-April-26,E-APP-B04-6TH-1030,756,578,574,The Big -P.01-UP-20-April-26,The Big - P.01 - UP-24-MAY-26.EN.2.A.P01.B04.SUP.6thF,E-APP-B04-6TH-1030,Approval for Slabs Conc. Dim.  & RFT DWGs (B04) (6th),21-Apr-26,2-May-26,15-Jun-26,25-Jun-26,30-Nov-26,10-Dec-26,1,1.0,0.0,140.0,No,,The Big -P.01-UP-20-April-26,E-APP-B04-6TH-1030,Approval for Slabs Conc. Dim.  & RFT DWGs (B04) (6th),17-May-26,0.0,0.0,0.0,0.0,0,0.0,0,0.0,The Big -P.01-UP-20-April-26,E-APP-B04-6TH-1030,10-May-26,100.00%,0.00%,$0.00,$0.00,$0.00,
The Big -P.01-UP-20-April-26,CON-B03-BAS01-1110,757,739,749,The Big -P.01-UP-20-April-26,The Big - P.01 - UP-24-MAY-26.CON.P01.B03.SUB.1stB,CON-B03-BAS01-1110,Dismantling Formwork (B03) (Bas 01),22-Apr-26,22-Apr-26,9-Aug-26,9-Aug-26,27-Apr-26,27-Apr-26,1,1.0,0.0,-104.0,Yes,,The Big -P.01-UP-20-April-26,CON-B03-BAS01-1110,Dismantling Formwork (B03) (Bas 01),17-May-26,0.0,0.0,0.0,0.0,0,0.0,0,0.0,The Big -P.01-UP-20-April-26,CON-B03-BAS01-1110,10-May-26,100.00%,0.00%,$0.00,$0.00,$0.00,
The Big -P.01-UP-20-April-26,E-SUB-B04-8TH-1010,758,246,246,The Big -P.01-UP-20-April-26,The Big - P.01 - UP-24-MAY-26.EN.2.S.P01.B04.SUP.8thF,E-SUB-B04-8TH-1010,Submittal for Stairs Conc. Dim.  & RFT DWGs (B04) (8th),22-Apr-26,12-May-26,01-Feb-26 A,21-Feb-26 A,2-Jan-27,2-Jan-27,1,1.0,1.0,,No,,The Big -P.01-UP-20-April-26,E-SUB-B04-8TH-1010,Submittal for Stairs Conc. Dim.  & RFT DWGs (B04) (8th),17-May-26,0.0,0.0,0.0,0.0,0,0.0,0,0.0,The Big -P.01-UP-20-April-26,E-SUB-B04-8TH-1010,10-May-26,50.00%,100.00%,$0.00,$0.00,$0.00,
The Big -P.01-UP-20-April-26,CON-B01-GR-1080,759,846,845,The Big -P.01-UP-20-April-26,The Big - P.01 - UP-24-MAY-26.CON.P02.B01.SUP.GF,CON-B01-GR-1080,Pouring for Stairs  (B01) (GR),22-Apr-26,23-Apr-26,16-Sep-26,19-Sep-26,22-Apr-26,23-Apr-26,1,1.0,0.0,-119.0,Yes,,The Big -P.01-UP-20-April-26,CON-B01-GR-1080,Pouring for Stairs  (B01) (GR),17-May-26,48297.6,0.0,0.0,48297.6,0,0.0,0,-48297.6,The Big -P.01-UP-20-April-26,CON-B01-GR-1080,10-May-26,100.00%,0.00%,"$48,297.60",$0.00,$0.00,
The Big -P.01-UP-20-April-26,CON-B02-GR-1070,760,741,750,The Big -P.01-UP-20-April-26,The Big - P.01 - UP-24-MAY-26.CON.P02.B02.SUP.GF,CON-B02-GR-1070,RFT for Stairs  (B02) (GR),22-Apr-26,30-Apr-26,9-Aug-26,17-Aug-26,7-May-26,16-May-26,1,1.0,0.0,-74.0,Yes,,The Big -P.01-UP-20-April-26,CON-B02-GR-1070,RFT for Stairs  (B02) (GR),17-May-26,61713.97,0.0,0.0,61713.97,0,0.0,0,-61713.97,The Big -P.01-UP-20-April-26,CON-B02-GR-1070,10-May-26,100.00%,0.00%,"$61,713.97",$0.00,$0.00,
The Big -P.01-UP-20-April-26,AB-APP-B01-GR-1000,761,847,847,The Big -P.01-UP-20-April-26,The Big - P.01 - UP-24-MAY-26.HO.1.A.P02.B01.SUP.GF,AB-APP-B01-GR-1000,Approval for Col. & Walls Conc. Dim.  & RFT DWGs As-Built Drawing (B01)  (GF),22-Apr-26,5-May-26,16-Sep-26,30-Sep-26,23-Mar-27,5-Apr-27,1,1.0,0.0,155.0,No,,The Big -P.01-UP-20-April-26,AB-APP-B01-GR-1000,Approval for Col. & Walls Conc. Dim.  & RFT DWGs As-Built Drawing (B01)  (GF),17-May-26,0.0,0.0,0.0,0.0,0,0.0,0,0.0,The Big -P.01-UP-20-April-26,AB-APP-B01-GR-1000,10-May-26,75.00%,0.00%,$0.00,$0.00,$0.00,
The Big -P.01-UP-20-April-26,CON-B02-SOG-1000,762,858,851,The Big -P.01-UP-20-April-26,The Big - P.01 - UP-24-MAY-26.CON.P02.B02.SUB.2ndB.1,CON-B02-SOG-1000,Soil Backfilling & Compaction (B02) (Sog),23-Apr-26,30-Apr-26,20-Sep-26,27-Sep-26,19-Jan-27,27-Jan-27,1,1.0,0.0,102.0,No,,The Big -P.01-UP-20-April-26,CON-B02-SOG-1000,Soil Backfilling & Compaction (B02) (Sog),17-May-26,180582.43,0.0,0.0,180582.43,0,0.0,0,-180582.43,The Big -P.01-UP-20-April-26,CON-B02-SOG-1000,10-May-26,100.00%,0.00%,"$180,582.43",$0.00,$0.00,
The Big -P.01-UP-20-April-26,CON-B02-GR-1040,763,740,753,The Big -P.01-UP-20-April-26,The Big - P.01 - UP-24-MAY-26.CON.P02.B02.SUP.GF,CON-B02-GR-1040,Shuttering for Slabs & Beams (B02) (GR),23-Apr-26,4-May-26,10-Aug-26,20-Aug-26,23-Apr-26,4-May-26,1,1.0,0.0,-87.0,Yes,,The Big -P.01-UP-20-April-26,CON-B02-GR-1040,Shuttering for Slabs & Beams (B02) (GR),17-May-26,1785340.2,0.0,0.0,1785340.2,0,0.0,0,-1785340.2,The Big -P.01-UP-20-April-26,CON-B02-GR-1040,10-May-26,80.00%,0.00%,"$1,428,272.16",$0.00,$0.00,
The Big -P.01-UP-20-April-26,CON-B01-GR-1100,764,851,852,The Big -P.01-UP-20-April-26,The Big - P.01 - UP-24-MAY-26.CON.P02.B01.SUP.GF,CON-B01-GR-1100,"Curing for Slabs, Beams & Stairs (B01) (GR)",24-Apr-26,28-Apr-26,19-Sep-26,24-Sep-26,24-Apr-26,28-Apr-26,1,1.0,0.0,-148.0,Yes,,The Big -P.01-UP-20-April-26,CON-B01-GR-1100,"Curing for Slabs, Beams & Stairs (B01) (GR)",17-May-26,0.0,0.0,0.0,0.0,0,0.0,0,0.0,The Big -P.01-UP-20-April-26,CON-B01-GR-1100,10-May-26,100.00%,0.00%,$0.00,$0.00,$0.00,
The Big -P.01-UP-20-April-26,E-SUB-B04-RF-1000,765,171,171,The Big -P.01-UP-20-April-26,The Big - P.01 - UP-24-MAY-26.EN.2.S.P01.B04.SUP.RF,E-SUB-B04-RF-1000,Submittal for Col. & Walls Conc. Dim.  & RFT DWGs (B04) (RF),25-Apr-26,14-May-26,01-Jan-26 A,10-Feb-26 A,21-Jan-27,21-Jan-27,1,1.0,1.0,,No,,The Big -P.01-UP-20-April-26,E-SUB-B04-RF-1000,Submittal for Col. & Walls Conc. Dim.  & RFT DWGs (B04) (RF),17-May-26,0.0,0.0,0.0,0.0,0,0.0,0,0.0,The Big -P.01-UP-20-April-26,E-SUB-B04-RF-1000,10-May-26,39.00%,100.00%,$0.00,$0.00,$0.00,
The Big -P.01-UP-20-April-26,AB-SUB-B01-GR-1010,766,852,853,The Big -P.01-UP-20-April-26,The Big - P.01 - UP-24-MAY-26.HO.1.S.P02.B01.SUP.GF,AB-SUB-B01-GR-1010,Submittal for Stairs Conc. Dim.  & RFT DWGs As-Built Drawing (B01),25-Apr-26,14-May-26,19-Sep-26,11-Oct-26,6-Mar-27,29-Mar-27,1,1.0,0.0,141.0,No,,The Big -P.01-UP-20-April-26,AB-SUB-B01-GR-1010,Submittal for Stairs Conc. Dim.  & RFT DWGs As-Built Drawing (B01),17-May-26,0.0,0.0,0.0,0.0,0,0.0,0,0.0,The Big -P.01-UP-20-April-26,AB-SUB-B01-GR-1010,10-May-26,39.00%,0.00%,$0.00,$0.00,$0.00,
The Big -P.01-UP-20-April-26,AB-APP-B03-BAS1-1010,767,750,757,The Big -P.01-UP-20-April-26,The Big - P.01 - UP-24-MAY-26.HO.1.A.P01.B03.SUB.2,AB-APP-B03-BAS1-1010,Approval for Stairs Conc. Dim.  & RFT DWGs As-Built Drawing  (B03) (Bas 01),25-Apr-26,7-May-26,11-Aug-26,24-Aug-26,23-Mar-27,5-Apr-27,1,1.0,0.0,185.0,No,,The Big -P.01-UP-20-April-26,AB-APP-B03-BAS1-1010,Approval for Stairs Conc. Dim.  & RFT DWGs As-Built Drawing  (B03) (Bas 01),17-May-26,0.0,0.0,0.0,0.0,0,0.0,0,0.0,The Big -P.01-UP-20-April-26,AB-APP-B03-BAS1-1010,10-May-26,58.00%,0.00%,$0.00,$0.00,$0.00,
The Big -P.01-UP-20-April-26,AB-SUB-B03-SOG-1010,768,793,788,The Big -P.01-UP-20-April-26,The Big - P.01 - UP-24-MAY-26.HO.1.S.P01.B03.SUB.2ndB.1,AB-SUB-B03-SOG-1010,Submittal for S.O.G RFT DWGs As-Built Drawing (B03) (Sog),25-Apr-26,14-May-26,22-Aug-26,12-Sep-26,6-Mar-27,29-Mar-27,1,1.0,0.0,164.0,No,,The Big -P.01-UP-20-April-26,AB-SUB-B03-SOG-1010,Submittal for S.O.G RFT DWGs As-Built Drawing (B03) (Sog),17-May-26,0.0,0.0,0.0,0.0,0,0.0,0,0.0,The Big -P.01-UP-20-April-26,AB-SUB-B03-SOG-1010,10-May-26,39.00%,0.00%,$0.00,$0.00,$0.00,
The Big -P.01-UP-20-April-26,CON-B01-SOG-1020,769,860,855,The Big -P.01-UP-20-April-26,The Big - P.01 - UP-24-MAY-26.CON.P02.B01.SUB.2ndB.SOG,CON-B01-SOG-1020,DPM Layer works (B01) (Sog),26-Apr-26,12-May-26,22-Sep-26,10-Oct-26,12-Jan-27,30-Jan-27,1,1.0,0.0,94.0,No,,The Big -P.01-UP-20-April-26,CON-B01-SOG-1020,DPM Layer works (B01) (Sog),17-May-26,492186.35,0.0,0.0,492186.35,0,0.0,0,-492186.35,The Big -P.01-UP-20-April-26,CON-B01-SOG-1020,10-May-26,40.00%,0.00%,"$196,874.54",$0.00,$0.00,
The Big -P.01-UP-20-April-26,CON-B04-SOG-1050,770,796,790,The Big -P.01-UP-20-April-26,The Big - P.01 - UP-24-MAY-26.CON.P01.B04.SUB.3.1,CON-B04-SOG-1050,Pouring for S.O.G (B04) (Sog),26-Apr-26,6-May-26,23-Aug-26,3-Sep-26,22-Feb-27,4-Mar-27,1,1.0,0.0,153.0,No,,The Big -P.01-UP-20-April-26,CON-B04-SOG-1050,Pouring for S.O.G (B04) (Sog),17-May-26,900216.35,0.0,0.0,900216.35,0,0.0,0,-900216.35,The Big -P.01-UP-20-April-26,CON-B04-SOG-1050,10-May-26,60.00%,0.00%,"$540,129.81",$0.00,$0.00,
The Big -P.01-UP-20-April-26,E-SUB-B04-8TH-1020,771,360,358,The Big -P.01-UP-20-April-26,The Big - P.01 - UP-24-MAY-26.EN.2.S.P01.B04.SUP.8thF,E-SUB-B04-8TH-1020,Submittal for Beams Conc. Dim.  & RFT DWGs (B04) (8th),26-Apr-26,16-May-26,17-May-26,10-Jun-26,2-Jan-27,23-Jan-27,1,1.0,0.0,189.0,No,,The Big -P.01-UP-20-April-26,E-SUB-B04-8TH-1020,Submittal for Beams Conc. Dim.  & RFT DWGs (B04) (8th),17-May-26,0.0,0.0,0.0,0.0,0,0.0,0,0.0,The Big -P.01-UP-20-April-26,E-SUB-B04-8TH-1020,10-May-26,33.00%,0.00%,$0.00,$0.00,$0.00,
The Big -P.01-UP-20-April-26,CON-B02-GR-1060,772,749,759,The Big -P.01-UP-20-April-26,The Big - P.01 - UP-24-MAY-26.CON.P02.B02.SUP.GF,CON-B02-GR-1060,RFT for Slabs & Beams (B02) (GR),26-Apr-26,9-May-26,12-Aug-26,25-Aug-26,26-Apr-26,9-May-26,1,1.0,0.0,-87.0,Yes,,The Big -P.01-UP-20-April-26,CON-B02-GR-1060,RFT for Slabs & Beams (B02) (GR),17-May-26,1887885.37,0.0,0.0,1887885.37,0,0.0,0,-1887885.37,The Big -P.01-UP-20-April-26,CON-B02-GR-1060,10-May-26,50.00%,0.00%,"$943,942.68",$0.00,$0.00,
The Big -P.01-UP-20-April-26,CON-B03-GR-1030,773,753,767,The Big -P.01-UP-20-April-26,The Big - P.01 - UP-24-MAY-26.CON.P01.B03.SUP.GF,CON-B03-GR-1030,"Pouring for Walls, Col. & Cores (B03) (GR)",26-Apr-26,27-Apr-26,13-Aug-26,15-Aug-26,26-Apr-26,27-Apr-26,1,1.0,0.0,-88.0,Yes,,The Big -P.01-UP-20-April-26,CON-B03-GR-1030,"Pouring for Walls, Col. & Cores (B03) (GR)",17-May-26,532759.93,0.0,0.0,532759.93,0,0.0,0,-532759.93,The Big -P.01-UP-20-April-26,CON-B03-GR-1030,10-May-26,100.00%,0.00%,"$532,759.93",$0.00,$0.00,
The Big -P.01-UP-20-April-26,E-APP-B04-7TH-1000,774,278,278,The Big -P.01-UP-20-April-26,The Big - P.01 - UP-24-MAY-26.EN.2.A.P01.B04.SUP.7thF,E-APP-B04-7TH-1000,Approval for Col. & Walls Conc. Dim.  & RFT DWGs (B04) (7th),26-Apr-26,6-May-26,01-Feb-26 A,12-Feb-26 A,31-Dec-26,31-Dec-26,1,1.0,1.0,,No,,The Big -P.01-UP-20-April-26,E-APP-B04-7TH-1000,Approval for Col. & Walls Conc. Dim.  & RFT DWGs (B04) (7th),17-May-26,0.0,0.0,0.0,0.0,0,0.0,0,0.0,The Big -P.01-UP-20-April-26,E-APP-B04-7TH-1000,10-May-26,60.00%,100.00%,$0.00,$0.00,$0.00,
The Big -P.01-UP-20-April-26,AB-APP-B03-BAS1-1020,775,754,762,The Big -P.01-UP-20-April-26,The Big - P.01 - UP-24-MAY-26.HO.1.A.P01.B03.SUB.2,AB-APP-B03-BAS1-1020,Approval for Slabs Conc. Dim.  & RFT DWGs As-Built Drawing  (B03) (Bas 01),26-Apr-26,9-May-26,12-Aug-26,25-Aug-26,23-Mar-27,5-Apr-27,1,1.0,0.0,184.0,No,,The Big -P.01-UP-20-April-26,AB-APP-B03-BAS1-1020,Approval for Slabs Conc. Dim.  & RFT DWGs As-Built Drawing  (B03) (Bas 01),17-May-26,0.0,0.0,0.0,0.0,0,0.0,0,0.0,The Big -P.01-UP-20-April-26,AB-APP-B03-BAS1-1020,10-May-26,50.00%,0.00%,$0.00,$0.00,$0.00,
The Big -P.01-UP-20-April-26,AB-APP-B03-BAS1-1030,776,755,763,The Big -P.01-UP-20-April-26,The Big - P.01 - UP-24-MAY-26.HO.1.A.P01.B03.SUB.2,AB-APP-B03-BAS1-1030,Approval for Beams Conc. Dim.  & RFT DWGs As-Built Drawing  (B03) (Bas 01),26-Apr-26,9-May-26,12-Aug-26,25-Aug-26,23-Mar-27,5-Apr-27,1,1.0,0.0,184.0,No,,The Big -P.01-UP-20-April-26,AB-APP-B03-BAS1-1030,Approval for Beams Conc. Dim.  & RFT DWGs As-Built Drawing  (B03) (Bas 01),17-May-26,0.0,0.0,0.0,0.0,0,0.0,0,0.0,The Big -P.01-UP-20-April-26,AB-APP-B03-BAS1-1030,10-May-26,50.00%,0.00%,$0.00,$0.00,$0.00,
The Big -P.01-UP-20-April-26,CON-B04-SOG-1060,777,803,794,The Big -P.01-UP-20-April-26,The Big - P.01 - UP-24-MAY-26.CON.P01.B04.SUB.3.1,CON-B04-SOG-1060,Curing & Smoothing Surface for S.O.G (B04) (Sog),27-Apr-26,6-May-26,25-Aug-26,3-Sep-26,18-Mar-27,27-Mar-27,1,1.0,0.0,205.0,No,,The Big -P.01-UP-20-April-26,CON-B04-SOG-1060,Curing & Smoothing Surface for S.O.G (B04) (Sog),17-May-26,0.0,0.0,0.0,0.0,0,0.0,0,0.0,The Big -P.01-UP-20-April-26,CON-B04-SOG-1060,10-May-26,60.00%,0.00%,$0.00,$0.00,$0.00,
The Big -P.01-UP-20-April-26,CON-B01-GR-1090,778,859,856,The Big -P.01-UP-20-April-26,The Big - P.01 - UP-24-MAY-26.CON.P02.B01.SUP.GF,CON-B01-GR-1090,Pouring for Slabs & Beams (B01) (GR),27-Apr-26,28-Apr-26,21-Sep-26,23-Sep-26,27-Apr-26,28-Apr-26,1,1.0,0.0,-119.0,Yes,,The Big -P.01-UP-20-April-26,CON-B01-GR-1090,Pouring for Slabs & Beams (B01) (GR),17-May-26,1525811.58,0.0,0.0,1525811.58,0,0.0,0,-1525811.58,The Big -P.01-UP-20-April-26,CON-B01-GR-1090,10-May-26,100.00%,0.00%,"$1,525,811.58",$0.00,$0.00,
The Big -P.01-UP-20-April-26,E-SUB-B04-RF-1010,779,377,375,The Big -P.01-UP-20-April-26,The Big - P.01 - UP-24-MAY-26.EN.2.S.P01.B04.SUP.RF,E-SUB-B04-RF-1010,Submittal for Beams Conc. Dim.  & RFT DWGs (B04) (RF),28-Apr-26,18-May-26,17-May-26,10-Jun-26,21-Jan-27,11-Feb-27,1,0.8889,0.0,205.0,No,,The Big -P.01-UP-20-April-26,E-SUB-B04-RF-1010,Submittal for Beams Conc. Dim.  & RFT DWGs (B04) (RF),17-May-26,0.0,0.0,0.0,0.0,0,0.0,0,0.0,The Big -P.01-UP-20-April-26,E-SUB-B04-RF-1010,10-May-26,22.00%,0.00%,$0.00,$0.00,$0.00,
The Big -P.01-UP-20-April-26,CON-B04-GR-1030,780,785,771,The Big -P.01-UP-20-April-26,The Big - P.01 - UP-24-MAY-26.CON.P01.B04.SUP.GF,CON-B04-GR-1030,"Pouring for Walls, Col. & Cores (B04) (GR)",28-Apr-26,29-Apr-26,18-Aug-26,19-Aug-26,28-Apr-26,29-Apr-26,1,1.0,0.0,-90.0,Yes,,The Big -P.01-UP-20-April-26,CON-B04-GR-1030,"Pouring for Walls, Col. & Cores (B04) (GR)",17-May-26,704864.95,0.0,0.0,704864.95,0,0.0,0,-704864.95,The Big -P.01-UP-20-April-26,CON-B04-GR-1030,10-May-26,100.00%,0.00%,"$704,864.95",$0.00,$0.00,
The Big -P.01-UP-20-April-26,CON-B03-GR-1040,781,760,781,The Big -P.01-UP-20-April-26,The Big - P.01 - UP-24-MAY-26.CON.P01.B03.SUP.GF,CON-B03-GR-1040,Shuttering for Slabs & Beams (B03) (GR),28-Apr-26,5-May-26,16-Aug-26,23-Aug-26,28-Apr-26,5-May-26,1,1.0,0.0,-88.0,Yes,,The Big -P.01-UP-20-April-26,CON-B03-GR-1040,Shuttering for Slabs & Beams (B03) (GR),17-May-26,858317.45,0.0,0.0,858317.45,0,0.0,0,-858317.45,The Big -P.01-UP-20-April-26,CON-B03-GR-1040,10-May-26,57.00%,0.00%,"$490,467.11",$0.00,$0.00,
The Big -P.01-UP-20-April-26,AB-SUB-B03-GR-1000,782,761,782,The Big -P.01-UP-20-April-26,The Big - P.01 - UP-24-MAY-26.HO.1.S.P01.B03.SUP.GF,AB-SUB-B03-GR-1000,Submittal for Col. & Walls Conc. Dim.  & RFT DWGs As-Built Drawing (B03) (GF),28-Apr-26,18-May-26,16-Aug-26,6-Sep-26,6-Mar-27,29-Mar-27,1,0.8889,0.0,169.0,No,,The Big -P.01-UP-20-April-26,AB-SUB-B03-GR-1000,Submittal for Col. & Walls Conc. Dim.  & RFT DWGs As-Built Drawing (B03) (GF),17-May-26,0.0,0.0,0.0,0.0,0,0.0,0,0.0,The Big -P.01-UP-20-April-26,AB-SUB-B03-GR-1000,10-May-26,22.00%,0.00%,$0.00,$0.00,$0.00,
The Big -P.01-UP-20-April-26,CON-B04-BAS01-1140,783,786,775,The Big -P.01-UP-20-April-26,The Big - P.01 - UP-24-MAY-26.CON.P01.B04.SUB.2,CON-B04-BAS01-1140,Dismantling Formwork (B04) (Bas 01),29-Apr-26,29-Apr-26,19-Aug-26,19-Aug-26,29-Apr-26,29-Apr-26,1,1.0,0.0,-112.0,Yes,,The Big -P.01-UP-20-April-26,CON-B04-BAS01-1140,Dismantling Formwork (B04) (Bas 01),17-May-26,0.0,0.0,0.0,0.0,0,0.0,0,0.0,The Big -P.01-UP-20-April-26,CON-B04-BAS01-1140,10-May-26,100.00%,0.00%,$0.00,$0.00,$0.00,
The Big -P.01-UP-20-April-26,E-SUB-B04-8TH-1030,784,438,433,The Big -P.01-UP-20-April-26,The Big - P.01 - UP-24-MAY-26.EN.2.S.P01.B04.SUP.8thF,E-SUB-B04-8TH-1030,Submittal for Slabs Conc. Dim.  & RFT DWGs (B04) (8th),29-Apr-26,19-May-26,20-May-26,14-Jun-26,5-Jan-27,27-Jan-27,1,0.8333,0.0,189.0,No,,The Big -P.01-UP-20-April-26,E-SUB-B04-8TH-1030,Submittal for Slabs Conc. Dim.  & RFT DWGs (B04) (8th),17-May-26,0.0,0.0,0.0,0.0,0,0.0,0,0.0,The Big -P.01-UP-20-April-26,E-SUB-B04-8TH-1030,10-May-26,17.00%,0.00%,$0.00,$0.00,$0.00,
The Big -P.01-UP-20-April-26,CON-B01-1ST-1000,785,861,859,The Big -P.01-UP-20-April-26,The Big - P.01 - UP-24-MAY-26.CON.P02.B01.SUP.1stF,CON-B01-1ST-1000,"Scaffolding works for Walls, Col. & Cores (B01) (1st)",29-Apr-26,4-May-26,24-Sep-26,30-Sep-26,29-Apr-26,4-May-26,1,1.0,0.0,-120.0,Yes,,The Big -P.01-UP-20-April-26,CON-B01-1ST-1000,"Scaffolding works for Walls, Col. & Cores (B01) (1st)",17-May-26,0.0,0.0,0.0,0.0,0,0.0,0,0.0,The Big -P.01-UP-20-April-26,CON-B01-1ST-1000,10-May-26,60.00%,0.00%,$0.00,$0.00,$0.00,
The Big -P.01-UP-20-April-26,E-APP-B04-7TH-1010,786,297,297,The Big -P.01-UP-20-April-26,The Big - P.01 - UP-24-MAY-26.EN.2.A.P01.B04.SUP.7thF,E-APP-B04-7TH-1010,Approval for Stairs Conc. Dim.  & RFT DWGs (B04) (7th),29-Apr-26,10-May-26,08-Feb-26 A,18-Feb-26 A,11-Jan-27,11-Jan-27,1,1.0,1.0,,No,,The Big -P.01-UP-20-April-26,E-APP-B04-7TH-1010,Approval for Stairs Conc. Dim.  & RFT DWGs (B04) (7th),17-May-26,0.0,0.0,0.0,0.0,0,0.0,0,0.0,The Big -P.01-UP-20-April-26,E-APP-B04-7TH-1010,10-May-26,30.00%,100.00%,$0.00,$0.00,$0.00,
The Big -P.01-UP-20-April-26,AB-SUB-B01-GR-1020,787,865,862,The Big -P.01-UP-20-April-26,The Big - P.01 - UP-24-MAY-26.HO.1.S.P02.B01.SUP.GF,AB-SUB-B01-GR-1020,Submittal for Slabs Conc. Dim.  & RFT DWGs As-Built Drawing (B01),29-Apr-26,19-May-26,23-Sep-26,15-Oct-26,6-Mar-27,29-Mar-27,1,0.8333,0.0,137.0,No,,The Big -P.01-UP-20-April-26,AB-SUB-B01-GR-1020,Submittal for Slabs Conc. Dim.  & RFT DWGs As-Built Drawing (B01),17-May-26,0.0,0.0,0.0,0.0,0,0.0,0,0.0,The Big -P.01-UP-20-April-26,AB-SUB-B01-GR-1020,10-May-26,17.00%,0.00%,$0.00,$0.00,$0.00,
The Big -P.01-UP-20-April-26,AB-SUB-B01-GR-1030,788,866,863,The Big -P.01-UP-20-April-26,The Big - P.01 - UP-24-MAY-26.HO.1.S.P02.B01.SUP.GF,AB-SUB-B01-GR-1030,Submittal for Beams Conc. Dim.  & RFT DWGs As-Built Drawing (B01),29-Apr-26,19-May-26,23-Sep-26,15-Oct-26,6-Mar-27,29-Mar-27,1,0.8333,0.0,137.0,No,,The Big -P.01-UP-20-April-26,AB-SUB-B01-GR-1030,Submittal for Beams Conc. Dim.  & RFT DWGs As-Built Drawing (B01),17-May-26,0.0,0.0,0.0,0.0,0,0.0,0,0.0,The Big -P.01-UP-20-April-26,AB-SUB-B01-GR-1030,10-May-26,17.00%,0.00%,$0.00,$0.00,$0.00,
The Big -P.01-UP-20-April-26,AB-APP-B04-BAS1-1030,789,787,776,The Big -P.01-UP-20-April-26,The Big - P.01 - UP-24-MAY-26.HO.1.A.P01.B04.SUB.1stB,AB-APP-B04-BAS1-1030,Approval for Slabs Conc. Dim.  & RFT DWGs As-Built Drawing (B04) (Bas 01),29-Apr-26,12-May-26,19-Aug-26,2-Sep-26,23-Mar-27,5-Apr-27,1,1.0,0.0,178.0,No,,The Big -P.01-UP-20-April-26,AB-APP-B04-BAS1-1030,Approval for Slabs Conc. Dim.  & RFT DWGs As-Built Drawing (B04) (Bas 01),17-May-26,0.0,0.0,0.0,0.0,0,0.0,0,0.0,The Big -P.01-UP-20-April-26,AB-APP-B04-BAS1-1030,10-May-26,25.00%,0.00%,$0.00,$0.00,$0.00,
The Big -P.01-UP-20-April-26,AB-APP-B04-BAS1-1040,790,788,777,The Big -P.01-UP-20-April-26,The Big - P.01 - UP-24-MAY-26.HO.1.A.P01.B04.SUB.1stB,AB-APP-B04-BAS1-1040,Approval for Beams Conc. Dim.  & RFT DWGs As-Built Drawing (B04) (Bas 01),29-Apr-26,12-May-26,19-Aug-26,2-Sep-26,23-Mar-27,5-Apr-27,1,1.0,0.0,178.0,No,,The Big -P.01-UP-20-April-26,AB-APP-B04-BAS1-1040,Approval for Beams Conc. Dim.  & RFT DWGs As-Built Drawing (B04) (Bas 01),17-May-26,0.0,0.0,0.0,0.0,0,0.0,0,0.0,The Big -P.01-UP-20-April-26,AB-APP-B04-BAS1-1040,10-May-26,25.00%,0.00%,$0.00,$0.00,$0.00,
The Big -P.01-UP-20-April-26,AB-APP-B04-BAS1-1010,791,789,778,The Big -P.01-UP-20-April-26,The Big - P.01 - UP-24-MAY-26.HO.1.A.P01.B04.SUB.1stB,AB-APP-B04-BAS1-1010,Approval for Stairs Conc. Dim.  & RFT DWGs As-Built Drawing (B04) (Bas 01),29-Apr-26,12-May-26,19-Aug-26,2-Sep-26,23-Mar-27,5-Apr-27,1,1.0,0.0,178.0,No,,The Big -P.01-UP-20-April-26,AB-APP-B04-BAS1-1010,Approval for Stairs Conc. Dim.  & RFT DWGs As-Built Drawing (B04) (Bas 01),17-May-26,0.0,0.0,0.0,0.0,0,0.0,0,0.0,The Big -P.01-UP-20-April-26,AB-APP-B04-BAS1-1010,10-May-26,25.00%,0.00%,$0.00,$0.00,$0.00,
The Big -P.01-UP-20-April-26,AB-APP-B04-BAS1-1020,792,790,779,The Big -P.01-UP-20-April-26,The Big - P.01 - UP-24-MAY-26.HO.1.A.P01.B04.SUB.1stB,AB-APP-B04-BAS1-1020,Approval for Ramps Conc. Dim.  & RFT DWGs As-Built Drawing (B04) (Bas 01),29-Apr-26,12-May-26,19-Aug-26,2-Sep-26,23-Mar-27,5-Apr-27,1,1.0,0.0,178.0,No,,The Big -P.01-UP-20-April-26,AB-APP-B04-BAS1-1020,Approval for Ramps Conc. Dim.  & RFT DWGs As-Built Drawing (B04) (Bas 01),17-May-26,0.0,0.0,0.0,0.0,0,0.0,0,0.0,The Big -P.01-UP-20-April-26,AB-APP-B04-BAS1-1020,10-May-26,25.00%,0.00%,$0.00,$0.00,$0.00,
The Big -P.01-UP-20-April-26,CON-B04-GR-1040,793,794,784,The Big -P.01-UP-20-April-26,The Big - P.01 - UP-24-MAY-26.CON.P01.B04.SUP.GF,CON-B04-GR-1040,Shuttering for Slabs & Beams (B04) (GR),30-Apr-26,6-May-26,20-Aug-26,26-Aug-26,30-Apr-26,6-May-26,1,1.0,0.0,-90.0,Yes,,The Big -P.01-UP-20-April-26,CON-B04-GR-1040,Shuttering for Slabs & Beams (B04) (GR),17-May-26,1192564.74,0.0,0.0,1192564.74,0,0.0,0,-1192564.74,The Big -P.01-UP-20-April-26,CON-B04-GR-1040,10-May-26,33.00%,0.00%,"$397,521.58",$0.00,$0.00,
The Big -P.01-UP-20-April-26,CON-B03-GR-1050,794,769,787,The Big -P.01-UP-20-April-26,The Big - P.01 - UP-24-MAY-26.CON.P01.B03.SUP.GF,CON-B03-GR-1050,Shuttering for Stairs  (B03) (GR),30-Apr-26,5-May-26,18-Aug-26,23-Aug-26,30-Apr-26,5-May-26,1,1.0,0.0,-88.0,Yes,,The Big -P.01-UP-20-April-26,CON-B03-GR-1050,Shuttering for Stairs  (B03) (GR),17-May-26,34744.32,0.0,0.0,34744.32,0,0.0,0,-34744.32,The Big -P.01-UP-20-April-26,CON-B03-GR-1050,10-May-26,40.00%,0.00%,"$13,897.73",$0.00,$0.00,
The Big -P.01-UP-20-April-26,AB-SUB-B04-GR-1000,795,795,785,The Big -P.01-UP-20-April-26,The Big - P.01 - UP-24-MAY-26.HO.1.S.P01.B04.SUP.GF,AB-SUB-B04-GR-1000,Submittal for Col. & Walls Conc. Dim.  & RFT DWGs As-Built Drawing (B04) (GF),30-Apr-26,20-May-26,20-Aug-26,10-Sep-26,6-Mar-27,29-Mar-27,1,0.7778,0.0,165.0,No,,The Big -P.01-UP-20-April-26,AB-SUB-B04-GR-1000,Submittal for Col. & Walls Conc. Dim.  & RFT DWGs As-Built Drawing (B04) (GF),17-May-26,0.0,0.0,0.0,0.0,0,0.0,0,0.0,The Big -P.01-UP-20-April-26,AB-SUB-B04-GR-1000,10-May-26,11.00%,0.00%,$0.00,$0.00,$0.00,
The Big -P.01-UP-20-April-26,CON-B02-SOG-1010,796,869,865,The Big -P.01-UP-20-April-26,The Big - P.01 - UP-24-MAY-26.CON.P02.B02.SUB.2ndB.1,CON-B02-SOG-1010,Soil Compaction Test (B02) (Sog),2-May-26,3-May-26,28-Sep-26,29-Sep-26,28-Jan-27,30-Jan-27,1,1.0,0.0,102.0,No,,The Big -P.01-UP-20-April-26,CON-B02-SOG-1010,Soil Compaction Test (B02) (Sog),17-May-26,20064.71,0.0,0.0,20064.71,0,0.0,0,-20064.71,The Big -P.01-UP-20-April-26,CON-B02-SOG-1010,10-May-26,50.00%,0.00%,"$10,032.36",$0.00,$0.00,
The Big -P.01-UP-20-April-26,CON-B01-SOG-1030,797,870,866,The Big -P.01-UP-20-April-26,The Big - P.01 - UP-24-MAY-26.CON.P02.B01.SUB.2ndB.SOG,CON-B01-SOG-1030,Blinding Concrete works (B01) (Sog),2-May-26,14-May-26,28-Sep-26,12-Oct-26,18-Jan-27,1-Feb-27,1,1.0,0.0,94.0,No,,The Big -P.01-UP-20-April-26,CON-B01-SOG-1030,Blinding Concrete works (B01) (Sog),17-May-26,984372.71,0.0,0.0,820310.59,0,0.0,0,-820310.59,The Big -P.01-UP-20-April-26,CON-B01-SOG-1030,10-May-26,8.00%,0.00%,"$82,031.06",$0.00,$0.00,
The Big -P.01-UP-20-April-26,E-SUB-B04-RF-1020,798,454,449,The Big -P.01-UP-20-April-26,The Big - P.01 - UP-24-MAY-26.EN.2.S.P01.B04.SUP.RF,E-SUB-B04-RF-1020,Submittal for Slabs Conc. Dim.  & RFT DWGs (B04) (RF),2-May-26,21-May-26,20-May-26,14-Jun-26,26-Jan-27,15-Feb-27,1,0.7222,0.0,205.0,No,,The Big -P.01-UP-20-April-26,E-SUB-B04-RF-1020,Submittal for Slabs Conc. Dim.  & RFT DWGs (B04) (RF),17-May-26,0.0,0.0,0.0,0.0,0,0.0,0,0.0,The Big -P.01-UP-20-April-26,E-SUB-B04-RF-1020,10-May-26,6.00%,0.00%,$0.00,$0.00,$0.00,
The Big -P.01-UP-20-April-26,CON-B02-GR-1080,799,774,786,The Big -P.01-UP-20-April-26,The Big - P.01 - UP-24-MAY-26.CON.P02.B02.SUP.GF,CON-B02-GR-1080,Pouring for Stairs  (B02) (GR),2-May-26,3-May-26,18-Aug-26,19-Aug-26,17-May-26,18-May-26,1,1.0,0.0,-74.0,Yes,,The Big -P.01-UP-20-April-26,CON-B02-GR-1080,Pouring for Stairs  (B02) (GR),17-May-26,49308.48,0.0,0.0,49308.48,0,0.0,0,-49308.48,The Big -P.01-UP-20-April-26,CON-B02-GR-1080,10-May-26,50.00%,0.00%,"$24,654.24",$0.00,$0.00,
The Big -P.01-UP-20-April-26,CON-B03-GR-1060,800,775,791,The Big -P.01-UP-20-April-26,The Big - P.01 - UP-24-MAY-26.CON.P01.B03.SUP.GF,CON-B03-GR-1060,RFT for Slabs & Beams (B03) (GR),2-May-26,6-May-26,19-Aug-26,24-Aug-26,2-May-26,6-May-26,1,1.0,0.0,-88.0,Yes,,The Big -P.01-UP-20-April-26,CON-B03-GR-1060,RFT for Slabs & Beams (B03) (GR),17-May-26,1321990.03,0.0,0.0,1321990.03,0,0.0,0,-1321990.03,The Big -P.01-UP-20-April-26,CON-B03-GR-1060,10-May-26,20.00%,0.00%,"$264,398.01",$0.00,$0.00,
The Big -P.01-UP-20-April-26,CON-B04-GR-1050,801,802,789,The Big -P.01-UP-20-April-26,The Big - P.01 - UP-24-MAY-26.CON.P01.B04.SUP.GF,CON-B04-GR-1050,Shuttering for Stairs (B04) (GR),3-May-26,9-May-26,23-Aug-26,30-Aug-26,4-May-26,10-May-26,1,1.0,0.0,-89.0,Yes,,The Big -P.01-UP-20-April-26,CON-B04-GR-1050,Shuttering for Stairs (B04) (GR),17-May-26,34744.32,0.0,0.0,34744.32,0,0.0,0,-34744.32,The Big -P.01-UP-20-April-26,CON-B04-GR-1050,10-May-26,0.00%,0.00%,$0.00,$0.00,$0.00,
The Big -P.01-UP-20-April-26,CON-B03-GR-1070,802,779,796,The Big -P.01-UP-20-April-26,The Big - P.01 - UP-24-MAY-26.CON.P01.B03.SUP.GF,CON-B03-GR-1070,RFT for Stairs  (B03) (GR),3-May-26,6-May-26,20-Aug-26,24-Aug-26,3-May-26,6-May-26,1,1.0,0.0,-88.0,Yes,,The Big -P.01-UP-20-April-26,CON-B03-GR-1070,RFT for Stairs  (B03) (GR),17-May-26,65227.6,0.0,0.0,65227.6,0,0.0,0,-65227.6,The Big -P.01-UP-20-April-26,CON-B03-GR-1070,10-May-26,0.00%,0.00%,$0.00,$0.00,$0.00,
The Big -P.01-UP-20-April-26,CON-B01-1ST-1010,803,867,867,The Big -P.01-UP-20-April-26,The Big - P.01 - UP-24-MAY-26.CON.P02.B01.SUP.1stF,CON-B01-1ST-1010,"RFT for Walls, Col. & Cores (B01) (1st)",3-May-26,10-May-26,28-Sep-26,7-Oct-26,3-May-26,10-May-26,1,1.0,0.0,-120.0,Yes,,The Big -P.01-UP-20-April-26,CON-B01-1ST-1010,"RFT for Walls, Col. & Cores (B01) (1st)",17-May-26,549617.03,0.0,0.0,549617.03,0,0.0,0,-549617.03,The Big -P.01-UP-20-April-26,CON-B01-1ST-1010,10-May-26,0.00%,0.00%,$0.00,$0.00,$0.00,
The Big -P.01-UP-20-April-26,E-APP-B04-7TH-1020,804,542,538,The Big -P.01-UP-20-April-26,The Big - P.01 - UP-24-MAY-26.EN.2.A.P01.B04.SUP.7thF,E-APP-B04-7TH-1020,Approval for Beams Conc. Dim.  & RFT DWGs (B04) (7th),3-May-26,13-May-26,11-Jun-26,22-Jun-26,29-Dec-26,10-Jan-27,1,1.0,0.0,168.0,No,,The Big -P.01-UP-20-April-26,E-APP-B04-7TH-1020,Approval for Beams Conc. Dim.  & RFT DWGs (B04) (7th),17-May-26,0.0,0.0,0.0,0.0,0,0.0,0,0.0,The Big -P.01-UP-20-April-26,E-APP-B04-7TH-1020,10-May-26,0.00%,0.00%,$0.00,$0.00,$0.00,
The Big -P.01-UP-20-April-26,AB-APP-B02-GR-1000,805,780,792,The Big -P.01-UP-20-April-26,The Big - P.01 - UP-24-MAY-26.HO.1.A.P02.B02.SUP.GF,AB-APP-B02-GR-1000,Approval for Col. & Walls Conc. Dim.  & RFT DWGs As-Built Drawing (B02) (GF),3-May-26,16-May-26,19-Aug-26,2-Sep-26,23-Mar-27,5-Apr-27,1,1.0,0.0,178.0,No,,The Big -P.01-UP-20-April-26,AB-APP-B02-GR-1000,Approval for Col. & Walls Conc. Dim.  & RFT DWGs As-Built Drawing (B02) (GF),17-May-26,0.0,0.0,0.0,0.0,0,0.0,0,0.0,The Big -P.01-UP-20-April-26,AB-APP-B02-GR-1000,10-May-26,0.00%,0.00%,$0.00,$0.00,$0.00,
The Big -P.01-UP-20-April-26,CON-B02-SOG-1020,806,874,870,The Big -P.01-UP-20-April-26,The Big - P.01 - UP-24-MAY-26.CON.P02.B02.SUB.2ndB.1,CON-B02-SOG-1020,DPM Layer works (B02) (Sog),4-May-26,20-May-26,30-Sep-26,18-Oct-26,31-Jan-27,16-Feb-27,1,0.7333,0.0,102.0,No,,The Big -P.01-UP-20-April-26,CON-B02-SOG-1020,DPM Layer works (B02) (Sog),17-May-26,259766.35,0.0,0.0,138542.06,0,0.0,0,-138542.06,The Big -P.01-UP-20-April-26,CON-B02-SOG-1020,10-May-26,0.00%,0.00%,$0.00,$0.00,$0.00,
The Big -P.01-UP-20-April-26,CON-B02-GR-1090,807,783,795,The Big -P.01-UP-20-April-26,The Big - P.01 - UP-24-MAY-26.CON.P02.B02.SUP.GF,CON-B02-GR-1090,"Curing for Slabs, Beams Stairs (B02) (GR)",4-May-26,8-May-26,20-Aug-26,24-Aug-26,19-May-26,23-May-26,1,1.0,0.0,-93.0,Yes,,The Big -P.01-UP-20-April-26,CON-B02-GR-1090,"Curing for Slabs, Beams Stairs (B02) (GR)",17-May-26,0.0,0.0,0.0,0.0,0,0.0,0,0.0,The Big -P.01-UP-20-April-26,CON-B02-GR-1090,10-May-26,0.00%,0.00%,$0.00,$0.00,$0.00,
The Big -P.01-UP-20-April-26,CON-B04-GR-1060,808,806,793,The Big -P.01-UP-20-April-26,The Big - P.01 - UP-24-MAY-26.CON.P01.B04.SUP.GF,CON-B04-GR-1060,RFT for Slabs & Beams (B04) (GR),4-May-26,9-May-26,24-Aug-26,30-Aug-26,4-May-26,9-May-26,1,1.0,0.0,-90.0,Yes,,The Big -P.01-UP-20-April-26,CON-B04-GR-1060,RFT for Slabs & Beams (B04) (GR),17-May-26,1765214.97,0.0,0.0,1765214.97,0,0.0,0,-1765214.97,The Big -P.01-UP-20-April-26,CON-B04-GR-1060,10-May-26,0.00%,0.00%,$0.00,$0.00,$0.00,
The Big -P.01-UP-20-April-26,AB-SUB-B02-GR-1010,809,784,797,The Big -P.01-UP-20-April-26,The Big - P.01 - UP-24-MAY-26.HO.1.S.P02.B02.SUP.GF,AB-SUB-B02-GR-1010,Submittal for Stairs Conc. Dim.  & RFT DWGs As-Built Drawing (B02) (GF),4-May-26,24-May-26,20-Aug-26,10-Sep-26,6-Mar-27,29-Mar-27,1,0.6111,0.0,165.0,No,,The Big -P.01-UP-20-April-26,AB-SUB-B02-GR-1010,Submittal for Stairs Conc. Dim.  & RFT DWGs As-Built Drawing (B02) (GF),17-May-26,0.0,0.0,0.0,0.0,0,0.0,0,0.0,The Big -P.01-UP-20-April-26,AB-SUB-B02-GR-1010,10-May-26,0.00%,0.00%,$0.00,$0.00,$0.00,
The Big -P.01-UP-20-April-26,AB-APP-B03-SOG-1000,810,814,812,The Big -P.01-UP-20-April-26,The Big - P.01 - UP-24-MAY-26.HO.1.A.P01.B03.SUB.3.2,AB-APP-B03-SOG-1000,Approval for S.O.G Conc. Dim. DWGs As-Built Drawing  (B03) (Sog),4-May-26,17-May-26,1-Sep-26,14-Sep-26,23-Mar-27,5-Apr-27,1,0.9167,0.0,168.0,No,,The Big -P.01-UP-20-April-26,AB-APP-B03-SOG-1000,Approval for S.O.G Conc. Dim. DWGs As-Built Drawing  (B03) (Sog),17-May-26,0.0,0.0,0.0,0.0,0,0.0,0,0.0,The Big -P.01-UP-20-April-26,AB-APP-B03-SOG-1000,10-May-26,0.00%,0.00%,$0.00,$0.00,$0.00,
The Big -P.01-UP-20-April-26,CON-B04-GR-1070,811,808,798,The Big -P.01-UP-20-April-26,The Big - P.01 - UP-24-MAY-26.CON.P01.B04.SUP.GF,CON-B04-GR-1070,RFT for Stairs  (B04) (GR),5-May-26,9-May-26,25-Aug-26,30-Aug-26,6-May-26,10-May-26,1,1.0,0.0,-89.0,Yes,,The Big -P.01-UP-20-April-26,CON-B04-GR-1070,RFT for Stairs  (B04) (GR),17-May-26,43600.41,0.0,0.0,43600.41,0,0.0,0,-43600.41,The Big -P.01-UP-20-April-26,CON-B04-GR-1070,10-May-26,0.00%,0.00%,$0.00,$0.00,$0.00,
The Big -P.01-UP-20-April-26,CON-B01-1ST-1020,812,871,872,The Big -P.01-UP-20-April-26,The Big - P.01 - UP-24-MAY-26.CON.P02.B01.SUP.1stF,CON-B01-1ST-1020,"Shuttering for Walls, Col. & Cores (B01) (1st)",6-May-26,13-May-26,1-Oct-26,11-Oct-26,6-May-26,13-May-26,1,1.0,0.0,-120.0,Yes,,The Big -P.01-UP-20-April-26,CON-B01-1ST-1020,"Shuttering for Walls, Col. & Cores (B01) (1st)",17-May-26,300623.43,0.0,0.0,257677.22,0,0.0,0,-257677.22,The Big -P.01-UP-20-April-26,CON-B01-1ST-1020,10-May-26,0.00%,0.00%,$0.00,$0.00,$0.00,
The Big -P.01-UP-20-April-26,E-APP-B04-7TH-1030,813,579,575,The Big -P.01-UP-20-April-26,The Big - P.01 - UP-24-MAY-26.EN.2.A.P01.B04.SUP.7thF,E-APP-B04-7TH-1030,Approval for Slabs Conc. Dim.  & RFT DWGs (B04) (7th),6-May-26,17-May-26,15-Jun-26,25-Jun-26,29-Dec-26,10-Jan-27,1,0.9,0.0,165.0,No,,The Big -P.01-UP-20-April-26,E-APP-B04-7TH-1030,Approval for Slabs Conc. Dim.  & RFT DWGs (B04) (7th),17-May-26,0.0,0.0,0.0,0.0,0,0.0,0,0.0,The Big -P.01-UP-20-April-26,E-APP-B04-7TH-1030,10-May-26,0.00%,0.00%,$0.00,$0.00,$0.00,
The Big -P.01-UP-20-April-26,CON-B01-SOG-1040,814,878,874,The Big -P.01-UP-20-April-26,The Big - P.01 - UP-24-MAY-26.CON.P02.B01.SUB.2ndB.SOG,CON-B01-SOG-1040,Shuttering & RFT for S.O.G (B01) (Sog),7-May-26,24-May-26,4-Oct-26,21-Oct-26,24-Jan-27,10-Feb-27,1,0.5333,0.0,94.0,No,,The Big -P.01-UP-20-April-26,CON-B01-SOG-1040,Shuttering & RFT for S.O.G (B01) (Sog),17-May-26,1476559.06,0.0,0.0,492186.35,0,0.0,0,-492186.35,The Big -P.01-UP-20-April-26,CON-B01-SOG-1040,10-May-26,0.00%,0.00%,$0.00,$0.00,$0.00,
The Big -P.01-UP-20-April-26,CON-B03-GR-1080,815,791,799,The Big -P.01-UP-20-April-26,The Big - P.01 - UP-24-MAY-26.CON.P01.B03.SUP.GF,CON-B03-GR-1080,Pouring for Slabs & Beams (B03) (GR),7-May-26,9-May-26,25-Aug-26,26-Aug-26,7-May-26,9-May-26,1,1.0,0.0,-88.0,Yes,,The Big -P.01-UP-20-April-26,CON-B03-GR-1080,Pouring for Slabs & Beams (B03) (GR),17-May-26,1287476.18,0.0,0.0,1287476.18,0,0.0,0,-1287476.18,The Big -P.01-UP-20-April-26,CON-B03-GR-1080,10-May-26,0.00%,0.00%,$0.00,$0.00,$0.00,
The Big -P.01-UP-20-April-26,CON-B03-GR-1090,816,792,800,The Big -P.01-UP-20-April-26,The Big - P.01 - UP-24-MAY-26.CON.P01.B03.SUP.GF,CON-B03-GR-1090,Pouring for Stairs  (B03) (GR),7-May-26,9-May-26,25-Aug-26,26-Aug-26,7-May-26,9-May-26,1,1.0,0.0,-88.0,Yes,,The Big -P.01-UP-20-April-26,CON-B03-GR-1090,Pouring for Stairs  (B03) (GR),17-May-26,52116.48,0.0,0.0,52116.48,0,0.0,0,-52116.48,The Big -P.01-UP-20-April-26,CON-B03-GR-1090,10-May-26,0.00%,0.00%,$0.00,$0.00,$0.00,
The Big -P.01-UP-20-April-26,AB-SUB-B04-SOG-1000,817,825,824,The Big -P.01-UP-20-April-26,The Big - P.01 - UP-24-MAY-26.HO.1.S.P01.B04.SUB.2ndB.2,AB-SUB-B04-SOG-1000,Submittal for S.O.G Conc. Dim. DWGs As-Built Drawing (B04) (Sog),7-May-26,1-Jun-26,5-Sep-26,24-Sep-26,6-Mar-27,29-Mar-27,1,0.4444,0.0,153.0,No,,The Big -P.01-UP-20-April-26,AB-SUB-B04-SOG-1000,Submittal for S.O.G Conc. Dim. DWGs As-Built Drawing (B04) (Sog),17-May-26,0.0,0.0,0.0,0.0,0,0.0,0,0.0,The Big -P.01-UP-20-April-26,AB-SUB-B04-SOG-1000,10-May-26,0.00%,0.00%,$0.00,$0.00,$0.00,
The Big -P.01-UP-20-April-26,AB-SUB-B04-SOG-1010,818,826,825,The Big -P.01-UP-20-April-26,The Big - P.01 - UP-24-MAY-26.HO.1.S.P01.B04.SUB.2ndB.2,AB-SUB-B04-SOG-1010,Submittal for S.O.G RFT DWGs As-Built Drawing (B04) (Sog),7-May-26,1-Jun-26,5-Sep-26,24-Sep-26,6-Mar-27,29-Mar-27,1,0.4444,0.0,153.0,No,,The Big -P.01-UP-20-April-26,AB-SUB-B04-SOG-1010,Submittal for S.O.G RFT DWGs As-Built Drawing (B04) (Sog),17-May-26,0.0,0.0,0.0,0.0,0,0.0,0,0.0,The Big -P.01-UP-20-April-26,AB-SUB-B04-SOG-1010,10-May-26,0.00%,0.00%,$0.00,$0.00,$0.00,
The Big -P.01-UP-20-April-26,AB-APP-B01-GR-1010,819,875,875,The Big -P.01-UP-20-April-26,The Big - P.01 - UP-24-MAY-26.HO.1.A.P02.B01.SUP.GF,AB-APP-B01-GR-1010,Approval for Stairs Conc. Dim.  & RFT DWGs As-Built Drawing (B01)  (GF),9-May-26,21-May-26,3-Oct-26,18-Oct-26,23-Mar-27,5-Apr-27,1,0.5833,0.0,141.0,No,,The Big -P.01-UP-20-April-26,AB-APP-B01-GR-1010,Approval for Stairs Conc. Dim.  & RFT DWGs As-Built Drawing (B01)  (GF),17-May-26,0.0,0.0,0.0,0.0,0,0.0,0,0.0,The Big -P.01-UP-20-April-26,AB-APP-B01-GR-1010,10-May-26,0.00%,0.00%,$0.00,$0.00,$0.00,
The Big -P.01-UP-20-April-26,AB-APP-B03-SOG-1010,820,827,827,The Big -P.01-UP-20-April-26,The Big - P.01 - UP-24-MAY-26.HO.1.A.P01.B03.SUB.3.2,AB-APP-B03-SOG-1010,Approval for S.O.G RFT DWGs As-Built Drawing  (B03) (Sog),9-May-26,21-May-26,6-Sep-26,19-Sep-26,23-Mar-27,5-Apr-27,1,0.5833,0.0,164.0,No,,The Big -P.01-UP-20-April-26,AB-APP-B03-SOG-1010,Approval for S.O.G RFT DWGs As-Built Drawing  (B03) (Sog),17-May-26,0.0,0.0,0.0,0.0,0,0.0,0,0.0,The Big -P.01-UP-20-April-26,AB-APP-B03-SOG-1010,10-May-26,0.00%,0.00%,$0.00,$0.00,$0.00,
The Big -P.01-UP-20-April-26,CON-B02-GR-1100,821,797,803,The Big -P.01-UP-20-April-26,The Big - P.01 - UP-24-MAY-26.CON.P02.B02.SUP.GF,CON-B02-GR-1100,Pouring for Slabs & Beams (B02) (GR),10-May-26,11-May-26,26-Aug-26,29-Aug-26,10-May-26,11-May-26,1,1.0,0.0,-87.0,Yes,,The Big -P.01-UP-20-April-26,CON-B02-GR-1100,Pouring for Slabs & Beams (B02) (GR),17-May-26,1190226.8,0.0,0.0,1190226.8,0,0.0,0,-1190226.8,The Big -P.01-UP-20-April-26,CON-B02-GR-1100,10-May-26,0.00%,0.00%,$0.00,$0.00,$0.00,
The Big -P.01-UP-20-April-26,CON-B04-GR-1080,822,815,801,The Big -P.01-UP-20-April-26,The Big - P.01 - UP-24-MAY-26.CON.P01.B04.SUP.GF,CON-B04-GR-1080,Pouring for Slabs & Beams (B04) (GR),10-May-26,11-May-26,31-Aug-26,1-Sep-26,10-May-26,11-May-26,1,1.0,0.0,-90.0,Yes,,The Big -P.01-UP-20-April-26,CON-B04-GR-1080,Pouring for Slabs & Beams (B04) (GR),17-May-26,1788847.1,0.0,0.0,1788847.1,0,0.0,0,-1788847.1,The Big -P.01-UP-20-April-26,CON-B04-GR-1080,10-May-26,0.00%,0.00%,$0.00,$0.00,$0.00,
The Big -P.01-UP-20-April-26,CON-B04-GR-1090,823,816,802,The Big -P.01-UP-20-April-26,The Big - P.01 - UP-24-MAY-26.CON.P01.B04.SUP.GF,CON-B04-GR-1090,Pouring for Stairs (B04) (GR),10-May-26,11-May-26,31-Aug-26,1-Sep-26,11-May-26,12-May-26,1,1.0,0.0,-89.0,Yes,,The Big -P.01-UP-20-April-26,CON-B04-GR-1090,Pouring for Stairs (B04) (GR),17-May-26,52116.48,0.0,0.0,52116.48,0,0.0,0,-52116.48,The Big -P.01-UP-20-April-26,CON-B04-GR-1090,10-May-26,0.00%,0.00%,$0.00,$0.00,$0.00,
The Big -P.01-UP-20-April-26,CON-B03-GR-1100,824,798,806,The Big -P.01-UP-20-April-26,The Big - P.01 - UP-24-MAY-26.CON.P01.B03.SUP.GF,CON-B03-GR-1100,"Curing for Slabs, Beams & Stairs (B03) (GR)",10-May-26,12-May-26,27-Aug-26,29-Aug-26,10-May-26,12-May-26,1,1.0,0.0,-109.0,Yes,,The Big -P.01-UP-20-April-26,CON-B03-GR-1100,"Curing for Slabs, Beams & Stairs (B03) (GR)",17-May-26,0.0,0.0,0.0,0.0,0,0.0,0,0.0,The Big -P.01-UP-20-April-26,CON-B03-GR-1100,10-May-26,0.00%,0.00%,$0.00,$0.00,$0.00,
The Big -P.01-UP-20-April-26,E-APP-B04-8TH-1000,825,279,279,The Big -P.01-UP-20-April-26,The Big - P.01 - UP-24-MAY-26.EN.2.A.P01.B04.SUP.8thF,E-APP-B04-8TH-1000,Approval for Col. & Walls Conc. Dim.  & RFT DWGs (B04) (8th),10-May-26,20-May-26,01-Feb-26 A,12-Feb-26 A,30-Jan-27,30-Jan-27,1,0.6,1.0,,No,,The Big -P.01-UP-20-April-26,E-APP-B04-8TH-1000,Approval for Col. & Walls Conc. Dim.  & RFT DWGs (B04) (8th),17-May-26,0.0,0.0,0.0,0.0,0,0.0,0,0.0,The Big -P.01-UP-20-April-26,E-APP-B04-8TH-1000,10-May-26,0.00%,100.00%,$0.00,$0.00,$0.00,
The Big -P.01-UP-20-April-26,AB-SUB-B03-GR-1010,826,799,807,The Big -P.01-UP-20-April-26,The Big - P.01 - UP-24-MAY-26.HO.1.S.P01.B03.SUP.GF,AB-SUB-B03-GR-1010,Submittal for Slabs Conc. Dim.  & RFT DWGs As-Built Drawing (B03) (GF),10-May-26,3-Jun-26,29-Aug-26,17-Sep-26,6-Mar-27,29-Mar-27,1,0.3333,0.0,159.0,No,,The Big -P.01-UP-20-April-26,AB-SUB-B03-GR-1010,Submittal for Slabs Conc. Dim.  & RFT DWGs As-Built Drawing (B03) (GF),17-May-26,0.0,0.0,0.0,0.0,0,0.0,0,0.0,The Big -P.01-UP-20-April-26,AB-SUB-B03-GR-1010,10-May-26,0.00%,0.00%,$0.00,$0.00,$0.00,
The Big -P.01-UP-20-April-26,AB-SUB-B03-GR-1020,827,800,808,The Big -P.01-UP-20-April-26,The Big - P.01 - UP-24-MAY-26.HO.1.S.P01.B03.SUP.GF,AB-SUB-B03-GR-1020,Submittal for Beams Conc. Dim.  & RFT DWGs As-Built Drawing (B03) (GF),10-May-26,3-Jun-26,29-Aug-26,17-Sep-26,6-Mar-27,29-Mar-27,1,0.3333,0.0,159.0,No,,The Big -P.01-UP-20-April-26,AB-SUB-B03-GR-1020,Submittal for Beams Conc. Dim.  & RFT DWGs As-Built Drawing (B03) (GF),17-May-26,0.0,0.0,0.0,0.0,0,0.0,0,0.0,The Big -P.01-UP-20-April-26,AB-SUB-B03-GR-1020,10-May-26,0.00%,0.00%,$0.00,$0.00,$0.00,
The Big -P.01-UP-20-April-26,AB-SUB-B03-GR-1030,828,801,809,The Big -P.01-UP-20-April-26,The Big - P.01 - UP-24-MAY-26.HO.1.S.P01.B03.SUP.GF,AB-SUB-B03-GR-1030,Submittal for Stairs Conc. Dim.  & RFT DWGs As-Built Drawing (B03) (GF),10-May-26,3-Jun-26,29-Aug-26,17-Sep-26,6-Mar-27,29-Mar-27,1,0.3333,0.0,159.0,No,,The Big -P.01-UP-20-April-26,AB-SUB-B03-GR-1030,Submittal for Stairs Conc. Dim.  & RFT DWGs As-Built Drawing (B03) (GF),17-May-26,0.0,0.0,0.0,0.0,0,0.0,0,0.0,The Big -P.01-UP-20-April-26,AB-SUB-B03-GR-1030,10-May-26,0.00%,0.00%,$0.00,$0.00,$0.00,
The Big -P.01-UP-20-April-26,P-MPOS-1120,829,407,469,The Big -P.01-UP-20-April-26,The Big - P.01 - UP-24-MAY-26.P.PC.PO.1,P-MPOS-1120,P.O for Rebar Patch#7  (2nd floor),10-May-26,11-May-26,17-May-26,18-May-26,3-Jun-26,4-Jun-26,1,1.0,0.0,11.0,No,,The Big -P.01-UP-20-April-26,P-MPOS-1120,P.O for Rebar Patch#7  (2nd floor),17-May-26,0.0,0.0,0.0,0.0,0,0.0,0,0.0,The Big -P.01-UP-20-April-26,P-MPOS-1120,15-Apr-26,0.00%,0.00%,$0.00,$0.00,$0.00,
The Big -P.01-UP-20-April-26,KD-MS-1040,830,863,858,The Big -P.01-UP-20-April-26,The Big - P.01 - UP-24-MAY-26.KD.MI,KD-MS-1040,Ground Works Finish Date,,11-May-26,,23-Sep-26*,,11-May-26,1,1.0,0.0,-134.0,Yes,,The Big -P.01-UP-20-April-26,KD-MS-1040,Ground Works Finish Date,17-May-26,0.0,0.0,0.0,0.0,0,0.0,0,0.0,The Big -P.01-UP-20-April-26,KD-MS-1040,10-May-26,0.00%,0.00%,$0.00,$0.00,$0.00,
The Big -P.01-UP-20-April-26,CON-B04-GR-1100,831,820,813,The Big -P.01-UP-20-April-26,The Big - P.01 - UP-24-MAY-26.CON.P01.B04.SUP.GF,CON-B04-GR-1100,"Curing for Slabs, Beams & Stairs (B04) (GR)",12-May-26,14-May-26,2-Sep-26,4-Sep-26,13-May-26,15-May-26,1,1.0,0.0,-112.0,Yes,,The Big -P.01-UP-20-April-26,CON-B04-GR-1100,"Curing for Slabs, Beams & Stairs (B04) (GR)",17-May-26,0.0,0.0,0.0,0.0,0,0.0,0,0.0,The Big -P.01-UP-20-April-26,CON-B04-GR-1100,10-May-26,0.00%,0.00%,$0.00,$0.00,$0.00,
The Big -P.01-UP-20-April-26,AB-SUB-B04-GR-1010,832,821,814,The Big -P.01-UP-20-April-26,The Big - P.01 - UP-24-MAY-26.HO.1.S.P01.B04.SUP.GF,AB-SUB-B04-GR-1010,Submittal for Slabs Conc. Dim.  & RFT DWGs As-Built Drawing (B04) (GF),12-May-26,6-Jun-26,2-Sep-26,22-Sep-26,6-Mar-27,29-Mar-27,1,0.2222,0.0,155.0,No,,The Big -P.01-UP-20-April-26,AB-SUB-B04-GR-1010,Submittal for Slabs Conc. Dim.  & RFT DWGs As-Built Drawing (B04) (GF),17-May-26,0.0,0.0,0.0,0.0,0,0.0,0,0.0,The Big -P.01-UP-20-April-26,AB-SUB-B04-GR-1010,10-May-26,0.00%,0.00%,$0.00,$0.00,$0.00,
The Big -P.01-UP-20-April-26,AB-SUB-B04-GR-1020,833,822,815,The Big -P.01-UP-20-April-26,The Big - P.01 - UP-24-MAY-26.HO.1.S.P01.B04.SUP.GF,AB-SUB-B04-GR-1020,Submittal for Beams Conc. Dim.  & RFT DWGs As-Built Drawing (B04) (GF),12-May-26,6-Jun-26,2-Sep-26,22-Sep-26,6-Mar-27,29-Mar-27,1,0.2222,0.0,155.0,No,,The Big -P.01-UP-20-April-26,AB-SUB-B04-GR-1020,Submittal for Beams Conc. Dim.  & RFT DWGs As-Built Drawing (B04) (GF),17-May-26,0.0,0.0,0.0,0.0,0,0.0,0,0.0,The Big -P.01-UP-20-April-26,AB-SUB-B04-GR-1020,10-May-26,0.00%,0.00%,$0.00,$0.00,$0.00,
The Big -P.01-UP-20-April-26,AB-SUB-B04-GR-1030,834,823,816,The Big -P.01-UP-20-April-26,The Big - P.01 - UP-24-MAY-26.HO.1.S.P01.B04.SUP.GF,AB-SUB-B04-GR-1030,Submittal for Stairs Conc. Dim.  & RFT DWGs As-Built Drawing (B04) (GF),12-May-26,6-Jun-26,2-Sep-26,22-Sep-26,6-Mar-27,29-Mar-27,1,0.2222,0.0,155.0,No,,The Big -P.01-UP-20-April-26,AB-SUB-B04-GR-1030,Submittal for Stairs Conc. Dim.  & RFT DWGs As-Built Drawing (B04) (GF),17-May-26,0.0,0.0,0.0,0.0,0,0.0,0,0.0,The Big -P.01-UP-20-April-26,AB-SUB-B04-GR-1030,10-May-26,0.00%,0.00%,$0.00,$0.00,$0.00,
The Big -P.01-UP-20-April-26,AB-SUB-B02-GR-1020,835,804,817,The Big -P.01-UP-20-April-26,The Big - P.01 - UP-24-MAY-26.HO.1.S.P02.B02.SUP.GF,AB-SUB-B02-GR-1020,Submittal for Slabs Conc. Dim.  & RFT DWGs As-Built Drawing (B02) (GF),12-May-26,6-Jun-26,30-Aug-26,19-Sep-26,6-Mar-27,29-Mar-27,1,0.2222,0.0,158.0,No,,The Big -P.01-UP-20-April-26,AB-SUB-B02-GR-1020,Submittal for Slabs Conc. Dim.  & RFT DWGs As-Built Drawing (B02) (GF),17-May-26,0.0,0.0,0.0,0.0,0,0.0,0,0.0,The Big -P.01-UP-20-April-26,AB-SUB-B02-GR-1020,10-May-26,0.00%,0.00%,$0.00,$0.00,$0.00,
The Big -P.01-UP-20-April-26,AB-SUB-B02-GR-1030,836,805,818,The Big -P.01-UP-20-April-26,The Big - P.01 - UP-24-MAY-26.HO.1.S.P02.B02.SUP.GF,AB-SUB-B02-GR-1030,Submittal for Beams Conc. Dim.  & RFT DWGs As-Built Drawing (B02) (GF),12-May-26,6-Jun-26,30-Aug-26,19-Sep-26,6-Mar-27,29-Mar-27,1,0.2222,0.0,158.0,No,,The Big -P.01-UP-20-April-26,AB-SUB-B02-GR-1030,Submittal for Beams Conc. Dim.  & RFT DWGs As-Built Drawing (B02) (GF),17-May-26,0.0,0.0,0.0,0.0,0,0.0,0,0.0,The Big -P.01-UP-20-April-26,AB-SUB-B02-GR-1030,10-May-26,0.00%,0.00%,$0.00,$0.00,$0.00,
The Big -P.01-UP-20-April-26,AB-APP-B03-GR-1000,837,807,822,The Big -P.01-UP-20-April-26,The Big - P.01 - UP-24-MAY-26.HO.1.A.P01.B03.SUP.GF,AB-APP-B03-GR-1000,Approval for Col. & Walls Conc. Dim.  & RFT DWGs As-Built Drawing  (B03) (GF),12-May-26,25-May-26,31-Aug-26,13-Sep-26,23-Mar-27,5-Apr-27,1,0.3333,0.0,169.0,No,,The Big -P.01-UP-20-April-26,AB-APP-B03-GR-1000,Approval for Col. & Walls Conc. Dim.  & RFT DWGs As-Built Drawing  (B03) (GF),17-May-26,0.0,0.0,0.0,0.0,0,0.0,0,0.0,The Big -P.01-UP-20-April-26,AB-APP-B03-GR-1000,10-May-26,0.00%,0.00%,$0.00,$0.00,$0.00,
The Big -P.01-UP-20-April-26,E-APP-B04-8TH-1010,838,298,298,The Big -P.01-UP-20-April-26,The Big - P.01 - UP-24-MAY-26.EN.2.A.P01.B04.SUP.8thF,E-APP-B04-8TH-1010,Approval for Stairs Conc. Dim.  & RFT DWGs (B04) (8th),13-May-26,24-May-26,08-Feb-26 A,18-Feb-26 A,9-Feb-27,9-Feb-27,1,0.3,1.0,,No,,The Big -P.01-UP-20-April-26,E-APP-B04-8TH-1010,Approval for Stairs Conc. Dim.  & RFT DWGs (B04) (8th),17-May-26,0.0,0.0,0.0,0.0,0,0.0,0,0.0,The Big -P.01-UP-20-April-26,E-APP-B04-8TH-1010,10-May-26,0.00%,100.00%,$0.00,$0.00,$0.00,
The Big -P.01-UP-20-April-26,AB-APP-B01-GR-1020,839,883,880,The Big -P.01-UP-20-April-26,The Big - P.01 - UP-24-MAY-26.HO.1.A.P02.B01.SUP.GF,AB-APP-B01-GR-1020,Approval for Slabs Conc. Dim.  & RFT DWGs As-Built Drawing (B01)  (GF),13-May-26,26-May-26,8-Oct-26,22-Oct-26,23-Mar-27,5-Apr-27,1,0.25,0.0,137.0,No,,The Big -P.01-UP-20-April-26,AB-APP-B01-GR-1020,Approval for Slabs Conc. Dim.  & RFT DWGs As-Built Drawing (B01)  (GF),17-May-26,0.0,0.0,0.0,0.0,0,0.0,0,0.0,The Big -P.01-UP-20-April-26,AB-APP-B01-GR-1020,10-May-26,0.00%,0.00%,$0.00,$0.00,$0.00,
The Big -P.01-UP-20-April-26,AB-APP-B01-GR-1030,840,884,881,The Big -P.01-UP-20-April-26,The Big - P.01 - UP-24-MAY-26.HO.1.A.P02.B01.SUP.GF,AB-APP-B01-GR-1030,Approval for Beams Conc. Dim.  & RFT DWGs As-Built Drawing (B01)  (GF),13-May-26,26-May-26,8-Oct-26,22-Oct-26,23-Mar-27,5-Apr-27,1,0.25,0.0,137.0,No,,The Big -P.01-UP-20-April-26,AB-APP-B01-GR-1030,Approval for Beams Conc. Dim.  & RFT DWGs As-Built Drawing (B01)  (GF),17-May-26,0.0,0.0,0.0,0.0,0,0.0,0,0.0,The Big -P.01-UP-20-April-26,AB-APP-B01-GR-1030,10-May-26,0.00%,0.00%,$0.00,$0.00,$0.00,
The Big -P.01-UP-20-April-26,CON-B01-1ST-1030,841,882,882,The Big -P.01-UP-20-April-26,The Big - P.01 - UP-24-MAY-26.CON.P02.B01.SUP.1stF,CON-B01-1ST-1030,"Pouring for Walls, Col. & Cores (B01) (1st)",14-May-26,16-May-26,11-Oct-26,13-Oct-26,14-May-26,16-May-26,1,1.0,0.0,-120.0,Yes,,The Big -P.01-UP-20-April-26,CON-B01-1ST-1030,"Pouring for Walls, Col. & Cores (B01) (1st)",17-May-26,450935.14,0.0,0.0,0.0,0,0.0,0,0.0,The Big -P.01-UP-20-April-26,CON-B01-1ST-1030,10-May-26,0.00%,0.00%,$0.00,$0.00,$0.00,
The Big -P.01-UP-20-April-26,AB-APP-B04-GR-1000,842,829,823,The Big -P.01-UP-20-April-26,The Big - P.01 - UP-24-MAY-26.HO.1.A.P01.B04.SUP.GF,AB-APP-B04-GR-1000,Approval for Col. & Walls Conc. Dim.  & RFT DWGs As-Built Drawing (B04) (GF),14-May-26,1-Jun-26,5-Sep-26,17-Sep-26,23-Mar-27,5-Apr-27,1,0.1667,0.0,165.0,No,,The Big -P.01-UP-20-April-26,AB-APP-B04-GR-1000,Approval for Col. & Walls Conc. Dim.  & RFT DWGs As-Built Drawing (B04) (GF),17-May-26,0.0,0.0,0.0,0.0,0,0.0,0,0.0,The Big -P.01-UP-20-April-26,AB-APP-B04-GR-1000,10-May-26,0.00%,0.00%,$0.00,$0.00,$0.00,
The Big -P.01-UP-20-April-26,CON-B01-GR-1110,843,890,885,The Big -P.01-UP-20-April-26,The Big - P.01 - UP-24-MAY-26.CON.P02.B01.SUP.GF,CON-B01-GR-1110,Dismantling Formwork (B01) (GR),15-May-26,15-May-26,11-Oct-26,12-Oct-26,16-May-26,16-May-26,1,1.0,0.0,-148.0,Yes,,The Big -P.01-UP-20-April-26,CON-B01-GR-1110,Dismantling Formwork (B01) (GR),17-May-26,0.0,0.0,0.0,0.0,0,0.0,0,0.0,The Big -P.01-UP-20-April-26,CON-B01-GR-1110,10-May-26,0.00%,0.00%,$0.00,$0.00,$0.00,
The Big -P.01-UP-20-April-26,CON-B02-SOG-1030,844,893,886,The Big -P.01-UP-20-April-26,The Big - P.01 - UP-24-MAY-26.CON.P02.B02.SUB.2ndB.1,CON-B02-SOG-1030,Blinding Concrete works (B02) (Sog),16-May-26,2-Jun-26,13-Oct-26,26-Oct-26,6-Feb-27,18-Feb-27,1,0.0833,0.0,97.0,No,,The Big -P.01-UP-20-April-26,CON-B02-SOG-1030,Blinding Concrete works (B02) (Sog),17-May-26,519532.71,0.0,0.0,0.0,0,0.0,0,0.0,The Big -P.01-UP-20-April-26,CON-B02-SOG-1030,10-May-26,0.00%,0.00%,$0.00,$0.00,$0.00,
The Big -P.01-UP-20-April-26,CON-B01-SOG-1050,845,894,887,The Big -P.01-UP-20-April-26,The Big - P.01 - UP-24-MAY-26.CON.P02.B01.SUB.2ndB.SOG,CON-B01-SOG-1050,Pouring for S.O.G (B01) (Sog),16-May-26,2-Jun-26,13-Oct-26,26-Oct-26,6-Feb-27,18-Feb-27,1,0.0833,0.0,97.0,No,,The Big -P.01-UP-20-April-26,CON-B01-SOG-1050,Pouring for S.O.G (B01) (Sog),17-May-26,1968745.42,0.0,0.0,0.0,0,0.0,0,0.0,The Big -P.01-UP-20-April-26,CON-B01-SOG-1050,10-May-26,0.00%,0.00%,$0.00,$0.00,$0.00,
The Big -P.01-UP-20-April-26,CON-B04-1ST-1000,846,864,861,The Big -P.01-UP-20-April-26,The Big - P.01 - UP-24-MAY-26.CON.P01.B04.SUP.1stF,CON-B04-1ST-1000,"Scaffolding works for Walls, Col. & Cores (B04) (1st)",16-May-26,20-May-26,23-Sep-26,29-Sep-26,16-May-26,20-May-26,1,0.2,0.0,-105.0,Yes,,The Big -P.01-UP-20-April-26,CON-B04-1ST-1000,"Scaffolding works for Walls, Col. & Cores (B04) (1st)",17-May-26,0.0,0.0,0.0,0.0,0,0.0,0,0.0,The Big -P.01-UP-20-April-26,CON-B04-1ST-1000,10-May-26,0.00%,0.00%,$0.00,$0.00,$0.00,
The Big -P.01-UP-20-April-26,E-APP-B04-RF-1000,847,284,284,The Big -P.01-UP-20-April-26,The Big - P.01 - UP-24-MAY-26.EN.2.A.P01.B04.SUP.RF,E-APP-B04-RF-1000,Approval for Col. & Walls Conc. Dim.  & RFT DWGs (B04) (RF),16-May-26,26-May-26,01-Feb-26 A,12-Feb-26 A,24-Feb-27,24-Feb-27,1,0.1,1.0,,No,,The Big -P.01-UP-20-April-26,E-APP-B04-RF-1000,Approval for Col. & Walls Conc. Dim.  & RFT DWGs (B04) (RF),17-May-26,0.0,0.0,0.0,0.0,0,0.0,0,0.0,The Big -P.01-UP-20-April-26,E-APP-B04-RF-1000,10-May-26,0.00%,100.00%,$0.00,$0.00,$0.00,
The Big -P.01-UP-20-April-26,CON-B01-1ST-1040,848,892,888,The Big -P.01-UP-20-April-26,The Big - P.01 - UP-24-MAY-26.CON.P02.B01.SUP.1stF,CON-B01-1ST-1040,"Shuttering for Slabs, Beams & Stairs (B01) (1st)",17-May-26,3-Jun-26,13-Oct-26,27-Oct-26,17-May-26,3-Jun-26,1,0.0,0.0,-120.0,Yes,,The Big -P.01-UP-20-April-26,CON-B01-1ST-1040,"Shuttering for Slabs, Beams & Stairs (B01) (1st)",17-May-26,1049406.12,0.0,0.0,0.0,0,0.0,0,0.0,The Big -P.01-UP-20-April-26,CON-B01-1ST-1040,10-May-26,0.00%,0.00%,$0.00,$0.00,$0.00,
The Big -P.01-UP-20-April-26,E-APP-B04-8TH-1020,849,543,539,The Big -P.01-UP-20-April-26,The Big - P.01 - UP-24-MAY-26.EN.2.A.P01.B04.SUP.8thF,E-APP-B04-8TH-1020,Approval for Beams Conc. Dim.  & RFT DWGs (B04) (8th),17-May-26,1-Jun-26,11-Jun-26,22-Jun-26,28-Jan-27,8-Feb-27,1,0.0,0.0,192.0,No,,The Big -P.01-UP-20-April-26,E-APP-B04-8TH-1020,Approval for Beams Conc. Dim.  & RFT DWGs (B04) (8th),17-May-26,0.0,0.0,0.0,0.0,0,0.0,0,0.0,The Big -P.01-UP-20-April-26,E-APP-B04-8TH-1020,10-May-26,0.00%,0.00%,$0.00,$0.00,$0.00,
The Big -P.01-UP-20-April-26,AB-SUB-B01-1ST-1000,850,891,889,The Big -P.01-UP-20-April-26,The Big - P.01 - UP-24-MAY-26.HO.1.S.P02.B01.SUP.1stF,AB-SUB-B01-1ST-1000,Submittal for Col. & Walls Conc. Dim.  & RFT DWGs As-Built Drawing (B01) (1st),17-May-26,10-Jun-26,13-Oct-26,3-Nov-26,6-Mar-27,29-Mar-27,1,0.0,0.0,121.0,No,,The Big -P.01-UP-20-April-26,AB-SUB-B01-1ST-1000,Submittal for Col. & Walls Conc. Dim.  & RFT DWGs As-Built Drawing (B01) (1st),17-May-26,0.0,0.0,0.0,0.0,0,0.0,0,0.0,The Big -P.01-UP-20-April-26,AB-SUB-B01-1ST-1000,10-May-26,0.00%,0.00%,$0.00,$0.00,$0.00,
The Big -P.01-UP-20-April-26,AB-APP-B02-GR-1010,851,819,830,The Big -P.01-UP-20-April-26,The Big - P.01 - UP-24-MAY-26.HO.1.A.P02.B02.SUP.GF,AB-APP-B02-GR-1010,Approval for Stairs Conc. Dim.  & RFT DWGs As-Built Drawing (B02) (GF),18-May-26,4-Jun-26,5-Sep-26,17-Sep-26,23-Mar-27,5-Apr-27,1,0.0,0.0,165.0,No,,The Big -P.01-UP-20-April-26,AB-APP-B02-GR-1010,Approval for Stairs Conc. Dim.  & RFT DWGs As-Built Drawing (B02) (GF),17-May-26,0.0,0.0,0.0,0.0,0,0.0,0,0.0,The Big -P.01-UP-20-April-26,AB-APP-B02-GR-1010,10-May-26,0.00%,0.00%,$0.00,$0.00,$0.00,
The Big -P.01-UP-20-April-26,CON-B04-1ST-1010,852,868,868,The Big -P.01-UP-20-April-26,The Big - P.01 - UP-24-MAY-26.CON.P01.B04.SUP.1stF,CON-B04-1ST-1010,"RFT for Walls, Col. & Cores (B04) (1st)",19-May-26,26-May-26,27-Sep-26,5-Oct-26,19-May-26,26-May-26,1,0.0,0.0,-105.0,Yes,,The Big -P.01-UP-20-April-26,CON-B04-1ST-1010,"RFT for Walls, Col. & Cores (B04) (1st)",17-May-26,552281.71,0.0,0.0,0.0,0,0.0,0,0.0,The Big -P.01-UP-20-April-26,CON-B04-1ST-1010,10-May-26,0.00%,0.00%,$0.00,$0.00,$0.00,
The Big -P.01-UP-20-April-26,E-APP-B04-RF-1010,853,548,544,The Big -P.01-UP-20-April-26,The Big - P.01 - UP-24-MAY-26.EN.2.A.P01.B04.SUP.RF,E-APP-B04-RF-1010,Approval for  Beams Conc. Dim.  & RFT DWGs (B04) (RF),19-May-26,3-Jun-26,11-Jun-26,22-Jun-26,16-Feb-27,27-Feb-27,1,0.0,0.0,208.0,No,,The Big -P.01-UP-20-April-26,E-APP-B04-RF-1010,Approval for  Beams Conc. Dim.  & RFT DWGs (B04) (RF),17-May-26,0.0,0.0,0.0,0.0,0,0.0,0,0.0,The Big -P.01-UP-20-April-26,E-APP-B04-RF-1010,10-May-26,0.00%,0.00%,$0.00,$0.00,$0.00,
The Big -P.01-UP-20-April-26,E-APP-B04-8TH-1030,854,580,576,The Big -P.01-UP-20-April-26,The Big - P.01 - UP-24-MAY-26.EN.2.A.P01.B04.SUP.8thF,E-APP-B04-8TH-1030,Approval for Slabs Conc. Dim.  & RFT DWGs (B04) (8th),20-May-26,4-Jun-26,15-Jun-26,25-Jun-26,28-Jan-27,8-Feb-27,1,0.0,0.0,189.0,No,,The Big -P.01-UP-20-April-26,E-APP-B04-8TH-1030,Approval for Slabs Conc. Dim.  & RFT DWGs (B04) (8th),17-May-26,0.0,0.0,0.0,0.0,0,0.0,0,0.0,The Big -P.01-UP-20-April-26,E-APP-B04-8TH-1030,10-May-26,0.00%,0.00%,$0.00,$0.00,$0.00,
The Big -P.01-UP-20-April-26,P-MDEL-1110,855,473,506,The Big -P.01-UP-20-April-26,The Big - P.01 - UP-24-MAY-26.P.PC.DS.DR,P-MDEL-1110,Delivery for Rebar Patch#7  (2nd floor),20-May-26,21-May-26,27-May-26,28-May-26,14-Jun-26,15-Jun-26,1,0.0,0.0,18.0,No,,The Big -P.01-UP-20-April-26,P-MDEL-1110,Delivery for Rebar Patch#7  (2nd floor),17-May-26,0.0,0.0,0.0,0.0,0,0.0,0,0.0,The Big -P.01-UP-20-April-26,P-MDEL-1110,10-May-26,0.00%,0.00%,$0.00,$0.00,$0.00,
The Big -P.01-UP-20-April-26,CON-B01-1ST-1050,856,898,894,The Big -P.01-UP-20-April-26,The Big - P.01 - UP-24-MAY-26.CON.P02.B01.SUP.1stF,CON-B01-1ST-1050,"RFT for Slabs, Beams & Stairs(B01) (1st)",21-May-26,8-Jun-26,18-Oct-26,1-Nov-26,21-May-26,8-Jun-26,1,0.0,0.0,-120.0,Yes,,The Big -P.01-UP-20-April-26,CON-B01-1ST-1050,"RFT for Slabs, Beams & Stairs(B01) (1st)",17-May-26,1550603.78,0.0,0.0,0.0,0,0.0,0,0.0,The Big -P.01-UP-20-April-26,CON-B01-1ST-1050,10-May-26,0.00%,0.00%,$0.00,$0.00,$0.00,
The Big -P.01-UP-20-April-26,CON-B04-1ST-1020,857,872,871,The Big -P.01-UP-20-April-26,The Big - P.01 - UP-24-MAY-26.CON.P01.B04.SUP.1stF,CON-B04-1ST-1020,"Shuttering for Walls, Col. & Cores (B04) (1st)",21-May-26,1-Jun-26,29-Sep-26,7-Oct-26,21-May-26,1-Jun-26,1,0.0,0.0,-105.0,Yes,,The Big -P.01-UP-20-April-26,CON-B04-1ST-1020,"Shuttering for Walls, Col. & Cores (B04) (1st)",17-May-26,302176.92,0.0,0.0,0.0,0,0.0,0,0.0,The Big -P.01-UP-20-April-26,CON-B04-1ST-1020,10-May-26,0.00%,0.00%,$0.00,$0.00,$0.00,
The Big -P.01-UP-20-April-26,AB-APP-B04-SOG-1000,858,855,849,The Big -P.01-UP-20-April-26,The Big - P.01 - UP-24-MAY-26.HO.1.A.P01.B04.SUB.2ndF.SOG,AB-APP-B04-SOG-1000,Approval for S.O.G Conc. Dim. DWGs As-Built Drawing (B04) (Sog),21-May-26,8-Jun-26,19-Sep-26,1-Oct-26,23-Mar-27,5-Apr-27,1,0.0,0.0,153.0,No,,The Big -P.01-UP-20-April-26,AB-APP-B04-SOG-1000,Approval for S.O.G Conc. Dim. DWGs As-Built Drawing (B04) (Sog),17-May-26,0.0,0.0,0.0,0.0,0,0.0,0,0.0,The Big -P.01-UP-20-April-26,AB-APP-B04-SOG-1000,10-May-26,0.00%,0.00%,$0.00,$0.00,$0.00,
The Big -P.01-UP-20-April-26,AB-APP-B04-SOG-1010,859,856,850,The Big -P.01-UP-20-April-26,The Big - P.01 - UP-24-MAY-26.HO.1.A.P01.B04.SUB.2ndF.SOG,AB-APP-B04-SOG-1010,Approval for S.O.G RFT DWGs As-Built Drawing (B04) (Sog),21-May-26,8-Jun-26,19-Sep-26,1-Oct-26,23-Mar-27,5-Apr-27,1,0.0,0.0,153.0,No,,The Big -P.01-UP-20-April-26,AB-APP-B04-SOG-1010,Approval for S.O.G RFT DWGs As-Built Drawing (B04) (Sog),17-May-26,0.0,0.0,0.0,0.0,0,0.0,0,0.0,The Big -P.01-UP-20-April-26,AB-APP-B04-SOG-1010,10-May-26,0.00%,0.00%,$0.00,$0.00,$0.00,
The Big -P.01-UP-20-April-26,CON-B01-SOG-1060,860,897,892,The Big -P.01-UP-20-April-26,The Big - P.01 - UP-24-MAY-26.CON.P02.B01.SUB.2ndB.SOG,CON-B01-SOG-1060,Curing & Smoothing Surface for S.O.G (B01) (Sog),22-May-26,2-Jun-26,16-Oct-26,27-Oct-26,16-Mar-27,27-Mar-27,1,0.0,0.0,151.0,No,,The Big -P.01-UP-20-April-26,CON-B01-SOG-1060,Curing & Smoothing Surface for S.O.G (B01) (Sog),17-May-26,0.0,0.0,0.0,0.0,0,0.0,0,0.0,The Big -P.01-UP-20-April-26,CON-B01-SOG-1060,10-May-26,0.00%,0.00%,$0.00,$0.00,$0.00,
The Big -P.01-UP-20-April-26,E-APP-B04-RF-1020,861,585,581,The Big -P.01-UP-20-April-26,The Big - P.01 - UP-24-MAY-26.EN.2.A.P01.B04.SUP.RF,E-APP-B04-RF-1020,Approval for Slabs Conc. Dim.  & RFT DWGs (B04) (RF),23-May-26,7-Jun-26,15-Jun-26,25-Jun-26,16-Feb-27,27-Feb-27,1,0.0,0.0,205.0,No,,The Big -P.01-UP-20-April-26,E-APP-B04-RF-1020,Approval for Slabs Conc. Dim.  & RFT DWGs (B04) (RF),17-May-26,0.0,0.0,0.0,0.0,0,0.0,0,0.0,The Big -P.01-UP-20-April-26,E-APP-B04-RF-1020,10-May-26,0.00%,0.00%,$0.00,$0.00,$0.00,
The Big -P.01-UP-20-April-26,CON-B04-GR-1110,862,845,833,The Big -P.01-UP-20-April-26,The Big - P.01 - UP-24-MAY-26.CON.P01.B04.SUP.GF,CON-B04-GR-1110,Dismantling Formwork (B04) (GR),24-May-26,24-May-26,14-Sep-26,14-Sep-26,3-Jun-26,3-Jun-26,1,0.0,0.0,-103.0,Yes,,The Big -P.01-UP-20-April-26,CON-B04-GR-1110,Dismantling Formwork (B04) (GR),17-May-26,0.0,0.0,0.0,0.0,0,0.0,0,0.0,The Big -P.01-UP-20-April-26,CON-B04-GR-1110,10-May-26,0.00%,0.00%,$0.00,$0.00,$0.00,
The Big -P.01-UP-20-April-26,AB-APP-B03-GR-1010,863,832,835,The Big -P.01-UP-20-April-26,The Big - P.01 - UP-24-MAY-26.HO.1.A.P01.B03.SUP.GF,AB-APP-B03-GR-1010,Approval for Slabs Conc. Dim.  & RFT DWGs As-Built Drawing  (B03) (GF),24-May-26,10-Jun-26,12-Sep-26,24-Sep-26,23-Mar-27,5-Apr-27,1,0.0,0.0,159.0,No,,The Big -P.01-UP-20-April-26,AB-APP-B03-GR-1010,Approval for Slabs Conc. Dim.  & RFT DWGs As-Built Drawing  (B03) (GF),17-May-26,0.0,0.0,0.0,0.0,0,0.0,0,0.0,The Big -P.01-UP-20-April-26,AB-APP-B03-GR-1010,10-May-26,0.00%,0.00%,$0.00,$0.00,$0.00,
The Big -P.01-UP-20-April-26,AB-APP-B03-GR-1020,864,833,836,The Big -P.01-UP-20-April-26,The Big - P.01 - UP-24-MAY-26.HO.1.A.P01.B03.SUP.GF,AB-APP-B03-GR-1020,Approval for Beams Conc. Dim.  & RFT DWGs As-Built Drawing  (B03) (GF),24-May-26,10-Jun-26,12-Sep-26,24-Sep-26,23-Mar-27,5-Apr-27,1,0.0,0.0,159.0,No,,The Big -P.01-UP-20-April-26,AB-APP-B03-GR-1020,Approval for Beams Conc. Dim.  & RFT DWGs As-Built Drawing  (B03) (GF),17-May-26,0.0,0.0,0.0,0.0,0,0.0,0,0.0,The Big -P.01-UP-20-April-26,AB-APP-B03-GR-1020,10-May-26,0.00%,0.00%,$0.00,$0.00,$0.00,
The Big -P.01-UP-20-April-26,AB-APP-B03-GR-1030,865,834,837,The Big -P.01-UP-20-April-26,The Big - P.01 - UP-24-MAY-26.HO.1.A.P01.B03.SUP.GF,AB-APP-B03-GR-1030,Approval for Stairs Conc. Dim.  & RFT DWGs As-Built Drawing  (B03) (GF),24-May-26,10-Jun-26,12-Sep-26,24-Sep-26,23-Mar-27,5-Apr-27,1,0.0,0.0,159.0,No,,The Big -P.01-UP-20-April-26,AB-APP-B03-GR-1030,Approval for Stairs Conc. Dim.  & RFT DWGs As-Built Drawing  (B03) (GF),17-May-26,0.0,0.0,0.0,0.0,0,0.0,0,0.0,The Big -P.01-UP-20-April-26,AB-APP-B03-GR-1030,10-May-26,0.00%,0.00%,$0.00,$0.00,$0.00,
The Big -P.01-UP-20-April-26,CON-B02-SOG-1040,866,901,898,The Big -P.01-UP-20-April-26,The Big - P.01 - UP-24-MAY-26.CON.P02.B02.SUB.2ndB.1,CON-B02-SOG-1040,Shuttering & RFT for S.O.G (B02) (Sog),25-May-26,15-Jun-26,22-Oct-26,8-Nov-26,11-Feb-27,28-Feb-27,1,0.0,0.0,94.0,No,,The Big -P.01-UP-20-April-26,CON-B02-SOG-1040,Shuttering & RFT for S.O.G (B02) (Sog),17-May-26,779299.06,0.0,0.0,0.0,0,0.0,0,0.0,The Big -P.01-UP-20-April-26,CON-B02-SOG-1040,10-May-26,0.00%,0.00%,$0.00,$0.00,$0.00,
The Big -P.01-UP-20-April-26,AB-SUB-B01-SOG-1000,867,902,899,The Big -P.01-UP-20-April-26,The Big - P.01 - UP-24-MAY-26.HO.1.S.P02.B01.SUB.2ndB.SOG,AB-SUB-B01-SOG-1000,Submittal for S.O.G Conc. Dim. DWGs As-Built Drawing (B01) (Sog),25-May-26,18-Jun-26,22-Oct-26,11-Nov-26,6-Mar-27,29-Mar-27,1,0.0,0.0,113.0,No,,The Big -P.01-UP-20-April-26,AB-SUB-B01-SOG-1000,Submittal for S.O.G Conc. Dim. DWGs As-Built Drawing (B01) (Sog),17-May-26,0.0,0.0,0.0,0.0,0,0.0,0,0.0,The Big -P.01-UP-20-April-26,AB-SUB-B01-SOG-1000,10-May-26,0.00%,0.00%,$0.00,$0.00,$0.00,
The Big -P.01-UP-20-April-26,CON-B03-GR-1110,868,838,844,The Big -P.01-UP-20-April-26,The Big - P.01 - UP-24-MAY-26.CON.P01.B03.SUP.GF,CON-B03-GR-1110,Dismantling Formwork (B03) (GR),26-May-26,26-May-26,14-Sep-26,14-Sep-26,26-Jun-26,26-Jun-26,1,0.0,0.0,-80.0,Yes,,The Big -P.01-UP-20-April-26,CON-B03-GR-1110,Dismantling Formwork (B03) (GR),17-May-26,0.0,0.0,0.0,0.0,0,0.0,0,0.0,The Big -P.01-UP-20-April-26,CON-B03-GR-1110,10-May-26,0.00%,0.00%,$0.00,$0.00,$0.00,
The Big -P.01-UP-20-April-26,AB-APP-B02-GR-1020,869,835,842,The Big -P.01-UP-20-April-26,The Big - P.01 - UP-24-MAY-26.HO.1.A.P02.B02.SUP.GF,AB-APP-B02-GR-1020,Approval for Slabs Conc. Dim.  & RFT DWGs As-Built Drawing (B02) (GF),26-May-26,13-Jun-26,13-Sep-26,26-Sep-26,23-Mar-27,5-Apr-27,1,0.0,0.0,158.0,No,,The Big -P.01-UP-20-April-26,AB-APP-B02-GR-1020,Approval for Slabs Conc. Dim.  & RFT DWGs As-Built Drawing (B02) (GF),17-May-26,0.0,0.0,0.0,0.0,0,0.0,0,0.0,The Big -P.01-UP-20-April-26,AB-APP-B02-GR-1020,10-May-26,0.00%,0.00%,$0.00,$0.00,$0.00,
The Big -P.01-UP-20-April-26,AB-APP-B02-GR-1030,870,836,843,The Big -P.01-UP-20-April-26,The Big - P.01 - UP-24-MAY-26.HO.1.A.P02.B02.SUP.GF,AB-APP-B02-GR-1030,Approval for Beams Conc. Dim.  & RFT DWGs As-Built Drawing (B02) (GF),26-May-26,13-Jun-26,13-Sep-26,26-Sep-26,23-Mar-27,5-Apr-27,1,0.0,0.0,158.0,No,,The Big -P.01-UP-20-April-26,AB-APP-B02-GR-1030,Approval for Beams Conc. Dim.  & RFT DWGs As-Built Drawing (B02) (GF),17-May-26,0.0,0.0,0.0,0.0,0,0.0,0,0.0,The Big -P.01-UP-20-April-26,AB-APP-B02-GR-1030,10-May-26,0.00%,0.00%,$0.00,$0.00,$0.00,
The Big -P.01-UP-20-April-26,AB-APP-B04-GR-1010,871,848,839,The Big -P.01-UP-20-April-26,The Big - P.01 - UP-24-MAY-26.HO.1.A.P01.B04.SUP.GF,AB-APP-B04-GR-1010,Approval for Slabs Conc. Dim.  & RFT DWGs As-Built Drawing (B04) (GF),26-May-26,13-Jun-26,16-Sep-26,29-Sep-26,23-Mar-27,5-Apr-27,1,0.0,0.0,155.0,No,,The Big -P.01-UP-20-April-26,AB-APP-B04-GR-1010,Approval for Slabs Conc. Dim.  & RFT DWGs As-Built Drawing (B04) (GF),17-May-26,0.0,0.0,0.0,0.0,0,0.0,0,0.0,The Big -P.01-UP-20-April-26,AB-APP-B04-GR-1010,10-May-26,0.00%,0.00%,$0.00,$0.00,$0.00,
The Big -P.01-UP-20-April-26,AB-APP-B04-GR-1020,872,849,840,The Big -P.01-UP-20-April-26,The Big - P.01 - UP-24-MAY-26.HO.1.A.P01.B04.SUP.GF,AB-APP-B04-GR-1020,Approval for Beams Conc. Dim.  & RFT DWGs As-Built Drawing (B04) (GF),26-May-26,13-Jun-26,16-Sep-26,29-Sep-26,23-Mar-27,5-Apr-27,1,0.0,0.0,155.0,No,,The Big -P.01-UP-20-April-26,AB-APP-B04-GR-1020,Approval for Beams Conc. Dim.  & RFT DWGs As-Built Drawing (B04) (GF),17-May-26,0.0,0.0,0.0,0.0,0,0.0,0,0.0,The Big -P.01-UP-20-April-26,AB-APP-B04-GR-1020,10-May-26,0.00%,0.00%,$0.00,$0.00,$0.00,
The Big -P.01-UP-20-April-26,AB-APP-B04-GR-1030,873,850,841,The Big -P.01-UP-20-April-26,The Big - P.01 - UP-24-MAY-26.HO.1.A.P01.B04.SUP.GF,AB-APP-B04-GR-1030,Approval for Stairs Conc. Dim.  & RFT DWGs As-Built Drawing (B04) (GF),26-May-26,13-Jun-26,16-Sep-26,29-Sep-26,23-Mar-27,5-Apr-27,1,0.0,0.0,155.0,No,,The Big -P.01-UP-20-April-26,AB-APP-B04-GR-1030,Approval for Stairs Conc. Dim.  & RFT DWGs As-Built Drawing (B04) (GF),17-May-26,0.0,0.0,0.0,0.0,0,0.0,0,0.0,The Big -P.01-UP-20-April-26,AB-APP-B04-GR-1030,10-May-26,0.00%,0.00%,$0.00,$0.00,$0.00,
The Big -P.01-UP-20-April-26,CON-B02-1ST-1000,874,840,846,The Big -P.01-UP-20-April-26,The Big - P.01 - UP-24-MAY-26.CON.P02.B02.SUP.1stF,CON-B02-1ST-1000,"Scaffolding works for Walls, Col. & Cores (B02) (1st)",1-Jun-26,7-Jun-26,14-Sep-26,20-Sep-26,13-Jun-26,18-Jun-26,1,0.0,0.0,-77.0,Yes,,The Big -P.01-UP-20-April-26,CON-B02-1ST-1000,"Scaffolding works for Walls, Col. & Cores (B02) (1st)",17-May-26,0.0,0.0,0.0,0.0,0,0.0,0,0.0,The Big -P.01-UP-20-April-26,CON-B02-1ST-1000,10-May-26,0.00%,0.00%,$0.00,$0.00,$0.00,
The Big -P.01-UP-20-April-26,CON-B02-GR-1110,875,839,848,The Big -P.01-UP-20-April-26,The Big - P.01 - UP-24-MAY-26.CON.P02.B02.SUP.GF,CON-B02-GR-1110,Dismantling Formwork (B02) (GR),2-Jun-26,2-Jun-26,15-Sep-26,15-Sep-26,4-Jul-26,4-Jul-26,1,0.0,0.0,-73.0,Yes,,The Big -P.01-UP-20-April-26,CON-B02-GR-1110,Dismantling Formwork (B02) (GR),17-May-26,0.0,0.0,0.0,0.0,0,0.0,0,0.0,The Big -P.01-UP-20-April-26,CON-B02-GR-1110,10-May-26,0.00%,0.00%,$0.00,$0.00,$0.00,
The Big -P.01-UP-20-April-26,CON-B03-1ST-1000,876,844,857,The Big -P.01-UP-20-April-26,The Big - P.01 - UP-24-MAY-26.CON.P01.B03.SUP.1stF,CON-B03-1ST-1000,"Scaffolding works for Walls, Col. & Cores (B03) (1st)",2-Jun-26,7-Jun-26,19-Sep-26,23-Sep-26,2-Jun-26,7-Jun-26,1,0.0,0.0,-90.0,Yes,,The Big -P.01-UP-20-April-26,CON-B03-1ST-1000,"Scaffolding works for Walls, Col. & Cores (B03) (1st)",17-May-26,0.0,0.0,0.0,0.0,0,0.0,0,0.0,The Big -P.01-UP-20-April-26,CON-B03-1ST-1000,10-May-26,0.00%,0.00%,$0.00,$0.00,$0.00,
The Big -P.01-UP-20-April-26,CON-B04-1ST-1030,877,879,877,The Big -P.01-UP-20-April-26,The Big - P.01 - UP-24-MAY-26.CON.P01.B04.SUP.1stF,CON-B04-1ST-1030,"Pouring for Walls, Col. & Cores (B04) (1st)",2-Jun-26,3-Jun-26,7-Oct-26,10-Oct-26,2-Jun-26,3-Jun-26,1,0.0,0.0,-105.0,Yes,,The Big -P.01-UP-20-April-26,CON-B04-1ST-1030,"Pouring for Walls, Col. & Cores (B04) (1st)",17-May-26,453265.38,0.0,0.0,0.0,0,0.0,0,0.0,The Big -P.01-UP-20-April-26,CON-B04-1ST-1030,10-May-26,0.00%,0.00%,$0.00,$0.00,$0.00,
The Big -P.01-UP-20-April-26,AB-SUB-B01-SOG-1010,878,912,905,The Big -P.01-UP-20-April-26,The Big - P.01 - UP-24-MAY-26.HO.1.S.P02.B01.SUB.2ndB.SOG,AB-SUB-B01-SOG-1010,Submittal for S.O.G RFT DWGs As-Built Drawing (B01) (Sog),3-Jun-26,23-Jun-26,27-Oct-26,16-Nov-26,6-Mar-27,29-Mar-27,1,0.0,0.0,109.0,No,,The Big -P.01-UP-20-April-26,AB-SUB-B01-SOG-1010,Submittal for S.O.G RFT DWGs As-Built Drawing (B01) (Sog),17-May-26,0.0,0.0,0.0,0.0,0,0.0,0,0.0,The Big -P.01-UP-20-April-26,AB-SUB-B01-SOG-1010,10-May-26,0.00%,0.00%,$0.00,$0.00,$0.00,
The Big -P.01-UP-20-April-26,CON-B02-1ST-1010,879,843,854,The Big -P.01-UP-20-April-26,The Big - P.01 - UP-24-MAY-26.CON.P02.B02.SUP.1stF,CON-B02-1ST-1010,"RFT for Walls, Col. & Cores (B02) (1st)",4-Jun-26,15-Jun-26,17-Sep-26,28-Sep-26,16-Jun-26,27-Jun-26,1,0.0,0.0,-77.0,Yes,,The Big -P.01-UP-20-April-26,CON-B02-1ST-1010,"RFT for Walls, Col. & Cores (B02) (1st)",17-May-26,290453.31,0.0,0.0,0.0,0,0.0,0,0.0,The Big -P.01-UP-20-April-26,CON-B02-1ST-1010,10-May-26,0.00%,0.00%,$0.00,$0.00,$0.00,
The Big -P.01-UP-20-April-26,CON-B04-1ST-1040,880,886,883,The Big -P.01-UP-20-April-26,The Big - P.01 - UP-24-MAY-26.CON.P01.B04.SUP.1stF,CON-B04-1ST-1040,"Shuttering for Slabs, Beams & Stairs (B04) (1st)",4-Jun-26,15-Jun-26,10-Oct-26,21-Oct-26,4-Jun-26,15-Jun-26,1,0.0,0.0,-105.0,Yes,,The Big -P.01-UP-20-April-26,CON-B04-1ST-1040,"Shuttering for Slabs, Beams & Stairs (B04) (1st)",17-May-26,1003883.55,0.0,0.0,0.0,0,0.0,0,0.0,The Big -P.01-UP-20-April-26,CON-B04-1ST-1040,10-May-26,0.00%,0.00%,$0.00,$0.00,$0.00,
The Big -P.01-UP-20-April-26,AB-SUB-B04-1ST-1000,881,887,884,The Big -P.01-UP-20-April-26,The Big - P.01 - UP-24-MAY-26.HO.1.S.P01.B04.SUP.1stF,AB-SUB-B04-1ST-1000,Submittal for Col. & Walls Conc. Dim.  & RFT DWGs As-Built Drawing (B04) (1st),4-Jun-26,24-Jun-26,10-Oct-26,31-Oct-26,6-Mar-27,29-Mar-27,1,0.0,0.0,124.0,No,,The Big -P.01-UP-20-April-26,AB-SUB-B04-1ST-1000,Submittal for Col. & Walls Conc. Dim.  & RFT DWGs As-Built Drawing (B04) (1st),17-May-26,0.0,0.0,0.0,0.0,0,0.0,0,0.0,The Big -P.01-UP-20-April-26,AB-SUB-B04-1ST-1000,10-May-26,0.00%,0.00%,$0.00,$0.00,$0.00,
The Big -P.01-UP-20-April-26,AB-APP-B01-1ST-1000,882,906,904,The Big -P.01-UP-20-April-26,The Big - P.01 - UP-24-MAY-26.HO.1.A.P02.B01.SUP.1stF,AB-APP-B01-1ST-1000,Approval for Col. & Walls Conc. Dim.  & RFT DWGs As-Built Drawing (B01) (1st),4-Jun-26,17-Jun-26,27-Oct-26,10-Nov-26,23-Mar-27,5-Apr-27,1,0.0,0.0,121.0,No,,The Big -P.01-UP-20-April-26,AB-APP-B01-1ST-1000,Approval for Col. & Walls Conc. Dim.  & RFT DWGs As-Built Drawing (B01) (1st),17-May-26,0.0,0.0,0.0,0.0,0,0.0,0,0.0,The Big -P.01-UP-20-April-26,AB-APP-B01-1ST-1000,10-May-26,0.00%,0.00%,$0.00,$0.00,$0.00,
The Big -P.01-UP-20-April-26,CON-B03-1ST-1010,883,854,864,The Big -P.01-UP-20-April-26,The Big - P.01 - UP-24-MAY-26.CON.P01.B03.SUP.1stF,CON-B03-1ST-1010,"RFT for Walls, Col. & Cores (B03) (1st)",6-Jun-26,18-Jun-26,22-Sep-26,5-Oct-26,6-Jun-26,18-Jun-26,1,0.0,0.0,-90.0,Yes,,The Big -P.01-UP-20-April-26,CON-B03-1ST-1010,"RFT for Walls, Col. & Cores (B03) (1st)",17-May-26,388168.78,0.0,0.0,0.0,0,0.0,0,0.0,The Big -P.01-UP-20-April-26,CON-B03-1ST-1010,10-May-26,0.00%,0.00%,$0.00,$0.00,$0.00,
The Big -P.01-UP-20-April-26,CON-B02-SOG-1050,884,917,907,The Big -P.01-UP-20-April-26,The Big - P.01 - UP-24-MAY-26.CON.P02.B02.SUB.2ndB.1,CON-B02-SOG-1050,Pouring for S.O.G (B02) (Sog),7-Jun-26,20-Jun-26,31-Oct-26,12-Nov-26,20-Feb-27,4-Mar-27,1,0.0,0.0,94.0,No,,The Big -P.01-UP-20-April-26,CON-B02-SOG-1050,Pouring for S.O.G (B02) (Sog),17-May-26,1039065.42,0.0,0.0,0.0,0,0.0,0,0.0,The Big -P.01-UP-20-April-26,CON-B02-SOG-1050,10-May-26,0.00%,0.00%,$0.00,$0.00,$0.00,
The Big -P.01-UP-20-April-26,P-MPOS-1130,885,517,602,The Big -P.01-UP-20-April-26,The Big - P.01 - UP-24-MAY-26.P.PC.PO.1,P-MPOS-1130,P.O for Rebar Patch#8  (3rd floor),7-Jun-26,8-Jun-26,7-Jun-26,8-Jun-26,2-Jul-26,4-Jul-26,1,0.0,0.0,21.0,No,,The Big -P.01-UP-20-April-26,P-MPOS-1130,P.O for Rebar Patch#8  (3rd floor),15-Apr-26,0.0,0.0,0.0,0.0,0,0.0,0,0.0,The Big -P.01-UP-20-April-26,P-MPOS-1130,15-Apr-26,0.00%,0.00%,$0.00,$0.00,$0.00,
The Big -P.01-UP-20-April-26,CON-B02-1ST-1020,886,853,860,The Big -P.01-UP-20-April-26,The Big - P.01 - UP-24-MAY-26.CON.P02.B02.SUP.1stF,CON-B02-1ST-1020,"Shuttering for Walls, Col. & Cores (B02) (1st)",8-Jun-26,18-Jun-26,21-Sep-26,1-Oct-26,20-Jun-26,1-Jul-26,1,0.0,0.0,-77.0,Yes,,The Big -P.01-UP-20-April-26,CON-B02-1ST-1020,"Shuttering for Walls, Col. & Cores (B02) (1st)",17-May-26,42415.29,0.0,0.0,0.0,0,0.0,0,0.0,The Big -P.01-UP-20-April-26,CON-B02-1ST-1020,10-May-26,0.00%,0.00%,$0.00,$0.00,$0.00,
The Big -P.01-UP-20-April-26,CON-B01-1ST-1060,887,918,912,The Big -P.01-UP-20-April-26,The Big - P.01 - UP-24-MAY-26.CON.P02.B01.SUP.1stF,CON-B01-1ST-1060,"Pouring for Slabs, Beams & Stairs (B01) (1st)",9-Jun-26,11-Jun-26,1-Nov-26,4-Nov-26,9-Jun-26,11-Jun-26,1,0.0,0.0,-120.0,Yes,,The Big -P.01-UP-20-April-26,CON-B01-1ST-1060,"Pouring for Slabs, Beams & Stairs (B01) (1st)",17-May-26,1574109.18,0.0,0.0,0.0,0,0.0,0,0.0,The Big -P.01-UP-20-April-26,CON-B01-1ST-1060,10-May-26,0.00%,0.00%,$0.00,$0.00,$0.00,
The Big -P.01-UP-20-April-26,CON-B04-1ST-1050,888,895,891,The Big -P.01-UP-20-April-26,The Big - P.01 - UP-24-MAY-26.CON.P01.B04.SUP.1stF,CON-B04-1ST-1050,"RFT for Slabs, Beams & Stairs (B04) (1st)",9-Jun-26,20-Jun-26,14-Oct-26,26-Oct-26,9-Jun-26,20-Jun-26,1,0.0,0.0,-105.0,Yes,,The Big -P.01-UP-20-April-26,CON-B04-1ST-1050,"RFT for Slabs, Beams & Stairs (B04) (1st)",17-May-26,1487994.98,0.0,0.0,0.0,0,0.0,0,0.0,The Big -P.01-UP-20-April-26,CON-B04-1ST-1050,10-May-26,0.00%,0.00%,$0.00,$0.00,$0.00,
The Big -P.01-UP-20-April-26,CON-B03-1ST-1020,889,862,873,The Big -P.01-UP-20-April-26,The Big - P.01 - UP-24-MAY-26.CON.P01.B03.SUP.1stF,CON-B03-1ST-1020,"Shuttering for Walls, Col. & Cores (B03) (1st)",10-Jun-26,23-Jun-26,27-Sep-26,11-Oct-26,10-Jun-26,23-Jun-26,1,0.0,0.0,-90.0,Yes,,The Big -P.01-UP-20-April-26,CON-B03-1ST-1020,"Shuttering for Walls, Col. & Cores (B03) (1st)",17-May-26,209943.72,0.0,0.0,0.0,0,0.0,0,0.0,The Big -P.01-UP-20-April-26,CON-B03-1ST-1020,10-May-26,0.00%,0.00%,$0.00,$0.00,$0.00,
The Big -P.01-UP-20-April-26,CON-B02-SOG-1060,890,922,920,The Big -P.01-UP-20-April-26,The Big - P.01 - UP-24-MAY-26.CON.P02.B02.SUB.2ndB.1,CON-B02-SOG-1060,Curing & Smoothing Surface for S.O.G (B02) (Sog),11-Jun-26,20-Jun-26,3-Nov-26,12-Nov-26,18-Mar-27,27-Mar-27,1,0.0,0.0,135.0,No,,The Big -P.01-UP-20-April-26,CON-B02-SOG-1060,Curing & Smoothing Surface for S.O.G (B02) (Sog),17-May-26,0.0,0.0,0.0,0.0,0,0.0,0,0.0,The Big -P.01-UP-20-April-26,CON-B02-SOG-1060,10-May-26,0.00%,0.00%,$0.00,$0.00,$0.00,
The Big -P.01-UP-20-April-26,CON-B01-1ST-1070,891,923,921,The Big -P.01-UP-20-April-26,The Big - P.01 - UP-24-MAY-26.CON.P02.B01.SUP.1stF,CON-B01-1ST-1070,"Curing for Slabs, Beams & Stairs (B01) (1st)",12-Jun-26,14-Jun-26,4-Nov-26,7-Nov-26,17-Jun-26,19-Jun-26,1,0.0,0.0,-140.0,Yes,,The Big -P.01-UP-20-April-26,CON-B01-1ST-1070,"Curing for Slabs, Beams & Stairs (B01) (1st)",17-May-26,0.0,0.0,0.0,0.0,0,0.0,0,0.0,The Big -P.01-UP-20-April-26,CON-B01-1ST-1070,10-May-26,0.00%,0.00%,$0.00,$0.00,$0.00,
The Big -P.01-UP-20-April-26,AB-SUB-B01-1ST-1010,892,924,922,The Big -P.01-UP-20-April-26,The Big - P.01 - UP-24-MAY-26.HO.1.S.P02.B01.SUP.1stF,AB-SUB-B01-1ST-1010,Submittal for Slabs Conc. Dim.  & RFT DWGs As-Built Drawing (B01) (1st),13-Jun-26,4-Jul-26,4-Nov-26,25-Nov-26,6-Mar-27,29-Mar-27,1,0.0,0.0,102.0,No,,The Big -P.01-UP-20-April-26,AB-SUB-B01-1ST-1010,Submittal for Slabs Conc. Dim.  & RFT DWGs As-Built Drawing (B01) (1st),17-May-26,0.0,0.0,0.0,0.0,0,0.0,0,0.0,The Big -P.01-UP-20-April-26,AB-SUB-B01-1ST-1010,10-May-26,0.00%,0.00%,$0.00,$0.00,$0.00,
The Big -P.01-UP-20-April-26,AB-SUB-B01-1ST-1020,893,925,923,The Big -P.01-UP-20-April-26,The Big - P.01 - UP-24-MAY-26.HO.1.S.P02.B01.SUP.1stF,AB-SUB-B01-1ST-1020,Submittal for Beams Conc. Dim.  & RFT DWGs As-Built Drawing (B01) (1st),13-Jun-26,4-Jul-26,4-Nov-26,25-Nov-26,6-Mar-27,29-Mar-27,1,0.0,0.0,102.0,No,,The Big -P.01-UP-20-April-26,AB-SUB-B01-1ST-1020,Submittal for Beams Conc. Dim.  & RFT DWGs As-Built Drawing (B01) (1st),17-May-26,0.0,0.0,0.0,0.0,0,0.0,0,0.0,The Big -P.01-UP-20-April-26,AB-SUB-B01-1ST-1020,10-May-26,0.00%,0.00%,$0.00,$0.00,$0.00,
The Big -P.01-UP-20-April-26,AB-SUB-B01-1ST-1030,894,926,924,The Big -P.01-UP-20-April-26,The Big - P.01 - UP-24-MAY-26.HO.1.S.P02.B01.SUP.1stF,AB-SUB-B01-1ST-1030,Submittal for Stairs Conc. Dim.  & RFT DWGs As-Built Drawing (B01) (1st),13-Jun-26,4-Jul-26,4-Nov-26,25-Nov-26,6-Mar-27,29-Mar-27,1,0.0,0.0,102.0,No,,The Big -P.01-UP-20-April-26,AB-SUB-B01-1ST-1030,Submittal for Stairs Conc. Dim.  & RFT DWGs As-Built Drawing (B01) (1st),17-May-26,0.0,0.0,0.0,0.0,0,0.0,0,0.0,The Big -P.01-UP-20-April-26,AB-SUB-B01-1ST-1030,10-May-26,0.00%,0.00%,$0.00,$0.00,$0.00,
The Big -P.01-UP-20-April-26,AB-APP-B01-SOG-1000,895,933,926,The Big -P.01-UP-20-April-26,The Big - P.01 - UP-24-MAY-26.HO.1.A.P02.B01.SUB.2ndB.1,AB-APP-B01-SOG-1000,Approval for S.O.G Conc. Dim.DWGs As-Built Drawing (B01) (Sog),13-Jun-26,25-Jun-26,5-Nov-26,18-Nov-26,23-Mar-27,5-Apr-27,1,0.0,0.0,113.0,No,,The Big -P.01-UP-20-April-26,AB-APP-B01-SOG-1000,Approval for S.O.G Conc. Dim.DWGs As-Built Drawing (B01) (Sog),17-May-26,0.0,0.0,0.0,0.0,0,0.0,0,0.0,The Big -P.01-UP-20-April-26,AB-APP-B01-SOG-1000,10-May-26,0.00%,0.00%,$0.00,$0.00,$0.00,
The Big -P.01-UP-20-April-26,CON-B01-2ND-1000,896,927,925,The Big -P.01-UP-20-April-26,The Big - P.01 - UP-24-MAY-26.CON.P02.B01.SUP.2ndF,CON-B01-2ND-1000,"Scaffolding works for Walls, Col. & Cores (B01) (2nd)",14-Jun-26,18-Jun-26,5-Nov-26,11-Nov-26,14-Jun-26,18-Jun-26,1,0.0,0.0,-120.0,Yes,,The Big -P.01-UP-20-April-26,CON-B01-2ND-1000,"Scaffolding works for Walls, Col. & Cores (B01) (2nd)",17-May-26,0.0,0.0,0.0,0.0,0,0.0,0,0.0,The Big -P.01-UP-20-April-26,CON-B01-2ND-1000,10-May-26,0.00%,0.00%,$0.00,$0.00,$0.00,
The Big -P.01-UP-20-April-26,CON-B01-2ND-1010,897,935,928,The Big -P.01-UP-20-April-26,The Big - P.01 - UP-24-MAY-26.CON.P02.B01.SUP.2ndF,CON-B01-2ND-1010,"RFT for Walls, Col. & Cores (B01) (2nd)",16-Jun-26,23-Jun-26,8-Nov-26,16-Nov-26,16-Jun-26,23-Jun-26,1,0.0,0.0,-120.0,Yes,,The Big -P.01-UP-20-April-26,CON-B01-2ND-1010,"RFT for Walls, Col. & Cores (B01) (2nd)",17-May-26,547183.9,0.0,0.0,0.0,0,0.0,0,0.0,The Big -P.01-UP-20-April-26,CON-B01-2ND-1010,10-May-26,0.00%,0.00%,$0.00,$0.00,$0.00,
The Big -P.01-UP-20-April-26,AB-APP-B01-SOG-1010,898,944,931,The Big -P.01-UP-20-April-26,The Big - P.01 - UP-24-MAY-26.HO.1.A.P02.B01.SUB.2ndB.1,AB-APP-B01-SOG-1010,Approval for S.O.G RFT DWGs As-Built Drawing (B01) (Sog),17-Jun-26,1-Jul-26,10-Nov-26,23-Nov-26,23-Mar-27,5-Apr-27,1,0.0,0.0,109.0,No,,The Big -P.01-UP-20-April-26,AB-APP-B01-SOG-1010,Approval for S.O.G RFT DWGs As-Built Drawing (B01) (Sog),17-May-26,0.0,0.0,0.0,0.0,0,0.0,0,0.0,The Big -P.01-UP-20-April-26,AB-APP-B01-SOG-1010,10-May-26,0.00%,0.00%,$0.00,$0.00,$0.00,
The Big -P.01-UP-20-April-26,AB-APP-B04-1ST-1000,899,904,902,The Big -P.01-UP-20-April-26,The Big - P.01 - UP-24-MAY-26.HO.1.A.P01.B04.SUP.1stF,AB-APP-B04-1ST-1000,Approval for Col. & Walls Conc. Dim.  & RFT DWGs As-Built Drawing (B04) (1st),18-Jun-26,2-Jul-26,24-Oct-26,7-Nov-26,23-Mar-27,5-Apr-27,1,0.0,0.0,124.0,No,,The Big -P.01-UP-20-April-26,AB-APP-B04-1ST-1000,Approval for Col. & Walls Conc. Dim.  & RFT DWGs As-Built Drawing (B04) (1st),17-May-26,0.0,0.0,0.0,0.0,0,0.0,0,0.0,The Big -P.01-UP-20-April-26,AB-APP-B04-1ST-1000,10-May-26,0.00%,0.00%,$0.00,$0.00,$0.00,
The Big -P.01-UP-20-April-26,CON-B01-2ND-1020,900,942,932,The Big -P.01-UP-20-April-26,The Big - P.01 - UP-24-MAY-26.CON.P02.B01.SUP.2ndF,CON-B01-2ND-1020,"Shuttering for Walls, Col. & Cores (B01) (2nd)",20-Jun-26,27-Jun-26,11-Nov-26,19-Nov-26,20-Jun-26,27-Jun-26,1,0.0,0.0,-120.0,Yes,,The Big -P.01-UP-20-April-26,CON-B01-2ND-1020,"Shuttering for Walls, Col. & Cores (B01) (2nd)",17-May-26,299336.25,0.0,0.0,0.0,0,0.0,0,0.0,The Big -P.01-UP-20-April-26,CON-B01-2ND-1020,10-May-26,0.00%,0.00%,$0.00,$0.00,$0.00,
The Big -P.01-UP-20-April-26,CON-B02-1ST-1030,901,873,876,The Big -P.01-UP-20-April-26,The Big - P.01 - UP-24-MAY-26.CON.P02.B02.SUP.1stF,CON-B02-1ST-1030,"Pouring for Walls, Col. & Cores (B02) (1st)",20-Jun-26,21-Jun-26,3-Oct-26,4-Oct-26,2-Jul-26,4-Jul-26,1,0.0,0.0,-77.0,Yes,,The Big -P.01-UP-20-April-26,CON-B02-1ST-1030,"Pouring for Walls, Col. & Cores (B02) (1st)",17-May-26,63622.93,0.0,0.0,0.0,0,0.0,0,0.0,The Big -P.01-UP-20-April-26,CON-B02-1ST-1030,10-May-26,0.00%,0.00%,$0.00,$0.00,$0.00,
The Big -P.01-UP-20-April-26,CON-B04-1ST-1060,902,911,903,The Big -P.01-UP-20-April-26,The Big - P.01 - UP-24-MAY-26.CON.P01.B04.SUP.1stF,CON-B04-1ST-1060,"Pouring for Slabs, Beams & Stairs (B04) (1st)",21-Jun-26,23-Jun-26,26-Oct-26,29-Oct-26,21-Jun-26,23-Jun-26,1,0.0,0.0,-105.0,Yes,,The Big -P.01-UP-20-April-26,CON-B04-1ST-1060,"Pouring for Slabs, Beams & Stairs (B04) (1st)",17-May-26,1505825.33,0.0,0.0,0.0,0,0.0,0,0.0,The Big -P.01-UP-20-April-26,CON-B04-1ST-1060,10-May-26,0.00%,0.00%,$0.00,$0.00,$0.00,
The Big -P.01-UP-20-April-26,AB-SUB-B02-SOG-1000,903,949,944,The Big -P.01-UP-20-April-26,The Big - P.01 - UP-24-MAY-26.HO.1.S.P02.B02.SUB.2ndB.2,AB-SUB-B02-SOG-1000,Submittal for S.O.G Conc. Dim. DWGs As-Built Drawing (B02) (Sog),21-Jun-26,12-Jul-26,14-Nov-26,3-Dec-26,6-Mar-27,29-Mar-27,1,0.0,0.0,94.0,No,,The Big -P.01-UP-20-April-26,AB-SUB-B02-SOG-1000,Submittal for S.O.G Conc. Dim. DWGs As-Built Drawing (B02) (Sog),17-May-26,0.0,0.0,0.0,0.0,0,0.0,0,0.0,The Big -P.01-UP-20-April-26,AB-SUB-B02-SOG-1000,10-May-26,0.00%,0.00%,$0.00,$0.00,$0.00,
The Big -P.01-UP-20-April-26,AB-SUB-B02-SOG-1010,904,950,945,The Big -P.01-UP-20-April-26,The Big - P.01 - UP-24-MAY-26.HO.1.S.P02.B02.SUB.2ndB.2,AB-SUB-B02-SOG-1010,Submittal for S.O.G RFT DWGs As-Built Drawing (B02) (Sog),21-Jun-26,12-Jul-26,14-Nov-26,3-Dec-26,6-Mar-27,29-Mar-27,1,0.0,0.0,94.0,No,,The Big -P.01-UP-20-April-26,AB-SUB-B02-SOG-1010,Submittal for S.O.G RFT DWGs As-Built Drawing (B02) (Sog),17-May-26,0.0,0.0,0.0,0.0,0,0.0,0,0.0,The Big -P.01-UP-20-April-26,AB-SUB-B02-SOG-1010,10-May-26,0.00%,0.00%,$0.00,$0.00,$0.00,
The Big -P.01-UP-20-April-26,CON-B02-1ST-1040,905,876,878,The Big -P.01-UP-20-April-26,The Big - P.01 - UP-24-MAY-26.CON.P02.B02.SUP.1stF,CON-B02-1ST-1040,"Shuttering for Slabs, Beams & Stairs (B02) (1st)",22-Jun-26,6-Jul-26,5-Oct-26,19-Oct-26,5-Jul-26,18-Jul-26,1,0.0,0.0,-77.0,Yes,,The Big -P.01-UP-20-April-26,CON-B02-1ST-1040,"Shuttering for Slabs, Beams & Stairs (B02) (1st)",17-May-26,1552420.74,0.0,0.0,0.0,0,0.0,0,0.0,The Big -P.01-UP-20-April-26,CON-B02-1ST-1040,10-May-26,0.00%,0.00%,$0.00,$0.00,$0.00,
The Big -P.01-UP-20-April-26,AB-SUB-B02-1ST-1000,906,877,879,The Big -P.01-UP-20-April-26,The Big - P.01 - UP-24-MAY-26.HO.1.S.P02.B02.SUP.1stF,AB-SUB-B02-1ST-1000,Submittal for Col. & Walls Conc. Dim.  & RFT DWGs As-Built Drawing (B02) (1st),22-Jun-26,13-Jul-26,5-Oct-26,26-Oct-26,6-Mar-27,29-Mar-27,1,0.0,0.0,127.0,No,,The Big -P.01-UP-20-April-26,AB-SUB-B02-1ST-1000,Submittal for Col. & Walls Conc. Dim.  & RFT DWGs As-Built Drawing (B02) (1st),17-May-26,0.0,0.0,0.0,0.0,0,0.0,0,0.0,The Big -P.01-UP-20-April-26,AB-SUB-B02-1ST-1000,10-May-26,0.00%,0.00%,$0.00,$0.00,$0.00,
The Big -P.01-UP-20-April-26,CON-B03-1ST-1030,907,881,893,The Big -P.01-UP-20-April-26,The Big - P.01 - UP-24-MAY-26.CON.P01.B03.SUP.1stF,CON-B03-1ST-1030,"Pouring for Walls, Col. & Cores (B03) (1st)",24-Jun-26,25-Jun-26,12-Oct-26,13-Oct-26,24-Jun-26,25-Jun-26,1,0.0,0.0,-90.0,Yes,,The Big -P.01-UP-20-April-26,CON-B03-1ST-1030,"Pouring for Walls, Col. & Cores (B03) (1st)",17-May-26,314915.58,0.0,0.0,0.0,0,0.0,0,0.0,The Big -P.01-UP-20-April-26,CON-B03-1ST-1030,10-May-26,0.00%,0.00%,$0.00,$0.00,$0.00,
The Big -P.01-UP-20-April-26,CON-B04-1ST-1070,908,913,908,The Big -P.01-UP-20-April-26,The Big - P.01 - UP-24-MAY-26.CON.P01.B04.SUP.1stF,CON-B04-1ST-1070,"Curing for Slabs, Beams & Stairs (B04) (1st)",24-Jun-26,26-Jun-26,29-Oct-26,1-Nov-26,24-Jun-26,26-Jun-26,1,0.0,0.0,-127.0,Yes,,The Big -P.01-UP-20-April-26,CON-B04-1ST-1070,"Curing for Slabs, Beams & Stairs (B04) (1st)",17-May-26,0.0,0.0,0.0,0.0,0,0.0,0,0.0,The Big -P.01-UP-20-April-26,CON-B04-1ST-1070,10-May-26,0.00%,0.00%,$0.00,$0.00,$0.00,
The Big -P.01-UP-20-April-26,AB-SUB-B04-1ST-1010,909,914,909,The Big -P.01-UP-20-April-26,The Big - P.01 - UP-24-MAY-26.HO.1.S.P01.B04.SUP.1stF,AB-SUB-B04-1ST-1010,Submittal for Slabs Conc. Dim.  & RFT DWGs As-Built Drawing (B04) (1st),24-Jun-26,15-Jul-26,29-Oct-26,19-Nov-26,6-Mar-27,29-Mar-27,1,0.0,0.0,107.0,No,,The Big -P.01-UP-20-April-26,AB-SUB-B04-1ST-1010,Submittal for Slabs Conc. Dim.  & RFT DWGs As-Built Drawing (B04) (1st),17-May-26,0.0,0.0,0.0,0.0,0,0.0,0,0.0,The Big -P.01-UP-20-April-26,AB-SUB-B04-1ST-1010,10-May-26,0.00%,0.00%,$0.00,$0.00,$0.00,
The Big -P.01-UP-20-April-26,AB-SUB-B04-1ST-1020,910,915,910,The Big -P.01-UP-20-April-26,The Big - P.01 - UP-24-MAY-26.HO.1.S.P01.B04.SUP.1stF,AB-SUB-B04-1ST-1020,Submittal for Beams Conc. Dim.  & RFT DWGs As-Built Drawing (B04) (1st),24-Jun-26,15-Jul-26,29-Oct-26,19-Nov-26,6-Mar-27,29-Mar-27,1,0.0,0.0,107.0,No,,The Big -P.01-UP-20-April-26,AB-SUB-B04-1ST-1020,Submittal for Beams Conc. Dim.  & RFT DWGs As-Built Drawing (B04) (1st),17-May-26,0.0,0.0,0.0,0.0,0,0.0,0,0.0,The Big -P.01-UP-20-April-26,AB-SUB-B04-1ST-1020,10-May-26,0.00%,0.00%,$0.00,$0.00,$0.00,
The Big -P.01-UP-20-April-26,AB-SUB-B04-1ST-1030,911,916,911,The Big -P.01-UP-20-April-26,The Big - P.01 - UP-24-MAY-26.HO.1.S.P01.B04.SUP.1stF,AB-SUB-B04-1ST-1030,Submittal for Stairs Conc. Dim.  & RFT DWGs As-Built Drawing (B04) (1st),24-Jun-26,15-Jul-26,29-Oct-26,19-Nov-26,6-Mar-27,29-Mar-27,1,0.0,0.0,107.0,No,,The Big -P.01-UP-20-April-26,AB-SUB-B04-1ST-1030,Submittal for Stairs Conc. Dim.  & RFT DWGs As-Built Drawing (B04) (1st),17-May-26,0.0,0.0,0.0,0.0,0,0.0,0,0.0,The Big -P.01-UP-20-April-26,AB-SUB-B04-1ST-1030,10-May-26,0.00%,0.00%,$0.00,$0.00,$0.00,
The Big -P.01-UP-20-April-26,CON-B01-1ST-1080,912,952,950,The Big -P.01-UP-20-April-26,The Big - P.01 - UP-24-MAY-26.CON.P02.B01.SUP.1stF,CON-B01-1ST-1080,Dismantling Formwork (B01) (1st),25-Jun-26,25-Jun-26,17-Nov-26,18-Nov-26,30-Jun-26,30-Jun-26,1,0.0,0.0,-140.0,Yes,,The Big -P.01-UP-20-April-26,CON-B01-1ST-1080,Dismantling Formwork (B01) (1st),17-May-26,0.0,0.0,0.0,0.0,0,0.0,0,0.0,The Big -P.01-UP-20-April-26,CON-B01-1ST-1080,10-May-26,0.00%,0.00%,$0.00,$0.00,$0.00,
The Big -P.01-UP-20-April-26,CON-B02-1ST-1050,913,880,890,The Big -P.01-UP-20-April-26,The Big - P.01 - UP-24-MAY-26.CON.P02.B02.SUP.1stF,CON-B02-1ST-1050,"RFT for Slabs, Beams & Stairs (B02) (1st)",27-Jun-26,11-Jul-26,11-Oct-26,24-Oct-26,9-Jul-26,22-Jul-26,1,0.0,0.0,-77.0,Yes,,The Big -P.01-UP-20-April-26,CON-B02-1ST-1050,"RFT for Slabs, Beams & Stairs (B02) (1st)",17-May-26,1677255.18,0.0,0.0,0.0,0,0.0,0,0.0,The Big -P.01-UP-20-April-26,CON-B02-1ST-1050,10-May-26,0.00%,0.00%,$0.00,$0.00,$0.00,
The Big -P.01-UP-20-April-26,CON-B03-1ST-1040,914,888,895,The Big -P.01-UP-20-April-26,The Big - P.01 - UP-24-MAY-26.CON.P01.B03.SUP.1stF,CON-B03-1ST-1040,"Shuttering for Slabs, Beams & Stairs (B03) (1st)",27-Jun-26,14-Jul-26,14-Oct-26,31-Oct-26,27-Jun-26,14-Jul-26,1,0.0,0.0,-90.0,Yes,,The Big -P.01-UP-20-April-26,CON-B03-1ST-1040,"Shuttering for Slabs, Beams & Stairs (B03) (1st)",17-May-26,945063.75,0.0,0.0,0.0,0,0.0,0,0.0,The Big -P.01-UP-20-April-26,CON-B03-1ST-1040,10-May-26,0.00%,0.00%,$0.00,$0.00,$0.00,
The Big -P.01-UP-20-April-26,CON-B04-2ND-1000,915,921,919,The Big -P.01-UP-20-April-26,The Big - P.01 - UP-24-MAY-26.CON.P01.B04.SUP.2ndF,CON-B04-2ND-1000,"Scaffolding works for Walls, Col. & Cores (B04) (2nd)",27-Jun-26,2-Jul-26,1-Nov-26,7-Nov-26,27-Jun-26,2-Jul-26,1,0.0,0.0,-105.0,Yes,,The Big -P.01-UP-20-April-26,CON-B04-2ND-1000,"Scaffolding works for Walls, Col. & Cores (B04) (2nd)",17-May-26,0.0,0.0,0.0,0.0,0,0.0,0,0.0,The Big -P.01-UP-20-April-26,CON-B04-2ND-1000,10-May-26,0.00%,0.00%,$0.00,$0.00,$0.00,
The Big -P.01-UP-20-April-26,AB-SUB-B03-1ST-1000,916,889,896,The Big -P.01-UP-20-April-26,The Big - P.01 - UP-24-MAY-26.HO.1.S.P01.B03.SUP.1stF,AB-SUB-B03-1ST-1000,Submittal for Col. & Walls Conc. Dim.  & RFT DWGs As-Built Drawing (B03) (1st),27-Jun-26,18-Jul-26,14-Oct-26,3-Nov-26,6-Mar-27,29-Mar-27,1,0.0,0.0,120.0,No,,The Big -P.01-UP-20-April-26,AB-SUB-B03-1ST-1000,Submittal for Col. & Walls Conc. Dim.  & RFT DWGs As-Built Drawing (B03) (1st),17-May-26,0.0,0.0,0.0,0.0,0,0.0,0,0.0,The Big -P.01-UP-20-April-26,AB-SUB-B03-1ST-1000,10-May-26,0.00%,0.00%,$0.00,$0.00,$0.00,
The Big -P.01-UP-20-April-26,AB-APP-B01-1ST-1010,917,953,951,The Big -P.01-UP-20-April-26,The Big - P.01 - UP-24-MAY-26.HO.1.A.P02.B01.SUP.1stF,AB-APP-B01-1ST-1010,Approval for Slabs Conc. Dim.  & RFT DWGs As-Built Drawing (B01) (1st),27-Jun-26,11-Jul-26,18-Nov-26,2-Dec-26,23-Mar-27,5-Apr-27,1,0.0,0.0,102.0,No,,The Big -P.01-UP-20-April-26,AB-APP-B01-1ST-1010,Approval for Slabs Conc. Dim.  & RFT DWGs As-Built Drawing (B01) (1st),17-May-26,0.0,0.0,0.0,0.0,0,0.0,0,0.0,The Big -P.01-UP-20-April-26,AB-APP-B01-1ST-1010,10-May-26,0.00%,0.00%,$0.00,$0.00,$0.00,
The Big -P.01-UP-20-April-26,AB-APP-B01-1ST-1020,918,954,952,The Big -P.01-UP-20-April-26,The Big - P.01 - UP-24-MAY-26.HO.1.A.P02.B01.SUP.1stF,AB-APP-B01-1ST-1020,Approval for Beams Conc. Dim.  & RFT DWGs As-Built Drawing (B01) (1st),27-Jun-26,11-Jul-26,18-Nov-26,2-Dec-26,23-Mar-27,5-Apr-27,1,0.0,0.0,102.0,No,,The Big -P.01-UP-20-April-26,AB-APP-B01-1ST-1020,Approval for Beams Conc. Dim.  & RFT DWGs As-Built Drawing (B01) (1st),17-May-26,0.0,0.0,0.0,0.0,0,0.0,0,0.0,The Big -P.01-UP-20-April-26,AB-APP-B01-1ST-1020,10-May-26,0.00%,0.00%,$0.00,$0.00,$0.00,
The Big -P.01-UP-20-April-26,AB-APP-B01-1ST-1030,919,955,953,The Big -P.01-UP-20-April-26,The Big - P.01 - UP-24-MAY-26.HO.1.A.P02.B01.SUP.1stF,AB-APP-B01-1ST-1030,Approval for Stairs Conc. Dim.  & RFT DWGs As-Built Drawing (B01) (1st),27-Jun-26,11-Jul-26,18-Nov-26,2-Dec-26,23-Mar-27,5-Apr-27,1,0.0,0.0,102.0,No,,The Big -P.01-UP-20-April-26,AB-APP-B01-1ST-1030,Approval for Stairs Conc. Dim.  & RFT DWGs As-Built Drawing (B01) (1st),17-May-26,0.0,0.0,0.0,0.0,0,0.0,0,0.0,The Big -P.01-UP-20-April-26,AB-APP-B01-1ST-1030,10-May-26,0.00%,0.00%,$0.00,$0.00,$0.00,
The Big -P.01-UP-20-April-26,CON-B01-2ND-1030,920,956,954,The Big -P.01-UP-20-April-26,The Big - P.01 - UP-24-MAY-26.CON.P02.B01.SUP.2ndF,CON-B01-2ND-1030,"Pouring for Walls, Col. & Cores (B01) (2nd)",28-Jun-26,29-Jun-26,19-Nov-26,22-Nov-26,28-Jun-26,29-Jun-26,1,0.0,0.0,-120.0,Yes,,The Big -P.01-UP-20-April-26,CON-B01-2ND-1030,"Pouring for Walls, Col. & Cores (B01) (2nd)",17-May-26,449004.37,0.0,0.0,0.0,0,0.0,0,0.0,The Big -P.01-UP-20-April-26,CON-B01-2ND-1030,10-May-26,0.00%,0.00%,$0.00,$0.00,$0.00,
The Big -P.01-UP-20-April-26,P-MDEL-1100,921,629,663,The Big -P.01-UP-20-April-26,The Big - P.01 - UP-24-MAY-26.P.PC.DS.DR,P-MDEL-1100,Delivery for Rebar Patch#8  (3rd floor),28-Jun-26,29-Jun-26,28-Jun-26,29-Jun-26,23-Jul-26,24-Jul-26,1,0.0,0.0,25.0,No,,The Big -P.01-UP-20-April-26,P-MDEL-1100,Delivery for Rebar Patch#8  (3rd floor),17-May-26,0.0,0.0,0.0,0.0,0,0.0,0,0.0,The Big -P.01-UP-20-April-26,P-MDEL-1100,10-May-26,0.00%,0.00%,$0.00,$0.00,$0.00,
The Big -P.01-UP-20-April-26,CON-B01-2ND-1040,922,964,959,The Big -P.01-UP-20-April-26,The Big - P.01 - UP-24-MAY-26.CON.P02.B01.SUP.2ndF,CON-B01-2ND-1040,"Shuttering for Slabs, Beams & Stairs (B01) (2nd)",1-Jul-26,9-Jul-26,22-Nov-26,1-Dec-26,1-Jul-26,9-Jul-26,1,0.0,0.0,-120.0,Yes,,The Big -P.01-UP-20-April-26,CON-B01-2ND-1040,"Shuttering for Slabs, Beams & Stairs (B01) (2nd)",17-May-26,1045604.81,0.0,0.0,0.0,0,0.0,0,0.0,The Big -P.01-UP-20-April-26,CON-B01-2ND-1040,10-May-26,0.00%,0.00%,$0.00,$0.00,$0.00,
The Big -P.01-UP-20-April-26,CON-B04-2ND-1010,923,932,927,The Big -P.01-UP-20-April-26,The Big - P.01 - UP-24-MAY-26.CON.P01.B04.SUP.2ndF,CON-B04-2ND-1010,"RFT for Walls, Col. & Cores (B04) (2nd)",1-Jul-26,9-Jul-26,4-Nov-26,14-Nov-26,1-Jul-26,9-Jul-26,1,0.0,0.0,-105.0,Yes,,The Big -P.01-UP-20-April-26,CON-B04-2ND-1010,"RFT for Walls, Col. & Cores (B04) (2nd)",17-May-26,549836.38,0.0,0.0,0.0,0,0.0,0,0.0,The Big -P.01-UP-20-April-26,CON-B04-2ND-1010,10-May-26,0.00%,0.00%,$0.00,$0.00,$0.00,
The Big -P.01-UP-20-April-26,AB-SUB-B01-2ND-1000,924,965,960,The Big -P.01-UP-20-April-26,The Big - P.01 - UP-24-MAY-26.HO.1.S.P02.B01.SUP.2ndF,AB-SUB-B01-2ND-1000,Submittal for Col. & Walls Conc. Dim.  & RFT DWGs As-Built Drawing (B01) (2nd),1-Jul-26,21-Jul-26,22-Nov-26,13-Dec-26,6-Mar-27,29-Mar-27,1,0.0,0.0,87.0,No,,The Big -P.01-UP-20-April-26,AB-SUB-B01-2ND-1000,Submittal for Col. & Walls Conc. Dim.  & RFT DWGs As-Built Drawing (B01) (2nd),17-May-26,0.0,0.0,0.0,0.0,0,0.0,0,0.0,The Big -P.01-UP-20-April-26,AB-SUB-B01-2ND-1000,10-May-26,0.00%,0.00%,$0.00,$0.00,$0.00,
The Big -P.01-UP-20-April-26,CON-B03-1ST-1050,925,896,900,The Big -P.01-UP-20-April-26,The Big - P.01 - UP-24-MAY-26.CON.P01.B03.SUP.1stF,CON-B03-1ST-1050,"RFT for Slabs, Beams & Stairs (B03) (1st)",2-Jul-26,19-Jul-26,19-Oct-26,4-Nov-26,2-Jul-26,19-Jul-26,1,0.0,0.0,-90.0,Yes,,The Big -P.01-UP-20-April-26,CON-B03-1ST-1050,"RFT for Slabs, Beams & Stairs (B03) (1st)",17-May-26,1396338.34,0.0,0.0,0.0,0,0.0,0,0.0,The Big -P.01-UP-20-April-26,CON-B03-1ST-1050,10-May-26,0.00%,0.00%,$0.00,$0.00,$0.00,
The Big -P.01-UP-20-April-26,P-MPOS-1140,926,655,679,The Big -P.01-UP-20-April-26,The Big - P.01 - UP-24-MAY-26.P.PC.PO.1,P-MPOS-1140,P.O for Rebar Patch#9  (4th floor),4-Jul-26,5-Jul-26,4-Jul-26,5-Jul-26,29-Jul-26,30-Jul-26,1,0.0,0.0,21.0,No,,The Big -P.01-UP-20-April-26,P-MPOS-1140,P.O for Rebar Patch#9  (4th floor),15-Apr-26,0.0,0.0,0.0,0.0,0,0.0,0,0.0,The Big -P.01-UP-20-April-26,P-MPOS-1140,15-Apr-26,0.00%,0.00%,$0.00,$0.00,$0.00,
The Big -P.01-UP-20-April-26,CON-B04-2ND-1020,927,940,930,The Big -P.01-UP-20-April-26,The Big - P.01 - UP-24-MAY-26.CON.P01.B04.SUP.2ndF,CON-B04-2ND-1020,"Shuttering for Walls, Col. & Cores (B04) (2nd)",5-Jul-26,13-Jul-26,8-Nov-26,17-Nov-26,5-Jul-26,13-Jul-26,1,0.0,0.0,-105.0,Yes,,The Big -P.01-UP-20-April-26,CON-B04-2ND-1020,"Shuttering for Walls, Col. & Cores (B04) (2nd)",17-May-26,300845.35,0.0,0.0,0.0,0,0.0,0,0.0,The Big -P.01-UP-20-April-26,CON-B04-2ND-1020,10-May-26,0.00%,0.00%,$0.00,$0.00,$0.00,
The Big -P.01-UP-20-April-26,CON-B01-2ND-1050,928,968,963,The Big -P.01-UP-20-April-26,The Big - P.01 - UP-24-MAY-26.CON.P02.B01.SUP.2ndF,CON-B01-2ND-1050,"RFT for Slabs, Beams & Stairs (B01) (2nd)",6-Jul-26,14-Jul-26,26-Nov-26,6-Dec-26,6-Jul-26,14-Jul-26,1,0.0,0.0,-120.0,Yes,,The Big -P.01-UP-20-April-26,CON-B01-2ND-1050,"RFT for Slabs, Beams & Stairs (B01) (2nd)",17-May-26,1544246.42,0.0,0.0,0.0,0,0.0,0,0.0,The Big -P.01-UP-20-April-26,CON-B01-2ND-1050,10-May-26,0.00%,0.00%,$0.00,$0.00,$0.00,
The Big -P.01-UP-20-April-26,AB-APP-B02-SOG-1000,929,971,967,The Big -P.01-UP-20-April-26,The Big - P.01 - UP-24-MAY-26.HO.1.A.P02.B02.SUB.2ndB.SOG,AB-APP-B02-SOG-1000,Approval for S.O.G Conc. Dim. DWGs As-Built Drawing (B02) (Sog),6-Jul-26,19-Jul-26,28-Nov-26,10-Dec-26,23-Mar-27,5-Apr-27,1,0.0,0.0,94.0,No,,The Big -P.01-UP-20-April-26,AB-APP-B02-SOG-1000,Approval for S.O.G Conc. Dim. DWGs As-Built Drawing (B02) (Sog),17-May-26,0.0,0.0,0.0,0.0,0,0.0,0,0.0,The Big -P.01-UP-20-April-26,AB-APP-B02-SOG-1000,10-May-26,0.00%,0.00%,$0.00,$0.00,$0.00,
The Big -P.01-UP-20-April-26,AB-APP-B02-SOG-1010,930,972,968,The Big -P.01-UP-20-April-26,The Big - P.01 - UP-24-MAY-26.HO.1.A.P02.B02.SUB.2ndB.SOG,AB-APP-B02-SOG-1010,Approval for S.O.G RFT DWGs As-Built Drawing (B02) (Sog),6-Jul-26,19-Jul-26,28-Nov-26,10-Dec-26,23-Mar-27,5-Apr-27,1,0.0,0.0,94.0,No,,The Big -P.01-UP-20-April-26,AB-APP-B02-SOG-1010,Approval for S.O.G RFT DWGs As-Built Drawing (B02) (Sog),17-May-26,0.0,0.0,0.0,0.0,0,0.0,0,0.0,The Big -P.01-UP-20-April-26,AB-APP-B02-SOG-1010,10-May-26,0.00%,0.00%,$0.00,$0.00,$0.00,
The Big -P.01-UP-20-April-26,CON-B04-1ST-1080,931,943,933,The Big -P.01-UP-20-April-26,The Big - P.01 - UP-24-MAY-26.CON.P01.B04.SUP.1stF,CON-B04-1ST-1080,Dismantling Formwork (B04) (1st),7-Jul-26,7-Jul-26,10-Nov-26,11-Nov-26,14-Jul-26,14-Jul-26,1,0.0,0.0,-119.0,Yes,,The Big -P.01-UP-20-April-26,CON-B04-1ST-1080,Dismantling Formwork (B04) (1st),17-May-26,0.0,0.0,0.0,0.0,0,0.0,0,0.0,The Big -P.01-UP-20-April-26,CON-B04-1ST-1080,10-May-26,0.00%,0.00%,$0.00,$0.00,$0.00,
The Big -P.01-UP-20-April-26,AB-APP-B02-1ST-1000,932,899,901,The Big -P.01-UP-20-April-26,The Big - P.01 - UP-24-MAY-26.HO.1.A.P02.B02.SUP.1stF,AB-APP-B02-1ST-1000,Approval for Col. & Walls Conc. Dim.  & RFT DWGs As-Built Drawing (B02) (1st),7-Jul-26,20-Jul-26,20-Oct-26,2-Nov-26,23-Mar-27,5-Apr-27,1,0.0,0.0,127.0,No,,The Big -P.01-UP-20-April-26,AB-APP-B02-1ST-1000,Approval for Col. & Walls Conc. Dim.  & RFT DWGs As-Built Drawing (B02) (1st),17-May-26,0.0,0.0,0.0,0.0,0,0.0,0,0.0,The Big -P.01-UP-20-April-26,AB-APP-B02-1ST-1000,10-May-26,0.00%,0.00%,$0.00,$0.00,$0.00,
The Big -P.01-UP-20-April-26,AB-APP-B04-1ST-1010,933,945,941,The Big -P.01-UP-20-April-26,The Big - P.01 - UP-24-MAY-26.HO.1.A.P01.B04.SUP.1stF,AB-APP-B04-1ST-1010,Approval for Slabs Conc. Dim.  & RFT DWGs As-Built Drawing (B04) (1st),9-Jul-26,22-Jul-26,12-Nov-26,26-Nov-26,23-Mar-27,5-Apr-27,1,0.0,0.0,107.0,No,,The Big -P.01-UP-20-April-26,AB-APP-B04-1ST-1010,Approval for Slabs Conc. Dim.  & RFT DWGs As-Built Drawing (B04) (1st),17-May-26,0.0,0.0,0.0,0.0,0,0.0,0,0.0,The Big -P.01-UP-20-April-26,AB-APP-B04-1ST-1010,10-May-26,0.00%,0.00%,$0.00,$0.00,$0.00,
The Big -P.01-UP-20-April-26,AB-APP-B04-1ST-1020,934,946,942,The Big -P.01-UP-20-April-26,The Big - P.01 - UP-24-MAY-26.HO.1.A.P01.B04.SUP.1stF,AB-APP-B04-1ST-1020,Approval for Beams Conc. Dim.  & RFT DWGs As-Built Drawing (B04) (1st),9-Jul-26,22-Jul-26,12-Nov-26,26-Nov-26,23-Mar-27,5-Apr-27,1,0.0,0.0,107.0,No,,The Big -P.01-UP-20-April-26,AB-APP-B04-1ST-1020,Approval for Beams Conc. Dim.  & RFT DWGs As-Built Drawing (B04) (1st),17-May-26,0.0,0.0,0.0,0.0,0,0.0,0,0.0,The Big -P.01-UP-20-April-26,AB-APP-B04-1ST-1020,10-May-26,0.00%,0.00%,$0.00,$0.00,$0.00,
The Big -P.01-UP-20-April-26,AB-APP-B04-1ST-1030,935,947,943,The Big -P.01-UP-20-April-26,The Big - P.01 - UP-24-MAY-26.HO.1.A.P01.B04.SUP.1stF,AB-APP-B04-1ST-1030,Approval for Stairs Conc. Dim.  & RFT DWGs As-Built Drawing (B04) (1st),9-Jul-26,22-Jul-26,12-Nov-26,26-Nov-26,23-Mar-27,5-Apr-27,1,0.0,0.0,107.0,No,,The Big -P.01-UP-20-April-26,AB-APP-B04-1ST-1030,Approval for Stairs Conc. Dim.  & RFT DWGs As-Built Drawing (B04) (1st),17-May-26,0.0,0.0,0.0,0.0,0,0.0,0,0.0,The Big -P.01-UP-20-April-26,AB-APP-B04-1ST-1030,10-May-26,0.00%,0.00%,$0.00,$0.00,$0.00,
The Big -P.01-UP-20-April-26,CON-B02-1ST-1060,936,900,906,The Big -P.01-UP-20-April-26,The Big - P.01 - UP-24-MAY-26.CON.P02.B02.SUP.1stF,CON-B02-1ST-1060,"Pouring for Slabs, Beams & Stairs (B02) (1st)",12-Jul-26,14-Jul-26,25-Oct-26,27-Oct-26,25-Jul-26,27-Jul-26,1,0.0,0.0,-77.0,Yes,,The Big -P.01-UP-20-April-26,CON-B02-1ST-1060,"Pouring for Slabs, Beams & Stairs (B02) (1st)",17-May-26,1034947.16,0.0,0.0,0.0,0,0.0,0,0.0,The Big -P.01-UP-20-April-26,CON-B02-1ST-1060,10-May-26,0.00%,0.00%,$0.00,$0.00,$0.00,
The Big -P.01-UP-20-April-26,AB-APP-B03-1ST-1000,937,905,917,The Big -P.01-UP-20-April-26,The Big - P.01 - UP-24-MAY-26.HO.1.A.P01.B03.SUP.1stF,AB-APP-B03-1ST-1000,Approval for Col. & Walls Conc. Dim.  & RFT DWGs As-Built Drawing  (B03) (1st),12-Jul-26,26-Jul-26,28-Oct-26,10-Nov-26,23-Mar-27,5-Apr-27,1,0.0,0.0,120.0,No,,The Big -P.01-UP-20-April-26,AB-APP-B03-1ST-1000,Approval for Col. & Walls Conc. Dim.  & RFT DWGs As-Built Drawing  (B03) (1st),17-May-26,0.0,0.0,0.0,0.0,0,0.0,0,0.0,The Big -P.01-UP-20-April-26,AB-APP-B03-1ST-1000,10-May-26,0.00%,0.00%,$0.00,$0.00,$0.00,
The Big -P.01-UP-20-April-26,CON-B04-2ND-1030,938,957,956,The Big -P.01-UP-20-April-26,The Big - P.01 - UP-24-MAY-26.CON.P01.B04.SUP.2ndF,CON-B04-2ND-1030,"Pouring for Walls, Col. & Cores (B04) (2nd)",14-Jul-26,14-Jul-26,17-Nov-26,18-Nov-26,14-Jul-26,14-Jul-26,1,0.0,0.0,-105.0,Yes,,The Big -P.01-UP-20-April-26,CON-B04-2ND-1030,"Pouring for Walls, Col. & Cores (B04) (2nd)",17-May-26,451268.03,0.0,0.0,0.0,0,0.0,0,0.0,The Big -P.01-UP-20-April-26,CON-B04-2ND-1030,10-May-26,0.00%,0.00%,$0.00,$0.00,$0.00,
The Big -P.01-UP-20-April-26,CON-B01-2ND-1060,939,979,973,The Big -P.01-UP-20-April-26,The Big - P.01 - UP-24-MAY-26.CON.P02.B01.SUP.2ndF,CON-B01-2ND-1060,"Pouring for Slabs, Beams & Stairs (B01) (2nd)",15-Jul-26,18-Jul-26,6-Dec-26,9-Dec-26,15-Jul-26,18-Jul-26,1,0.0,0.0,-120.0,Yes,,The Big -P.01-UP-20-April-26,CON-B01-2ND-1060,"Pouring for Slabs, Beams & Stairs (B01) (2nd)",17-May-26,1568407.21,0.0,0.0,0.0,0,0.0,0,0.0,The Big -P.01-UP-20-April-26,CON-B01-2ND-1060,10-May-26,0.00%,0.00%,$0.00,$0.00,$0.00,
The Big -P.01-UP-20-April-26,CON-B02-1ST-1070,940,907,913,The Big -P.01-UP-20-April-26,The Big - P.01 - UP-24-MAY-26.CON.P02.B02.SUP.1stF,CON-B02-1ST-1070,"Curing for Slabs, Beams & Stairs (B02) (1st)",15-Jul-26,19-Jul-26,28-Oct-26,1-Nov-26,28-Jul-26,1-Aug-26,1,0.0,0.0,-92.0,Yes,,The Big -P.01-UP-20-April-26,CON-B02-1ST-1070,"Curing for Slabs, Beams & Stairs (B02) (1st)",17-May-26,0.0,0.0,0.0,0.0,0,0.0,0,0.0,The Big -P.01-UP-20-April-26,CON-B02-1ST-1070,10-May-26,0.00%,0.00%,$0.00,$0.00,$0.00,
The Big -P.01-UP-20-April-26,CON-B04-2ND-1040,941,961,957,The Big -P.01-UP-20-April-26,The Big - P.01 - UP-24-MAY-26.CON.P01.B04.SUP.2ndF,CON-B04-2ND-1040,"Shuttering for Slabs, Beams & Stairs (B04) (2nd)",15-Jul-26,27-Jul-26,18-Nov-26,30-Nov-26,15-Jul-26,27-Jul-26,1,0.0,0.0,-105.0,Yes,,The Big -P.01-UP-20-April-26,CON-B04-2ND-1040,"Shuttering for Slabs, Beams & Stairs (B04) (2nd)",17-May-26,982426.22,0.0,0.0,0.0,0,0.0,0,0.0,The Big -P.01-UP-20-April-26,CON-B04-2ND-1040,10-May-26,0.00%,0.00%,$0.00,$0.00,$0.00,
The Big -P.01-UP-20-April-26,AB-SUB-B04-2ND-1000,942,962,958,The Big -P.01-UP-20-April-26,The Big - P.01 - UP-24-MAY-26.HO.1.S.P01.B04.SUP.2ndF,AB-SUB-B04-2ND-1000,Submittal for Col. & Walls Conc. Dim.  & RFT DWGs As-Built Drawing (B04) (2nd),15-Jul-26,5-Aug-26,18-Nov-26,9-Dec-26,6-Mar-27,29-Mar-27,1,0.0,0.0,90.0,No,,The Big -P.01-UP-20-April-26,AB-SUB-B04-2ND-1000,Submittal for Col. & Walls Conc. Dim.  & RFT DWGs As-Built Drawing (B04) (2nd),17-May-26,0.0,0.0,0.0,0.0,0,0.0,0,0.0,The Big -P.01-UP-20-April-26,AB-SUB-B04-2ND-1000,10-May-26,0.00%,0.00%,$0.00,$0.00,$0.00,
The Big -P.01-UP-20-April-26,AB-SUB-B02-1ST-1010,943,908,914,The Big -P.01-UP-20-April-26,The Big - P.01 - UP-24-MAY-26.HO.1.S.P02.B02.SUP.1stF,AB-SUB-B02-1ST-1010,Submittal for Slabs Conc. Dim.  & RFT DWGs As-Built Drawing (B02) (1st),15-Jul-26,5-Aug-26,28-Oct-26,17-Nov-26,6-Mar-27,29-Mar-27,1,0.0,0.0,108.0,No,,The Big -P.01-UP-20-April-26,AB-SUB-B02-1ST-1010,Submittal for Slabs Conc. Dim.  & RFT DWGs As-Built Drawing (B02) (1st),17-May-26,0.0,0.0,0.0,0.0,0,0.0,0,0.0,The Big -P.01-UP-20-April-26,AB-SUB-B02-1ST-1010,10-May-26,0.00%,0.00%,$0.00,$0.00,$0.00,
The Big -P.01-UP-20-April-26,AB-SUB-B02-1ST-1020,944,909,915,The Big -P.01-UP-20-April-26,The Big - P.01 - UP-24-MAY-26.HO.1.S.P02.B02.SUP.1stF,AB-SUB-B02-1ST-1020,Submittal for Beams Conc. Dim.  & RFT DWGs As-Built Drawing (B02) (1st),15-Jul-26,5-Aug-26,28-Oct-26,17-Nov-26,6-Mar-27,29-Mar-27,1,0.0,0.0,108.0,No,,The Big -P.01-UP-20-April-26,AB-SUB-B02-1ST-1020,Submittal for Beams Conc. Dim.  & RFT DWGs As-Built Drawing (B02) (1st),17-May-26,0.0,0.0,0.0,0.0,0,0.0,0,0.0,The Big -P.01-UP-20-April-26,AB-SUB-B02-1ST-1020,10-May-26,0.00%,0.00%,$0.00,$0.00,$0.00,
The Big -P.01-UP-20-April-26,AB-SUB-B02-1ST-1030,945,910,916,The Big -P.01-UP-20-April-26,The Big - P.01 - UP-24-MAY-26.HO.1.S.P02.B02.SUP.1stF,AB-SUB-B02-1ST-1030,Submittal for Stairs Conc. Dim.  & RFT DWGs As-Built Drawing (B02) (1st),15-Jul-26,5-Aug-26,28-Oct-26,17-Nov-26,6-Mar-27,29-Mar-27,1,0.0,0.0,108.0,No,,The Big -P.01-UP-20-April-26,AB-SUB-B02-1ST-1030,Submittal for Stairs Conc. Dim.  & RFT DWGs As-Built Drawing (B02) (1st),17-May-26,0.0,0.0,0.0,0.0,0,0.0,0,0.0,The Big -P.01-UP-20-April-26,AB-SUB-B02-1ST-1030,10-May-26,0.00%,0.00%,$0.00,$0.00,$0.00,
The Big -P.01-UP-20-April-26,AB-APP-B01-2ND-1000,946,980,976,The Big -P.01-UP-20-April-26,The Big - P.01 - UP-24-MAY-26.HO.1.A.P02.B01.SUP.2ndF,AB-APP-B01-2ND-1000,Approval for Col. & Walls Conc. Dim.  & RFT DWGs As-Built Drawing (B01) (2nd),15-Jul-26,29-Jul-26,6-Dec-26,20-Dec-26,23-Mar-27,5-Apr-27,1,0.0,0.0,87.0,No,,The Big -P.01-UP-20-April-26,AB-APP-B01-2ND-1000,Approval for Col. & Walls Conc. Dim.  & RFT DWGs As-Built Drawing (B01) (2nd),17-May-26,0.0,0.0,0.0,0.0,0,0.0,0,0.0,The Big -P.01-UP-20-April-26,AB-APP-B01-2ND-1000,10-May-26,0.00%,0.00%,$0.00,$0.00,$0.00,
The Big -P.01-UP-20-April-26,CON-B01-2ND-1070,947,982,980,The Big -P.01-UP-20-April-26,The Big - P.01 - UP-24-MAY-26.CON.P02.B01.SUP.2ndF,CON-B01-2ND-1070,"Curing for Slabs, Beams & Stairs (B01) (2nd)",19-Jul-26,21-Jul-26,9-Dec-26,12-Dec-26,4-Aug-26,6-Aug-26,1,0.0,0.0,-127.0,Yes,,The Big -P.01-UP-20-April-26,CON-B01-2ND-1070,"Curing for Slabs, Beams & Stairs (B01) (2nd)",17-May-26,0.0,0.0,0.0,0.0,0,0.0,0,0.0,The Big -P.01-UP-20-April-26,CON-B01-2ND-1070,10-May-26,0.00%,0.00%,$0.00,$0.00,$0.00,
The Big -P.01-UP-20-April-26,AB-SUB-B01-2ND-1010,948,983,981,The Big -P.01-UP-20-April-26,The Big - P.01 - UP-24-MAY-26.HO.1.S.P02.B01.SUP.2ndF,AB-SUB-B01-2ND-1010,Submittal for Slabs Conc. Dim.  & RFT DWGs As-Built Drawing (B01) (2nd),19-Jul-26,9-Aug-26,9-Dec-26,30-Dec-26,6-Mar-27,29-Mar-27,1,0.0,0.0,72.0,No,,The Big -P.01-UP-20-April-26,AB-SUB-B01-2ND-1010,Submittal for Slabs Conc. Dim.  & RFT DWGs As-Built Drawing (B01) (2nd),17-May-26,0.0,0.0,0.0,0.0,0,0.0,0,0.0,The Big -P.01-UP-20-April-26,AB-SUB-B01-2ND-1010,10-May-26,0.00%,0.00%,$0.00,$0.00,$0.00,
The Big -P.01-UP-20-April-26,AB-SUB-B01-2ND-1020,949,984,982,The Big -P.01-UP-20-April-26,The Big - P.01 - UP-24-MAY-26.HO.1.S.P02.B01.SUP.2ndF,AB-SUB-B01-2ND-1020,Submittal for Beams Conc. Dim.  & RFT DWGs As-Built Drawing (B01) (2nd),19-Jul-26,9-Aug-26,9-Dec-26,30-Dec-26,6-Mar-27,29-Mar-27,1,0.0,0.0,72.0,No,,The Big -P.01-UP-20-April-26,AB-SUB-B01-2ND-1020,Submittal for Beams Conc. Dim.  & RFT DWGs As-Built Drawing (B01) (2nd),17-May-26,0.0,0.0,0.0,0.0,0,0.0,0,0.0,The Big -P.01-UP-20-April-26,AB-SUB-B01-2ND-1020,10-May-26,0.00%,0.00%,$0.00,$0.00,$0.00,
The Big -P.01-UP-20-April-26,AB-SUB-B01-2ND-1030,950,985,983,The Big -P.01-UP-20-April-26,The Big - P.01 - UP-24-MAY-26.HO.1.S.P02.B01.SUP.2ndF,AB-SUB-B01-2ND-1030,Submittal for Stairs Conc. Dim.  & RFT DWGs As-Built Drawing (B01) (2nd),19-Jul-26,9-Aug-26,9-Dec-26,30-Dec-26,6-Mar-27,29-Mar-27,1,0.0,0.0,72.0,No,,The Big -P.01-UP-20-April-26,AB-SUB-B01-2ND-1030,Submittal for Stairs Conc. Dim.  & RFT DWGs As-Built Drawing (B01) (2nd),17-May-26,0.0,0.0,0.0,0.0,0,0.0,0,0.0,The Big -P.01-UP-20-April-26,AB-SUB-B01-2ND-1030,10-May-26,0.00%,0.00%,$0.00,$0.00,$0.00,
The Big -P.01-UP-20-April-26,CON-B01-3RD-1000,951,986,985,The Big -P.01-UP-20-April-26,The Big - P.01 - UP-24-MAY-26.CON.P02.B01.SUP.3rdF,CON-B01-3RD-1000,"Scaffolding works for Walls, Col. & Cores (B01) (3rd)",20-Jul-26,26-Jul-26,10-Dec-26,16-Dec-26,20-Jul-26,26-Jul-26,1,0.0,0.0,-120.0,Yes,,The Big -P.01-UP-20-April-26,CON-B01-3RD-1000,"Scaffolding works for Walls, Col. & Cores (B01) (3rd)",17-May-26,0.0,0.0,0.0,0.0,0,0.0,0,0.0,The Big -P.01-UP-20-April-26,CON-B01-3RD-1000,10-May-26,0.00%,0.00%,$0.00,$0.00,$0.00,
The Big -P.01-UP-20-April-26,CON-B03-1ST-1060,952,919,929,The Big -P.01-UP-20-April-26,The Big - P.01 - UP-24-MAY-26.CON.P01.B03.SUP.1stF,CON-B03-1ST-1060,"Pouring for Slabs, Beams & Stairs (B03) (1st)",20-Jul-26,22-Jul-26,5-Nov-26,8-Nov-26,20-Jul-26,22-Jul-26,1,0.0,0.0,-90.0,Yes,,The Big -P.01-UP-20-April-26,CON-B03-1ST-1060,"Pouring for Slabs, Beams & Stairs (B03) (1st)",17-May-26,1417595.63,0.0,0.0,0.0,0,0.0,0,0.0,The Big -P.01-UP-20-April-26,CON-B03-1ST-1060,10-May-26,0.00%,0.00%,$0.00,$0.00,$0.00,
The Big -P.01-UP-20-April-26,CON-B04-2ND-1050,953,967,962,The Big -P.01-UP-20-April-26,The Big - P.01 - UP-24-MAY-26.CON.P01.B04.SUP.2ndF,CON-B04-2ND-1050,"RFT for Slabs, Beams & Stairs (B04) (2nd)",20-Jul-26,1-Aug-26,23-Nov-26,5-Dec-26,20-Jul-26,1-Aug-26,1,0.0,0.0,-105.0,Yes,,The Big -P.01-UP-20-April-26,CON-B04-2ND-1050,"RFT for Slabs, Beams & Stairs (B04) (2nd)",17-May-26,1425382.16,0.0,0.0,0.0,0,0.0,0,0.0,The Big -P.01-UP-20-April-26,CON-B04-2ND-1050,10-May-26,0.00%,0.00%,$0.00,$0.00,$0.00,
The Big -P.01-UP-20-April-26,CON-B03-1ST-1070,954,928,937,The Big -P.01-UP-20-April-26,The Big - P.01 - UP-24-MAY-26.CON.P01.B03.SUP.1stF,CON-B03-1ST-1070,"Curing for Slabs, Beams & Stairs (B03) (1st)",23-Jul-26,27-Jul-26,9-Nov-26,13-Nov-26,24-Jul-26,28-Jul-26,1,0.0,0.0,-108.0,Yes,,The Big -P.01-UP-20-April-26,CON-B03-1ST-1070,"Curing for Slabs, Beams & Stairs (B03) (1st)",17-May-26,0.0,0.0,0.0,0.0,0,0.0,0,0.0,The Big -P.01-UP-20-April-26,CON-B03-1ST-1070,10-May-26,0.00%,0.00%,$0.00,$0.00,$0.00,
The Big -P.01-UP-20-April-26,CON-B01-3RD-1010,955,992,992,The Big -P.01-UP-20-April-26,The Big - P.01 - UP-24-MAY-26.CON.P02.B01.SUP.3rdF,CON-B01-3RD-1010,"RFT for Walls, Col. & Cores (B01) (3rd)",25-Jul-26,1-Aug-26,14-Dec-26,22-Dec-26,25-Jul-26,1-Aug-26,1,0.0,0.0,-120.0,Yes,,The Big -P.01-UP-20-April-26,CON-B01-3RD-1010,"RFT for Walls, Col. & Cores (B01) (3rd)",17-May-26,460777.03,0.0,0.0,0.0,0,0.0,0,0.0,The Big -P.01-UP-20-April-26,CON-B01-3RD-1010,10-May-26,0.00%,0.00%,$0.00,$0.00,$0.00,
The Big -P.01-UP-20-April-26,AB-SUB-B03-1ST-1010,956,929,938,The Big -P.01-UP-20-April-26,The Big - P.01 - UP-24-MAY-26.HO.1.S.P01.B03.SUP.1stF,AB-SUB-B03-1ST-1010,Submittal for Slabs Conc. Dim.  & RFT DWGs As-Built Drawing (B03) (1st),25-Jul-26,13-Aug-26,9-Nov-26,29-Nov-26,6-Mar-27,29-Mar-27,1,0.0,0.0,98.0,No,,The Big -P.01-UP-20-April-26,AB-SUB-B03-1ST-1010,Submittal for Slabs Conc. Dim.  & RFT DWGs As-Built Drawing (B03) (1st),17-May-26,0.0,0.0,0.0,0.0,0,0.0,0,0.0,The Big -P.01-UP-20-April-26,AB-SUB-B03-1ST-1010,10-May-26,0.00%,0.00%,$0.00,$0.00,$0.00,
The Big -P.01-UP-20-April-26,AB-SUB-B03-1ST-1020,957,930,939,The Big -P.01-UP-20-April-26,The Big - P.01 - UP-24-MAY-26.HO.1.S.P01.B03.SUP.1stF,AB-SUB-B03-1ST-1020,Submittal for Beams Conc. Dim.  & RFT DWGs As-Built Drawing (B03) (1st),25-Jul-26,13-Aug-26,9-Nov-26,29-Nov-26,6-Mar-27,29-Mar-27,1,0.0,0.0,98.0,No,,The Big -P.01-UP-20-April-26,AB-SUB-B03-1ST-1020,Submittal for Beams Conc. Dim.  & RFT DWGs As-Built Drawing (B03) (1st),17-May-26,0.0,0.0,0.0,0.0,0,0.0,0,0.0,The Big -P.01-UP-20-April-26,AB-SUB-B03-1ST-1020,10-May-26,0.00%,0.00%,$0.00,$0.00,$0.00,
The Big -P.01-UP-20-April-26,AB-SUB-B03-1ST-1030,958,931,940,The Big -P.01-UP-20-April-26,The Big - P.01 - UP-24-MAY-26.HO.1.S.P01.B03.SUP.1stF,AB-SUB-B03-1ST-1030,Submittal for Stairs Conc. Dim.  & RFT DWGs As-Built Drawing (B03) (1st),25-Jul-26,13-Aug-26,9-Nov-26,29-Nov-26,6-Mar-27,29-Mar-27,1,0.0,0.0,98.0,No,,The Big -P.01-UP-20-April-26,AB-SUB-B03-1ST-1030,Submittal for Stairs Conc. Dim.  & RFT DWGs As-Built Drawing (B03) (1st),17-May-26,0.0,0.0,0.0,0.0,0,0.0,0,0.0,The Big -P.01-UP-20-April-26,AB-SUB-B03-1ST-1030,10-May-26,0.00%,0.00%,$0.00,$0.00,$0.00,
The Big -P.01-UP-20-April-26,CON-B01-3RD-1020,959,997,994,The Big -P.01-UP-20-April-26,The Big - P.01 - UP-24-MAY-26.CON.P02.B01.SUP.3rdF,CON-B01-3RD-1020,"Shuttering for Walls, Col. & Cores (B01) (3rd)",28-Jul-26,4-Aug-26,17-Dec-26,26-Dec-26,28-Jul-26,4-Aug-26,1,0.0,0.0,-120.0,Yes,,The Big -P.01-UP-20-April-26,CON-B01-3RD-1020,"Shuttering for Walls, Col. & Cores (B01) (3rd)",17-May-26,252110.01,0.0,0.0,0.0,0,0.0,0,0.0,The Big -P.01-UP-20-April-26,CON-B01-3RD-1020,10-May-26,0.00%,0.00%,$0.00,$0.00,$0.00,
The Big -P.01-UP-20-April-26,CON-B02-1ST-1080,960,934,935,The Big -P.01-UP-20-April-26,The Big - P.01 - UP-24-MAY-26.CON.P02.B02.SUP.1stF,CON-B02-1ST-1080,Dismantling Formwork (B02) (1st),28-Jul-26,28-Jul-26,9-Nov-26,9-Nov-26,1-Sep-26,1-Sep-26,1,0.0,0.0,-69.0,Yes,,The Big -P.01-UP-20-April-26,CON-B02-1ST-1080,Dismantling Formwork (B02) (1st),17-May-26,0.0,0.0,0.0,0.0,0,0.0,0,0.0,The Big -P.01-UP-20-April-26,CON-B02-1ST-1080,10-May-26,0.00%,0.00%,$0.00,$0.00,$0.00,
The Big -P.01-UP-20-April-26,CON-B02-2ND-1000,961,936,936,The Big -P.01-UP-20-April-26,The Big - P.01 - UP-24-MAY-26.CON.P02.B02.SUP.2ndF,CON-B02-2ND-1000,"Scaffolding works for Walls, Col. & Cores (B02) (2nd)",28-Jul-26,2-Aug-26,10-Nov-26,15-Nov-26,10-Aug-26,15-Aug-26,1,0.0,0.0,-77.0,Yes,,The Big -P.01-UP-20-April-26,CON-B02-2ND-1000,"Scaffolding works for Walls, Col. & Cores (B02) (2nd)",17-May-26,0.0,0.0,0.0,0.0,0,0.0,0,0.0,The Big -P.01-UP-20-April-26,CON-B02-2ND-1000,10-May-26,0.00%,0.00%,$0.00,$0.00,$0.00,
The Big -P.01-UP-20-April-26,CON-B02-2ND-1010,962,941,949,The Big -P.01-UP-20-April-26,The Big - P.01 - UP-24-MAY-26.CON.P02.B02.SUP.2ndF,CON-B02-2ND-1010,"RFT for Walls, Col. & Cores (B02) (2nd)",30-Jul-26,12-Aug-26,12-Nov-26,25-Nov-26,12-Aug-26,25-Aug-26,1,0.0,0.0,-77.0,Yes,,The Big -P.01-UP-20-April-26,CON-B02-2ND-1010,"RFT for Walls, Col. & Cores (B02) (2nd)",17-May-26,290453.31,0.0,0.0,0.0,0,0.0,0,0.0,The Big -P.01-UP-20-April-26,CON-B02-2ND-1010,10-May-26,0.00%,0.00%,$0.00,$0.00,$0.00,
The Big -P.01-UP-20-April-26,AB-APP-B02-1ST-1010,963,937,946,The Big -P.01-UP-20-April-26,The Big - P.01 - UP-24-MAY-26.HO.1.A.P02.B02.SUP.1stF,AB-APP-B02-1ST-1010,Approval for Slabs Conc. Dim.  & RFT DWGs As-Built Drawing (B02) (1st),30-Jul-26,12-Aug-26,11-Nov-26,24-Nov-26,23-Mar-27,5-Apr-27,1,0.0,0.0,108.0,No,,The Big -P.01-UP-20-April-26,AB-APP-B02-1ST-1010,Approval for Slabs Conc. Dim.  & RFT DWGs As-Built Drawing (B02) (1st),17-May-26,0.0,0.0,0.0,0.0,0,0.0,0,0.0,The Big -P.01-UP-20-April-26,AB-APP-B02-1ST-1010,10-May-26,0.00%,0.00%,$0.00,$0.00,$0.00,
The Big -P.01-UP-20-April-26,AB-APP-B02-1ST-1020,964,938,947,The Big -P.01-UP-20-April-26,The Big - P.01 - UP-24-MAY-26.HO.1.A.P02.B02.SUP.1stF,AB-APP-B02-1ST-1020,Approval for Beams Conc. Dim.  & RFT DWGs As-Built Drawing (B02) (1st),30-Jul-26,12-Aug-26,11-Nov-26,24-Nov-26,23-Mar-27,5-Apr-27,1,0.0,0.0,108.0,No,,The Big -P.01-UP-20-April-26,AB-APP-B02-1ST-1020,Approval for Beams Conc. Dim.  & RFT DWGs As-Built Drawing (B02) (1st),17-May-26,0.0,0.0,0.0,0.0,0,0.0,0,0.0,The Big -P.01-UP-20-April-26,AB-APP-B02-1ST-1020,10-May-26,0.00%,0.00%,$0.00,$0.00,$0.00,
The Big -P.01-UP-20-April-26,AB-APP-B02-1ST-1030,965,939,948,The Big -P.01-UP-20-April-26,The Big - P.01 - UP-24-MAY-26.HO.1.A.P02.B02.SUP.1stF,AB-APP-B02-1ST-1030,Approval for Stairs Conc. Dim.  & RFT DWGs As-Built Drawing (B02) (1st),30-Jul-26,12-Aug-26,11-Nov-26,24-Nov-26,23-Mar-27,5-Apr-27,1,0.0,0.0,108.0,No,,The Big -P.01-UP-20-April-26,AB-APP-B02-1ST-1030,Approval for Stairs Conc. Dim.  & RFT DWGs As-Built Drawing (B02) (1st),17-May-26,0.0,0.0,0.0,0.0,0,0.0,0,0.0,The Big -P.01-UP-20-April-26,AB-APP-B02-1ST-1030,10-May-26,0.00%,0.00%,$0.00,$0.00,$0.00,
The Big -P.01-UP-20-April-26,AB-APP-B04-2ND-1000,966,977,972,The Big -P.01-UP-20-April-26,The Big - P.01 - UP-24-MAY-26.HO.1.A.P01.B04.SUP.2ndF,AB-APP-B04-2ND-1000,Approval for Col. & Walls Conc. Dim.  & RFT DWGs As-Built Drawing (B04) (2nd),30-Jul-26,12-Aug-26,2-Dec-26,16-Dec-26,23-Mar-27,5-Apr-27,1,0.0,0.0,90.0,No,,The Big -P.01-UP-20-April-26,AB-APP-B04-2ND-1000,Approval for Col. & Walls Conc. Dim.  & RFT DWGs As-Built Drawing (B04) (2nd),17-May-26,0.0,0.0,0.0,0.0,0,0.0,0,0.0,The Big -P.01-UP-20-April-26,AB-APP-B04-2ND-1000,10-May-26,0.00%,0.00%,$0.00,$0.00,$0.00,
The Big -P.01-UP-20-April-26,CON-B01-2ND-1080,967,1000,997,The Big -P.01-UP-20-April-26,The Big - P.01 - UP-24-MAY-26.CON.P02.B01.SUP.2ndF,CON-B01-2ND-1080,Dismantling Formwork (B01) (2nd),31-Jul-26,31-Jul-26,21-Dec-26,22-Dec-26,7-Aug-26,7-Aug-26,1,0.0,0.0,-136.0,Yes,,The Big -P.01-UP-20-April-26,CON-B01-2ND-1080,Dismantling Formwork (B01) (2nd),17-May-26,0.0,0.0,0.0,0.0,0,0.0,0,0.0,The Big -P.01-UP-20-April-26,CON-B01-2ND-1080,10-May-26,0.00%,0.00%,$0.00,$0.00,$0.00,
The Big -P.01-UP-20-April-26,CON-B04-2ND-1060,968,981,979,The Big -P.01-UP-20-April-26,The Big - P.01 - UP-24-MAY-26.CON.P01.B04.SUP.2ndF,CON-B04-2ND-1060,"Pouring for Slabs, Beams & Stairs (B04) (2nd)",2-Aug-26,4-Aug-26,5-Dec-26,8-Dec-26,2-Aug-26,4-Aug-26,1,0.0,0.0,-105.0,Yes,,The Big -P.01-UP-20-April-26,CON-B04-2ND-1060,"Pouring for Slabs, Beams & Stairs (B04) (2nd)",17-May-26,1473639.33,0.0,0.0,0.0,0,0.0,0,0.0,The Big -P.01-UP-20-April-26,CON-B04-2ND-1060,10-May-26,0.00%,0.00%,$0.00,$0.00,$0.00,
The Big -P.01-UP-20-April-26,CON-B02-2ND-1020,969,948,955,The Big -P.01-UP-20-April-26,The Big - P.01 - UP-24-MAY-26.CON.P02.B02.SUP.2ndF,CON-B02-2ND-1020,"Shuttering for Walls, Col. & Cores (B02) (2nd)",3-Aug-26,16-Aug-26,16-Nov-26,29-Nov-26,16-Aug-26,30-Aug-26,1,0.0,0.0,-77.0,Yes,,The Big -P.01-UP-20-April-26,CON-B02-2ND-1020,"Shuttering for Walls, Col. & Cores (B02) (2nd)",17-May-26,42415.29,0.0,0.0,0.0,0,0.0,0,0.0,The Big -P.01-UP-20-April-26,CON-B02-2ND-1020,10-May-26,0.00%,0.00%,$0.00,$0.00,$0.00,
The Big -P.01-UP-20-April-26,AB-APP-B01-2ND-1010,970,1004,1002,The Big -P.01-UP-20-April-26,The Big - P.01 - UP-24-MAY-26.HO.1.A.P02.B01.SUP.2ndF,AB-APP-B01-2ND-1010,Approval for Slabs Conc. Dim.  & RFT DWGs As-Built Drawing (B01) (2nd),3-Aug-26,16-Aug-26,23-Dec-26,6-Jan-27,23-Mar-27,5-Apr-27,1,0.0,0.0,72.0,No,,The Big -P.01-UP-20-April-26,AB-APP-B01-2ND-1010,Approval for Slabs Conc. Dim.  & RFT DWGs As-Built Drawing (B01) (2nd),17-May-26,0.0,0.0,0.0,0.0,0,0.0,0,0.0,The Big -P.01-UP-20-April-26,AB-APP-B01-2ND-1010,10-May-26,0.00%,0.00%,$0.00,$0.00,$0.00,
The Big -P.01-UP-20-April-26,AB-APP-B01-2ND-1020,971,1005,1003,The Big -P.01-UP-20-April-26,The Big - P.01 - UP-24-MAY-26.HO.1.A.P02.B01.SUP.2ndF,AB-APP-B01-2ND-1020,Approval for Beams Conc. Dim.  & RFT DWGs As-Built Drawing (B01) (2nd),3-Aug-26,16-Aug-26,23-Dec-26,6-Jan-27,23-Mar-27,5-Apr-27,1,0.0,0.0,72.0,No,,The Big -P.01-UP-20-April-26,AB-APP-B01-2ND-1020,Approval for Beams Conc. Dim.  & RFT DWGs As-Built Drawing (B01) (2nd),17-May-26,0.0,0.0,0.0,0.0,0,0.0,0,0.0,The Big -P.01-UP-20-April-26,AB-APP-B01-2ND-1020,10-May-26,0.00%,0.00%,$0.00,$0.00,$0.00,
The Big -P.01-UP-20-April-26,AB-APP-B01-2ND-1030,972,1006,1004,The Big -P.01-UP-20-April-26,The Big - P.01 - UP-24-MAY-26.HO.1.A.P02.B01.SUP.2ndF,AB-APP-B01-2ND-1030,Approval for Stairs Conc. Dim.  & RFT DWGs As-Built Drawing (B01) (2nd),3-Aug-26,16-Aug-26,23-Dec-26,6-Jan-27,23-Mar-27,5-Apr-27,1,0.0,0.0,72.0,No,,The Big -P.01-UP-20-April-26,AB-APP-B01-2ND-1030,Approval for Stairs Conc. Dim.  & RFT DWGs As-Built Drawing (B01) (2nd),17-May-26,0.0,0.0,0.0,0.0,0,0.0,0,0.0,The Big -P.01-UP-20-April-26,AB-APP-B01-2ND-1030,10-May-26,0.00%,0.00%,$0.00,$0.00,$0.00,
The Big -P.01-UP-20-April-26,CON-B01-3RD-1030,973,1010,1008,The Big -P.01-UP-20-April-26,The Big - P.01 - UP-24-MAY-26.CON.P02.B01.SUP.3rdF,CON-B01-3RD-1030,"Pouring for Walls, Col. & Cores (B01) (3rd)",5-Aug-26,6-Aug-26,26-Dec-26,28-Dec-26,5-Aug-26,6-Aug-26,1,0.0,0.0,-120.0,Yes,,The Big -P.01-UP-20-April-26,CON-B01-3RD-1030,"Pouring for Walls, Col. & Cores (B01) (3rd)",17-May-26,378165.01,0.0,0.0,0.0,0,0.0,0,0.0,The Big -P.01-UP-20-April-26,CON-B01-3RD-1030,10-May-26,0.00%,0.00%,$0.00,$0.00,$0.00,
The Big -P.01-UP-20-April-26,CON-B03-1ST-1080,974,951,961,The Big -P.01-UP-20-April-26,The Big - P.01 - UP-24-MAY-26.CON.P01.B03.SUP.1stF,CON-B03-1ST-1080,Dismantling Formwork (B03) (1st),5-Aug-26,5-Aug-26,20-Nov-26,20-Nov-26,1-Sep-26,1-Sep-26,1,0.0,0.0,-80.0,Yes,,The Big -P.01-UP-20-April-26,CON-B03-1ST-1080,Dismantling Formwork (B03) (1st),17-May-26,0.0,0.0,0.0,0.0,0,0.0,0,0.0,The Big -P.01-UP-20-April-26,CON-B03-1ST-1080,10-May-26,0.00%,0.00%,$0.00,$0.00,$0.00,
The Big -P.01-UP-20-April-26,CON-B04-2ND-1070,975,987,984,The Big -P.01-UP-20-April-26,The Big - P.01 - UP-24-MAY-26.CON.P01.B04.SUP.2ndF,CON-B04-2ND-1070,"Curing for Slabs, Beams & Stairs (B04) (2nd)",5-Aug-26,7-Aug-26,8-Dec-26,11-Dec-26,5-Aug-26,7-Aug-26,1,0.0,0.0,-125.0,Yes,,The Big -P.01-UP-20-April-26,CON-B04-2ND-1070,"Curing for Slabs, Beams & Stairs (B04) (2nd)",17-May-26,0.0,0.0,0.0,0.0,0,0.0,0,0.0,The Big -P.01-UP-20-April-26,CON-B04-2ND-1070,10-May-26,0.00%,0.00%,$0.00,$0.00,$0.00,
The Big -P.01-UP-20-April-26,AB-SUB-B04-2ND-1010,976,988,987,The Big -P.01-UP-20-April-26,The Big - P.01 - UP-24-MAY-26.HO.1.S.P01.B04.SUP.2ndF,AB-SUB-B04-2ND-1010,Submittal for Slabs Conc. Dim.  & RFT DWGs As-Built Drawing (B04) (2nd),5-Aug-26,25-Aug-26,8-Dec-26,29-Dec-26,6-Mar-27,29-Mar-27,1,0.0,0.0,73.0,No,,The Big -P.01-UP-20-April-26,AB-SUB-B04-2ND-1010,Submittal for Slabs Conc. Dim.  & RFT DWGs As-Built Drawing (B04) (2nd),17-May-26,0.0,0.0,0.0,0.0,0,0.0,0,0.0,The Big -P.01-UP-20-April-26,AB-SUB-B04-2ND-1010,10-May-26,0.00%,0.00%,$0.00,$0.00,$0.00,
The Big -P.01-UP-20-April-26,AB-SUB-B04-2ND-1020,977,989,988,The Big -P.01-UP-20-April-26,The Big - P.01 - UP-24-MAY-26.HO.1.S.P01.B04.SUP.2ndF,AB-SUB-B04-2ND-1020,Submittal for Beams Conc. Dim.  & RFT DWGs As-Built Drawing (B04) (2nd),5-Aug-26,25-Aug-26,8-Dec-26,29-Dec-26,6-Mar-27,29-Mar-27,1,0.0,0.0,73.0,No,,The Big -P.01-UP-20-April-26,AB-SUB-B04-2ND-1020,Submittal for Beams Conc. Dim.  & RFT DWGs As-Built Drawing (B04) (2nd),17-May-26,0.0,0.0,0.0,0.0,0,0.0,0,0.0,The Big -P.01-UP-20-April-26,AB-SUB-B04-2ND-1020,10-May-26,0.00%,0.00%,$0.00,$0.00,$0.00,
The Big -P.01-UP-20-April-26,AB-SUB-B04-2ND-1030,978,990,989,The Big -P.01-UP-20-April-26,The Big - P.01 - UP-24-MAY-26.HO.1.S.P01.B04.SUP.2ndF,AB-SUB-B04-2ND-1030,Submittal for Stairs Conc. Dim.  & RFT DWGs As-Built Drawing (B04) (2nd),5-Aug-26,25-Aug-26,8-Dec-26,29-Dec-26,6-Mar-27,29-Mar-27,1,0.0,0.0,73.0,No,,The Big -P.01-UP-20-April-26,AB-SUB-B04-2ND-1030,Submittal for Stairs Conc. Dim.  & RFT DWGs As-Built Drawing (B04) (2nd),17-May-26,0.0,0.0,0.0,0.0,0,0.0,0,0.0,The Big -P.01-UP-20-April-26,AB-SUB-B04-2ND-1030,10-May-26,0.00%,0.00%,$0.00,$0.00,$0.00,
The Big -P.01-UP-20-April-26,P-MDEL-1090,979,751,774,The Big -P.01-UP-20-April-26,The Big - P.01 - UP-24-MAY-26.P.PC.DS.DR,P-MDEL-1090,Delivery for Rebar Patch#9  (4th floor),5-Aug-26,6-Aug-26,5-Aug-26,6-Aug-26,31-Aug-26,1-Sep-26,1,0.0,0.0,26.0,No,,The Big -P.01-UP-20-April-26,P-MDEL-1090,Delivery for Rebar Patch#9  (4th floor),17-May-26,0.0,0.0,0.0,0.0,0,0.0,0,0.0,The Big -P.01-UP-20-April-26,P-MDEL-1090,10-May-26,0.00%,0.00%,$0.00,$0.00,$0.00,
The Big -P.01-UP-20-April-26,P-MPOS-1150,980,756,783,The Big -P.01-UP-20-April-26,The Big - P.01 - UP-24-MAY-26.P.PC.PO.1,P-MPOS-1150,P.O for Rebar Patch#10  (5th floor),6-Aug-26,8-Aug-26,6-Aug-26,8-Aug-26,1-Sep-26,2-Sep-26,1,0.0,0.0,21.0,No,,The Big -P.01-UP-20-April-26,P-MPOS-1150,P.O for Rebar Patch#10  (5th floor),15-Apr-26,0.0,0.0,0.0,0.0,0,0.0,0,0.0,The Big -P.01-UP-20-April-26,P-MPOS-1150,15-Apr-26,0.00%,0.00%,$0.00,$0.00,$0.00,
The Big -P.01-UP-20-April-26,CON-B01-3RD-1040,981,1015,1009,The Big -P.01-UP-20-April-26,The Big - P.01 - UP-24-MAY-26.CON.P02.B01.SUP.3rdF,CON-B01-3RD-1040,"Shuttering for Slabs, Beams & Stairs (B01) (3rd)",8-Aug-26,18-Aug-26,28-Dec-26,10-Jan-27,8-Aug-26,18-Aug-26,1,0.0,0.0,-120.0,Yes,,The Big -P.01-UP-20-April-26,CON-B01-3RD-1040,"Shuttering for Slabs, Beams & Stairs (B01) (3rd)",17-May-26,839870.68,0.0,0.0,0.0,0,0.0,0,0.0,The Big -P.01-UP-20-April-26,CON-B01-3RD-1040,10-May-26,0.00%,0.00%,$0.00,$0.00,$0.00,
The Big -P.01-UP-20-April-26,CON-B03-2ND-1000,982,963,969,The Big -P.01-UP-20-April-26,The Big - P.01 - UP-24-MAY-26.CON.P01.B03.SUP.2ndF,CON-B03-2ND-1000,"Scaffolding works for Walls, Col. & Cores (B03) (2nd)",8-Aug-26,12-Aug-26,24-Nov-26,29-Nov-26,8-Aug-26,12-Aug-26,1,0.0,0.0,-91.0,Yes,,The Big -P.01-UP-20-April-26,CON-B03-2ND-1000,"Scaffolding works for Walls, Col. & Cores (B03) (2nd)",17-May-26,0.0,0.0,0.0,0.0,0,0.0,0,0.0,The Big -P.01-UP-20-April-26,CON-B03-2ND-1000,10-May-26,0.00%,0.00%,$0.00,$0.00,$0.00,
The Big -P.01-UP-20-April-26,CON-B04-3RD-1000,983,993,991,The Big -P.01-UP-20-April-26,The Big - P.01 - UP-24-MAY-26.CON.P01.B04.SUP.3rdF,CON-B04-3RD-1000,"Scaffolding works for Walls, Col. & Cores (B04) (3rd)",8-Aug-26,12-Aug-26,12-Dec-26,16-Dec-26,8-Aug-26,12-Aug-26,1,0.0,0.0,-106.0,Yes,,The Big -P.01-UP-20-April-26,CON-B04-3RD-1000,"Scaffolding works for Walls, Col. & Cores (B04) (3rd)",17-May-26,0.0,0.0,0.0,0.0,0,0.0,0,0.0,The Big -P.01-UP-20-April-26,CON-B04-3RD-1000,10-May-26,0.00%,0.00%,$0.00,$0.00,$0.00,
The Big -P.01-UP-20-April-26,AB-SUB-B01-3RD-1000,984,1016,1012,The Big -P.01-UP-20-April-26,The Big - P.01 - UP-24-MAY-26.HO.1.S.P02.B01.SUP.3rdF,AB-SUB-B01-3RD-1000,Submittal for Col. & Walls Conc. Dim.  & RFT DWGs As-Built Drawing (B01) (3rd),8-Aug-26,29-Aug-26,28-Dec-26,19-Jan-27,6-Mar-27,29-Mar-27,1,0.0,0.0,56.0,No,,The Big -P.01-UP-20-April-26,AB-SUB-B01-3RD-1000,Submittal for Col. & Walls Conc. Dim.  & RFT DWGs As-Built Drawing (B01) (3rd),17-May-26,0.0,0.0,0.0,0.0,0,0.0,0,0.0,The Big -P.01-UP-20-April-26,AB-SUB-B01-3RD-1000,10-May-26,0.00%,0.00%,$0.00,$0.00,$0.00,
The Big -P.01-UP-20-April-26,AB-APP-B03-1ST-1010,985,958,964,The Big -P.01-UP-20-April-26,The Big - P.01 - UP-24-MAY-26.HO.1.A.P01.B03.SUP.1stF,AB-APP-B03-1ST-1010,Approval for Slabs Conc. Dim.  & RFT DWGs As-Built Drawing  (B03) (1st),8-Aug-26,20-Aug-26,23-Nov-26,6-Dec-26,23-Mar-27,5-Apr-27,1,0.0,0.0,98.0,No,,The Big -P.01-UP-20-April-26,AB-APP-B03-1ST-1010,Approval for Slabs Conc. Dim.  & RFT DWGs As-Built Drawing  (B03) (1st),17-May-26,0.0,0.0,0.0,0.0,0,0.0,0,0.0,The Big -P.01-UP-20-April-26,AB-APP-B03-1ST-1010,10-May-26,0.00%,0.00%,$0.00,$0.00,$0.00,
The Big -P.01-UP-20-April-26,AB-APP-B03-1ST-1020,986,959,965,The Big -P.01-UP-20-April-26,The Big - P.01 - UP-24-MAY-26.HO.1.A.P01.B03.SUP.1stF,AB-APP-B03-1ST-1020,Approval for Beams Conc. Dim.  & RFT DWGs As-Built Drawing  (B03) (1st),8-Aug-26,20-Aug-26,23-Nov-26,6-Dec-26,23-Mar-27,5-Apr-27,1,0.0,0.0,98.0,No,,The Big -P.01-UP-20-April-26,AB-APP-B03-1ST-1020,Approval for Beams Conc. Dim.  & RFT DWGs As-Built Drawing  (B03) (1st),17-May-26,0.0,0.0,0.0,0.0,0,0.0,0,0.0,The Big -P.01-UP-20-April-26,AB-APP-B03-1ST-1020,10-May-26,0.00%,0.00%,$0.00,$0.00,$0.00,
The Big -P.01-UP-20-April-26,AB-APP-B03-1ST-1030,987,960,966,The Big -P.01-UP-20-April-26,The Big - P.01 - UP-24-MAY-26.HO.1.A.P01.B03.SUP.1stF,AB-APP-B03-1ST-1030,Approval for Stairs Conc. Dim.  & RFT DWGs As-Built Drawing  (B03) (1st),8-Aug-26,20-Aug-26,23-Nov-26,6-Dec-26,23-Mar-27,5-Apr-27,1,0.0,0.0,98.0,No,,The Big -P.01-UP-20-April-26,AB-APP-B03-1ST-1030,Approval for Stairs Conc. Dim.  & RFT DWGs As-Built Drawing  (B03) (1st),17-May-26,0.0,0.0,0.0,0.0,0,0.0,0,0.0,The Big -P.01-UP-20-April-26,AB-APP-B03-1ST-1030,10-May-26,0.00%,0.00%,$0.00,$0.00,$0.00,
The Big -P.01-UP-20-April-26,CON-B03-2ND-1010,988,966,970,The Big -P.01-UP-20-April-26,The Big - P.01 - UP-24-MAY-26.CON.P01.B03.SUP.2ndF,CON-B03-2ND-1010,"RFT for Walls, Col. & Cores (B03) (2nd)",11-Aug-26,24-Aug-26,28-Nov-26,10-Dec-26,11-Aug-26,24-Aug-26,1,0.0,0.0,-91.0,Yes,,The Big -P.01-UP-20-April-26,CON-B03-2ND-1010,"RFT for Walls, Col. & Cores (B03) (2nd)",17-May-26,388168.78,0.0,0.0,0.0,0,0.0,0,0.0,The Big -P.01-UP-20-April-26,CON-B03-2ND-1010,10-May-26,0.00%,0.00%,$0.00,$0.00,$0.00,
The Big -P.01-UP-20-April-26,CON-B04-3RD-1010,989,998,993,The Big -P.01-UP-20-April-26,The Big - P.01 - UP-24-MAY-26.CON.P01.B04.SUP.3rdF,CON-B04-3RD-1010,"RFT for Walls, Col. & Cores (B04) (3rd)",11-Aug-26,19-Aug-26,15-Dec-26,23-Dec-26,11-Aug-26,19-Aug-26,1,0.0,0.0,-106.0,Yes,,The Big -P.01-UP-20-April-26,CON-B04-3RD-1010,"RFT for Walls, Col. & Cores (B04) (3rd)",17-May-26,463096.43,0.0,0.0,0.0,0,0.0,0,0.0,The Big -P.01-UP-20-April-26,CON-B04-3RD-1010,10-May-26,0.00%,0.00%,$0.00,$0.00,$0.00,
The Big -P.01-UP-20-April-26,CON-B01-3RD-1050,990,1022,1020,The Big -P.01-UP-20-April-26,The Big - P.01 - UP-24-MAY-26.CON.P02.B01.SUP.3rdF,CON-B01-3RD-1050,"RFT for Slabs, Beams & Stairs (B01) (3rd)",12-Aug-26,23-Aug-26,2-Jan-27,14-Jan-27,12-Aug-26,23-Aug-26,1,0.0,0.0,-120.0,Yes,,The Big -P.01-UP-20-April-26,CON-B01-3RD-1050,"RFT for Slabs, Beams & Stairs (B01) (3rd)",17-May-26,1251398.38,0.0,0.0,0.0,0,0.0,0,0.0,The Big -P.01-UP-20-April-26,CON-B01-3RD-1050,10-May-26,0.00%,0.00%,$0.00,$0.00,$0.00,
The Big -P.01-UP-20-April-26,CON-B04-3RD-1020,991,1001,995,The Big -P.01-UP-20-April-26,The Big - P.01 - UP-24-MAY-26.CON.P01.B04.SUP.3rdF,CON-B04-3RD-1020,"Shuttering for Walls, Col. & Cores (B04) (3rd)",15-Aug-26,23-Aug-26,19-Dec-26,27-Dec-26,15-Aug-26,23-Aug-26,1,0.0,0.0,-106.0,Yes,,The Big -P.01-UP-20-April-26,CON-B04-3RD-1020,"Shuttering for Walls, Col. & Cores (B04) (3rd)",17-May-26,253264.03,0.0,0.0,0.0,0,0.0,0,0.0,The Big -P.01-UP-20-April-26,CON-B04-3RD-1020,10-May-26,0.00%,0.00%,$0.00,$0.00,$0.00,
The Big -P.01-UP-20-April-26,CON-B03-2ND-1020,992,973,978,The Big -P.01-UP-20-April-26,The Big - P.01 - UP-24-MAY-26.CON.P01.B03.SUP.2ndF,CON-B03-2ND-1020,"Shuttering for Walls, Col. & Cores (B03) (2nd)",16-Aug-26,30-Aug-26,2-Dec-26,15-Dec-26,16-Aug-26,30-Aug-26,1,0.0,0.0,-91.0,Yes,,The Big -P.01-UP-20-April-26,CON-B03-2ND-1020,"Shuttering for Walls, Col. & Cores (B03) (2nd)",17-May-26,209943.72,0.0,0.0,0.0,0,0.0,0,0.0,The Big -P.01-UP-20-April-26,CON-B03-2ND-1020,10-May-26,0.00%,0.00%,$0.00,$0.00,$0.00,
The Big -P.01-UP-20-April-26,CON-B02-2ND-1030,993,970,971,The Big -P.01-UP-20-April-26,The Big - P.01 - UP-24-MAY-26.CON.P02.B02.SUP.2ndF,CON-B02-2ND-1030,"Pouring for Walls, Col. & Cores (B02) (2nd)",17-Aug-26,18-Aug-26,30-Nov-26,1-Dec-26,31-Aug-26,1-Sep-26,1,0.0,0.0,-77.0,Yes,,The Big -P.01-UP-20-April-26,CON-B02-2ND-1030,"Pouring for Walls, Col. & Cores (B02) (2nd)",17-May-26,63622.93,0.0,0.0,0.0,0,0.0,0,0.0,The Big -P.01-UP-20-April-26,CON-B02-2ND-1030,10-May-26,0.00%,0.00%,$0.00,$0.00,$0.00,
The Big -P.01-UP-20-April-26,CON-B04-2ND-1080,994,1002,999,The Big -P.01-UP-20-April-26,The Big - P.01 - UP-24-MAY-26.CON.P01.B04.SUP.2ndF,CON-B04-2ND-1080,Dismantling Formwork (B04) (2nd),17-Aug-26,17-Aug-26,20-Dec-26,21-Dec-26,24-Aug-26,24-Aug-26,1,0.0,0.0,-118.0,Yes,,The Big -P.01-UP-20-April-26,CON-B04-2ND-1080,Dismantling Formwork (B04) (2nd),17-May-26,0.0,0.0,0.0,0.0,0,0.0,0,0.0,The Big -P.01-UP-20-April-26,CON-B04-2ND-1080,10-May-26,0.00%,0.00%,$0.00,$0.00,$0.00,
The Big -P.01-UP-20-April-26,CON-B02-2ND-1040,995,974,974,The Big -P.01-UP-20-April-26,The Big - P.01 - UP-24-MAY-26.CON.P02.B02.SUP.2ndF,CON-B02-2ND-1040,"Shuttering for Slabs, Beams & Stairs (B02) (2nd)",19-Aug-26,6-Sep-26,2-Dec-26,19-Dec-26,2-Sep-26,19-Sep-26,1,0.0,0.0,-77.0,Yes,,The Big -P.01-UP-20-April-26,CON-B02-2ND-1040,"Shuttering for Slabs, Beams & Stairs (B02) (2nd)",17-May-26,1538338.14,0.0,0.0,0.0,0,0.0,0,0.0,The Big -P.01-UP-20-April-26,CON-B02-2ND-1040,10-May-26,0.00%,0.00%,$0.00,$0.00,$0.00,
The Big -P.01-UP-20-April-26,AB-SUB-B02-2ND-1000,996,975,975,The Big -P.01-UP-20-April-26,The Big - P.01 - UP-24-MAY-26.HO.1.S.P02.B02.SUP.2ndF,AB-SUB-B02-2ND-1000,Submittal for Col. & Walls Conc. Dim.  & RFT DWGs As-Built Drawing (B02) (2nd),19-Aug-26,9-Sep-26,2-Dec-26,22-Dec-26,6-Mar-27,29-Mar-27,1,0.0,0.0,78.0,No,,The Big -P.01-UP-20-April-26,AB-SUB-B02-2ND-1000,Submittal for Col. & Walls Conc. Dim.  & RFT DWGs As-Built Drawing (B02) (2nd),17-May-26,0.0,0.0,0.0,0.0,0,0.0,0,0.0,The Big -P.01-UP-20-April-26,AB-SUB-B02-2ND-1000,10-May-26,0.00%,0.00%,$0.00,$0.00,$0.00,
The Big -P.01-UP-20-April-26,AB-APP-B04-2ND-1010,997,1007,1005,The Big -P.01-UP-20-April-26,The Big - P.01 - UP-24-MAY-26.HO.1.A.P01.B04.SUP.2ndF,AB-APP-B04-2ND-1010,Approval for Slabs Conc. Dim.  & RFT DWGs As-Built Drawing (B04) (2nd),19-Aug-26,2-Sep-26,22-Dec-26,5-Jan-27,23-Mar-27,5-Apr-27,1,0.0,0.0,73.0,No,,The Big -P.01-UP-20-April-26,AB-APP-B04-2ND-1010,Approval for Slabs Conc. Dim.  & RFT DWGs As-Built Drawing (B04) (2nd),17-May-26,0.0,0.0,0.0,0.0,0,0.0,0,0.0,The Big -P.01-UP-20-April-26,AB-APP-B04-2ND-1010,10-May-26,0.00%,0.00%,$0.00,$0.00,$0.00,
The Big -P.01-UP-20-April-26,AB-APP-B04-2ND-1020,998,1008,1006,The Big -P.01-UP-20-April-26,The Big - P.01 - UP-24-MAY-26.HO.1.A.P01.B04.SUP.2ndF,AB-APP-B04-2ND-1020,Approval for Beams Conc. Dim.  & RFT DWGs As-Built Drawing (B04) (2nd),19-Aug-26,2-Sep-26,22-Dec-26,5-Jan-27,23-Mar-27,5-Apr-27,1,0.0,0.0,73.0,No,,The Big -P.01-UP-20-April-26,AB-APP-B04-2ND-1020,Approval for Beams Conc. Dim.  & RFT DWGs As-Built Drawing (B04) (2nd),17-May-26,0.0,0.0,0.0,0.0,0,0.0,0,0.0,The Big -P.01-UP-20-April-26,AB-APP-B04-2ND-1020,10-May-26,0.00%,0.00%,$0.00,$0.00,$0.00,
The Big -P.01-UP-20-April-26,AB-APP-B04-2ND-1030,999,1009,1007,The Big -P.01-UP-20-April-26,The Big - P.01 - UP-24-MAY-26.HO.1.A.P01.B04.SUP.2ndF,AB-APP-B04-2ND-1030,Approval for Stairs Conc. Dim.  & RFT DWGs As-Built Drawing (B04) (2nd),19-Aug-26,2-Sep-26,22-Dec-26,5-Jan-27,23-Mar-27,5-Apr-27,1,0.0,0.0,73.0,No,,The Big -P.01-UP-20-April-26,AB-APP-B04-2ND-1030,Approval for Stairs Conc. Dim.  & RFT DWGs As-Built Drawing (B04) (2nd),17-May-26,0.0,0.0,0.0,0.0,0,0.0,0,0.0,The Big -P.01-UP-20-April-26,AB-APP-B04-2ND-1030,10-May-26,0.00%,0.00%,$0.00,$0.00,$0.00,
The Big -P.01-UP-20-April-26,AB-APP-B01-3RD-1000,1000,1035,1024,The Big -P.01-UP-20-April-26,The Big - P.01 - UP-24-MAY-26.HO.1.A.P02.B01.SUP.3rdF,AB-APP-B01-3RD-1000,Approval for Col. & Walls Conc. Dim.  & RFT DWGs As-Built Drawing (B01) (3rd),22-Aug-26,5-Sep-26,12-Jan-27,27-Jan-27,23-Mar-27,5-Apr-27,1,0.0,0.0,56.0,No,,The Big -P.01-UP-20-April-26,AB-APP-B01-3RD-1000,Approval for Col. & Walls Conc. Dim.  & RFT DWGs As-Built Drawing (B01) (3rd),17-May-26,0.0,0.0,0.0,0.0,0,0.0,0,0.0,The Big -P.01-UP-20-April-26,AB-APP-B01-3RD-1000,10-May-26,0.00%,0.00%,$0.00,$0.00,$0.00,
The Big -P.01-UP-20-April-26,CON-B01-3RD-1060,1001,1036,1026,The Big -P.01-UP-20-April-26,The Big - P.01 - UP-24-MAY-26.CON.P02.B01.SUP.3rdF,CON-B01-3RD-1060,"Pouring for Slabs, Beams & Stairs (B01) (3rd)",24-Aug-26,26-Aug-26,14-Jan-27,18-Jan-27,24-Aug-26,26-Aug-26,1,0.0,0.0,-120.0,Yes,,The Big -P.01-UP-20-April-26,CON-B01-3RD-1060,"Pouring for Slabs, Beams & Stairs (B01) (3rd)",17-May-26,1259806.02,0.0,0.0,0.0,0,0.0,0,0.0,The Big -P.01-UP-20-April-26,CON-B01-3RD-1060,10-May-26,0.00%,0.00%,$0.00,$0.00,$0.00,
The Big -P.01-UP-20-April-26,CON-B02-2ND-1050,1002,978,986,The Big -P.01-UP-20-April-26,The Big - P.01 - UP-24-MAY-26.CON.P02.B02.SUP.2ndF,CON-B02-2ND-1050,"RFT for Slabs, Beams & Stairs (B02) (2nd)",24-Aug-26,10-Sep-26,7-Dec-26,23-Dec-26,7-Sep-26,23-Sep-26,1,0.0,0.0,-77.0,Yes,,The Big -P.01-UP-20-April-26,CON-B02-2ND-1050,"RFT for Slabs, Beams & Stairs (B02) (2nd)",17-May-26,1663672.33,0.0,0.0,0.0,0,0.0,0,0.0,The Big -P.01-UP-20-April-26,CON-B02-2ND-1050,10-May-26,0.00%,0.00%,$0.00,$0.00,$0.00,
The Big -P.01-UP-20-April-26,CON-B04-3RD-1030,1003,1018,1013,The Big -P.01-UP-20-April-26,The Big - P.01 - UP-24-MAY-26.CON.P01.B04.SUP.3rdF,CON-B04-3RD-1030,"Pouring for Walls, Col. & Cores (B04) (3rd)",24-Aug-26,24-Aug-26,28-Dec-26,28-Dec-26,24-Aug-26,24-Aug-26,1,0.0,0.0,-106.0,Yes,,The Big -P.01-UP-20-April-26,CON-B04-3RD-1030,"Pouring for Walls, Col. & Cores (B04) (3rd)",17-May-26,379896.04,0.0,0.0,0.0,0,0.0,0,0.0,The Big -P.01-UP-20-April-26,CON-B04-3RD-1030,10-May-26,0.00%,0.00%,$0.00,$0.00,$0.00,
The Big -P.01-UP-20-April-26,CON-B04-3RD-1040,1004,1020,1014,The Big -P.01-UP-20-April-26,The Big - P.01 - UP-24-MAY-26.CON.P01.B04.SUP.3rdF,CON-B04-3RD-1040,"Shuttering for Slabs, Beams & Stairs (B04) (3rd)",25-Aug-26,6-Sep-26,29-Dec-26,10-Jan-27,25-Aug-26,6-Sep-26,1,0.0,0.0,-106.0,Yes,,The Big -P.01-UP-20-April-26,CON-B04-3RD-1040,"Shuttering for Slabs, Beams & Stairs (B04) (3rd)",17-May-26,703251.92,0.0,0.0,0.0,0,0.0,0,0.0,The Big -P.01-UP-20-April-26,CON-B04-3RD-1040,10-May-26,0.00%,0.00%,$0.00,$0.00,$0.00,
The Big -P.01-UP-20-April-26,AB-SUB-B04-3RD-1000,1005,1021,1015,The Big -P.01-UP-20-April-26,The Big - P.01 - UP-24-MAY-26.HO.1.S.P01.B04.SUP.3rdF,AB-SUB-B04-3RD-1000,Submittal for Col. & Walls Conc. Dim.  & RFT DWGs As-Built Drawing (B04) (3rd),25-Aug-26,15-Sep-26,29-Dec-26,19-Jan-27,6-Mar-27,29-Mar-27,1,0.0,0.0,55.0,No,,The Big -P.01-UP-20-April-26,AB-SUB-B04-3RD-1000,Submittal for Col. & Walls Conc. Dim.  & RFT DWGs As-Built Drawing (B04) (3rd),17-May-26,0.0,0.0,0.0,0.0,0,0.0,0,0.0,The Big -P.01-UP-20-April-26,AB-SUB-B04-3RD-1000,10-May-26,0.00%,0.00%,$0.00,$0.00,$0.00,
The Big -P.01-UP-20-April-26,CON-B01-3RD-1070,1006,1039,1035,The Big -P.01-UP-20-April-26,The Big - P.01 - UP-24-MAY-26.CON.P02.B01.SUP.3rdF,CON-B01-3RD-1070,"Curing for Slabs, Beams & Stairs(B01) (3rd)",27-Aug-26,29-Aug-26,18-Jan-27,21-Jan-27,2-Sep-26,4-Sep-26,1,0.0,0.0,-138.0,Yes,,The Big -P.01-UP-20-April-26,CON-B01-3RD-1070,"Curing for Slabs, Beams & Stairs(B01) (3rd)",17-May-26,0.0,0.0,0.0,0.0,0,0.0,0,0.0,The Big -P.01-UP-20-April-26,CON-B01-3RD-1070,10-May-26,0.00%,0.00%,$0.00,$0.00,$0.00,
The Big -P.01-UP-20-April-26,AB-SUB-B01-3RD-1010,1007,1041,1036,The Big -P.01-UP-20-April-26,The Big - P.01 - UP-24-MAY-26.HO.1.S.P02.B01.SUP.3rdF,AB-SUB-B01-3RD-1010,Submittal for Slabs Conc. Dim.  & RFT DWGs As-Built Drawing (B01) (3rd),29-Aug-26,17-Sep-26,18-Jan-27,9-Feb-27,6-Mar-27,29-Mar-27,1,0.0,0.0,39.0,No,,The Big -P.01-UP-20-April-26,AB-SUB-B01-3RD-1010,Submittal for Slabs Conc. Dim.  & RFT DWGs As-Built Drawing (B01) (3rd),17-May-26,0.0,0.0,0.0,0.0,0,0.0,0,0.0,The Big -P.01-UP-20-April-26,AB-SUB-B01-3RD-1010,10-May-26,0.00%,0.00%,$0.00,$0.00,$0.00,
The Big -P.01-UP-20-April-26,AB-SUB-B01-3RD-1020,1008,1042,1037,The Big -P.01-UP-20-April-26,The Big - P.01 - UP-24-MAY-26.HO.1.S.P02.B01.SUP.3rdF,AB-SUB-B01-3RD-1020,Submittal for Beams Conc. Dim.  & RFT DWGs As-Built Drawing (B01) (3rd),29-Aug-26,17-Sep-26,18-Jan-27,9-Feb-27,6-Mar-27,29-Mar-27,1,0.0,0.0,39.0,No,,The Big -P.01-UP-20-April-26,AB-SUB-B01-3RD-1020,Submittal for Beams Conc. Dim.  & RFT DWGs As-Built Drawing (B01) (3rd),17-May-26,0.0,0.0,0.0,0.0,0,0.0,0,0.0,The Big -P.01-UP-20-April-26,AB-SUB-B01-3RD-1020,10-May-26,0.00%,0.00%,$0.00,$0.00,$0.00,
The Big -P.01-UP-20-April-26,AB-SUB-B01-3RD-1030,1009,1043,1038,The Big -P.01-UP-20-April-26,The Big - P.01 - UP-24-MAY-26.HO.1.S.P02.B01.SUP.3rdF,AB-SUB-B01-3RD-1030,Submittal for Stairs Conc. Dim.  & RFT DWGs As-Built Drawing (B01) (3rd),29-Aug-26,17-Sep-26,18-Jan-27,9-Feb-27,6-Mar-27,29-Mar-27,1,0.0,0.0,39.0,No,,The Big -P.01-UP-20-April-26,AB-SUB-B01-3RD-1030,Submittal for Stairs Conc. Dim.  & RFT DWGs As-Built Drawing (B01) (3rd),17-May-26,0.0,0.0,0.0,0.0,0,0.0,0,0.0,The Big -P.01-UP-20-April-26,AB-SUB-B01-3RD-1030,10-May-26,0.00%,0.00%,$0.00,$0.00,$0.00,
The Big -P.01-UP-20-April-26,CON-B01-4TH-1000,1010,1044,1039,The Big -P.01-UP-20-April-26,The Big - P.01 - UP-24-MAY-26.CON.P02.B01.SUP.4thF,CON-B01-4TH-1000,"Scaffolding works for Walls, Col. & Cores (B01) (4th)",30-Aug-26,3-Sep-26,19-Jan-27,26-Jan-27,30-Aug-26,3-Sep-26,1,0.0,0.0,-120.0,Yes,,The Big -P.01-UP-20-April-26,CON-B01-4TH-1000,"Scaffolding works for Walls, Col. & Cores (B01) (4th)",17-May-26,0.0,0.0,0.0,0.0,0,0.0,0,0.0,The Big -P.01-UP-20-April-26,CON-B01-4TH-1000,10-May-26,0.00%,0.00%,$0.00,$0.00,$0.00,
The Big -P.01-UP-20-April-26,CON-B03-2ND-1030,1011,991,998,The Big -P.01-UP-20-April-26,The Big - P.01 - UP-24-MAY-26.CON.P01.B03.SUP.2ndF,CON-B03-2ND-1030,"Pouring for Walls, Col. & Cores (B03) (2nd)",31-Aug-26,1-Sep-26,16-Dec-26,17-Dec-26,31-Aug-26,1-Sep-26,1,0.0,0.0,-91.0,Yes,,The Big -P.01-UP-20-April-26,CON-B03-2ND-1030,"Pouring for Walls, Col. & Cores (B03) (2nd)",17-May-26,314915.58,0.0,0.0,0.0,0,0.0,0,0.0,The Big -P.01-UP-20-April-26,CON-B03-2ND-1030,10-May-26,0.00%,0.00%,$0.00,$0.00,$0.00,
The Big -P.01-UP-20-April-26,CON-B04-3RD-1050,1012,1023,1021,The Big -P.01-UP-20-April-26,The Big - P.01 - UP-24-MAY-26.CON.P01.B04.SUP.3rdF,CON-B04-3RD-1050,"RFT for Slabs, Beams & Stairs (B04) (3rd)",31-Aug-26,10-Sep-26,3-Jan-27,14-Jan-27,31-Aug-26,10-Sep-26,1,0.0,0.0,-106.0,Yes,,The Big -P.01-UP-20-April-26,CON-B04-3RD-1050,"RFT for Slabs, Beams & Stairs (B04) (3rd)",17-May-26,1024574.26,0.0,0.0,0.0,0,0.0,0,0.0,The Big -P.01-UP-20-April-26,CON-B04-3RD-1050,10-May-26,0.00%,0.00%,$0.00,$0.00,$0.00,
The Big -P.01-UP-20-April-26,CON-B01-4TH-1010,1013,1051,1050,The Big -P.01-UP-20-April-26,The Big - P.01 - UP-24-MAY-26.CON.P02.B01.SUP.4thF,CON-B01-4TH-1010,"RFT for Walls, Col. & Cores (B01) (4th)",2-Sep-26,9-Sep-26,23-Jan-27,1-Feb-27,2-Sep-26,9-Sep-26,1,0.0,0.0,-120.0,Yes,,The Big -P.01-UP-20-April-26,CON-B01-4TH-1010,"RFT for Walls, Col. & Cores (B01) (4th)",17-May-26,460777.03,0.0,0.0,0.0,0,0.0,0,0.0,The Big -P.01-UP-20-April-26,CON-B01-4TH-1010,10-May-26,0.00%,0.00%,$0.00,$0.00,$0.00,
The Big -P.01-UP-20-April-26,CON-B03-2ND-1040,1014,995,1000,The Big -P.01-UP-20-April-26,The Big - P.01 - UP-24-MAY-26.CON.P01.B03.SUP.2ndF,CON-B03-2ND-1040,"Shuttering for Slabs, Beams & Stairs (B03) (2nd)",2-Sep-26,19-Sep-26,19-Dec-26,4-Jan-27,2-Sep-26,19-Sep-26,1,0.0,0.0,-91.0,Yes,,The Big -P.01-UP-20-April-26,CON-B03-2ND-1040,"Shuttering for Slabs, Beams & Stairs (B03) (2nd)",17-May-26,946707.68,0.0,0.0,0.0,0,0.0,0,0.0,The Big -P.01-UP-20-April-26,CON-B03-2ND-1040,10-May-26,0.00%,0.00%,$0.00,$0.00,$0.00,
The Big -P.01-UP-20-April-26,AB-SUB-B03-2ND-1000,1015,996,1001,The Big -P.01-UP-20-April-26,The Big - P.01 - UP-24-MAY-26.HO.1.S.P01.B03.SUP.2ndF,AB-SUB-B03-2ND-1000,Submittal for Col. & Walls Conc. Dim.  & RFT DWGs As-Built Drawing (B03) (2nd),2-Sep-26,22-Sep-26,19-Dec-26,9-Jan-27,6-Mar-27,29-Mar-27,1,0.0,0.0,64.0,No,,The Big -P.01-UP-20-April-26,AB-SUB-B03-2ND-1000,Submittal for Col. & Walls Conc. Dim.  & RFT DWGs As-Built Drawing (B03) (2nd),17-May-26,0.0,0.0,0.0,0.0,0,0.0,0,0.0,The Big -P.01-UP-20-April-26,AB-SUB-B03-2ND-1000,10-May-26,0.00%,0.00%,$0.00,$0.00,$0.00,
The Big -P.01-UP-20-April-26,P-MPOS-1160,1016,828,838,The Big -P.01-UP-20-April-26,The Big - P.01 - UP-24-MAY-26.P.PC.PO.1,P-MPOS-1160,P.O for Rebar Patch#11  (6th floor),2-Sep-26,3-Sep-26,2-Sep-26,3-Sep-26,28-Sep-26,29-Sep-26,1,0.0,0.0,22.0,No,,The Big -P.01-UP-20-April-26,P-MPOS-1160,P.O for Rebar Patch#11  (6th floor),15-Apr-26,0.0,0.0,0.0,0.0,0,0.0,0,0.0,The Big -P.01-UP-20-April-26,P-MPOS-1160,15-Apr-26,0.00%,0.00%,$0.00,$0.00,$0.00,
The Big -P.01-UP-20-April-26,AB-APP-B02-2ND-1000,1017,994,996,The Big -P.01-UP-20-April-26,The Big - P.01 - UP-24-MAY-26.HO.1.A.P02.B02.SUP.2ndF,AB-APP-B02-2ND-1000,Approval for Col. & Walls Conc. Dim.  & RFT DWGs As-Built Drawing (B02) (2nd),3-Sep-26,16-Sep-26,16-Dec-26,29-Dec-26,23-Mar-27,5-Apr-27,1,0.0,0.0,78.0,No,,The Big -P.01-UP-20-April-26,AB-APP-B02-2ND-1000,Approval for Col. & Walls Conc. Dim.  & RFT DWGs As-Built Drawing (B02) (2nd),17-May-26,0.0,0.0,0.0,0.0,0,0.0,0,0.0,The Big -P.01-UP-20-April-26,AB-APP-B02-2ND-1000,10-May-26,0.00%,0.00%,$0.00,$0.00,$0.00,
The Big -P.01-UP-20-April-26,CON-B01-4TH-1020,1018,1058,1052,The Big -P.01-UP-20-April-26,The Big - P.01 - UP-24-MAY-26.CON.P02.B01.SUP.4thF,CON-B01-4TH-1020,"Shuttering for Walls, Col. & Cores (B01) (4th)",6-Sep-26,13-Sep-26,27-Jan-27,4-Feb-27,6-Sep-26,13-Sep-26,1,0.0,0.0,-120.0,Yes,,The Big -P.01-UP-20-April-26,CON-B01-4TH-1020,"Shuttering for Walls, Col. & Cores (B01) (4th)",17-May-26,252110.01,0.0,0.0,0.0,0,0.0,0,0.0,The Big -P.01-UP-20-April-26,CON-B01-4TH-1020,10-May-26,0.00%,0.00%,$0.00,$0.00,$0.00,
The Big -P.01-UP-20-April-26,CON-B03-2ND-1050,1019,999,1011,The Big -P.01-UP-20-April-26,The Big - P.01 - UP-24-MAY-26.CON.P01.B03.SUP.2ndF,CON-B03-2ND-1050,"RFT for Slabs, Beams & Stairs(B03) (2nd)",7-Sep-26,23-Sep-26,23-Dec-26,10-Jan-27,7-Sep-26,23-Sep-26,1,0.0,0.0,-91.0,Yes,,The Big -P.01-UP-20-April-26,CON-B03-2ND-1050,"RFT for Slabs, Beams & Stairs(B03) (2nd)",17-May-26,1398716.72,0.0,0.0,0.0,0,0.0,0,0.0,The Big -P.01-UP-20-April-26,CON-B03-2ND-1050,10-May-26,0.00%,0.00%,$0.00,$0.00,$0.00,
The Big -P.01-UP-20-April-26,CON-B01-3RD-1080,1020,1062,1055,The Big -P.01-UP-20-April-26,The Big - P.01 - UP-24-MAY-26.CON.P02.B01.SUP.3rdF,CON-B01-3RD-1080,Dismantling Formwork (B01) (3rd),9-Sep-26,9-Sep-26,31-Jan-27,1-Feb-27,15-Sep-26,15-Sep-26,1,0.0,0.0,-138.0,Yes,,The Big -P.01-UP-20-April-26,CON-B01-3RD-1080,Dismantling Formwork (B01) (3rd),17-May-26,0.0,0.0,0.0,0.0,0,0.0,0,0.0,The Big -P.01-UP-20-April-26,CON-B01-3RD-1080,10-May-26,0.00%,0.00%,$0.00,$0.00,$0.00,
The Big -P.01-UP-20-April-26,AB-APP-B04-3TH-1000,1021,1038,1028,The Big -P.01-UP-20-April-26,The Big - P.01 - UP-24-MAY-26.HO.1.A.P01.B04.SUP.3rdF,AB-APP-B04-3TH-1000,Approval for Col. & Walls Conc. Dim.  & RFT DWGs As-Built Drawing (B04) (3rd),9-Sep-26,22-Sep-26,13-Jan-27,27-Jan-27,23-Mar-27,5-Apr-27,1,0.0,0.0,55.0,No,,The Big -P.01-UP-20-April-26,AB-APP-B04-3TH-1000,Approval for Col. & Walls Conc. Dim.  & RFT DWGs As-Built Drawing (B04) (3rd),17-May-26,0.0,0.0,0.0,0.0,0,0.0,0,0.0,The Big -P.01-UP-20-April-26,AB-APP-B04-3TH-1000,10-May-26,0.00%,0.00%,$0.00,$0.00,$0.00,
The Big -P.01-UP-20-April-26,CON-B02-2ND-1060,1022,1003,1010,The Big -P.01-UP-20-April-26,The Big - P.01 - UP-24-MAY-26.CON.P02.B02.SUP.2ndF,CON-B02-2ND-1060,"Pouring for Slabs, Beams & Stairs (B02) (2nd)",12-Sep-26,14-Sep-26,24-Dec-26,27-Dec-26,24-Sep-26,27-Sep-26,1,0.0,0.0,-77.0,Yes,,The Big -P.01-UP-20-April-26,CON-B02-2ND-1060,"Pouring for Slabs, Beams & Stairs (B02) (2nd)",17-May-26,1025558.76,0.0,0.0,0.0,0,0.0,0,0.0,The Big -P.01-UP-20-April-26,CON-B02-2ND-1060,10-May-26,0.00%,0.00%,$0.00,$0.00,$0.00,
The Big -P.01-UP-20-April-26,CON-B04-3RD-1060,1023,1040,1034,The Big -P.01-UP-20-April-26,The Big - P.01 - UP-24-MAY-26.CON.P01.B04.SUP.3rdF,CON-B04-3RD-1060,"Pouring for Slabs, Beams & Stairs (B04) (3rd)",12-Sep-26,14-Sep-26,16-Jan-27,18-Jan-27,12-Sep-26,14-Sep-26,1,0.0,0.0,-106.0,Yes,,The Big -P.01-UP-20-April-26,CON-B04-3RD-1060,"Pouring for Slabs, Beams & Stairs (B04) (3rd)",17-May-26,1054877.87,0.0,0.0,0.0,0,0.0,0,0.0,The Big -P.01-UP-20-April-26,CON-B04-3RD-1060,10-May-26,0.00%,0.00%,$0.00,$0.00,$0.00,
The Big -P.01-UP-20-April-26,AB-APP-B01-3RD-1010,1024,1066,1059,The Big -P.01-UP-20-April-26,The Big - P.01 - UP-24-MAY-26.HO.1.A.P02.B01.SUP.3rdF,AB-APP-B01-3RD-1010,Approval for Slabs Conc. Dim.  & RFT DWGs As-Built Drawing (B01) (3rd),12-Sep-26,24-Sep-26,2-Feb-27,16-Feb-27,23-Mar-27,5-Apr-27,1,0.0,0.0,39.0,No,,The Big -P.01-UP-20-April-26,AB-APP-B01-3RD-1010,Approval for Slabs Conc. Dim.  & RFT DWGs As-Built Drawing (B01) (3rd),17-May-26,0.0,0.0,0.0,0.0,0,0.0,0,0.0,The Big -P.01-UP-20-April-26,AB-APP-B01-3RD-1010,10-May-26,0.00%,0.00%,$0.00,$0.00,$0.00,
The Big -P.01-UP-20-April-26,AB-APP-B01-3RD-1020,1025,1067,1060,The Big -P.01-UP-20-April-26,The Big - P.01 - UP-24-MAY-26.HO.1.A.P02.B01.SUP.3rdF,AB-APP-B01-3RD-1020,Approval for Beams Conc. Dim.  & RFT DWGs As-Built Drawing (B01) (3rd),12-Sep-26,24-Sep-26,2-Feb-27,16-Feb-27,23-Mar-27,5-Apr-27,1,0.0,0.0,39.0,No,,The Big -P.01-UP-20-April-26,AB-APP-B01-3RD-1020,Approval for Beams Conc. Dim.  & RFT DWGs As-Built Drawing (B01) (3rd),17-May-26,0.0,0.0,0.0,0.0,0,0.0,0,0.0,The Big -P.01-UP-20-April-26,AB-APP-B01-3RD-1020,10-May-26,0.00%,0.00%,$0.00,$0.00,$0.00,
The Big -P.01-UP-20-April-26,AB-APP-B01-3RD-1030,1026,1068,1061,The Big -P.01-UP-20-April-26,The Big - P.01 - UP-24-MAY-26.HO.1.A.P02.B01.SUP.3rdF,AB-APP-B01-3RD-1030,Approval for Stairs Conc. Dim.  & RFT DWGs As-Built Drawing (B01) (3rd),12-Sep-26,24-Sep-26,2-Feb-27,16-Feb-27,23-Mar-27,5-Apr-27,1,0.0,0.0,39.0,No,,The Big -P.01-UP-20-April-26,AB-APP-B01-3RD-1030,Approval for Stairs Conc. Dim.  & RFT DWGs As-Built Drawing (B01) (3rd),17-May-26,0.0,0.0,0.0,0.0,0,0.0,0,0.0,The Big -P.01-UP-20-April-26,AB-APP-B01-3RD-1030,10-May-26,0.00%,0.00%,$0.00,$0.00,$0.00,
The Big -P.01-UP-20-April-26,CON-B01-4TH-1030,1027,1070,1065,The Big -P.01-UP-20-April-26,The Big - P.01 - UP-24-MAY-26.CON.P02.B01.SUP.4thF,CON-B01-4TH-1030,"Pouring for Walls, Col. & Cores (B01) (4th)",14-Sep-26,15-Sep-26,4-Feb-27,7-Feb-27,14-Sep-26,15-Sep-26,1,0.0,0.0,-120.0,Yes,,The Big -P.01-UP-20-April-26,CON-B01-4TH-1030,"Pouring for Walls, Col. & Cores (B01) (4th)",17-May-26,378165.01,0.0,0.0,0.0,0,0.0,0,0.0,The Big -P.01-UP-20-April-26,CON-B01-4TH-1030,10-May-26,0.00%,0.00%,$0.00,$0.00,$0.00,
The Big -P.01-UP-20-April-26,CON-B02-2ND-1070,1028,1011,1016,The Big -P.01-UP-20-April-26,The Big - P.01 - UP-24-MAY-26.CON.P02.B02.SUP.2ndF,CON-B02-2ND-1070,"Curing for Slabs, Beams & Stairs (B02) (2nd)",15-Sep-26,19-Sep-26,28-Dec-26,1-Jan-27,28-Sep-26,2-Oct-26,1,0.0,0.0,-91.0,Yes,,The Big -P.01-UP-20-April-26,CON-B02-2ND-1070,"Curing for Slabs, Beams & Stairs (B02) (2nd)",17-May-26,0.0,0.0,0.0,0.0,0,0.0,0,0.0,The Big -P.01-UP-20-April-26,CON-B02-2ND-1070,10-May-26,0.00%,0.00%,$0.00,$0.00,$0.00,
The Big -P.01-UP-20-April-26,CON-B04-3RD-1070,1029,1046,1045,The Big -P.01-UP-20-April-26,The Big - P.01 - UP-24-MAY-26.CON.P01.B04.SUP.3rdF,CON-B04-3RD-1070,"Curing for Slabs, Beams & Stairs (B04) (3rd)",15-Sep-26,17-Sep-26,19-Jan-27,21-Jan-27,29-Sep-26,1-Oct-26,1,0.0,0.0,-112.0,Yes,,The Big -P.01-UP-20-April-26,CON-B04-3RD-1070,"Curing for Slabs, Beams & Stairs (B04) (3rd)",17-May-26,0.0,0.0,0.0,0.0,0,0.0,0,0.0,The Big -P.01-UP-20-April-26,CON-B04-3RD-1070,10-May-26,0.00%,0.00%,$0.00,$0.00,$0.00,
The Big -P.01-UP-20-April-26,CON-B04-4TH-1000,1030,1047,1046,The Big -P.01-UP-20-April-26,The Big - P.01 - UP-24-MAY-26.CON.P01.B04.SUP.4thF,CON-B04-4TH-1000,"Scaffolding works for Walls, Col. & Cores (B04) (4th)",15-Sep-26,20-Sep-26,19-Jan-27,24-Jan-27,15-Sep-26,20-Sep-26,1,0.0,0.0,-106.0,Yes,,The Big -P.01-UP-20-April-26,CON-B04-4TH-1000,"Scaffolding works for Walls, Col. & Cores (B04) (4th)",17-May-26,0.0,0.0,0.0,0.0,0,0.0,0,0.0,The Big -P.01-UP-20-April-26,CON-B04-4TH-1000,10-May-26,0.00%,0.00%,$0.00,$0.00,$0.00,
The Big -P.01-UP-20-April-26,AB-SUB-B04-3RD-1010,1031,1048,1047,The Big -P.01-UP-20-April-26,The Big - P.01 - UP-24-MAY-26.HO.1.S.P01.B04.SUP.3rdF,AB-SUB-B04-3RD-1010,Submittal for Slabs Conc. Dim.  & RFT DWGs As-Built Drawing (B04) (3rd),15-Sep-26,5-Oct-26,19-Jan-27,9-Feb-27,6-Mar-27,29-Mar-27,1,0.0,0.0,38.0,No,,The Big -P.01-UP-20-April-26,AB-SUB-B04-3RD-1010,Submittal for Slabs Conc. Dim.  & RFT DWGs As-Built Drawing (B04) (3rd),17-May-26,0.0,0.0,0.0,0.0,0,0.0,0,0.0,The Big -P.01-UP-20-April-26,AB-SUB-B04-3RD-1010,10-May-26,0.00%,0.00%,$0.00,$0.00,$0.00,
The Big -P.01-UP-20-April-26,AB-SUB-B04-3RD-1020,1032,1049,1048,The Big -P.01-UP-20-April-26,The Big - P.01 - UP-24-MAY-26.HO.1.S.P01.B04.SUP.3rdF,AB-SUB-B04-3RD-1020,Submittal for Beams Conc. Dim.  & RFT DWGs As-Built Drawing (B04) (3rd),15-Sep-26,5-Oct-26,19-Jan-27,9-Feb-27,6-Mar-27,29-Mar-27,1,0.0,0.0,38.0,No,,The Big -P.01-UP-20-April-26,AB-SUB-B04-3RD-1020,Submittal for Beams Conc. Dim.  & RFT DWGs As-Built Drawing (B04) (3rd),17-May-26,0.0,0.0,0.0,0.0,0,0.0,0,0.0,The Big -P.01-UP-20-April-26,AB-SUB-B04-3RD-1020,10-May-26,0.00%,0.00%,$0.00,$0.00,$0.00,
The Big -P.01-UP-20-April-26,AB-SUB-B04-3RD-1030,1033,1050,1049,The Big -P.01-UP-20-April-26,The Big - P.01 - UP-24-MAY-26.HO.1.S.P01.B04.SUP.3rdF,AB-SUB-B04-3RD-1030,Submittal for Stairs Conc. Dim.  & RFT DWGs As-Built Drawing (B04) (3rd),15-Sep-26,5-Oct-26,19-Jan-27,9-Feb-27,6-Mar-27,29-Mar-27,1,0.0,0.0,38.0,No,,The Big -P.01-UP-20-April-26,AB-SUB-B04-3RD-1030,Submittal for Stairs Conc. Dim.  & RFT DWGs As-Built Drawing (B04) (3rd),17-May-26,0.0,0.0,0.0,0.0,0,0.0,0,0.0,The Big -P.01-UP-20-April-26,AB-SUB-B04-3RD-1030,10-May-26,0.00%,0.00%,$0.00,$0.00,$0.00,
The Big -P.01-UP-20-April-26,AB-SUB-B02-2ND-1010,1034,1012,1017,The Big -P.01-UP-20-April-26,The Big - P.01 - UP-24-MAY-26.HO.1.S.P02.B02.SUP.2ndF,AB-SUB-B02-2ND-1010,Submittal for Slabs Conc. Dim.  & RFT DWGs As-Built Drawing (B02) (2nd),15-Sep-26,5-Oct-26,28-Dec-26,18-Jan-27,6-Mar-27,29-Mar-27,1,0.0,0.0,56.0,No,,The Big -P.01-UP-20-April-26,AB-SUB-B02-2ND-1010,Submittal for Slabs Conc. Dim.  & RFT DWGs As-Built Drawing (B02) (2nd),17-May-26,0.0,0.0,0.0,0.0,0,0.0,0,0.0,The Big -P.01-UP-20-April-26,AB-SUB-B02-2ND-1010,10-May-26,0.00%,0.00%,$0.00,$0.00,$0.00,
The Big -P.01-UP-20-April-26,AB-SUB-B02-2ND-1020,1035,1013,1018,The Big -P.01-UP-20-April-26,The Big - P.01 - UP-24-MAY-26.HO.1.S.P02.B02.SUP.2ndF,AB-SUB-B02-2ND-1020,Submittal for Beams Conc. Dim.  & RFT DWGs As-Built Drawing (B02) (2nd),15-Sep-26,5-Oct-26,28-Dec-26,18-Jan-27,6-Mar-27,29-Mar-27,1,0.0,0.0,56.0,No,,The Big -P.01-UP-20-April-26,AB-SUB-B02-2ND-1020,Submittal for Beams Conc. Dim.  & RFT DWGs As-Built Drawing (B02) (2nd),17-May-26,0.0,0.0,0.0,0.0,0,0.0,0,0.0,The Big -P.01-UP-20-April-26,AB-SUB-B02-2ND-1020,10-May-26,0.00%,0.00%,$0.00,$0.00,$0.00,
The Big -P.01-UP-20-April-26,AB-SUB-B02-2ND-1030,1036,1014,1019,The Big -P.01-UP-20-April-26,The Big - P.01 - UP-24-MAY-26.HO.1.S.P02.B02.SUP.2ndF,AB-SUB-B02-2ND-1030,Submittal for Stairs Conc. Dim.  & RFT DWGs As-Built Drawing (B02) (2nd),15-Sep-26,5-Oct-26,28-Dec-26,18-Jan-27,6-Mar-27,29-Mar-27,1,0.0,0.0,56.0,No,,The Big -P.01-UP-20-April-26,AB-SUB-B02-2ND-1030,Submittal for Stairs Conc. Dim.  & RFT DWGs As-Built Drawing (B02) (2nd),17-May-26,0.0,0.0,0.0,0.0,0,0.0,0,0.0,The Big -P.01-UP-20-April-26,AB-SUB-B02-2ND-1030,10-May-26,0.00%,0.00%,$0.00,$0.00,$0.00,
The Big -P.01-UP-20-April-26,CON-B01-4TH-1040,1037,1075,1071,The Big -P.01-UP-20-April-26,The Big - P.01 - UP-24-MAY-26.CON.P02.B01.SUP.4thF,CON-B01-4TH-1040,"Shuttering for Slabs, Beams & Stairs (B01) (4th)",16-Sep-26,29-Sep-26,7-Feb-27,21-Feb-27,16-Sep-26,29-Sep-26,1,0.0,0.0,-120.0,Yes,,The Big -P.01-UP-20-April-26,CON-B01-4TH-1040,"Shuttering for Slabs, Beams & Stairs (B01) (4th)",17-May-26,840564.27,0.0,0.0,0.0,0,0.0,0,0.0,The Big -P.01-UP-20-April-26,CON-B01-4TH-1040,10-May-26,0.00%,0.00%,$0.00,$0.00,$0.00,
The Big -P.01-UP-20-April-26,AB-SUB-B01-4TH-1000,1038,1076,1075,The Big -P.01-UP-20-April-26,The Big - P.01 - UP-24-MAY-26.HO.1.S.P02.B01.SUP.4thF,AB-SUB-B01-4TH-1000,Submittal for Col. & Walls Conc. Dim.  & RFT DWGs As-Built Drawing (B01) (4th),16-Sep-26,7-Oct-26,7-Feb-27,28-Feb-27,6-Mar-27,29-Mar-27,1,0.0,0.0,23.0,No,,The Big -P.01-UP-20-April-26,AB-SUB-B01-4TH-1000,Submittal for Col. & Walls Conc. Dim.  & RFT DWGs As-Built Drawing (B01) (4th),17-May-26,0.0,0.0,0.0,0.0,0,0.0,0,0.0,The Big -P.01-UP-20-April-26,AB-SUB-B01-4TH-1000,10-May-26,0.00%,0.00%,$0.00,$0.00,$0.00,
The Big -P.01-UP-20-April-26,AB-APP-B03-2ND-1000,1039,1017,1022,The Big -P.01-UP-20-April-26,The Big - P.01 - UP-24-MAY-26.HO.1.A.P01.B03.SUP.2ndF,AB-APP-B03-2ND-1000,Approval for Col. & Walls Conc. Dim.  & RFT DWGs As-Built Drawing  (B03) (2nd),16-Sep-26,29-Sep-26,2-Jan-27,16-Jan-27,23-Mar-27,5-Apr-27,1,0.0,0.0,64.0,No,,The Big -P.01-UP-20-April-26,AB-APP-B03-2ND-1000,Approval for Col. & Walls Conc. Dim.  & RFT DWGs As-Built Drawing  (B03) (2nd),17-May-26,0.0,0.0,0.0,0.0,0,0.0,0,0.0,The Big -P.01-UP-20-April-26,AB-APP-B03-2ND-1000,10-May-26,0.00%,0.00%,$0.00,$0.00,$0.00,
The Big -P.01-UP-20-April-26,P-MDEL-1080,1040,857,869,The Big -P.01-UP-20-April-26,The Big - P.01 - UP-24-MAY-26.P.PC.DS.DR,P-MDEL-1080,Delivery for Rebar Patch#10  (5th floor),16-Sep-26,17-Sep-26,16-Sep-26,17-Sep-26,12-Oct-26,13-Oct-26,1,0.0,0.0,26.0,No,,The Big -P.01-UP-20-April-26,P-MDEL-1080,Delivery for Rebar Patch#10  (5th floor),17-May-26,0.0,0.0,0.0,0.0,0,0.0,0,0.0,The Big -P.01-UP-20-April-26,P-MDEL-1080,10-May-26,0.00%,0.00%,$0.00,$0.00,$0.00,
The Big -P.01-UP-20-April-26,CON-B04-4TH-1010,1041,1054,1051,The Big -P.01-UP-20-April-26,The Big - P.01 - UP-24-MAY-26.CON.P01.B04.SUP.4thF,CON-B04-4TH-1010,"RFT for Walls, Col. & Cores (B04) (4th)",19-Sep-26,27-Sep-26,23-Jan-27,1-Feb-27,19-Sep-26,27-Sep-26,1,0.0,0.0,-106.0,Yes,,The Big -P.01-UP-20-April-26,CON-B04-4TH-1010,"RFT for Walls, Col. & Cores (B04) (4th)",17-May-26,463096.43,0.0,0.0,0.0,0,0.0,0,0.0,The Big -P.01-UP-20-April-26,CON-B04-4TH-1010,10-May-26,0.00%,0.00%,$0.00,$0.00,$0.00,
The Big -P.01-UP-20-April-26,CON-B01-4TH-1050,1042,1080,1079,The Big -P.01-UP-20-April-26,The Big - P.01 - UP-24-MAY-26.CON.P02.B01.SUP.4thF,CON-B01-4TH-1050,"RFT for Slabs, Beams & Stairs (B01) (4th)",21-Sep-26,4-Oct-26,11-Feb-27,25-Feb-27,21-Sep-26,4-Oct-26,1,0.0,0.0,-120.0,Yes,,The Big -P.01-UP-20-April-26,CON-B01-4TH-1050,"RFT for Slabs, Beams & Stairs (B01) (4th)",17-May-26,1252401.85,0.0,0.0,0.0,0,0.0,0,0.0,The Big -P.01-UP-20-April-26,CON-B01-4TH-1050,10-May-26,0.00%,0.00%,$0.00,$0.00,$0.00,
The Big -P.01-UP-20-April-26,CON-B04-4TH-1020,1043,1060,1053,The Big -P.01-UP-20-April-26,The Big - P.01 - UP-24-MAY-26.CON.P01.B04.SUP.4thF,CON-B04-4TH-1020,"Shuttering for Walls, Col. & Cores (B04) (4th)",22-Sep-26,30-Sep-26,27-Jan-27,4-Feb-27,22-Sep-26,30-Sep-26,1,0.0,0.0,-106.0,Yes,,The Big -P.01-UP-20-April-26,CON-B04-4TH-1020,"Shuttering for Walls, Col. & Cores (B04) (4th)",17-May-26,253264.03,0.0,0.0,0.0,0,0.0,0,0.0,The Big -P.01-UP-20-April-26,CON-B04-4TH-1020,10-May-26,0.00%,0.00%,$0.00,$0.00,$0.00,
The Big -P.01-UP-20-April-26,CON-B03-2ND-1060,1044,1025,1029,The Big -P.01-UP-20-April-26,The Big - P.01 - UP-24-MAY-26.CON.P01.B03.SUP.2ndF,CON-B03-2ND-1060,"Pouring for Slabs, Beams & Stairs (B03) (2nd)",24-Sep-26,27-Sep-26,11-Jan-27,13-Jan-27,24-Sep-26,27-Sep-26,1,0.0,0.0,-91.0,Yes,,The Big -P.01-UP-20-April-26,CON-B03-2ND-1060,"Pouring for Slabs, Beams & Stairs (B03) (2nd)",17-May-26,1420061.52,0.0,0.0,0.0,0,0.0,0,0.0,The Big -P.01-UP-20-April-26,CON-B03-2ND-1060,10-May-26,0.00%,0.00%,$0.00,$0.00,$0.00,
The Big -P.01-UP-20-April-26,CON-B02-2ND-1080,1045,1024,1025,The Big -P.01-UP-20-April-26,The Big - P.01 - UP-24-MAY-26.CON.P02.B02.SUP.2ndF,CON-B02-2ND-1080,Dismantling Formwork (B02) (2nd),27-Sep-26,27-Sep-26,10-Jan-27,10-Jan-27,1-Nov-26,1-Nov-26,1,0.0,0.0,-70.0,Yes,,The Big -P.01-UP-20-April-26,CON-B02-2ND-1080,Dismantling Formwork (B02) (2nd),17-May-26,0.0,0.0,0.0,0.0,0,0.0,0,0.0,The Big -P.01-UP-20-April-26,CON-B02-2ND-1080,10-May-26,0.00%,0.00%,$0.00,$0.00,$0.00,
The Big -P.01-UP-20-April-26,CON-B04-3RD-1080,1046,1069,1058,The Big -P.01-UP-20-April-26,The Big - P.01 - UP-24-MAY-26.CON.P01.B04.SUP.3rdF,CON-B04-3RD-1080,Dismantling Formwork (B04) (3rd),27-Sep-26,27-Sep-26,1-Feb-27,1-Feb-27,2-Oct-26,2-Oct-26,1,0.0,0.0,-122.0,Yes,,The Big -P.01-UP-20-April-26,CON-B04-3RD-1080,Dismantling Formwork (B04) (3rd),17-May-26,0.0,0.0,0.0,0.0,0,0.0,0,0.0,The Big -P.01-UP-20-April-26,CON-B04-3RD-1080,10-May-26,0.00%,0.00%,$0.00,$0.00,$0.00,
The Big -P.01-UP-20-April-26,CON-B02-3RD-1000,1047,1026,1027,The Big -P.01-UP-20-April-26,The Big - P.01 - UP-24-MAY-26.CON.P02.B02.SUP.3rdF,CON-B02-3RD-1000,"Scaffolding works for Walls, Col. & Cores (B02) (3rd)",28-Sep-26,3-Oct-26,10-Jan-27,14-Jan-27,11-Oct-26,15-Oct-26,1,0.0,0.0,-77.0,Yes,,The Big -P.01-UP-20-April-26,CON-B02-3RD-1000,"Scaffolding works for Walls, Col. & Cores (B02) (3rd)",17-May-26,0.0,0.0,0.0,0.0,0,0.0,0,0.0,The Big -P.01-UP-20-April-26,CON-B02-3RD-1000,10-May-26,0.00%,0.00%,$0.00,$0.00,$0.00,
The Big -P.01-UP-20-April-26,CON-B03-2ND-1070,1048,1031,1040,The Big -P.01-UP-20-April-26,The Big - P.01 - UP-24-MAY-26.CON.P01.B03.SUP.2ndF,CON-B03-2ND-1070,"Curing for Slabs, Beams & Stairs (B03) (2nd)",28-Sep-26,30-Sep-26,14-Jan-27,16-Jan-27,28-Sep-26,30-Sep-26,1,0.0,0.0,-108.0,Yes,,The Big -P.01-UP-20-April-26,CON-B03-2ND-1070,"Curing for Slabs, Beams & Stairs (B03) (2nd)",17-May-26,0.0,0.0,0.0,0.0,0,0.0,0,0.0,The Big -P.01-UP-20-April-26,CON-B03-2ND-1070,10-May-26,0.00%,0.00%,$0.00,$0.00,$0.00,
The Big -P.01-UP-20-April-26,AB-SUB-B03-2ND-1010,1049,1032,1041,The Big -P.01-UP-20-April-26,The Big - P.01 - UP-24-MAY-26.HO.1.S.P01.B03.SUP.2ndF,AB-SUB-B03-2ND-1010,Submittal for Slabs Conc. Dim.  & RFT DWGs As-Built Drawing (B03) (2nd),28-Sep-26,19-Oct-26,14-Jan-27,4-Feb-27,6-Mar-27,29-Mar-27,1,0.0,0.0,42.0,No,,The Big -P.01-UP-20-April-26,AB-SUB-B03-2ND-1010,Submittal for Slabs Conc. Dim.  & RFT DWGs As-Built Drawing (B03) (2nd),17-May-26,0.0,0.0,0.0,0.0,0,0.0,0,0.0,The Big -P.01-UP-20-April-26,AB-SUB-B03-2ND-1010,10-May-26,0.00%,0.00%,$0.00,$0.00,$0.00,
The Big -P.01-UP-20-April-26,AB-SUB-B03-2ND-1020,1050,1033,1042,The Big -P.01-UP-20-April-26,The Big - P.01 - UP-24-MAY-26.HO.1.S.P01.B03.SUP.2ndF,AB-SUB-B03-2ND-1020,Submittal for Beams Conc. Dim.  & RFT DWGs As-Built Drawing (B03) (2nd),28-Sep-26,19-Oct-26,14-Jan-27,4-Feb-27,6-Mar-27,29-Mar-27,1,0.0,0.0,42.0,No,,The Big -P.01-UP-20-April-26,AB-SUB-B03-2ND-1020,Submittal for Beams Conc. Dim.  & RFT DWGs As-Built Drawing (B03) (2nd),17-May-26,0.0,0.0,0.0,0.0,0,0.0,0,0.0,The Big -P.01-UP-20-April-26,AB-SUB-B03-2ND-1020,10-May-26,0.00%,0.00%,$0.00,$0.00,$0.00,
The Big -P.01-UP-20-April-26,AB-SUB-B03-2ND-1030,1051,1034,1043,The Big -P.01-UP-20-April-26,The Big - P.01 - UP-24-MAY-26.HO.1.S.P01.B03.SUP.2ndF,AB-SUB-B03-2ND-1030,Submittal for Stairs Conc. Dim.  & RFT DWGs As-Built Drawing (B03) (2nd),28-Sep-26,19-Oct-26,14-Jan-27,4-Feb-27,6-Mar-27,29-Mar-27,1,0.0,0.0,42.0,No,,The Big -P.01-UP-20-April-26,AB-SUB-B03-2ND-1030,Submittal for Stairs Conc. Dim.  & RFT DWGs As-Built Drawing (B03) (2nd),17-May-26,0.0,0.0,0.0,0.0,0,0.0,0,0.0,The Big -P.01-UP-20-April-26,AB-SUB-B03-2ND-1030,10-May-26,0.00%,0.00%,$0.00,$0.00,$0.00,
The Big -P.01-UP-20-April-26,AB-APP-B02-2ND-1010,1052,1027,1030,The Big -P.01-UP-20-April-26,The Big - P.01 - UP-24-MAY-26.HO.1.A.P02.B02.SUP.2ndF,AB-APP-B02-2ND-1010,Approval for Slabs Conc. Dim.  & RFT DWGs As-Built Drawing (B02) (2nd),29-Sep-26,13-Oct-26,12-Jan-27,26-Jan-27,23-Mar-27,5-Apr-27,1,0.0,0.0,56.0,No,,The Big -P.01-UP-20-April-26,AB-APP-B02-2ND-1010,Approval for Slabs Conc. Dim.  & RFT DWGs As-Built Drawing (B02) (2nd),17-May-26,0.0,0.0,0.0,0.0,0,0.0,0,0.0,The Big -P.01-UP-20-April-26,AB-APP-B02-2ND-1010,10-May-26,0.00%,0.00%,$0.00,$0.00,$0.00,
The Big -P.01-UP-20-April-26,AB-APP-B02-2ND-1020,1053,1028,1031,The Big -P.01-UP-20-April-26,The Big - P.01 - UP-24-MAY-26.HO.1.A.P02.B02.SUP.2ndF,AB-APP-B02-2ND-1020,Approval for Beams Conc. Dim.  & RFT DWGs As-Built Drawing (B02) (2nd),29-Sep-26,13-Oct-26,12-Jan-27,26-Jan-27,23-Mar-27,5-Apr-27,1,0.0,0.0,56.0,No,,The Big -P.01-UP-20-April-26,AB-APP-B02-2ND-1020,Approval for Beams Conc. Dim.  & RFT DWGs As-Built Drawing (B02) (2nd),17-May-26,0.0,0.0,0.0,0.0,0,0.0,0,0.0,The Big -P.01-UP-20-April-26,AB-APP-B02-2ND-1020,10-May-26,0.00%,0.00%,$0.00,$0.00,$0.00,
The Big -P.01-UP-20-April-26,AB-APP-B02-2ND-1030,1054,1029,1032,The Big -P.01-UP-20-April-26,The Big - P.01 - UP-24-MAY-26.HO.1.A.P02.B02.SUP.2ndF,AB-APP-B02-2ND-1030,Approval for Stairs Conc. Dim.  & RFT DWGs As-Built Drawing (B02) (2nd),29-Sep-26,13-Oct-26,12-Jan-27,26-Jan-27,23-Mar-27,5-Apr-27,1,0.0,0.0,56.0,No,,The Big -P.01-UP-20-April-26,AB-APP-B02-2ND-1030,Approval for Stairs Conc. Dim.  & RFT DWGs As-Built Drawing (B02) (2nd),17-May-26,0.0,0.0,0.0,0.0,0,0.0,0,0.0,The Big -P.01-UP-20-April-26,AB-APP-B02-2ND-1030,10-May-26,0.00%,0.00%,$0.00,$0.00,$0.00,
The Big -P.01-UP-20-April-26,AB-APP-B04-3TH-1010,1055,1071,1068,The Big -P.01-UP-20-April-26,The Big - P.01 - UP-24-MAY-26.HO.1.A.P01.B04.SUP.3rdF,AB-APP-B04-3TH-1010,Approval for Slabs Conc. Dim.  & RFT DWGs As-Built Drawing (B04) (3rd),29-Sep-26,13-Oct-26,3-Feb-27,16-Feb-27,23-Mar-27,5-Apr-27,1,0.0,0.0,38.0,No,,The Big -P.01-UP-20-April-26,AB-APP-B04-3TH-1010,Approval for Slabs Conc. Dim.  & RFT DWGs As-Built Drawing (B04) (3rd),17-May-26,0.0,0.0,0.0,0.0,0,0.0,0,0.0,The Big -P.01-UP-20-April-26,AB-APP-B04-3TH-1010,10-May-26,0.00%,0.00%,$0.00,$0.00,$0.00,
The Big -P.01-UP-20-April-26,AB-APP-B04-3TH-1020,1056,1072,1069,The Big -P.01-UP-20-April-26,The Big - P.01 - UP-24-MAY-26.HO.1.A.P01.B04.SUP.3rdF,AB-APP-B04-3TH-1020,Approval for Beams Conc. Dim.  & RFT DWGs As-Built Drawing (B04) (3rd),29-Sep-26,13-Oct-26,3-Feb-27,16-Feb-27,23-Mar-27,5-Apr-27,1,0.0,0.0,38.0,No,,The Big -P.01-UP-20-April-26,AB-APP-B04-3TH-1020,Approval for Beams Conc. Dim.  & RFT DWGs As-Built Drawing (B04) (3rd),17-May-26,0.0,0.0,0.0,0.0,0,0.0,0,0.0,The Big -P.01-UP-20-April-26,AB-APP-B04-3TH-1020,10-May-26,0.00%,0.00%,$0.00,$0.00,$0.00,
The Big -P.01-UP-20-April-26,AB-APP-B04-3TH-1030,1057,1073,1070,The Big -P.01-UP-20-April-26,The Big - P.01 - UP-24-MAY-26.HO.1.A.P01.B04.SUP.3rdF,AB-APP-B04-3TH-1030,Approval for Stairs Conc. Dim.  & RFT DWGs As-Built Drawing (B04) (3rd),29-Sep-26,13-Oct-26,3-Feb-27,16-Feb-27,23-Mar-27,5-Apr-27,1,0.0,0.0,38.0,No,,The Big -P.01-UP-20-April-26,AB-APP-B04-3TH-1030,Approval for Stairs Conc. Dim.  & RFT DWGs As-Built Drawing (B04) (3rd),17-May-26,0.0,0.0,0.0,0.0,0,0.0,0,0.0,The Big -P.01-UP-20-April-26,AB-APP-B04-3TH-1030,10-May-26,0.00%,0.00%,$0.00,$0.00,$0.00,
The Big -P.01-UP-20-April-26,CON-B02-3RD-1010,1058,1030,1033,The Big -P.01-UP-20-April-26,The Big - P.01 - UP-24-MAY-26.CON.P02.B02.SUP.3rdF,CON-B02-3RD-1010,"RFT for Walls, Col. & Cores (B02) (3rd)",30-Sep-26,14-Oct-26,12-Jan-27,26-Jan-27,13-Oct-26,26-Oct-26,1,0.0,0.0,-77.0,Yes,,The Big -P.01-UP-20-April-26,CON-B02-3RD-1010,"RFT for Walls, Col. & Cores (B02) (3rd)",17-May-26,287345.88,0.0,0.0,0.0,0,0.0,0,0.0,The Big -P.01-UP-20-April-26,CON-B02-3RD-1010,10-May-26,0.00%,0.00%,$0.00,$0.00,$0.00,
The Big -P.01-UP-20-April-26,AB-APP-B01-4TH-1000,1059,1086,1083,The Big -P.01-UP-20-April-26,The Big - P.01 - UP-24-MAY-26.HO.1.A.P02.B01.SUP.4thF,AB-APP-B01-4TH-1000,Approval for Col. & Walls Conc. Dim.  & RFT DWGs As-Built Drawing (B01) (4th),30-Sep-26,14-Oct-26,21-Feb-27,7-Mar-27,23-Mar-27,5-Apr-27,1,0.0,0.0,23.0,No,,The Big -P.01-UP-20-April-26,AB-APP-B01-4TH-1000,Approval for Col. & Walls Conc. Dim.  & RFT DWGs As-Built Drawing (B01) (4th),17-May-26,0.0,0.0,0.0,0.0,0,0.0,0,0.0,The Big -P.01-UP-20-April-26,AB-APP-B01-4TH-1000,10-May-26,0.00%,0.00%,$0.00,$0.00,$0.00,
The Big -P.01-UP-20-April-26,CON-B04-4TH-1030,1060,1077,1073,The Big -P.01-UP-20-April-26,The Big - P.01 - UP-24-MAY-26.CON.P01.B04.SUP.4thF,CON-B04-4TH-1030,"Pouring for Walls, Col. & Cores (B04) (4th)",1-Oct-26,1-Oct-26,6-Feb-27,6-Feb-27,1-Oct-26,1-Oct-26,1,0.0,0.0,-106.0,Yes,,The Big -P.01-UP-20-April-26,CON-B04-4TH-1030,"Pouring for Walls, Col. & Cores (B04) (4th)",17-May-26,379896.04,0.0,0.0,0.0,0,0.0,0,0.0,The Big -P.01-UP-20-April-26,CON-B04-4TH-1030,10-May-26,0.00%,0.00%,$0.00,$0.00,$0.00,
The Big -P.01-UP-20-April-26,CON-B04-4TH-1040,1061,1078,1076,The Big -P.01-UP-20-April-26,The Big - P.01 - UP-24-MAY-26.CON.P01.B04.SUP.4thF,CON-B04-4TH-1040,"Shuttering for Slabs, Beams & Stairs (B04) (4th)",3-Oct-26,14-Oct-26,7-Feb-27,17-Feb-27,3-Oct-26,14-Oct-26,1,0.0,0.0,-106.0,Yes,,The Big -P.01-UP-20-April-26,CON-B04-4TH-1040,"Shuttering for Slabs, Beams & Stairs (B04) (4th)",17-May-26,701981.29,0.0,0.0,0.0,0,0.0,0,0.0,The Big -P.01-UP-20-April-26,CON-B04-4TH-1040,10-May-26,0.00%,0.00%,$0.00,$0.00,$0.00,
The Big -P.01-UP-20-April-26,AB-SUB-B04-4TH-1000,1062,1079,1077,The Big -P.01-UP-20-April-26,The Big - P.01 - UP-24-MAY-26.HO.1.S.P01.B04.SUP.4thF,AB-SUB-B04-4TH-1000,Submittal for Col. & Walls Conc. Dim.  & RFT DWGs As-Built Drawing (B04) (4th),3-Oct-26,24-Oct-26,7-Feb-27,27-Feb-27,6-Mar-27,29-Mar-27,1,0.0,0.0,23.0,No,,The Big -P.01-UP-20-April-26,AB-SUB-B04-4TH-1000,Submittal for Col. & Walls Conc. Dim.  & RFT DWGs As-Built Drawing (B04) (4th),17-May-26,0.0,0.0,0.0,0.0,0,0.0,0,0.0,The Big -P.01-UP-20-April-26,AB-SUB-B04-4TH-1000,10-May-26,0.00%,0.00%,$0.00,$0.00,$0.00,
The Big -P.01-UP-20-April-26,CON-B02-3RD-1020,1063,1037,1044,The Big -P.01-UP-20-April-26,The Big - P.01 - UP-24-MAY-26.CON.P02.B02.SUP.3rdF,CON-B02-3RD-1020,"Shuttering for Walls, Col. & Cores (B02) (3rd)",4-Oct-26,18-Oct-26,16-Jan-27,30-Jan-27,17-Oct-26,29-Oct-26,1,0.0,0.0,-77.0,Yes,,The Big -P.01-UP-20-April-26,CON-B02-3RD-1020,"Shuttering for Walls, Col. & Cores (B02) (3rd)",17-May-26,41962.11,0.0,0.0,0.0,0,0.0,0,0.0,The Big -P.01-UP-20-April-26,CON-B02-3RD-1020,10-May-26,0.00%,0.00%,$0.00,$0.00,$0.00,
The Big -P.01-UP-20-April-26,CON-B01-4TH-1060,1064,1090,1087,The Big -P.01-UP-20-April-26,The Big - P.01 - UP-24-MAY-26.CON.P02.B01.SUP.4thF,CON-B01-4TH-1060,"Pouring for Slabs, Beams & Stairs (B01) (4th)",5-Oct-26,8-Oct-26,25-Feb-27,1-Mar-27,5-Oct-26,8-Oct-26,1,0.0,0.0,-120.0,Yes,,The Big -P.01-UP-20-April-26,CON-B01-4TH-1060,"Pouring for Slabs, Beams & Stairs (B01) (4th)",17-May-26,1260846.41,0.0,0.0,0.0,0,0.0,0,0.0,The Big -P.01-UP-20-April-26,CON-B01-4TH-1060,10-May-26,0.00%,0.00%,$0.00,$0.00,$0.00,
The Big -P.01-UP-20-April-26,P-MPOS-1170,1065,885,897,The Big -P.01-UP-20-April-26,The Big - P.01 - UP-24-MAY-26.P.PC.PO.1,P-MPOS-1170,P.O for Rebar Patch#12  (7th floor),5-Oct-26,7-Oct-26,5-Oct-26,7-Oct-26,1-Nov-26,2-Nov-26,1,0.0,0.0,22.0,No,,The Big -P.01-UP-20-April-26,P-MPOS-1170,P.O for Rebar Patch#12  (7th floor),15-Apr-26,0.0,0.0,0.0,0.0,0,0.0,0,0.0,The Big -P.01-UP-20-April-26,P-MPOS-1170,15-Apr-26,0.00%,0.00%,$0.00,$0.00,$0.00,
The Big -P.01-UP-20-April-26,CON-B04-4TH-1050,1066,1081,1081,The Big -P.01-UP-20-April-26,The Big - P.01 - UP-24-MAY-26.CON.P01.B04.SUP.4thF,CON-B04-4TH-1050,"RFT for Slabs, Beams & Stairs (B04) (4th)",8-Oct-26,19-Oct-26,11-Feb-27,22-Feb-27,8-Oct-26,19-Oct-26,1,0.0,0.0,-106.0,Yes,,The Big -P.01-UP-20-April-26,CON-B04-4TH-1050,"RFT for Slabs, Beams & Stairs (B04) (4th)",17-May-26,1023093.85,0.0,0.0,0.0,0,0.0,0,0.0,The Big -P.01-UP-20-April-26,CON-B04-4TH-1050,10-May-26,0.00%,0.00%,$0.00,$0.00,$0.00,
The Big -P.01-UP-20-April-26,CON-B01-4TH-1070,1067,1100,1094,The Big -P.01-UP-20-April-26,The Big - P.01 - UP-24-MAY-26.CON.P02.B01.SUP.4thF,CON-B01-4TH-1070,"Curing for Slabs, Beams & Stairs (B01) (4th)",9-Oct-26,11-Oct-26,1-Mar-27,4-Mar-27,13-Oct-26,15-Oct-26,1,0.0,0.0,-139.0,Yes,,The Big -P.01-UP-20-April-26,CON-B01-4TH-1070,"Curing for Slabs, Beams & Stairs (B01) (4th)",17-May-26,0.0,0.0,0.0,0.0,0,0.0,0,0.0,The Big -P.01-UP-20-April-26,CON-B01-4TH-1070,10-May-26,0.00%,0.00%,$0.00,$0.00,$0.00,
The Big -P.01-UP-20-April-26,AB-SUB-B01-4TH-1010,1068,1101,1096,The Big -P.01-UP-20-April-26,The Big - P.01 - UP-24-MAY-26.HO.1.S.P02.B01.SUP.4thF,AB-SUB-B01-4TH-1010,Submittal for Slabs Conc. Dim.  & RFT DWGs As-Built Drawing (B01) (4th),10-Oct-26,29-Oct-26,1-Mar-27,25-Mar-27,6-Mar-27,29-Mar-27,1,0.0,0.0,4.0,No,,The Big -P.01-UP-20-April-26,AB-SUB-B01-4TH-1010,Submittal for Slabs Conc. Dim.  & RFT DWGs As-Built Drawing (B01) (4th),17-May-26,0.0,0.0,0.0,0.0,0,0.0,0,0.0,The Big -P.01-UP-20-April-26,AB-SUB-B01-4TH-1010,10-May-26,0.00%,0.00%,$0.00,$0.00,$0.00,
The Big -P.01-UP-20-April-26,AB-SUB-B01-4TH-1020,1069,1102,1097,The Big -P.01-UP-20-April-26,The Big - P.01 - UP-24-MAY-26.HO.1.S.P02.B01.SUP.4thF,AB-SUB-B01-4TH-1020,Submittal for Beams Conc. Dim.  & RFT DWGs As-Built Drawing (B01) (4th),10-Oct-26,29-Oct-26,1-Mar-27,25-Mar-27,6-Mar-27,29-Mar-27,1,0.0,0.0,4.0,No,,The Big -P.01-UP-20-April-26,AB-SUB-B01-4TH-1020,Submittal for Beams Conc. Dim.  & RFT DWGs As-Built Drawing (B01) (4th),17-May-26,0.0,0.0,0.0,0.0,0,0.0,0,0.0,The Big -P.01-UP-20-April-26,AB-SUB-B01-4TH-1020,10-May-26,0.00%,0.00%,$0.00,$0.00,$0.00,
The Big -P.01-UP-20-April-26,AB-SUB-B01-4TH-1030,1070,1103,1098,The Big -P.01-UP-20-April-26,The Big - P.01 - UP-24-MAY-26.HO.1.S.P02.B01.SUP.4thF,AB-SUB-B01-4TH-1030,Submittal for Stairs Conc. Dim.  & RFT DWGs As-Built Drawing (B01) (4th),10-Oct-26,29-Oct-26,1-Mar-27,25-Mar-27,6-Mar-27,29-Mar-27,1,0.0,0.0,4.0,No,,The Big -P.01-UP-20-April-26,AB-SUB-B01-4TH-1030,Submittal for Stairs Conc. Dim.  & RFT DWGs As-Built Drawing (B01) (4th),17-May-26,0.0,0.0,0.0,0.0,0,0.0,0,0.0,The Big -P.01-UP-20-April-26,AB-SUB-B01-4TH-1030,10-May-26,0.00%,0.00%,$0.00,$0.00,$0.00,
The Big -P.01-UP-20-April-26,CON-B01-5TH-1000,1071,1104,1099,The Big -P.01-UP-20-April-26,The Big - P.01 - UP-24-MAY-26.CON.P02.B01.SUP.5thF,CON-B01-5TH-1000,"Scaffolding works for Walls, Col. & Cores (B01) (5th)",11-Oct-26,13-Oct-26,2-Mar-27,6-Mar-27,11-Oct-26,13-Oct-26,1,0.0,0.0,-120.0,Yes,,The Big -P.01-UP-20-April-26,CON-B01-5TH-1000,"Scaffolding works for Walls, Col. & Cores (B01) (5th)",17-May-26,0.0,0.0,0.0,0.0,0,0.0,0,0.0,The Big -P.01-UP-20-April-26,CON-B01-5TH-1000,10-May-26,0.00%,0.00%,$0.00,$0.00,$0.00,
The Big -P.01-UP-20-April-26,CON-B03-2ND-1080,1072,1052,1056,The Big -P.01-UP-20-April-26,The Big - P.01 - UP-24-MAY-26.CON.P01.B03.SUP.2ndF,CON-B03-2ND-1080,Dismantling Formwork (B03) (2nd),11-Oct-26,11-Oct-26,27-Jan-27,27-Jan-27,3-Nov-26,3-Nov-26,1,0.0,0.0,-85.0,Yes,,The Big -P.01-UP-20-April-26,CON-B03-2ND-1080,Dismantling Formwork (B03) (2nd),17-May-26,0.0,0.0,0.0,0.0,0,0.0,0,0.0,The Big -P.01-UP-20-April-26,CON-B03-2ND-1080,10-May-26,0.00%,0.00%,$0.00,$0.00,$0.00,
The Big -P.01-UP-20-April-26,CON-B03-3RD-1000,1073,1053,1057,The Big -P.01-UP-20-April-26,The Big - P.01 - UP-24-MAY-26.CON.P01.B03.SUP.3rdF,CON-B03-3RD-1000,"Scaffolding works for Walls, Col. & Cores (B03) (3rd)",11-Oct-26,15-Oct-26,27-Jan-27,1-Feb-27,11-Oct-26,15-Oct-26,1,0.0,0.0,-91.0,Yes,,The Big -P.01-UP-20-April-26,CON-B03-3RD-1000,"Scaffolding works for Walls, Col. & Cores (B03) (3rd)",17-May-26,0.0,0.0,0.0,0.0,0,0.0,0,0.0,The Big -P.01-UP-20-April-26,CON-B03-3RD-1000,10-May-26,0.00%,0.00%,$0.00,$0.00,$0.00,
The Big -P.01-UP-20-April-26,AB-APP-B03-2ND-1010,1074,1055,1062,The Big -P.01-UP-20-April-26,The Big - P.01 - UP-24-MAY-26.HO.1.A.P01.B03.SUP.2ndF,AB-APP-B03-2ND-1010,Approval for Slabs Conc. Dim.  & RFT DWGs As-Built Drawing  (B03) (2nd),13-Oct-26,26-Oct-26,30-Jan-27,11-Feb-27,23-Mar-27,5-Apr-27,1,0.0,0.0,42.0,No,,The Big -P.01-UP-20-April-26,AB-APP-B03-2ND-1010,Approval for Slabs Conc. Dim.  & RFT DWGs As-Built Drawing  (B03) (2nd),17-May-26,0.0,0.0,0.0,0.0,0,0.0,0,0.0,The Big -P.01-UP-20-April-26,AB-APP-B03-2ND-1010,10-May-26,0.00%,0.00%,$0.00,$0.00,$0.00,
The Big -P.01-UP-20-April-26,AB-APP-B03-2ND-1020,1075,1056,1063,The Big -P.01-UP-20-April-26,The Big - P.01 - UP-24-MAY-26.HO.1.A.P01.B03.SUP.2ndF,AB-APP-B03-2ND-1020,Approval for Beams Conc. Dim.  & RFT DWGs As-Built Drawing  (B03) (2nd),13-Oct-26,26-Oct-26,30-Jan-27,11-Feb-27,23-Mar-27,5-Apr-27,1,0.0,0.0,42.0,No,,The Big -P.01-UP-20-April-26,AB-APP-B03-2ND-1020,Approval for Beams Conc. Dim.  & RFT DWGs As-Built Drawing  (B03) (2nd),17-May-26,0.0,0.0,0.0,0.0,0,0.0,0,0.0,The Big -P.01-UP-20-April-26,AB-APP-B03-2ND-1020,10-May-26,0.00%,0.00%,$0.00,$0.00,$0.00,
The Big -P.01-UP-20-April-26,AB-APP-B03-2ND-1030,1076,1057,1064,The Big -P.01-UP-20-April-26,The Big - P.01 - UP-24-MAY-26.HO.1.A.P01.B03.SUP.2ndF,AB-APP-B03-2ND-1030,Approval for Stairs Conc. Dim.  & RFT DWGs As-Built Drawing  (B03) (2nd),13-Oct-26,26-Oct-26,30-Jan-27,11-Feb-27,23-Mar-27,5-Apr-27,1,0.0,0.0,42.0,No,,The Big -P.01-UP-20-April-26,AB-APP-B03-2ND-1030,Approval for Stairs Conc. Dim.  & RFT DWGs As-Built Drawing  (B03) (2nd),17-May-26,0.0,0.0,0.0,0.0,0,0.0,0,0.0,The Big -P.01-UP-20-April-26,AB-APP-B03-2ND-1030,10-May-26,0.00%,0.00%,$0.00,$0.00,$0.00,
The Big -P.01-UP-20-April-26,CON-B01-5TH-1010,1077,1107,1106,The Big -P.01-UP-20-April-26,The Big - P.01 - UP-24-MAY-26.CON.P02.B01.SUP.5thF,CON-B01-5TH-1010,"RFT for Walls, Col. & Cores (B01) (5th)",14-Oct-26,20-Oct-26,6-Mar-27,16-Mar-27,14-Oct-26,20-Oct-26,1,0.0,0.0,-120.0,Yes,,The Big -P.01-UP-20-April-26,CON-B01-5TH-1010,"RFT for Walls, Col. & Cores (B01) (5th)",17-May-26,460777.03,0.0,0.0,0.0,0,0.0,0,0.0,The Big -P.01-UP-20-April-26,CON-B01-5TH-1010,10-May-26,0.00%,0.00%,$0.00,$0.00,$0.00,
The Big -P.01-UP-20-April-26,CON-B03-3RD-1010,1078,1059,1067,The Big -P.01-UP-20-April-26,The Big - P.01 - UP-24-MAY-26.CON.P01.B03.SUP.3rdF,CON-B03-3RD-1010,"RFT for Walls, Col. & Cores (B03) (3rd)",14-Oct-26,27-Oct-26,31-Jan-27,13-Feb-27,14-Oct-26,27-Oct-26,1,0.0,0.0,-91.0,Yes,,The Big -P.01-UP-20-April-26,CON-B03-3RD-1010,"RFT for Walls, Col. & Cores (B03) (3rd)",17-May-26,384021.48,0.0,0.0,0.0,0,0.0,0,0.0,The Big -P.01-UP-20-April-26,CON-B03-3RD-1010,10-May-26,0.00%,0.00%,$0.00,$0.00,$0.00,
The Big -P.01-UP-20-April-26,CON-B01-5TH-1020,1079,1110,1109,The Big -P.01-UP-20-April-26,The Big - P.01 - UP-24-MAY-26.CON.P02.B01.SUP.5thF,CON-B01-5TH-1020,"Shuttering for Walls, Col. & Cores (B01) (5th)",18-Oct-26,24-Oct-26,13-Mar-27,20-Mar-27,18-Oct-26,24-Oct-26,1,0.0,0.0,-120.0,Yes,,The Big -P.01-UP-20-April-26,CON-B01-5TH-1020,"Shuttering for Walls, Col. & Cores (B01) (5th)",17-May-26,252110.01,0.0,0.0,0.0,0,0.0,0,0.0,The Big -P.01-UP-20-April-26,CON-B01-5TH-1020,10-May-26,0.00%,0.00%,$0.00,$0.00,$0.00,
The Big -P.01-UP-20-April-26,AB-APP-B04-4TH-1000,1080,1088,1084,The Big -P.01-UP-20-April-26,The Big - P.01 - UP-24-MAY-26.HO.1.A.P01.B04.SUP.4thF,AB-APP-B04-4TH-1000,Approval for Col. & Walls Conc. Dim.  & RFT DWGs As-Built Drawing (B04) (4th),18-Oct-26,31-Oct-26,21-Feb-27,6-Mar-27,23-Mar-27,5-Apr-27,1,0.0,0.0,23.0,No,,The Big -P.01-UP-20-April-26,AB-APP-B04-4TH-1000,Approval for Col. & Walls Conc. Dim.  & RFT DWGs As-Built Drawing (B04) (4th),17-May-26,0.0,0.0,0.0,0.0,0,0.0,0,0.0,The Big -P.01-UP-20-April-26,AB-APP-B04-4TH-1000,10-May-26,0.00%,0.00%,$0.00,$0.00,$0.00,
The Big -P.01-UP-20-April-26,CON-B02-3RD-1030,1081,1061,1066,The Big -P.01-UP-20-April-26,The Big - P.01 - UP-24-MAY-26.CON.P02.B02.SUP.3rdF,CON-B02-3RD-1030,"Pouring for Walls, Col. & Cores (B02) (3rd)",19-Oct-26,20-Oct-26,31-Jan-27,1-Feb-27,31-Oct-26,1-Nov-26,1,0.0,0.0,-77.0,Yes,,The Big -P.01-UP-20-April-26,CON-B02-3RD-1030,"Pouring for Walls, Col. & Cores (B02) (3rd)",17-May-26,62943.17,0.0,0.0,0.0,0,0.0,0,0.0,The Big -P.01-UP-20-April-26,CON-B02-3RD-1030,10-May-26,0.00%,0.00%,$0.00,$0.00,$0.00,
The Big -P.01-UP-20-April-26,CON-B03-3RD-1020,1082,1064,1078,The Big -P.01-UP-20-April-26,The Big - P.01 - UP-24-MAY-26.CON.P01.B03.SUP.3rdF,CON-B03-3RD-1020,"Shuttering for Walls, Col. & Cores (B03) (3rd)",19-Oct-26,1-Nov-26,4-Feb-27,17-Feb-27,19-Oct-26,1-Nov-26,1,0.0,0.0,-91.0,Yes,,The Big -P.01-UP-20-April-26,CON-B03-3RD-1020,"Shuttering for Walls, Col. & Cores (B03) (3rd)",17-May-26,207990.75,0.0,0.0,0.0,0,0.0,0,0.0,The Big -P.01-UP-20-April-26,CON-B03-3RD-1020,10-May-26,0.00%,0.00%,$0.00,$0.00,$0.00,
The Big -P.01-UP-20-April-26,CON-B04-4TH-1060,1083,1091,1086,The Big -P.01-UP-20-April-26,The Big - P.01 - UP-24-MAY-26.CON.P01.B04.SUP.4thF,CON-B04-4TH-1060,"Pouring for Slabs, Beams & Stairs (B04) (4th)",20-Oct-26,21-Oct-26,23-Feb-27,24-Feb-27,20-Oct-26,21-Oct-26,1,0.0,0.0,-106.0,Yes,,The Big -P.01-UP-20-April-26,CON-B04-4TH-1060,"Pouring for Slabs, Beams & Stairs (B04) (4th)",17-May-26,1052971.93,0.0,0.0,0.0,0,0.0,0,0.0,The Big -P.01-UP-20-April-26,CON-B04-4TH-1060,10-May-26,0.00%,0.00%,$0.00,$0.00,$0.00,
The Big -P.01-UP-20-April-26,P-MDEL-1070,1084,903,918,The Big -P.01-UP-20-April-26,The Big - P.01 - UP-24-MAY-26.P.PC.DS.DR,P-MDEL-1070,Delivery for Rebar Patch#11  (6th floor),20-Oct-26,21-Oct-26,20-Oct-26,21-Oct-26,15-Nov-26,16-Nov-26,1,0.0,0.0,26.0,No,,The Big -P.01-UP-20-April-26,P-MDEL-1070,Delivery for Rebar Patch#11  (6th floor),17-May-26,0.0,0.0,0.0,0.0,0,0.0,0,0.0,The Big -P.01-UP-20-April-26,P-MDEL-1070,10-May-26,0.00%,0.00%,$0.00,$0.00,$0.00,
The Big -P.01-UP-20-April-26,CON-B02-3RD-1040,1085,1063,1072,The Big -P.01-UP-20-April-26,The Big - P.01 - UP-24-MAY-26.CON.P02.B02.SUP.3rdF,CON-B02-3RD-1040,"Shuttering for Slabs, Beams & Stairs(B02) (3rd)",21-Oct-26,7-Nov-26,2-Feb-27,18-Feb-27,2-Nov-26,18-Nov-26,1,0.0,0.0,-77.0,Yes,,The Big -P.01-UP-20-April-26,CON-B02-3RD-1040,"Shuttering for Slabs, Beams & Stairs(B02) (3rd)",17-May-26,1411527.0,0.0,0.0,0.0,0,0.0,0,0.0,The Big -P.01-UP-20-April-26,CON-B02-3RD-1040,10-May-26,0.00%,0.00%,$0.00,$0.00,$0.00,
The Big -P.01-UP-20-April-26,AB-SUB-B02-3RD-1000,1086,1065,1074,The Big -P.01-UP-20-April-26,The Big - P.01 - UP-24-MAY-26.HO.1.S.P02.B02.SUP.3rdF,AB-SUB-B02-3RD-1000,Submittal for Col. & Walls Conc. Dim.  & RFT DWGs As-Built Drawing (B02) (3rd),21-Oct-26,10-Nov-26,2-Feb-27,22-Feb-27,6-Mar-27,29-Mar-27,1,0.0,0.0,27.0,No,,The Big -P.01-UP-20-April-26,AB-SUB-B02-3RD-1000,Submittal for Col. & Walls Conc. Dim.  & RFT DWGs As-Built Drawing (B02) (3rd),17-May-26,0.0,0.0,0.0,0.0,0,0.0,0,0.0,The Big -P.01-UP-20-April-26,AB-SUB-B02-3RD-1000,10-May-26,0.00%,0.00%,$0.00,$0.00,$0.00,
The Big -P.01-UP-20-April-26,CON-B01-4TH-1080,1087,1115,1115,The Big -P.01-UP-20-April-26,The Big - P.01 - UP-24-MAY-26.CON.P02.B01.SUP.4thF,CON-B01-4TH-1080,Dismantling Formwork (B01) (4th),22-Oct-26,22-Oct-26,14-Mar-27,15-Mar-27,26-Oct-26,26-Oct-26,1,0.0,0.0,-139.0,Yes,,The Big -P.01-UP-20-April-26,CON-B01-4TH-1080,Dismantling Formwork (B01) (4th),17-May-26,0.0,0.0,0.0,0.0,0,0.0,0,0.0,The Big -P.01-UP-20-April-26,CON-B01-4TH-1080,10-May-26,0.00%,0.00%,$0.00,$0.00,$0.00,
The Big -P.01-UP-20-April-26,CON-B04-4TH-1070,1088,1096,1090,The Big -P.01-UP-20-April-26,The Big - P.01 - UP-24-MAY-26.CON.P01.B04.SUP.4thF,CON-B04-4TH-1070,"Curing for Slabs, Beams & Stairs (B04) (4th)",22-Oct-26,24-Oct-26,25-Feb-27,27-Feb-27,22-Oct-26,24-Oct-26,1,0.0,0.0,-126.0,Yes,,The Big -P.01-UP-20-April-26,CON-B04-4TH-1070,"Curing for Slabs, Beams & Stairs (B04) (4th)",17-May-26,0.0,0.0,0.0,0.0,0,0.0,0,0.0,The Big -P.01-UP-20-April-26,CON-B04-4TH-1070,10-May-26,0.00%,0.00%,$0.00,$0.00,$0.00,
The Big -P.01-UP-20-April-26,AB-SUB-B04-4TH-1010,1089,1097,1091,The Big -P.01-UP-20-April-26,The Big - P.01 - UP-24-MAY-26.HO.1.S.P01.B04.SUP.4thF,AB-SUB-B04-4TH-1010,Submittal for Slabs Conc. Dim.  & RFT DWGs As-Built Drawing (B04) (4th),22-Oct-26,11-Nov-26,25-Feb-27,21-Mar-27,6-Mar-27,29-Mar-27,1,0.0,0.0,7.0,No,,The Big -P.01-UP-20-April-26,AB-SUB-B04-4TH-1010,Submittal for Slabs Conc. Dim.  & RFT DWGs As-Built Drawing (B04) (4th),17-May-26,0.0,0.0,0.0,0.0,0,0.0,0,0.0,The Big -P.01-UP-20-April-26,AB-SUB-B04-4TH-1010,10-May-26,0.00%,0.00%,$0.00,$0.00,$0.00,
The Big -P.01-UP-20-April-26,AB-SUB-B04-4TH-1020,1090,1098,1092,The Big -P.01-UP-20-April-26,The Big - P.01 - UP-24-MAY-26.HO.1.S.P01.B04.SUP.4thF,AB-SUB-B04-4TH-1020,Submittal for Beams Conc. Dim.  & RFT DWGs As-Built Drawing (B04) (4th),22-Oct-26,11-Nov-26,25-Feb-27,21-Mar-27,6-Mar-27,29-Mar-27,1,0.0,0.0,7.0,No,,The Big -P.01-UP-20-April-26,AB-SUB-B04-4TH-1020,Submittal for Beams Conc. Dim.  & RFT DWGs As-Built Drawing (B04) (4th),17-May-26,0.0,0.0,0.0,0.0,0,0.0,0,0.0,The Big -P.01-UP-20-April-26,AB-SUB-B04-4TH-1020,10-May-26,0.00%,0.00%,$0.00,$0.00,$0.00,
The Big -P.01-UP-20-April-26,AB-SUB-B04-4TH-1030,1091,1099,1093,The Big -P.01-UP-20-April-26,The Big - P.01 - UP-24-MAY-26.HO.1.S.P01.B04.SUP.4thF,AB-SUB-B04-4TH-1030,Submittal for Stairs Conc. Dim.  & RFT DWGs As-Built Drawing (B04) (4th),22-Oct-26,11-Nov-26,25-Feb-27,21-Mar-27,6-Mar-27,29-Mar-27,1,0.0,0.0,7.0,No,,The Big -P.01-UP-20-April-26,AB-SUB-B04-4TH-1030,Submittal for Stairs Conc. Dim.  & RFT DWGs As-Built Drawing (B04) (4th),17-May-26,0.0,0.0,0.0,0.0,0,0.0,0,0.0,The Big -P.01-UP-20-April-26,AB-SUB-B04-4TH-1030,10-May-26,0.00%,0.00%,$0.00,$0.00,$0.00,
The Big -P.01-UP-20-April-26,AB-APP-B01-4TH-1010,1092,1123,1116,The Big -P.01-UP-20-April-26,The Big - P.01 - UP-24-MAY-26.HO.1.A.P02.B01.SUP.4thF,AB-APP-B01-4TH-1010,Approval for Slabs Conc. Dim.  & RFT DWGs As-Built Drawing (B01) (4th),24-Oct-26,5-Nov-26,18-Mar-27,1-Apr-27,23-Mar-27,5-Apr-27,1,0.0,0.0,4.0,No,,The Big -P.01-UP-20-April-26,AB-APP-B01-4TH-1010,Approval for Slabs Conc. Dim.  & RFT DWGs As-Built Drawing (B01) (4th),17-May-26,0.0,0.0,0.0,0.0,0,0.0,0,0.0,The Big -P.01-UP-20-April-26,AB-APP-B01-4TH-1010,10-May-26,0.00%,0.00%,$0.00,$0.00,$0.00,
The Big -P.01-UP-20-April-26,AB-APP-B01-4TH-1020,1093,1124,1117,The Big -P.01-UP-20-April-26,The Big - P.01 - UP-24-MAY-26.HO.1.A.P02.B01.SUP.4thF,AB-APP-B01-4TH-1020,Approval for Beams Conc. Dim.  & RFT DWGs As-Built Drawing (B01) (4th),24-Oct-26,5-Nov-26,18-Mar-27,1-Apr-27,23-Mar-27,5-Apr-27,1,0.0,0.0,4.0,No,,The Big -P.01-UP-20-April-26,AB-APP-B01-4TH-1020,Approval for Beams Conc. Dim.  & RFT DWGs As-Built Drawing (B01) (4th),17-May-26,0.0,0.0,0.0,0.0,0,0.0,0,0.0,The Big -P.01-UP-20-April-26,AB-APP-B01-4TH-1020,10-May-26,0.00%,0.00%,$0.00,$0.00,$0.00,
The Big -P.01-UP-20-April-26,AB-APP-B01-4TH-1030,1094,1125,1118,The Big -P.01-UP-20-April-26,The Big - P.01 - UP-24-MAY-26.HO.1.A.P02.B01.SUP.4thF,AB-APP-B01-4TH-1030,Approval for Stairs Conc. Dim.  & RFT DWGs As-Built Drawing (B01) (4th),24-Oct-26,5-Nov-26,18-Mar-27,1-Apr-27,23-Mar-27,5-Apr-27,1,0.0,0.0,4.0,No,,The Big -P.01-UP-20-April-26,AB-APP-B01-4TH-1030,Approval for Stairs Conc. Dim.  & RFT DWGs As-Built Drawing (B01) (4th),17-May-26,0.0,0.0,0.0,0.0,0,0.0,0,0.0,The Big -P.01-UP-20-April-26,AB-APP-B01-4TH-1030,10-May-26,0.00%,0.00%,$0.00,$0.00,$0.00,
The Big -P.01-UP-20-April-26,CON-B01-5TH-1030,1095,1130,1119,The Big -P.01-UP-20-April-26,The Big - P.01 - UP-24-MAY-26.CON.P02.B01.SUP.5thF,CON-B01-5TH-1030,"Pouring for Walls, Col. & Cores (B01) (5th)",25-Oct-26,26-Oct-26,20-Mar-27,22-Mar-27,25-Oct-26,26-Oct-26,1,0.0,0.0,-120.0,Yes,,The Big -P.01-UP-20-April-26,CON-B01-5TH-1030,"Pouring for Walls, Col. & Cores (B01) (5th)",17-May-26,378165.01,0.0,0.0,0.0,0,0.0,0,0.0,The Big -P.01-UP-20-April-26,CON-B01-5TH-1030,10-May-26,0.00%,0.00%,$0.00,$0.00,$0.00,
The Big -P.01-UP-20-April-26,CON-B04-5TH-1000,1096,1105,1101,The Big -P.01-UP-20-April-26,The Big - P.01 - UP-24-MAY-26.CON.P01.B04.SUP.5thF,CON-B04-5TH-1000,"Scaffolding works for Walls, Col. & Cores (B04) (5th)",25-Oct-26,29-Oct-26,28-Feb-27,4-Mar-27,25-Oct-26,29-Oct-26,1,0.0,0.0,-106.0,Yes,,The Big -P.01-UP-20-April-26,CON-B04-5TH-1000,"Scaffolding works for Walls, Col. & Cores (B04) (5th)",17-May-26,0.0,0.0,0.0,0.0,0,0.0,0,0.0,The Big -P.01-UP-20-April-26,CON-B04-5TH-1000,10-May-26,0.00%,0.00%,$0.00,$0.00,$0.00,
The Big -P.01-UP-20-April-26,CON-B02-3RD-1050,1097,1074,1080,The Big -P.01-UP-20-April-26,The Big - P.01 - UP-24-MAY-26.CON.P02.B02.SUP.3rdF,CON-B02-3RD-1050,"RFT for Slabs, Beams & Stairs (B02) (3rd)",26-Oct-26,11-Nov-26,7-Feb-27,23-Feb-27,7-Nov-26,23-Nov-26,1,0.0,0.0,-77.0,Yes,,The Big -P.01-UP-20-April-26,CON-B02-3RD-1050,"RFT for Slabs, Beams & Stairs (B02) (3rd)",17-May-26,1375590.95,0.0,0.0,0.0,0,0.0,0,0.0,The Big -P.01-UP-20-April-26,CON-B02-3RD-1050,10-May-26,0.00%,0.00%,$0.00,$0.00,$0.00,
The Big -P.01-UP-20-April-26,CON-B01-5TH-1040,1098,1133,1123,The Big -P.01-UP-20-April-26,The Big - P.01 - UP-24-MAY-26.CON.P02.B01.SUP.5thF,CON-B01-5TH-1040,"Shuttering for Slabs, Beams & Stairs (B01) (5th)",27-Oct-26,5-Nov-26,22-Mar-27,1-Apr-27,27-Oct-26,5-Nov-26,1,0.0,0.0,-120.0,Yes,,The Big -P.01-UP-20-April-26,CON-B01-5TH-1040,"Shuttering for Slabs, Beams & Stairs (B01) (5th)",17-May-26,839983.77,0.0,0.0,0.0,0,0.0,0,0.0,The Big -P.01-UP-20-April-26,CON-B01-5TH-1040,10-May-26,0.00%,0.00%,$0.00,$0.00,$0.00,
The Big -P.01-UP-20-April-26,AB-SUB-B01-5TH-1000,1099,1134,1126,The Big -P.01-UP-20-April-26,The Big - P.01 - UP-24-MAY-26.HO.1.S.P02.B01.SUP.5thF,AB-SUB-B01-5TH-1000,Submittal for Col. & Walls Conc. Dim.  & RFT DWGs As-Built Drawing (B01) (5th),27-Oct-26,16-Nov-26,22-Mar-27,12-Apr-27,6-Mar-27,29-Mar-27,1,0.0,0.0,-11.0,Yes,,The Big -P.01-UP-20-April-26,AB-SUB-B01-5TH-1000,Submittal for Col. & Walls Conc. Dim.  & RFT DWGs As-Built Drawing (B01) (5th),17-May-26,0.0,0.0,0.0,0.0,0,0.0,0,0.0,The Big -P.01-UP-20-April-26,AB-SUB-B01-5TH-1000,10-May-26,0.00%,0.00%,$0.00,$0.00,$0.00,
The Big -P.01-UP-20-April-26,CON-B04-5TH-1010,1100,1108,1107,The Big -P.01-UP-20-April-26,The Big - P.01 - UP-24-MAY-26.CON.P01.B04.SUP.5thF,CON-B04-5TH-1010,"RFT for Walls, Col. & Cores (B04) (5th)",28-Oct-26,5-Nov-26,3-Mar-27,15-Mar-27,28-Oct-26,5-Nov-26,1,0.0,0.0,-106.0,Yes,,The Big -P.01-UP-20-April-26,CON-B04-5TH-1010,"RFT for Walls, Col. & Cores (B04) (5th)",17-May-26,463096.43,0.0,0.0,0.0,0,0.0,0,0.0,The Big -P.01-UP-20-April-26,CON-B04-5TH-1010,10-May-26,0.00%,0.00%,$0.00,$0.00,$0.00,
The Big -P.01-UP-20-April-26,P-MPOS-1180,1101,920,934,The Big -P.01-UP-20-April-26,The Big - P.01 - UP-24-MAY-26.P.PC.PO.1,P-MPOS-1180,P.O for Rebar Patch#13  (8th floor),29-Oct-26,31-Oct-26,29-Oct-26,31-Oct-26,23-Nov-26,24-Nov-26,1,0.0,0.0,21.0,No,,The Big -P.01-UP-20-April-26,P-MPOS-1180,P.O for Rebar Patch#13  (8th floor),15-Apr-26,0.0,0.0,0.0,0.0,0,0.0,0,0.0,The Big -P.01-UP-20-April-26,P-MPOS-1180,15-Apr-26,0.00%,0.00%,$0.00,$0.00,$0.00,
The Big -P.01-UP-20-April-26,CON-B04-5TH-1020,1102,1109,1108,The Big -P.01-UP-20-April-26,The Big - P.01 - UP-24-MAY-26.CON.P01.B04.SUP.5thF,CON-B04-5TH-1020,"Shuttering for Walls, Col. & Cores (B04) (5th)",31-Oct-26,8-Nov-26,6-Mar-27,17-Mar-27,31-Oct-26,8-Nov-26,1,0.0,0.0,-106.0,Yes,,The Big -P.01-UP-20-April-26,CON-B04-5TH-1020,"Shuttering for Walls, Col. & Cores (B04) (5th)",17-May-26,253264.03,0.0,0.0,0.0,0,0.0,0,0.0,The Big -P.01-UP-20-April-26,CON-B04-5TH-1020,10-May-26,0.00%,0.00%,$0.00,$0.00,$0.00,
The Big -P.01-UP-20-April-26,CON-B01-5TH-1050,1103,1138,1133,The Big -P.01-UP-20-April-26,The Big - P.01 - UP-24-MAY-26.CON.P02.B01.SUP.5thF,CON-B01-5TH-1050,"RFT for Slabs, Beams & Stairs (B01) (5th)",1-Nov-26,10-Nov-26,27-Mar-27,6-Apr-27,1-Nov-26,10-Nov-26,1,0.0,0.0,-120.0,Yes,,The Big -P.01-UP-20-April-26,CON-B01-5TH-1050,"RFT for Slabs, Beams & Stairs (B01) (5th)",17-May-26,1250273.36,0.0,0.0,0.0,0,0.0,0,0.0,The Big -P.01-UP-20-April-26,CON-B01-5TH-1050,10-May-26,0.00%,0.00%,$0.00,$0.00,$0.00,
The Big -P.01-UP-20-April-26,CON-B03-3RD-1030,1104,1082,1085,The Big -P.01-UP-20-April-26,The Big - P.01 - UP-24-MAY-26.CON.P01.B03.SUP.3rdF,CON-B03-3RD-1030,"Pouring for Walls, Col. & Cores (B03) (3rd)",2-Nov-26,3-Nov-26,18-Feb-27,20-Feb-27,2-Nov-26,3-Nov-26,1,0.0,0.0,-91.0,Yes,,The Big -P.01-UP-20-April-26,CON-B03-3RD-1030,"Pouring for Walls, Col. & Cores (B03) (3rd)",17-May-26,311986.13,0.0,0.0,0.0,0,0.0,0,0.0,The Big -P.01-UP-20-April-26,CON-B03-3RD-1030,10-May-26,0.00%,0.00%,$0.00,$0.00,$0.00,
The Big -P.01-UP-20-April-26,CON-B04-4TH-1080,1105,1112,1110,The Big -P.01-UP-20-April-26,The Big - P.01 - UP-24-MAY-26.CON.P01.B04.SUP.4thF,CON-B04-4TH-1080,Dismantling Formwork (B04) (4th),3-Nov-26,3-Nov-26,9-Mar-27,9-Mar-27,9-Nov-26,9-Nov-26,1,0.0,0.0,-120.0,Yes,,The Big -P.01-UP-20-April-26,CON-B04-4TH-1080,Dismantling Formwork (B04) (4th),17-May-26,0.0,0.0,0.0,0.0,0,0.0,0,0.0,The Big -P.01-UP-20-April-26,CON-B04-4TH-1080,10-May-26,0.00%,0.00%,$0.00,$0.00,$0.00,
The Big -P.01-UP-20-April-26,CON-B03-3RD-1040,1106,1084,1088,The Big -P.01-UP-20-April-26,The Big - P.01 - UP-24-MAY-26.CON.P01.B03.SUP.3rdF,CON-B03-3RD-1040,"Shuttering for Slabs, Beams & Stairs (B03) (3rd)",4-Nov-26,21-Nov-26,21-Feb-27,13-Mar-27,4-Nov-26,21-Nov-26,1,0.0,0.0,-91.0,Yes,,The Big -P.01-UP-20-April-26,CON-B03-3RD-1040,"Shuttering for Slabs, Beams & Stairs (B03) (3rd)",17-May-26,943408.33,0.0,0.0,0.0,0,0.0,0,0.0,The Big -P.01-UP-20-April-26,CON-B03-3RD-1040,10-May-26,0.00%,0.00%,$0.00,$0.00,$0.00,
The Big -P.01-UP-20-April-26,AB-SUB-B03-3RD-1000,1107,1085,1089,The Big -P.01-UP-20-April-26,The Big - P.01 - UP-24-MAY-26.HO.1.S.P01.B03.SUP.3rdF,AB-SUB-B03-3RD-1000,Submittal for Col. & Walls Conc. Dim.  & RFT DWGs As-Built Drawing (B03) (3rd),4-Nov-26,24-Nov-26,21-Feb-27,16-Mar-27,6-Mar-27,29-Mar-27,1,0.0,0.0,11.0,No,,The Big -P.01-UP-20-April-26,AB-SUB-B03-3RD-1000,Submittal for Col. & Walls Conc. Dim.  & RFT DWGs As-Built Drawing (B03) (3rd),17-May-26,0.0,0.0,0.0,0.0,0,0.0,0,0.0,The Big -P.01-UP-20-April-26,AB-SUB-B03-3RD-1000,10-May-26,0.00%,0.00%,$0.00,$0.00,$0.00,
The Big -P.01-UP-20-April-26,AB-APP-B02-3RD-1000,1108,1083,1082,The Big -P.01-UP-20-April-26,The Big - P.01 - UP-24-MAY-26.HO.1.A.P02.B02.SUP.3rdF,AB-APP-B02-3RD-1000,Approval for Col. & Walls Conc. Dim.  & RFT DWGs As-Built Drawing (B02) (3rd),4-Nov-26,17-Nov-26,16-Feb-27,1-Mar-27,23-Mar-27,5-Apr-27,1,0.0,0.0,27.0,No,,The Big -P.01-UP-20-April-26,AB-APP-B02-3RD-1000,Approval for Col. & Walls Conc. Dim.  & RFT DWGs As-Built Drawing (B02) (3rd),17-May-26,0.0,0.0,0.0,0.0,0,0.0,0,0.0,The Big -P.01-UP-20-April-26,AB-APP-B02-3RD-1000,10-May-26,0.00%,0.00%,$0.00,$0.00,$0.00,
The Big -P.01-UP-20-April-26,AB-APP-B04-4TH-1010,1109,1119,1112,The Big -P.01-UP-20-April-26,The Big - P.01 - UP-24-MAY-26.HO.1.A.P01.B04.SUP.4thF,AB-APP-B04-4TH-1010,Approval for Slabs Conc. Dim.  & RFT DWGs As-Built Drawing (B04) (4th),5-Nov-26,18-Nov-26,15-Mar-27,28-Mar-27,23-Mar-27,5-Apr-27,1,0.0,0.0,7.0,No,,The Big -P.01-UP-20-April-26,AB-APP-B04-4TH-1010,Approval for Slabs Conc. Dim.  & RFT DWGs As-Built Drawing (B04) (4th),17-May-26,0.0,0.0,0.0,0.0,0,0.0,0,0.0,The Big -P.01-UP-20-April-26,AB-APP-B04-4TH-1010,10-May-26,0.00%,0.00%,$0.00,$0.00,$0.00,
The Big -P.01-UP-20-April-26,AB-APP-B04-4TH-1020,1110,1120,1113,The Big -P.01-UP-20-April-26,The Big - P.01 - UP-24-MAY-26.HO.1.A.P01.B04.SUP.4thF,AB-APP-B04-4TH-1020,Approval for Beams Conc. Dim.  & RFT DWGs As-Built Drawing (B04) (4th),5-Nov-26,18-Nov-26,15-Mar-27,28-Mar-27,23-Mar-27,5-Apr-27,1,0.0,0.0,7.0,No,,The Big -P.01-UP-20-April-26,AB-APP-B04-4TH-1020,Approval for Beams Conc. Dim.  & RFT DWGs As-Built Drawing (B04) (4th),17-May-26,0.0,0.0,0.0,0.0,0,0.0,0,0.0,The Big -P.01-UP-20-April-26,AB-APP-B04-4TH-1020,10-May-26,0.00%,0.00%,$0.00,$0.00,$0.00,
The Big -P.01-UP-20-April-26,AB-APP-B04-4TH-1030,1111,1121,1114,The Big -P.01-UP-20-April-26,The Big - P.01 - UP-24-MAY-26.HO.1.A.P01.B04.SUP.4thF,AB-APP-B04-4TH-1030,Approval for Stairs Conc. Dim.  & RFT DWGs As-Built Drawing (B04) (4th),5-Nov-26,18-Nov-26,15-Mar-27,28-Mar-27,23-Mar-27,5-Apr-27,1,0.0,0.0,7.0,No,,The Big -P.01-UP-20-April-26,AB-APP-B04-4TH-1030,Approval for Stairs Conc. Dim.  & RFT DWGs As-Built Drawing (B04) (4th),17-May-26,0.0,0.0,0.0,0.0,0,0.0,0,0.0,The Big -P.01-UP-20-April-26,AB-APP-B04-4TH-1030,10-May-26,0.00%,0.00%,$0.00,$0.00,$0.00,
The Big -P.01-UP-20-April-26,CON-B03-3RD-1050,1112,1087,1100,The Big -P.01-UP-20-April-26,The Big - P.01 - UP-24-MAY-26.CON.P01.B03.SUP.3rdF,CON-B03-3RD-1050,"RFT for Slabs, Beams & Stairs (B03) (3rd)",9-Nov-26,25-Nov-26,25-Feb-27,17-Mar-27,9-Nov-26,25-Nov-26,1,0.0,0.0,-91.0,Yes,,The Big -P.01-UP-20-April-26,CON-B03-3RD-1050,"RFT for Slabs, Beams & Stairs (B03) (3rd)",17-May-26,1393943.32,0.0,0.0,0.0,0,0.0,0,0.0,The Big -P.01-UP-20-April-26,CON-B03-3RD-1050,10-May-26,0.00%,0.00%,$0.00,$0.00,$0.00,
The Big -P.01-UP-20-April-26,CON-B04-5TH-1030,1113,1132,1122,The Big -P.01-UP-20-April-26,The Big - P.01 - UP-24-MAY-26.CON.P01.B04.SUP.5thF,CON-B04-5TH-1030,"Pouring for Walls, Col. & Cores (B04) (5th)",9-Nov-26,9-Nov-26,18-Mar-27,18-Mar-27,9-Nov-26,9-Nov-26,1,0.0,0.0,-106.0,Yes,,The Big -P.01-UP-20-April-26,CON-B04-5TH-1030,"Pouring for Walls, Col. & Cores (B04) (5th)",17-May-26,379896.04,0.0,0.0,0.0,0,0.0,0,0.0,The Big -P.01-UP-20-April-26,CON-B04-5TH-1030,10-May-26,0.00%,0.00%,$0.00,$0.00,$0.00,
The Big -P.01-UP-20-April-26,CON-B04-5TH-1040,1114,1135,1124,The Big -P.01-UP-20-April-26,The Big - P.01 - UP-24-MAY-26.CON.P01.B04.SUP.5thF,CON-B04-5TH-1040,"Shuttering for Slabs, Beams & Stairs (B04) (5th)",10-Nov-26,21-Nov-26,20-Mar-27,30-Mar-27,10-Nov-26,21-Nov-26,1,0.0,0.0,-106.0,Yes,,The Big -P.01-UP-20-April-26,CON-B04-5TH-1040,"Shuttering for Slabs, Beams & Stairs (B04) (5th)",17-May-26,702157.56,0.0,0.0,0.0,0,0.0,0,0.0,The Big -P.01-UP-20-April-26,CON-B04-5TH-1040,10-May-26,0.00%,0.00%,$0.00,$0.00,$0.00,
The Big -P.01-UP-20-April-26,AB-SUB-B04-5TH-1000,1115,1136,1125,The Big -P.01-UP-20-April-26,The Big - P.01 - UP-24-MAY-26.HO.1.S.P01.B04.SUP.5thF,AB-SUB-B04-5TH-1000,Submittal for Col. & Walls Conc. Dim.  & RFT DWGs As-Built Drawing (B04) (5th),10-Nov-26,30-Nov-26,20-Mar-27,8-Apr-27,6-Mar-27,29-Mar-27,1,0.0,0.0,-9.0,Yes,,The Big -P.01-UP-20-April-26,AB-SUB-B04-5TH-1000,Submittal for Col. & Walls Conc. Dim.  & RFT DWGs As-Built Drawing (B04) (5th),17-May-26,0.0,0.0,0.0,0.0,0,0.0,0,0.0,The Big -P.01-UP-20-April-26,AB-SUB-B04-5TH-1000,10-May-26,0.00%,0.00%,$0.00,$0.00,$0.00,
The Big -P.01-UP-20-April-26,AB-APP-B01-5TH-1000,1116,1146,1139,The Big -P.01-UP-20-April-26,The Big - P.01 - UP-24-MAY-26.HO.1.A.P02.B01.SUP.5thF,AB-APP-B01-5TH-1000,Approval for Col. & Walls Conc. Dim.  & RFT DWGs As-Built Drawing (B01) (5th),10-Nov-26,23-Nov-26,5-Apr-27,19-Apr-27,23-Mar-27,5-Apr-27,1,0.0,0.0,-11.0,Yes,,The Big -P.01-UP-20-April-26,AB-APP-B01-5TH-1000,Approval for Col. & Walls Conc. Dim.  & RFT DWGs As-Built Drawing (B01) (5th),17-May-26,0.0,0.0,0.0,0.0,0,0.0,0,0.0,The Big -P.01-UP-20-April-26,AB-APP-B01-5TH-1000,10-May-26,0.00%,0.00%,$0.00,$0.00,$0.00,
The Big -P.01-UP-20-April-26,CON-B01-5TH-1060,1117,1148,1141,The Big -P.01-UP-20-April-26,The Big - P.01 - UP-24-MAY-26.CON.P02.B01.SUP.5thF,CON-B01-5TH-1060,"Pouring for Slabs, Beams & Stairs (B01) (5th)",11-Nov-26,12-Nov-26,6-Apr-27,8-Apr-27,11-Nov-26,12-Nov-26,1,0.0,0.0,-120.0,Yes,,The Big -P.01-UP-20-April-26,CON-B01-5TH-1060,"Pouring for Slabs, Beams & Stairs (B01) (5th)",17-May-26,1259975.66,0.0,0.0,0.0,0,0.0,0,0.0,The Big -P.01-UP-20-April-26,CON-B01-5TH-1060,10-May-26,0.00%,0.00%,$0.00,$0.00,$0.00,
The Big -P.01-UP-20-April-26,CON-B02-3RD-1060,1118,1089,1095,The Big -P.01-UP-20-April-26,The Big - P.01 - UP-24-MAY-26.CON.P02.B02.SUP.3rdF,CON-B02-3RD-1060,"Pouring for Slabs, Beams & Stairs (B02) (3rd)",12-Nov-26,15-Nov-26,24-Feb-27,27-Feb-27,24-Nov-26,26-Nov-26,1,0.0,0.0,-77.0,Yes,,The Big -P.01-UP-20-April-26,CON-B02-3RD-1060,"Pouring for Slabs, Beams & Stairs (B02) (3rd)",17-May-26,941018.0,0.0,0.0,0.0,0,0.0,0,0.0,The Big -P.01-UP-20-April-26,CON-B02-3RD-1060,10-May-26,0.00%,0.00%,$0.00,$0.00,$0.00,
The Big -P.01-UP-20-April-26,CON-B01-5TH-1070,1119,1157,1148,The Big -P.01-UP-20-April-26,The Big - P.01 - UP-24-MAY-26.CON.P02.B01.SUP.5thF,CON-B01-5TH-1070,"Curing for Slabs, Beams & Stairs (B01) (5th)",13-Nov-26,15-Nov-26,8-Apr-27,11-Apr-27,17-Nov-26,19-Nov-26,1,0.0,0.0,-142.0,Yes,,The Big -P.01-UP-20-April-26,CON-B01-5TH-1070,"Curing for Slabs, Beams & Stairs (B01) (5th)",17-May-26,0.0,0.0,0.0,0.0,0,0.0,0,0.0,The Big -P.01-UP-20-April-26,CON-B01-5TH-1070,10-May-26,0.00%,0.00%,$0.00,$0.00,$0.00,
The Big -P.01-UP-20-April-26,CON-B01-6TH-1000,1120,1156,1149,The Big -P.01-UP-20-April-26,The Big - P.01 - UP-24-MAY-26.CON.P02.B01.SUP.6thF,CON-B01-6TH-1000,"Scaffolding works for Walls, Col. & Cores (B01) (6th)",14-Nov-26,17-Nov-26,8-Apr-27,13-Apr-27,14-Nov-26,17-Nov-26,1,0.0,0.0,-120.0,Yes,,The Big -P.01-UP-20-April-26,CON-B01-6TH-1000,"Scaffolding works for Walls, Col. & Cores (B01) (6th)",17-May-26,0.0,0.0,0.0,0.0,0,0.0,0,0.0,The Big -P.01-UP-20-April-26,CON-B01-6TH-1000,10-May-26,0.00%,0.00%,$0.00,$0.00,$0.00,
The Big -P.01-UP-20-April-26,CON-B04-5TH-1050,1121,1137,1132,The Big -P.01-UP-20-April-26,The Big - P.01 - UP-24-MAY-26.CON.P01.B04.SUP.5thF,CON-B04-5TH-1050,"RFT for Slabs, Beams & Stairs (B04) (5th)",14-Nov-26,24-Nov-26,23-Mar-27,3-Apr-27,14-Nov-26,24-Nov-26,1,0.0,0.0,-106.0,Yes,,The Big -P.01-UP-20-April-26,CON-B04-5TH-1050,"RFT for Slabs, Beams & Stairs (B04) (5th)",17-May-26,1023348.88,0.0,0.0,0.0,0,0.0,0,0.0,The Big -P.01-UP-20-April-26,CON-B04-5TH-1050,10-May-26,0.00%,0.00%,$0.00,$0.00,$0.00,
The Big -P.01-UP-20-April-26,AB-SUB-B01-5TH-1010,1122,1158,1151,The Big -P.01-UP-20-April-26,The Big - P.01 - UP-24-MAY-26.HO.1.S.P02.B01.SUP.5thF,AB-SUB-B01-5TH-1010,Submittal for Slabs Conc. Dim.  & RFT DWGs As-Built Drawing (B01) (5th),14-Nov-26,3-Dec-26,8-Apr-27,29-Apr-27,6-Mar-27,29-Mar-27,1,0.0,0.0,-26.0,Yes,,The Big -P.01-UP-20-April-26,AB-SUB-B01-5TH-1010,Submittal for Slabs Conc. Dim.  & RFT DWGs As-Built Drawing (B01) (5th),17-May-26,0.0,0.0,0.0,0.0,0,0.0,0,0.0,The Big -P.01-UP-20-April-26,AB-SUB-B01-5TH-1010,10-May-26,0.00%,0.00%,$0.00,$0.00,$0.00,
The Big -P.01-UP-20-April-26,AB-SUB-B01-5TH-1020,1123,1159,1152,The Big -P.01-UP-20-April-26,The Big - P.01 - UP-24-MAY-26.HO.1.S.P02.B01.SUP.5thF,AB-SUB-B01-5TH-1020,Submittal for Beams Conc. Dim.  & RFT DWGs As-Built Drawing (B01) (5th),14-Nov-26,3-Dec-26,8-Apr-27,29-Apr-27,6-Mar-27,29-Mar-27,1,0.0,0.0,-26.0,Yes,,The Big -P.01-UP-20-April-26,AB-SUB-B01-5TH-1020,Submittal for Beams Conc. Dim.  & RFT DWGs As-Built Drawing (B01) (5th),17-May-26,0.0,0.0,0.0,0.0,0,0.0,0,0.0,The Big -P.01-UP-20-April-26,AB-SUB-B01-5TH-1020,10-May-26,0.00%,0.00%,$0.00,$0.00,$0.00,
The Big -P.01-UP-20-April-26,AB-SUB-B01-5TH-1030,1124,1160,1153,The Big -P.01-UP-20-April-26,The Big - P.01 - UP-24-MAY-26.HO.1.S.P02.B01.SUP.5thF,AB-SUB-B01-5TH-1030,Submittal for Stairs Conc. Dim.  & RFT DWGs As-Built Drawing (B01) (5th),14-Nov-26,3-Dec-26,8-Apr-27,29-Apr-27,6-Mar-27,29-Mar-27,1,0.0,0.0,-26.0,Yes,,The Big -P.01-UP-20-April-26,AB-SUB-B01-5TH-1030,Submittal for Stairs Conc. Dim.  & RFT DWGs As-Built Drawing (B01) (5th),17-May-26,0.0,0.0,0.0,0.0,0,0.0,0,0.0,The Big -P.01-UP-20-April-26,AB-SUB-B01-5TH-1030,10-May-26,0.00%,0.00%,$0.00,$0.00,$0.00,
The Big -P.01-UP-20-April-26,CON-B02-3RD-1070,1125,1092,1102,The Big -P.01-UP-20-April-26,The Big - P.01 - UP-24-MAY-26.CON.P02.B02.SUP.3rdF,CON-B02-3RD-1070,"Curing for Slabs, Beams & Stairs (B02) (3rd)",16-Nov-26,20-Nov-26,28-Feb-27,4-Mar-27,27-Nov-26,1-Dec-26,1,0.0,0.0,-93.0,Yes,,The Big -P.01-UP-20-April-26,CON-B02-3RD-1070,"Curing for Slabs, Beams & Stairs (B02) (3rd)",17-May-26,0.0,0.0,0.0,0.0,0,0.0,0,0.0,The Big -P.01-UP-20-April-26,CON-B02-3RD-1070,10-May-26,0.00%,0.00%,$0.00,$0.00,$0.00,
The Big -P.01-UP-20-April-26,AB-SUB-B02-3RD-1010,1126,1093,1103,The Big -P.01-UP-20-April-26,The Big - P.01 - UP-24-MAY-26.HO.1.S.P02.B02.SUP.3rdF,AB-SUB-B02-3RD-1010,Submittal for Slabs Conc. Dim.  & RFT DWGs As-Built Drawing (B02) (3rd),16-Nov-26,6-Dec-26,28-Feb-27,23-Mar-27,6-Mar-27,29-Mar-27,1,0.0,0.0,5.0,No,,The Big -P.01-UP-20-April-26,AB-SUB-B02-3RD-1010,Submittal for Slabs Conc. Dim.  & RFT DWGs As-Built Drawing (B02) (3rd),17-May-26,0.0,0.0,0.0,0.0,0,0.0,0,0.0,The Big -P.01-UP-20-April-26,AB-SUB-B02-3RD-1010,10-May-26,0.00%,0.00%,$0.00,$0.00,$0.00,
The Big -P.01-UP-20-April-26,AB-SUB-B02-3RD-1020,1127,1094,1104,The Big -P.01-UP-20-April-26,The Big - P.01 - UP-24-MAY-26.HO.1.S.P02.B02.SUP.3rdF,AB-SUB-B02-3RD-1020,Submittal for Beams Conc. Dim.  & RFT DWGs As-Built Drawing (B02) (3rd),16-Nov-26,6-Dec-26,28-Feb-27,23-Mar-27,6-Mar-27,29-Mar-27,1,0.0,0.0,5.0,No,,The Big -P.01-UP-20-April-26,AB-SUB-B02-3RD-1020,Submittal for Beams Conc. Dim.  & RFT DWGs As-Built Drawing (B02) (3rd),17-May-26,0.0,0.0,0.0,0.0,0,0.0,0,0.0,The Big -P.01-UP-20-April-26,AB-SUB-B02-3RD-1020,10-May-26,0.00%,0.00%,$0.00,$0.00,$0.00,
The Big -P.01-UP-20-April-26,AB-SUB-B02-3RD-1030,1128,1095,1105,The Big -P.01-UP-20-April-26,The Big - P.01 - UP-24-MAY-26.HO.1.S.P02.B02.SUP.3rdF,AB-SUB-B02-3RD-1030,Submittal for Stairs Conc. Dim.  & RFT DWGs As-Built Drawing (B02) (3rd),16-Nov-26,6-Dec-26,28-Feb-27,23-Mar-27,6-Mar-27,29-Mar-27,1,0.0,0.0,5.0,No,,The Big -P.01-UP-20-April-26,AB-SUB-B02-3RD-1030,Submittal for Stairs Conc. Dim.  & RFT DWGs As-Built Drawing (B02) (3rd),17-May-26,0.0,0.0,0.0,0.0,0,0.0,0,0.0,The Big -P.01-UP-20-April-26,AB-SUB-B02-3RD-1030,10-May-26,0.00%,0.00%,$0.00,$0.00,$0.00,
The Big -P.01-UP-20-April-26,CON-B01-6TH-1010,1129,1164,1159,The Big -P.01-UP-20-April-26,The Big - P.01 - UP-24-MAY-26.CON.P02.B01.SUP.6thF,CON-B01-6TH-1010,"RFT for Walls, Col. & Cores (B01) (6th)",17-Nov-26,23-Nov-26,12-Apr-27,19-Apr-27,17-Nov-26,23-Nov-26,1,0.0,0.0,-120.0,Yes,,The Big -P.01-UP-20-April-26,CON-B01-6TH-1010,"RFT for Walls, Col. & Cores (B01) (6th)",17-May-26,460777.03,0.0,0.0,0.0,0,0.0,0,0.0,The Big -P.01-UP-20-April-26,CON-B01-6TH-1010,10-May-26,0.00%,0.00%,$0.00,$0.00,$0.00,
The Big -P.01-UP-20-April-26,AB-APP-B03-3RD-1000,1130,1106,1111,The Big -P.01-UP-20-April-26,The Big - P.01 - UP-24-MAY-26.HO.1.A.P01.B03.SUP.3rdF,AB-APP-B03-3RD-1000,Approval for Col. & Walls Conc. Dim.  & RFT DWGs As-Built Drawing  (B03) (3rd),18-Nov-26,1-Dec-26,7-Mar-27,23-Mar-27,23-Mar-27,5-Apr-27,1,0.0,0.0,11.0,No,,The Big -P.01-UP-20-April-26,AB-APP-B03-3RD-1000,Approval for Col. & Walls Conc. Dim.  & RFT DWGs As-Built Drawing  (B03) (3rd),17-May-26,0.0,0.0,0.0,0.0,0,0.0,0,0.0,The Big -P.01-UP-20-April-26,AB-APP-B03-3RD-1000,10-May-26,0.00%,0.00%,$0.00,$0.00,$0.00,
The Big -P.01-UP-20-April-26,CON-B01-6TH-1020,1131,1166,1164,The Big -P.01-UP-20-April-26,The Big - P.01 - UP-24-MAY-26.CON.P02.B01.SUP.6thF,CON-B01-6TH-1020,"Shuttering for Walls, Col. & Cores (B01) (6th)",21-Nov-26,26-Nov-26,15-Apr-27,22-Apr-27,21-Nov-26,26-Nov-26,1,0.0,0.0,-120.0,Yes,,The Big -P.01-UP-20-April-26,CON-B01-6TH-1020,"Shuttering for Walls, Col. & Cores (B01) (6th)",17-May-26,252110.01,0.0,0.0,0.0,0,0.0,0,0.0,The Big -P.01-UP-20-April-26,CON-B01-6TH-1020,10-May-26,0.00%,0.00%,$0.00,$0.00,$0.00,
The Big -P.01-UP-20-April-26,P-MDEL-1190,1132,969,977,The Big -P.01-UP-20-April-26,The Big - P.01 - UP-24-MAY-26.P.PC.DS.DR,P-MDEL-1190,Delivery for Rebar Patch#12  (7th floor),23-Nov-26,24-Nov-26,23-Nov-26,24-Nov-26,19-Dec-26,20-Dec-26,1,0.0,0.0,26.0,No,,The Big -P.01-UP-20-April-26,P-MDEL-1190,Delivery for Rebar Patch#12  (7th floor),17-May-26,0.0,0.0,0.0,0.0,0,0.0,0,0.0,The Big -P.01-UP-20-April-26,P-MDEL-1190,10-May-26,0.00%,0.00%,$0.00,$0.00,$0.00,
The Big -P.01-UP-20-April-26,AB-APP-B04-5TH-1000,1133,1147,1140,The Big -P.01-UP-20-April-26,The Big - P.01 - UP-24-MAY-26.HO.1.A.P01.B04.SUP.5thF,AB-APP-B04-5TH-1000,Approval for Col. & Walls Conc. Dim.  & RFT DWGs As-Built Drawing (B04) (5th),24-Nov-26,7-Dec-26,3-Apr-27,15-Apr-27,23-Mar-27,5-Apr-27,1,0.0,0.0,-9.0,Yes,,The Big -P.01-UP-20-April-26,AB-APP-B04-5TH-1000,Approval for Col. & Walls Conc. Dim.  & RFT DWGs As-Built Drawing (B04) (5th),17-May-26,0.0,0.0,0.0,0.0,0,0.0,0,0.0,The Big -P.01-UP-20-April-26,AB-APP-B04-5TH-1000,10-May-26,0.00%,0.00%,$0.00,$0.00,$0.00,
The Big -P.01-UP-20-April-26,CON-B04-5TH-1060,1134,1150,1142,The Big -P.01-UP-20-April-26,The Big - P.01 - UP-24-MAY-26.CON.P01.B04.SUP.5thF,CON-B04-5TH-1060,"Pouring for Slabs, Beams & Stairs (B04) (5th)",25-Nov-26,25-Nov-26,4-Apr-27,4-Apr-27,25-Nov-26,25-Nov-26,1,0.0,0.0,-106.0,Yes,,The Big -P.01-UP-20-April-26,CON-B04-5TH-1060,"Pouring for Slabs, Beams & Stairs (B04) (5th)",17-May-26,1053236.03,0.0,0.0,0.0,0,0.0,0,0.0,The Big -P.01-UP-20-April-26,CON-B04-5TH-1060,10-May-26,0.00%,0.00%,$0.00,$0.00,$0.00,
The Big -P.01-UP-20-April-26,CON-B01-5TH-1080,1135,1170,1169,The Big -P.01-UP-20-April-26,The Big - P.01 - UP-24-MAY-26.CON.P02.B01.SUP.5thF,CON-B01-5TH-1080,Dismantling Formwork (B01) (5th),26-Nov-26,26-Nov-26,21-Apr-27,22-Apr-27,30-Nov-26,30-Nov-26,1,0.0,0.0,-142.0,Yes,,The Big -P.01-UP-20-April-26,CON-B01-5TH-1080,Dismantling Formwork (B01) (5th),17-May-26,0.0,0.0,0.0,0.0,0,0.0,0,0.0,The Big -P.01-UP-20-April-26,CON-B01-5TH-1080,10-May-26,0.00%,0.00%,$0.00,$0.00,$0.00,
The Big -P.01-UP-20-April-26,CON-B03-3RD-1060,1136,1114,1131,The Big -P.01-UP-20-April-26,The Big - P.01 - UP-24-MAY-26.CON.P01.B03.SUP.3rdF,CON-B03-3RD-1060,"Pouring for Slabs, Beams & Stairs (B03) (3rd)",26-Nov-26,29-Nov-26,18-Mar-27,21-Mar-27,26-Nov-26,29-Nov-26,1,0.0,0.0,-91.0,Yes,,The Big -P.01-UP-20-April-26,CON-B03-3RD-1060,"Pouring for Slabs, Beams & Stairs (B03) (3rd)",17-May-26,1415112.49,0.0,0.0,0.0,0,0.0,0,0.0,The Big -P.01-UP-20-April-26,CON-B03-3RD-1060,10-May-26,0.00%,0.00%,$0.00,$0.00,$0.00,
The Big -P.01-UP-20-April-26,CON-B04-5TH-1070,1137,1152,1144,The Big -P.01-UP-20-April-26,The Big - P.01 - UP-24-MAY-26.CON.P01.B04.SUP.5thF,CON-B04-5TH-1070,"Curing for Slabs, Beams & Stairs (B04) (5th)",26-Nov-26,28-Nov-26,5-Apr-27,7-Apr-27,26-Nov-26,28-Nov-26,1,0.0,0.0,-130.0,Yes,,The Big -P.01-UP-20-April-26,CON-B04-5TH-1070,"Curing for Slabs, Beams & Stairs (B04) (5th)",17-May-26,0.0,0.0,0.0,0.0,0,0.0,0,0.0,The Big -P.01-UP-20-April-26,CON-B04-5TH-1070,10-May-26,0.00%,0.00%,$0.00,$0.00,$0.00,
The Big -P.01-UP-20-April-26,AB-SUB-B04-5TH-1010,1138,1153,1145,The Big -P.01-UP-20-April-26,The Big - P.01 - UP-24-MAY-26.HO.1.S.P01.B04.SUP.5thF,AB-SUB-B04-5TH-1010,Submittal for Slabs Conc. Dim.  & RFT DWGs As-Built Drawing (B04) (5th),26-Nov-26,16-Dec-26,5-Apr-27,25-Apr-27,6-Mar-27,29-Mar-27,1,0.0,0.0,-23.0,Yes,,The Big -P.01-UP-20-April-26,AB-SUB-B04-5TH-1010,Submittal for Slabs Conc. Dim.  & RFT DWGs As-Built Drawing (B04) (5th),17-May-26,0.0,0.0,0.0,0.0,0,0.0,0,0.0,The Big -P.01-UP-20-April-26,AB-SUB-B04-5TH-1010,10-May-26,0.00%,0.00%,$0.00,$0.00,$0.00,
The Big -P.01-UP-20-April-26,AB-SUB-B04-5TH-1020,1139,1154,1146,The Big -P.01-UP-20-April-26,The Big - P.01 - UP-24-MAY-26.HO.1.S.P01.B04.SUP.5thF,AB-SUB-B04-5TH-1020,Submittal for Beams Conc. Dim.  & RFT DWGs As-Built Drawing (B04) (5th),26-Nov-26,16-Dec-26,5-Apr-27,25-Apr-27,6-Mar-27,29-Mar-27,1,0.0,0.0,-23.0,Yes,,The Big -P.01-UP-20-April-26,AB-SUB-B04-5TH-1020,Submittal for Beams Conc. Dim.  & RFT DWGs As-Built Drawing (B04) (5th),17-May-26,0.0,0.0,0.0,0.0,0,0.0,0,0.0,The Big -P.01-UP-20-April-26,AB-SUB-B04-5TH-1020,10-May-26,0.00%,0.00%,$0.00,$0.00,$0.00,
The Big -P.01-UP-20-April-26,AB-SUB-B04-5TH-1030,1140,1155,1147,The Big -P.01-UP-20-April-26,The Big - P.01 - UP-24-MAY-26.HO.1.S.P01.B04.SUP.5thF,AB-SUB-B04-5TH-1030,Submittal for Stairs Conc. Dim.  & RFT DWGs As-Built Drawing (B04) (5th),26-Nov-26,16-Dec-26,5-Apr-27,25-Apr-27,6-Mar-27,29-Mar-27,1,0.0,0.0,-23.0,Yes,,The Big -P.01-UP-20-April-26,AB-SUB-B04-5TH-1030,Submittal for Stairs Conc. Dim.  & RFT DWGs As-Built Drawing (B04) (5th),17-May-26,0.0,0.0,0.0,0.0,0,0.0,0,0.0,The Big -P.01-UP-20-April-26,AB-SUB-B04-5TH-1030,10-May-26,0.00%,0.00%,$0.00,$0.00,$0.00,
The Big -P.01-UP-20-April-26,CON-B02-3RD-1080,1141,1111,1120,The Big -P.01-UP-20-April-26,The Big - P.01 - UP-24-MAY-26.CON.P02.B02.SUP.3rdF,CON-B02-3RD-1080,Dismantling Formwork (B02) (3rd),27-Nov-26,27-Nov-26,15-Mar-27,15-Mar-27,1-Jan-27,1-Jan-27,1,0.0,0.0,-73.0,Yes,,The Big -P.01-UP-20-April-26,CON-B02-3RD-1080,Dismantling Formwork (B02) (3rd),17-May-26,0.0,0.0,0.0,0.0,0,0.0,0,0.0,The Big -P.01-UP-20-April-26,CON-B02-3RD-1080,10-May-26,0.00%,0.00%,$0.00,$0.00,$0.00,
The Big -P.01-UP-20-April-26,AB-APP-B01-5TH-1010,1142,1174,1176,The Big -P.01-UP-20-April-26,The Big - P.01 - UP-24-MAY-26.HO.1.A.P02.B01.SUP.5thF,AB-APP-B01-5TH-1010,Approval for Slabs Conc. Dim.  & RFT DWGs As-Built Drawing (B01) (5th),28-Nov-26,10-Dec-26,22-Apr-27,6-May-27,23-Mar-27,5-Apr-27,1,0.0,0.0,-26.0,Yes,,The Big -P.01-UP-20-April-26,AB-APP-B01-5TH-1010,Approval for Slabs Conc. Dim.  & RFT DWGs As-Built Drawing (B01) (5th),17-May-26,0.0,0.0,0.0,0.0,0,0.0,0,0.0,The Big -P.01-UP-20-April-26,AB-APP-B01-5TH-1010,10-May-26,0.00%,0.00%,$0.00,$0.00,$0.00,
The Big -P.01-UP-20-April-26,AB-APP-B01-5TH-1020,1143,1175,1177,The Big -P.01-UP-20-April-26,The Big - P.01 - UP-24-MAY-26.HO.1.A.P02.B01.SUP.5thF,AB-APP-B01-5TH-1020,Approval for Beams Conc. Dim.  & RFT DWGs As-Built Drawing (B01) (5th),28-Nov-26,10-Dec-26,22-Apr-27,6-May-27,23-Mar-27,5-Apr-27,1,0.0,0.0,-26.0,Yes,,The Big -P.01-UP-20-April-26,AB-APP-B01-5TH-1020,Approval for Beams Conc. Dim.  & RFT DWGs As-Built Drawing (B01) (5th),17-May-26,0.0,0.0,0.0,0.0,0,0.0,0,0.0,The Big -P.01-UP-20-April-26,AB-APP-B01-5TH-1020,10-May-26,0.00%,0.00%,$0.00,$0.00,$0.00,
The Big -P.01-UP-20-April-26,AB-APP-B01-5TH-1030,1144,1176,1178,The Big -P.01-UP-20-April-26,The Big - P.01 - UP-24-MAY-26.HO.1.A.P02.B01.SUP.5thF,AB-APP-B01-5TH-1030,Approval for Stairs Conc. Dim.  & RFT DWGs As-Built Drawing (B01) (5th),28-Nov-26,10-Dec-26,22-Apr-27,6-May-27,23-Mar-27,5-Apr-27,1,0.0,0.0,-26.0,Yes,,The Big -P.01-UP-20-April-26,AB-APP-B01-5TH-1030,Approval for Stairs Conc. Dim.  & RFT DWGs As-Built Drawing (B01) (5th),17-May-26,0.0,0.0,0.0,0.0,0,0.0,0,0.0,The Big -P.01-UP-20-April-26,AB-APP-B01-5TH-1030,10-May-26,0.00%,0.00%,$0.00,$0.00,$0.00,
The Big -P.01-UP-20-April-26,P-MPOS-1190,1145,976,990,The Big -P.01-UP-20-April-26,The Big - P.01 - UP-24-MAY-26.P.PC.PO.1,P-MPOS-1190,P.O for Rebar Patch#14  (Roof floor),28-Nov-26,29-Nov-26,28-Nov-26,29-Nov-26,23-Dec-26,24-Dec-26,1,0.0,0.0,22.0,No,,The Big -P.01-UP-20-April-26,P-MPOS-1190,P.O for Rebar Patch#14  (Roof floor),15-Apr-26,0.0,0.0,0.0,0.0,0,0.0,0,0.0,The Big -P.01-UP-20-April-26,P-MPOS-1190,15-Apr-26,0.00%,0.00%,$0.00,$0.00,$0.00,
The Big -P.01-UP-20-April-26,CON-B01-6TH-1030,1146,1179,1179,The Big -P.01-UP-20-April-26,The Big - P.01 - UP-24-MAY-26.CON.P02.B01.SUP.6thF,CON-B01-6TH-1030,"Pouring for Walls, Col. & Cores (B01) (6th)",29-Nov-26,30-Nov-26,24-Apr-27,26-Apr-27,29-Nov-26,30-Nov-26,1,0.0,0.0,-120.0,Yes,,The Big -P.01-UP-20-April-26,CON-B01-6TH-1030,"Pouring for Walls, Col. & Cores (B01) (6th)",17-May-26,378165.01,0.0,0.0,0.0,0,0.0,0,0.0,The Big -P.01-UP-20-April-26,CON-B01-6TH-1030,10-May-26,0.00%,0.00%,$0.00,$0.00,$0.00,
The Big -P.01-UP-20-April-26,CON-B02-4TH-1000,1147,1113,1121,The Big -P.01-UP-20-April-26,The Big - P.01 - UP-24-MAY-26.CON.P02.B02.SUP.4thF,CON-B02-4TH-1000,"Scaffolding works for Walls, Col. & Cores (B02) (4th)",29-Nov-26,3-Dec-26,13-Mar-27,17-Mar-27,10-Dec-26,15-Dec-26,1,0.0,0.0,-74.0,Yes,,The Big -P.01-UP-20-April-26,CON-B02-4TH-1000,"Scaffolding works for Walls, Col. & Cores (B02) (4th)",17-May-26,0.0,0.0,0.0,0.0,0,0.0,0,0.0,The Big -P.01-UP-20-April-26,CON-B02-4TH-1000,10-May-26,0.00%,0.00%,$0.00,$0.00,$0.00,
The Big -P.01-UP-20-April-26,CON-B04-6TH-1000,1148,1163,1155,The Big -P.01-UP-20-April-26,The Big - P.01 - UP-24-MAY-26.CON.P01.B04.SUP.6thF,CON-B04-6TH-1000,"Scaffolding works for Walls, Col. & Cores (B04) (6th)",29-Nov-26,1-Dec-26,8-Apr-27,11-Apr-27,29-Nov-26,1-Dec-26,1,0.0,0.0,-107.0,Yes,,The Big -P.01-UP-20-April-26,CON-B04-6TH-1000,"Scaffolding works for Walls, Col. & Cores (B04) (6th)",17-May-26,0.0,0.0,0.0,0.0,0,0.0,0,0.0,The Big -P.01-UP-20-April-26,CON-B04-6TH-1000,10-May-26,0.00%,0.00%,$0.00,$0.00,$0.00,
The Big -P.01-UP-20-April-26,CON-B03-3RD-1070,1149,1126,1135,The Big -P.01-UP-20-April-26,The Big - P.01 - UP-24-MAY-26.CON.P01.B03.SUP.3rdF,CON-B03-3RD-1070,"Curing for Slabs, Beams & Stairs (B03) (3rd)",30-Nov-26,2-Dec-26,22-Mar-27,24-Mar-27,30-Nov-26,2-Dec-26,1,0.0,0.0,-112.0,Yes,,The Big -P.01-UP-20-April-26,CON-B03-3RD-1070,"Curing for Slabs, Beams & Stairs (B03) (3rd)",17-May-26,0.0,0.0,0.0,0.0,0,0.0,0,0.0,The Big -P.01-UP-20-April-26,CON-B03-3RD-1070,10-May-26,0.00%,0.00%,$0.00,$0.00,$0.00,
The Big -P.01-UP-20-April-26,AB-SUB-B03-3RD-1010,1150,1127,1136,The Big -P.01-UP-20-April-26,The Big - P.01 - UP-24-MAY-26.HO.1.S.P01.B03.SUP.3rdF,AB-SUB-B03-3RD-1010,Submittal for Slabs Conc. Dim.  & RFT DWGs As-Built Drawing (B03) (3rd),30-Nov-26,20-Dec-26,22-Mar-27,11-Apr-27,6-Mar-27,29-Mar-27,1,0.0,0.0,-11.0,Yes,,The Big -P.01-UP-20-April-26,AB-SUB-B03-3RD-1010,Submittal for Slabs Conc. Dim.  & RFT DWGs As-Built Drawing (B03) (3rd),17-May-26,0.0,0.0,0.0,0.0,0,0.0,0,0.0,The Big -P.01-UP-20-April-26,AB-SUB-B03-3RD-1010,10-May-26,0.00%,0.00%,$0.00,$0.00,$0.00,
The Big -P.01-UP-20-April-26,AB-SUB-B03-3RD-1020,1151,1128,1137,The Big -P.01-UP-20-April-26,The Big - P.01 - UP-24-MAY-26.HO.1.S.P01.B03.SUP.3rdF,AB-SUB-B03-3RD-1020,Submittal for Beams Conc. Dim.  & RFT DWGs As-Built Drawing (B03) (3rd),30-Nov-26,20-Dec-26,22-Mar-27,11-Apr-27,6-Mar-27,29-Mar-27,1,0.0,0.0,-11.0,Yes,,The Big -P.01-UP-20-April-26,AB-SUB-B03-3RD-1020,Submittal for Beams Conc. Dim.  & RFT DWGs As-Built Drawing (B03) (3rd),17-May-26,0.0,0.0,0.0,0.0,0,0.0,0,0.0,The Big -P.01-UP-20-April-26,AB-SUB-B03-3RD-1020,10-May-26,0.00%,0.00%,$0.00,$0.00,$0.00,
The Big -P.01-UP-20-April-26,AB-SUB-B03-3RD-1030,1152,1129,1138,The Big -P.01-UP-20-April-26,The Big - P.01 - UP-24-MAY-26.HO.1.S.P01.B03.SUP.3rdF,AB-SUB-B03-3RD-1030,Submittal for Stairs Conc. Dim.  & RFT DWGs As-Built Drawing (B03) (3rd),30-Nov-26,20-Dec-26,22-Mar-27,11-Apr-27,6-Mar-27,29-Mar-27,1,0.0,0.0,-11.0,Yes,,The Big -P.01-UP-20-April-26,AB-SUB-B03-3RD-1030,Submittal for Stairs Conc. Dim.  & RFT DWGs As-Built Drawing (B03) (3rd),17-May-26,0.0,0.0,0.0,0.0,0,0.0,0,0.0,The Big -P.01-UP-20-April-26,AB-SUB-B03-3RD-1030,10-May-26,0.00%,0.00%,$0.00,$0.00,$0.00,
The Big -P.01-UP-20-April-26,AB-APP-B02-3RD-1010,1153,1116,1127,The Big -P.01-UP-20-April-26,The Big - P.01 - UP-24-MAY-26.HO.1.A.P02.B02.SUP.3rdF,AB-APP-B02-3RD-1010,Approval for Slabs Conc. Dim.  & RFT DWGs As-Built Drawing (B02) (3rd),30-Nov-26,13-Dec-26,17-Mar-27,30-Mar-27,23-Mar-27,5-Apr-27,1,0.0,0.0,5.0,No,,The Big -P.01-UP-20-April-26,AB-APP-B02-3RD-1010,Approval for Slabs Conc. Dim.  & RFT DWGs As-Built Drawing (B02) (3rd),17-May-26,0.0,0.0,0.0,0.0,0,0.0,0,0.0,The Big -P.01-UP-20-April-26,AB-APP-B02-3RD-1010,10-May-26,0.00%,0.00%,$0.00,$0.00,$0.00,
The Big -P.01-UP-20-April-26,AB-APP-B02-3RD-1020,1154,1117,1128,The Big -P.01-UP-20-April-26,The Big - P.01 - UP-24-MAY-26.HO.1.A.P02.B02.SUP.3rdF,AB-APP-B02-3RD-1020,Approval for Beams Conc. Dim.  & RFT DWGs As-Built Drawing (B02) (3rd),30-Nov-26,13-Dec-26,17-Mar-27,30-Mar-27,23-Mar-27,5-Apr-27,1,0.0,0.0,5.0,No,,The Big -P.01-UP-20-April-26,AB-APP-B02-3RD-1020,Approval for Beams Conc. Dim.  & RFT DWGs As-Built Drawing (B02) (3rd),17-May-26,0.0,0.0,0.0,0.0,0,0.0,0,0.0,The Big -P.01-UP-20-April-26,AB-APP-B02-3RD-1020,10-May-26,0.00%,0.00%,$0.00,$0.00,$0.00,
The Big -P.01-UP-20-April-26,AB-APP-B02-3RD-1030,1155,1118,1129,The Big -P.01-UP-20-April-26,The Big - P.01 - UP-24-MAY-26.HO.1.A.P02.B02.SUP.3rdF,AB-APP-B02-3RD-1030,Approval for Stairs Conc. Dim.  & RFT DWGs As-Built Drawing (B02) (3rd),30-Nov-26,13-Dec-26,17-Mar-27,30-Mar-27,23-Mar-27,5-Apr-27,1,0.0,0.0,5.0,No,,The Big -P.01-UP-20-April-26,AB-APP-B02-3RD-1030,Approval for Stairs Conc. Dim.  & RFT DWGs As-Built Drawing (B02) (3rd),17-May-26,0.0,0.0,0.0,0.0,0,0.0,0,0.0,The Big -P.01-UP-20-April-26,AB-APP-B02-3RD-1030,10-May-26,0.00%,0.00%,$0.00,$0.00,$0.00,
The Big -P.01-UP-20-April-26,CON-B01-6TH-1040,1156,1184,1180,The Big -P.01-UP-20-April-26,The Big - P.01 - UP-24-MAY-26.CON.P02.B01.SUP.6thF,CON-B01-6TH-1040,"Shuttering for Slabs, Beams & Stairs (B01) (6th)",1-Dec-26,10-Dec-26,26-Apr-27,6-May-27,1-Dec-26,10-Dec-26,1,0.0,0.0,-120.0,Yes,,The Big -P.01-UP-20-April-26,CON-B01-6TH-1040,"Shuttering for Slabs, Beams & Stairs (B01) (6th)",17-May-26,839833.6,0.0,0.0,0.0,0,0.0,0,0.0,The Big -P.01-UP-20-April-26,CON-B01-6TH-1040,10-May-26,0.00%,0.00%,$0.00,$0.00,$0.00,
The Big -P.01-UP-20-April-26,CON-B02-4TH-1010,1157,1122,1130,The Big -P.01-UP-20-April-26,The Big - P.01 - UP-24-MAY-26.CON.P02.B02.SUP.4thF,CON-B02-4TH-1010,"RFT for Walls, Col. & Cores (B02) (4th)",1-Dec-26,14-Dec-26,15-Mar-27,28-Mar-27,13-Dec-26,26-Dec-26,1,0.0,0.0,-74.0,Yes,,The Big -P.01-UP-20-April-26,CON-B02-4TH-1010,"RFT for Walls, Col. & Cores (B02) (4th)",17-May-26,287345.88,0.0,0.0,0.0,0,0.0,0,0.0,The Big -P.01-UP-20-April-26,CON-B02-4TH-1010,10-May-26,0.00%,0.00%,$0.00,$0.00,$0.00,
The Big -P.01-UP-20-April-26,AB-SUB-B01-6TH-1000,1158,1185,1182,The Big -P.01-UP-20-April-26,The Big - P.01 - UP-24-MAY-26.HO.1.S.P02.B01.SUP.6thF,AB-SUB-B01-6TH-1000,Submittal for Col. & Walls Conc. Dim.  & RFT DWGs As-Built Drawing (B01) (6th),1-Dec-26,21-Dec-26,26-Apr-27,17-May-27,6-Mar-27,29-Mar-27,1,0.0,0.0,-41.0,Yes,,The Big -P.01-UP-20-April-26,AB-SUB-B01-6TH-1000,Submittal for Col. & Walls Conc. Dim.  & RFT DWGs As-Built Drawing (B01) (6th),17-May-26,0.0,0.0,0.0,0.0,0,0.0,0,0.0,The Big -P.01-UP-20-April-26,AB-SUB-B01-6TH-1000,10-May-26,0.00%,0.00%,$0.00,$0.00,$0.00,
The Big -P.01-UP-20-April-26,CON-B04-6TH-1010,1159,1165,1163,The Big -P.01-UP-20-April-26,The Big - P.01 - UP-24-MAY-26.CON.P01.B04.SUP.6thF,CON-B04-6TH-1010,"RFT for Walls, Col. & Cores (B04) (6th)",2-Dec-26,7-Dec-26,12-Apr-27,17-Apr-27,2-Dec-26,7-Dec-26,1,0.0,0.0,-107.0,Yes,,The Big -P.01-UP-20-April-26,CON-B04-6TH-1010,"RFT for Walls, Col. & Cores (B04) (6th)",17-May-26,463096.43,0.0,0.0,0.0,0,0.0,0,0.0,The Big -P.01-UP-20-April-26,CON-B04-6TH-1010,10-May-26,0.00%,0.00%,$0.00,$0.00,$0.00,
The Big -P.01-UP-20-April-26,CON-B02-4TH-1020,1160,1131,1134,The Big -P.01-UP-20-April-26,The Big - P.01 - UP-24-MAY-26.CON.P02.B02.SUP.4thF,CON-B02-4TH-1020,"Shuttering for Walls, Col. & Cores (B02) (4th)",5-Dec-26,17-Dec-26,18-Mar-27,31-Mar-27,16-Dec-26,29-Dec-26,1,0.0,0.0,-74.0,Yes,,The Big -P.01-UP-20-April-26,CON-B02-4TH-1020,"Shuttering for Walls, Col. & Cores (B02) (4th)",17-May-26,41962.11,0.0,0.0,0.0,0,0.0,0,0.0,The Big -P.01-UP-20-April-26,CON-B02-4TH-1020,10-May-26,0.00%,0.00%,$0.00,$0.00,$0.00,
The Big -P.01-UP-20-April-26,CON-B04-6TH-1020,1161,1167,1166,The Big -P.01-UP-20-April-26,The Big - P.01 - UP-24-MAY-26.CON.P01.B04.SUP.6thF,CON-B04-6TH-1020,"Shuttering for Walls, Col. & Cores (B04) (6th)",5-Dec-26,9-Dec-26,14-Apr-27,19-Apr-27,5-Dec-26,9-Dec-26,1,0.0,0.0,-107.0,Yes,,The Big -P.01-UP-20-April-26,CON-B04-6TH-1020,"Shuttering for Walls, Col. & Cores (B04) (6th)",17-May-26,253264.03,0.0,0.0,0.0,0,0.0,0,0.0,The Big -P.01-UP-20-April-26,CON-B04-6TH-1020,10-May-26,0.00%,0.00%,$0.00,$0.00,$0.00,
The Big -P.01-UP-20-April-26,CON-B01-6TH-1050,1162,1189,1184,The Big -P.01-UP-20-April-26,The Big - P.01 - UP-24-MAY-26.CON.P02.B01.SUP.6thF,CON-B01-6TH-1050,"RFT for Slabs, Beams & Stairs (B01) (6th)",6-Dec-26,15-Dec-26,1-May-27,11-May-27,6-Dec-26,15-Dec-26,1,0.0,0.0,-120.0,Yes,,The Big -P.01-UP-20-April-26,CON-B01-6TH-1050,"RFT for Slabs, Beams & Stairs (B01) (6th)",17-May-26,1249030.06,0.0,0.0,0.0,0,0.0,0,0.0,The Big -P.01-UP-20-April-26,CON-B01-6TH-1050,10-May-26,0.00%,0.00%,$0.00,$0.00,$0.00,
The Big -P.01-UP-20-April-26,CON-B04-5TH-1080,1163,1168,1168,The Big -P.01-UP-20-April-26,The Big - P.01 - UP-24-MAY-26.CON.P01.B04.SUP.5thF,CON-B04-5TH-1080,Dismantling Formwork (B04) (5th),8-Dec-26,8-Dec-26,16-Apr-27,16-Apr-27,11-Dec-26,11-Dec-26,1,0.0,0.0,-126.0,Yes,,The Big -P.01-UP-20-April-26,CON-B04-5TH-1080,Dismantling Formwork (B04) (5th),17-May-26,0.0,0.0,0.0,0.0,0,0.0,0,0.0,The Big -P.01-UP-20-April-26,CON-B04-5TH-1080,10-May-26,0.00%,0.00%,$0.00,$0.00,$0.00,
The Big -P.01-UP-20-April-26,CON-B04-6TH-1030,1164,1178,1170,The Big -P.01-UP-20-April-26,The Big - P.01 - UP-24-MAY-26.CON.P01.B04.SUP.6thF,CON-B04-6TH-1030,"Pouring for Walls, Col. & Cores (B04) (6th)",10-Dec-26,10-Dec-26,20-Apr-27,20-Apr-27,10-Dec-26,10-Dec-26,1,0.0,0.0,-107.0,Yes,,The Big -P.01-UP-20-April-26,CON-B04-6TH-1030,"Pouring for Walls, Col. & Cores (B04) (6th)",17-May-26,379896.04,0.0,0.0,0.0,0,0.0,0,0.0,The Big -P.01-UP-20-April-26,CON-B04-6TH-1030,10-May-26,0.00%,0.00%,$0.00,$0.00,$0.00,
The Big -P.01-UP-20-April-26,AB-APP-B04-5TH-1010,1165,1171,1171,The Big -P.01-UP-20-April-26,The Big - P.01 - UP-24-MAY-26.HO.1.A.P01.B04.SUP.5thF,AB-APP-B04-5TH-1010,Approval for Slabs Conc. Dim.  & RFT DWGs As-Built Drawing (B04) (5th),10-Dec-26,23-Dec-26,19-Apr-27,2-May-27,23-Mar-27,5-Apr-27,1,0.0,0.0,-23.0,Yes,,The Big -P.01-UP-20-April-26,AB-APP-B04-5TH-1010,Approval for Slabs Conc. Dim.  & RFT DWGs As-Built Drawing (B04) (5th),17-May-26,0.0,0.0,0.0,0.0,0,0.0,0,0.0,The Big -P.01-UP-20-April-26,AB-APP-B04-5TH-1010,10-May-26,0.00%,0.00%,$0.00,$0.00,$0.00,
The Big -P.01-UP-20-April-26,AB-APP-B04-5TH-1020,1166,1172,1172,The Big -P.01-UP-20-April-26,The Big - P.01 - UP-24-MAY-26.HO.1.A.P01.B04.SUP.5thF,AB-APP-B04-5TH-1020,Approval for Beams Conc. Dim.  & RFT DWGs As-Built Drawing (B04) (5th),10-Dec-26,23-Dec-26,19-Apr-27,2-May-27,23-Mar-27,5-Apr-27,1,0.0,0.0,-23.0,Yes,,The Big -P.01-UP-20-April-26,AB-APP-B04-5TH-1020,Approval for Beams Conc. Dim.  & RFT DWGs As-Built Drawing (B04) (5th),17-May-26,0.0,0.0,0.0,0.0,0,0.0,0,0.0,The Big -P.01-UP-20-April-26,AB-APP-B04-5TH-1020,10-May-26,0.00%,0.00%,$0.00,$0.00,$0.00,
The Big -P.01-UP-20-April-26,AB-APP-B04-5TH-1030,1167,1173,1173,The Big -P.01-UP-20-April-26,The Big - P.01 - UP-24-MAY-26.HO.1.A.P01.B04.SUP.5thF,AB-APP-B04-5TH-1030,Approval for Stairs Conc. Dim.  & RFT DWGs As-Built Drawing (B04) (5th),10-Dec-26,23-Dec-26,19-Apr-27,2-May-27,23-Mar-27,5-Apr-27,1,0.0,0.0,-23.0,Yes,,The Big -P.01-UP-20-April-26,AB-APP-B04-5TH-1030,Approval for Stairs Conc. Dim.  & RFT DWGs As-Built Drawing (B04) (5th),17-May-26,0.0,0.0,0.0,0.0,0,0.0,0,0.0,The Big -P.01-UP-20-April-26,AB-APP-B04-5TH-1030,10-May-26,0.00%,0.00%,$0.00,$0.00,$0.00,
The Big -P.01-UP-20-April-26,CON-B03-3RD-1080,1168,1139,1143,The Big -P.01-UP-20-April-26,The Big - P.01 - UP-24-MAY-26.CON.P01.B03.SUP.3rdF,CON-B03-3RD-1080,Dismantling Formwork (B03) (3rd),11-Dec-26,11-Dec-26,2-Apr-27,2-Apr-27,5-Jan-27,5-Jan-27,1,0.0,0.0,-87.0,Yes,,The Big -P.01-UP-20-April-26,CON-B03-3RD-1080,Dismantling Formwork (B03) (3rd),17-May-26,0.0,0.0,0.0,0.0,0,0.0,0,0.0,The Big -P.01-UP-20-April-26,CON-B03-3RD-1080,10-May-26,0.00%,0.00%,$0.00,$0.00,$0.00,
The Big -P.01-UP-20-April-26,CON-B04-6TH-1040,1169,1180,1174,The Big -P.01-UP-20-April-26,The Big - P.01 - UP-24-MAY-26.CON.P01.B04.SUP.6thF,CON-B04-6TH-1040,"Shuttering for Slabs, Beams & Stairs (B04) (6th)",12-Dec-26,20-Dec-26,21-Apr-27,29-Apr-27,12-Dec-26,20-Dec-26,1,0.0,0.0,-107.0,Yes,,The Big -P.01-UP-20-April-26,CON-B04-6TH-1040,"Shuttering for Slabs, Beams & Stairs (B04) (6th)",17-May-26,702521.6,0.0,0.0,0.0,0,0.0,0,0.0,The Big -P.01-UP-20-April-26,CON-B04-6TH-1040,10-May-26,0.00%,0.00%,$0.00,$0.00,$0.00,
The Big -P.01-UP-20-April-26,AB-SUB-B04-6TH-1000,1170,1181,1175,The Big -P.01-UP-20-April-26,The Big - P.01 - UP-24-MAY-26.HO.1.S.P01.B04.SUP.6thF,AB-SUB-B04-6TH-1000,Submittal for Col. & Walls Conc. Dim.  & RFT DWGs As-Built Drawing (B04) (6th),12-Dec-26,31-Dec-26,21-Apr-27,11-May-27,6-Mar-27,29-Mar-27,1,0.0,0.0,-37.0,Yes,,The Big -P.01-UP-20-April-26,AB-SUB-B04-6TH-1000,Submittal for Col. & Walls Conc. Dim.  & RFT DWGs As-Built Drawing (B04) (6th),17-May-26,0.0,0.0,0.0,0.0,0,0.0,0,0.0,The Big -P.01-UP-20-April-26,AB-SUB-B04-6TH-1000,10-May-26,0.00%,0.00%,$0.00,$0.00,$0.00,
The Big -P.01-UP-20-April-26,CON-B03-4TH-1000,1171,1140,1150,The Big -P.01-UP-20-April-26,The Big - P.01 - UP-24-MAY-26.CON.P01.B03.SUP.4thF,CON-B03-4TH-1000,"Scaffolding works for Walls, Col. & Cores (B03) (4th)",13-Dec-26,17-Dec-26,4-Apr-27,8-Apr-27,13-Dec-26,17-Dec-26,1,0.0,0.0,-91.0,Yes,,The Big -P.01-UP-20-April-26,CON-B03-4TH-1000,"Scaffolding works for Walls, Col. & Cores (B03) (4th)",17-May-26,0.0,0.0,0.0,0.0,0,0.0,0,0.0,The Big -P.01-UP-20-April-26,CON-B03-4TH-1000,10-May-26,0.00%,0.00%,$0.00,$0.00,$0.00,
The Big -P.01-UP-20-April-26,AB-APP-B03-3RD-1010,1172,1141,1156,The Big -P.01-UP-20-April-26,The Big - P.01 - UP-24-MAY-26.HO.1.A.P01.B03.SUP.3rdF,AB-APP-B03-3RD-1010,Approval for Slabs Conc. Dim.  & RFT DWGs As-Built Drawing  (B03) (3rd),14-Dec-26,27-Dec-26,5-Apr-27,18-Apr-27,23-Mar-27,5-Apr-27,1,0.0,0.0,-11.0,Yes,,The Big -P.01-UP-20-April-26,AB-APP-B03-3RD-1010,Approval for Slabs Conc. Dim.  & RFT DWGs As-Built Drawing  (B03) (3rd),17-May-26,0.0,0.0,0.0,0.0,0,0.0,0,0.0,The Big -P.01-UP-20-April-26,AB-APP-B03-3RD-1010,10-May-26,0.00%,0.00%,$0.00,$0.00,$0.00,
The Big -P.01-UP-20-April-26,AB-APP-B03-3RD-1020,1173,1142,1157,The Big -P.01-UP-20-April-26,The Big - P.01 - UP-24-MAY-26.HO.1.A.P01.B03.SUP.3rdF,AB-APP-B03-3RD-1020,Approval for Beams Conc. Dim.  & RFT DWGs As-Built Drawing  (B03) (3rd),14-Dec-26,27-Dec-26,5-Apr-27,18-Apr-27,23-Mar-27,5-Apr-27,1,0.0,0.0,-11.0,Yes,,The Big -P.01-UP-20-April-26,AB-APP-B03-3RD-1020,Approval for Beams Conc. Dim.  & RFT DWGs As-Built Drawing  (B03) (3rd),17-May-26,0.0,0.0,0.0,0.0,0,0.0,0,0.0,The Big -P.01-UP-20-April-26,AB-APP-B03-3RD-1020,10-May-26,0.00%,0.00%,$0.00,$0.00,$0.00,
The Big -P.01-UP-20-April-26,AB-APP-B03-3RD-1030,1174,1143,1158,The Big -P.01-UP-20-April-26,The Big - P.01 - UP-24-MAY-26.HO.1.A.P01.B03.SUP.3rdF,AB-APP-B03-3RD-1030,Approval for Stairs Conc. Dim.  & RFT DWGs As-Built Drawing  (B03) (3rd),14-Dec-26,27-Dec-26,5-Apr-27,18-Apr-27,23-Mar-27,5-Apr-27,1,0.0,0.0,-11.0,Yes,,The Big -P.01-UP-20-April-26,AB-APP-B03-3RD-1030,Approval for Stairs Conc. Dim.  & RFT DWGs As-Built Drawing  (B03) (3rd),17-May-26,0.0,0.0,0.0,0.0,0,0.0,0,0.0,The Big -P.01-UP-20-April-26,AB-APP-B03-3RD-1030,10-May-26,0.00%,0.00%,$0.00,$0.00,$0.00,
The Big -P.01-UP-20-April-26,CON-B04-6TH-1050,1175,1187,1181,The Big -P.01-UP-20-April-26,The Big - P.01 - UP-24-MAY-26.CON.P01.B04.SUP.6thF,CON-B04-6TH-1050,"RFT for Slabs, Beams & Stairs (B04) (6th)",15-Dec-26,23-Dec-26,25-Apr-27,3-May-27,15-Dec-26,23-Dec-26,1,0.0,0.0,-107.0,Yes,,The Big -P.01-UP-20-April-26,CON-B04-6TH-1050,"RFT for Slabs, Beams & Stairs (B04) (6th)",17-May-26,1023875.56,0.0,0.0,0.0,0,0.0,0,0.0,The Big -P.01-UP-20-April-26,CON-B04-6TH-1050,10-May-26,0.00%,0.00%,$0.00,$0.00,$0.00,
The Big -P.01-UP-20-April-26,AB-APP-B01-6TH-1000,1176,1201,1201,The Big -P.01-UP-20-April-26,The Big - P.01 - UP-24-MAY-26.HO.1.A.P02.B01.SUP.6thF,AB-APP-B01-6TH-1000,Approval for Col. & Walls Conc. Dim.  & RFT DWGs As-Built Drawing (B01) (6th),15-Dec-26,28-Dec-26,10-May-27,24-May-27,23-Mar-27,5-Apr-27,1,0.0,0.0,-41.0,Yes,,The Big -P.01-UP-20-April-26,AB-APP-B01-6TH-1000,Approval for Col. & Walls Conc. Dim.  & RFT DWGs As-Built Drawing (B01) (6th),17-May-26,0.0,0.0,0.0,0.0,0,0.0,0,0.0,The Big -P.01-UP-20-April-26,AB-APP-B01-6TH-1000,10-May-26,0.00%,0.00%,$0.00,$0.00,$0.00,
The Big -P.01-UP-20-April-26,CON-B01-6TH-1060,1177,1202,1202,The Big -P.01-UP-20-April-26,The Big - P.01 - UP-24-MAY-26.CON.P02.B01.SUP.6thF,CON-B01-6TH-1060,"Pouring for Slabs, Beams & Stairs (B01) (6th)",16-Dec-26,17-Dec-26,11-May-27,13-May-27,16-Dec-26,17-Dec-26,1,0.0,0.0,-120.0,Yes,,The Big -P.01-UP-20-April-26,CON-B01-6TH-1060,"Pouring for Slabs, Beams & Stairs (B01) (6th)",17-May-26,1259750.39,0.0,0.0,0.0,0,0.0,0,0.0,The Big -P.01-UP-20-April-26,CON-B01-6TH-1060,10-May-26,0.00%,0.00%,$0.00,$0.00,$0.00,
The Big -P.01-UP-20-April-26,CON-B03-4TH-1010,1178,1145,1161,The Big -P.01-UP-20-April-26,The Big - P.01 - UP-24-MAY-26.CON.P01.B03.SUP.4thF,CON-B03-4TH-1010,"RFT for Walls, Col. & Cores (B03) (4th)",16-Dec-26,29-Dec-26,7-Apr-27,20-Apr-27,16-Dec-26,29-Dec-26,1,0.0,0.0,-91.0,Yes,,The Big -P.01-UP-20-April-26,CON-B03-4TH-1010,"RFT for Walls, Col. & Cores (B03) (4th)",17-May-26,384021.48,0.0,0.0,0.0,0,0.0,0,0.0,The Big -P.01-UP-20-April-26,CON-B03-4TH-1010,10-May-26,0.00%,0.00%,$0.00,$0.00,$0.00,
The Big -P.01-UP-20-April-26,CON-B01-6TH-1070,1179,1205,1204,The Big -P.01-UP-20-April-26,The Big - P.01 - UP-24-MAY-26.CON.P02.B01.SUP.6thF,CON-B01-6TH-1070,"Curing for Slabs, Beams & Stairs (B01) (6th)",18-Dec-26,20-Dec-26,13-May-27,16-May-27,20-Dec-26,22-Dec-26,1,0.0,0.0,-144.0,Yes,,The Big -P.01-UP-20-April-26,CON-B01-6TH-1070,"Curing for Slabs, Beams & Stairs (B01) (6th)",17-May-26,0.0,0.0,0.0,0.0,0,0.0,0,0.0,The Big -P.01-UP-20-April-26,CON-B01-6TH-1070,10-May-26,0.00%,0.00%,$0.00,$0.00,$0.00,
The Big -P.01-UP-20-April-26,CON-B01-7TH-1000,1180,1206,1205,The Big -P.01-UP-20-April-26,The Big - P.01 - UP-24-MAY-26.CON.P02.B01.SUP.7thF,CON-B01-7TH-1000,"Scaffolding works for Walls, Col. & Cores (B01) (7th)",19-Dec-26,21-Dec-26,13-May-27,17-May-27,19-Dec-26,21-Dec-26,1,0.0,0.0,-120.0,Yes,,The Big -P.01-UP-20-April-26,CON-B01-7TH-1000,"Scaffolding works for Walls, Col. & Cores (B01) (7th)",17-May-26,0.0,0.0,0.0,0.0,0,0.0,0,0.0,The Big -P.01-UP-20-April-26,CON-B01-7TH-1000,10-May-26,0.00%,0.00%,$0.00,$0.00,$0.00,
The Big -P.01-UP-20-April-26,CON-B02-4TH-1030,1181,1144,1154,The Big -P.01-UP-20-April-26,The Big - P.01 - UP-24-MAY-26.CON.P02.B02.SUP.4thF,CON-B02-4TH-1030,"Pouring for Walls, Col. & Cores (B02) (4th)",19-Dec-26,20-Dec-26,1-Apr-27,3-Apr-27,30-Dec-26,31-Dec-26,1,0.0,0.0,-74.0,Yes,,The Big -P.01-UP-20-April-26,CON-B02-4TH-1030,"Pouring for Walls, Col. & Cores (B02) (4th)",17-May-26,62943.17,0.0,0.0,0.0,0,0.0,0,0.0,The Big -P.01-UP-20-April-26,CON-B02-4TH-1030,10-May-26,0.00%,0.00%,$0.00,$0.00,$0.00,
The Big -P.01-UP-20-April-26,AB-SUB-B01-6TH-1010,1182,1207,1206,The Big -P.01-UP-20-April-26,The Big - P.01 - UP-24-MAY-26.HO.1.S.P02.B01.SUP.6thF,AB-SUB-B01-6TH-1010,Submittal for Slabs Conc. Dim.  & RFT DWGs As-Built Drawing (B01) (6th),19-Dec-26,9-Jan-27,13-May-27,3-Jun-27,6-Mar-27,29-Mar-27,1,0.0,0.0,-56.0,Yes,,The Big -P.01-UP-20-April-26,AB-SUB-B01-6TH-1010,Submittal for Slabs Conc. Dim.  & RFT DWGs As-Built Drawing (B01) (6th),17-May-26,0.0,0.0,0.0,0.0,0,0.0,0,0.0,The Big -P.01-UP-20-April-26,AB-SUB-B01-6TH-1010,10-May-26,0.00%,0.00%,$0.00,$0.00,$0.00,
The Big -P.01-UP-20-April-26,AB-SUB-B01-6TH-1020,1183,1208,1207,The Big -P.01-UP-20-April-26,The Big - P.01 - UP-24-MAY-26.HO.1.S.P02.B01.SUP.6thF,AB-SUB-B01-6TH-1020,Submittal for Beams Conc. Dim.  & RFT DWGs As-Built Drawing (B01) (6th),19-Dec-26,9-Jan-27,13-May-27,3-Jun-27,6-Mar-27,29-Mar-27,1,0.0,0.0,-56.0,Yes,,The Big -P.01-UP-20-April-26,AB-SUB-B01-6TH-1020,Submittal for Beams Conc. Dim.  & RFT DWGs As-Built Drawing (B01) (6th),17-May-26,0.0,0.0,0.0,0.0,0,0.0,0,0.0,The Big -P.01-UP-20-April-26,AB-SUB-B01-6TH-1020,10-May-26,0.00%,0.00%,$0.00,$0.00,$0.00,
The Big -P.01-UP-20-April-26,AB-SUB-B01-6TH-1030,1184,1209,1208,The Big -P.01-UP-20-April-26,The Big - P.01 - UP-24-MAY-26.HO.1.S.P02.B01.SUP.6thF,AB-SUB-B01-6TH-1030,Submittal for Stairs Conc. Dim.  & RFT DWGs As-Built Drawing (B01) (6th),19-Dec-26,9-Jan-27,13-May-27,3-Jun-27,6-Mar-27,29-Mar-27,1,0.0,0.0,-56.0,Yes,,The Big -P.01-UP-20-April-26,AB-SUB-B01-6TH-1030,Submittal for Stairs Conc. Dim.  & RFT DWGs As-Built Drawing (B01) (6th),17-May-26,0.0,0.0,0.0,0.0,0,0.0,0,0.0,The Big -P.01-UP-20-April-26,AB-SUB-B01-6TH-1030,10-May-26,0.00%,0.00%,$0.00,$0.00,$0.00,
The Big -P.01-UP-20-April-26,CON-B01-7TH-1010,1185,1216,1210,The Big -P.01-UP-20-April-26,The Big - P.01 - UP-24-MAY-26.CON.P02.B01.SUP.7thF,CON-B01-7TH-1010,"RFT for Walls, Col. & Cores (B01) (7th)",21-Dec-26,26-Dec-26,16-May-27,22-May-27,21-Dec-26,26-Dec-26,1,0.0,0.0,-120.0,Yes,,The Big -P.01-UP-20-April-26,CON-B01-7TH-1010,"RFT for Walls, Col. & Cores (B01) (7th)",17-May-26,460777.03,0.0,0.0,0.0,0,0.0,0,0.0,The Big -P.01-UP-20-April-26,CON-B01-7TH-1010,10-May-26,0.00%,0.00%,$0.00,$0.00,$0.00,
The Big -P.01-UP-20-April-26,CON-B02-4TH-1040,1186,1149,1160,The Big -P.01-UP-20-April-26,The Big - P.01 - UP-24-MAY-26.CON.P02.B02.SUP.4thF,CON-B02-4TH-1040,"Shuttering for Slabs, Beams & Stairs (B02) (4th)",21-Dec-26,6-Jan-27,4-Apr-27,20-Apr-27,2-Jan-27,19-Jan-27,1,0.0,0.0,-74.0,Yes,,The Big -P.01-UP-20-April-26,CON-B02-4TH-1040,"Shuttering for Slabs, Beams & Stairs (B02) (4th)",17-May-26,1420116.69,0.0,0.0,0.0,0,0.0,0,0.0,The Big -P.01-UP-20-April-26,CON-B02-4TH-1040,10-May-26,0.00%,0.00%,$0.00,$0.00,$0.00,
The Big -P.01-UP-20-April-26,CON-B03-4TH-1020,1187,1161,1167,The Big -P.01-UP-20-April-26,The Big - P.01 - UP-24-MAY-26.CON.P01.B03.SUP.4thF,CON-B03-4TH-1020,"Shuttering for Walls, Col. & Cores (B03) (4th)",21-Dec-26,3-Jan-27,12-Apr-27,25-Apr-27,21-Dec-26,3-Jan-27,1,0.0,0.0,-91.0,Yes,,The Big -P.01-UP-20-April-26,CON-B03-4TH-1020,"Shuttering for Walls, Col. & Cores (B03) (4th)",17-May-26,207990.75,0.0,0.0,0.0,0,0.0,0,0.0,The Big -P.01-UP-20-April-26,CON-B03-4TH-1020,10-May-26,0.00%,0.00%,$0.00,$0.00,$0.00,
The Big -P.01-UP-20-April-26,AB-SUB-B02-4TH-1000,1188,1151,1162,The Big -P.01-UP-20-April-26,The Big - P.01 - UP-24-MAY-26.HO.1.S.P02.B02.SUP.4thF,AB-SUB-B02-4TH-1000,Submittal for Col. & Walls Conc. Dim.  & RFT DWGs As-Built Drawing (B02) (4th),21-Dec-26,11-Jan-27,4-Apr-27,24-Apr-27,6-Mar-27,29-Mar-27,1,0.0,0.0,-22.0,Yes,,The Big -P.01-UP-20-April-26,AB-SUB-B02-4TH-1000,Submittal for Col. & Walls Conc. Dim.  & RFT DWGs As-Built Drawing (B02) (4th),17-May-26,0.0,0.0,0.0,0.0,0,0.0,0,0.0,The Big -P.01-UP-20-April-26,AB-SUB-B02-4TH-1000,10-May-26,0.00%,0.00%,$0.00,$0.00,$0.00,
The Big -P.01-UP-20-April-26,CON-B01-7TH-1020,1189,1224,1215,The Big -P.01-UP-20-April-26,The Big - P.01 - UP-24-MAY-26.CON.P02.B01.SUP.7thF,CON-B01-7TH-1020,"Shuttering for Walls, Col. & Cores (B01) (7th)",24-Dec-26,29-Dec-26,19-May-27,25-May-27,24-Dec-26,29-Dec-26,1,0.0,0.0,-120.0,Yes,,The Big -P.01-UP-20-April-26,CON-B01-7TH-1020,"Shuttering for Walls, Col. & Cores (B01) (7th)",17-May-26,252110.01,0.0,0.0,0.0,0,0.0,0,0.0,The Big -P.01-UP-20-April-26,CON-B01-7TH-1020,10-May-26,0.00%,0.00%,$0.00,$0.00,$0.00,
The Big -P.01-UP-20-April-26,CON-B02-4TH-1050,1190,1162,1165,The Big -P.01-UP-20-April-26,The Big - P.01 - UP-24-MAY-26.CON.P02.B02.SUP.4thF,CON-B02-4TH-1050,"RFT for Slabs, Beams & Stairs (B02) (4th)",24-Dec-26,11-Jan-27,7-Apr-27,24-Apr-27,5-Jan-27,23-Jan-27,1,0.0,0.0,-74.0,Yes,,The Big -P.01-UP-20-April-26,CON-B02-4TH-1050,"RFT for Slabs, Beams & Stairs (B02) (4th)",17-May-26,1396302.87,0.0,0.0,0.0,0,0.0,0,0.0,The Big -P.01-UP-20-April-26,CON-B02-4TH-1050,10-May-26,0.00%,0.00%,$0.00,$0.00,$0.00,
The Big -P.01-UP-20-April-26,CON-B04-6TH-1060,1191,1194,1189,The Big -P.01-UP-20-April-26,The Big - P.01 - UP-24-MAY-26.CON.P01.B04.SUP.6thF,CON-B04-6TH-1060,"Pouring for Slabs, Beams & Stairs (B04) (6th)",24-Dec-26,24-Dec-26,4-May-27,4-May-27,24-Dec-26,24-Dec-26,1,0.0,0.0,-107.0,Yes,,The Big -P.01-UP-20-April-26,CON-B04-6TH-1060,"Pouring for Slabs, Beams & Stairs (B04) (6th)",17-May-26,1053782.4,0.0,0.0,0.0,0,0.0,0,0.0,The Big -P.01-UP-20-April-26,CON-B04-6TH-1060,10-May-26,0.00%,0.00%,$0.00,$0.00,$0.00,
The Big -P.01-UP-20-April-26,CON-B04-6TH-1070,1192,1195,1191,The Big -P.01-UP-20-April-26,The Big - P.01 - UP-24-MAY-26.CON.P01.B04.SUP.6thF,CON-B04-6TH-1070,"Curing for Slabs, Beams & Stairs (B04) (6th)",25-Dec-26,27-Dec-26,5-May-27,7-May-27,25-Dec-26,27-Dec-26,1,0.0,0.0,-131.0,Yes,,The Big -P.01-UP-20-April-26,CON-B04-6TH-1070,"Curing for Slabs, Beams & Stairs (B04) (6th)",17-May-26,0.0,0.0,0.0,0.0,0,0.0,0,0.0,The Big -P.01-UP-20-April-26,CON-B04-6TH-1070,10-May-26,0.00%,0.00%,$0.00,$0.00,$0.00,
The Big -P.01-UP-20-April-26,AB-SUB-B04-6TH-1010,1193,1196,1192,The Big -P.01-UP-20-April-26,The Big - P.01 - UP-24-MAY-26.HO.1.S.P01.B04.SUP.6thF,AB-SUB-B04-6TH-1010,Submittal for Slabs Conc. Dim.  & RFT DWGs As-Built Drawing (B04) (6th),26-Dec-26,16-Jan-27,5-May-27,25-May-27,6-Mar-27,29-Mar-27,1,0.0,0.0,-49.0,Yes,,The Big -P.01-UP-20-April-26,AB-SUB-B04-6TH-1010,Submittal for Slabs Conc. Dim.  & RFT DWGs As-Built Drawing (B04) (6th),17-May-26,0.0,0.0,0.0,0.0,0,0.0,0,0.0,The Big -P.01-UP-20-April-26,AB-SUB-B04-6TH-1010,10-May-26,0.00%,0.00%,$0.00,$0.00,$0.00,
The Big -P.01-UP-20-April-26,AB-SUB-B04-6TH-1020,1194,1197,1193,The Big -P.01-UP-20-April-26,The Big - P.01 - UP-24-MAY-26.HO.1.S.P01.B04.SUP.6thF,AB-SUB-B04-6TH-1020,Submittal for Beams Conc. Dim.  & RFT DWGs As-Built Drawing (B04) (6th),26-Dec-26,16-Jan-27,5-May-27,25-May-27,6-Mar-27,29-Mar-27,1,0.0,0.0,-49.0,Yes,,The Big -P.01-UP-20-April-26,AB-SUB-B04-6TH-1020,Submittal for Beams Conc. Dim.  & RFT DWGs As-Built Drawing (B04) (6th),17-May-26,0.0,0.0,0.0,0.0,0,0.0,0,0.0,The Big -P.01-UP-20-April-26,AB-SUB-B04-6TH-1020,10-May-26,0.00%,0.00%,$0.00,$0.00,$0.00,
The Big -P.01-UP-20-April-26,AB-SUB-B04-6TH-1030,1195,1198,1194,The Big -P.01-UP-20-April-26,The Big - P.01 - UP-24-MAY-26.HO.1.S.P01.B04.SUP.6thF,AB-SUB-B04-6TH-1030,Submittal for Stairs Conc. Dim.  & RFT DWGs As-Built Drawing (B04) (6th),26-Dec-26,16-Jan-27,5-May-27,25-May-27,14-Mar-27,3-Apr-27,1,0.0,0.0,-45.0,Yes,,The Big -P.01-UP-20-April-26,AB-SUB-B04-6TH-1030,Submittal for Stairs Conc. Dim.  & RFT DWGs As-Built Drawing (B04) (6th),17-May-26,0.0,0.0,0.0,0.0,0,0.0,0,0.0,The Big -P.01-UP-20-April-26,AB-SUB-B04-6TH-1030,10-May-26,0.00%,0.00%,$0.00,$0.00,$0.00,
The Big -P.01-UP-20-April-26,AB-APP-B04-6TH-1000,1196,1199,1198,The Big -P.01-UP-20-April-26,The Big - P.01 - UP-24-MAY-26.HO.1.A.P01.B04.SUP.6thF,AB-APP-B04-6TH-1000,Approval for Col. & Walls Conc. Dim.  & RFT DWGs As-Built Drawing (B04) (6th),26-Dec-26,9-Jan-27,5-May-27,18-May-27,23-Mar-27,5-Apr-27,1,0.0,0.0,-37.0,Yes,,The Big -P.01-UP-20-April-26,AB-APP-B04-6TH-1000,Approval for Col. & Walls Conc. Dim.  & RFT DWGs As-Built Drawing (B04) (6th),17-May-26,0.0,0.0,0.0,0.0,0,0.0,0,0.0,The Big -P.01-UP-20-April-26,AB-APP-B04-6TH-1000,10-May-26,0.00%,0.00%,$0.00,$0.00,$0.00,
The Big -P.01-UP-20-April-26,P-MDEL-1180,1197,1019,1023,The Big -P.01-UP-20-April-26,The Big - P.01 - UP-24-MAY-26.P.PC.DS.DR,P-MDEL-1180,Delivery for Rebar Patch#13  (8th floor),27-Dec-26,28-Dec-26,27-Dec-26,28-Dec-26,21-Jan-27,22-Jan-27,1,0.0,0.0,25.0,No,,The Big -P.01-UP-20-April-26,P-MDEL-1180,Delivery for Rebar Patch#13  (8th floor),17-May-26,0.0,0.0,0.0,0.0,0,0.0,0,0.0,The Big -P.01-UP-20-April-26,P-MDEL-1180,10-May-26,0.00%,0.00%,$0.00,$0.00,$0.00,
The Big -P.01-UP-20-April-26,CON-B04-7TH-1000,1198,1203,1200,The Big -P.01-UP-20-April-26,The Big - P.01 - UP-24-MAY-26.CON.P01.B04.SUP.7thF,CON-B04-7TH-1000,"Scaffolding works for Walls, Col. & Cores (B04) (7th)",28-Dec-26,31-Dec-26,8-May-27,11-May-27,28-Dec-26,31-Dec-26,1,0.0,0.0,-107.0,Yes,,The Big -P.01-UP-20-April-26,CON-B04-7TH-1000,"Scaffolding works for Walls, Col. & Cores (B04) (7th)",17-May-26,0.0,0.0,0.0,0.0,0,0.0,0,0.0,The Big -P.01-UP-20-April-26,CON-B04-7TH-1000,10-May-26,0.00%,0.00%,$0.00,$0.00,$0.00,
The Big -P.01-UP-20-April-26,CON-B01-6TH-1080,1199,1235,1233,The Big -P.01-UP-20-April-26,The Big - P.01 - UP-24-MAY-26.CON.P02.B01.SUP.6thF,CON-B01-6TH-1080,Dismantling Formwork (B01) (6th),31-Dec-26,31-Dec-26,26-May-27,27-May-27,2-Jan-27,2-Jan-27,1,0.0,0.0,-144.0,Yes,,The Big -P.01-UP-20-April-26,CON-B01-6TH-1080,Dismantling Formwork (B01) (6th),17-May-26,0.0,0.0,0.0,0.0,0,0.0,0,0.0,The Big -P.01-UP-20-April-26,CON-B01-6TH-1080,10-May-26,0.00%,0.00%,$0.00,$0.00,$0.00,
The Big -P.01-UP-20-April-26,CON-B01-7TH-1030,1200,1236,1234,The Big -P.01-UP-20-April-26,The Big - P.01 - UP-24-MAY-26.CON.P02.B01.SUP.7thF,CON-B01-7TH-1030,"Pouring for Walls, Col. & Cores (B01) (7th)",31-Dec-26,2-Jan-27,26-May-27,29-May-27,31-Dec-26,2-Jan-27,1,0.0,0.0,-120.0,Yes,,The Big -P.01-UP-20-April-26,CON-B01-7TH-1030,"Pouring for Walls, Col. & Cores (B01) (7th)",17-May-26,378165.01,0.0,0.0,0.0,0,0.0,0,0.0,The Big -P.01-UP-20-April-26,CON-B01-7TH-1030,10-May-26,0.00%,0.00%,$0.00,$0.00,$0.00,
The Big -P.01-UP-20-April-26,CON-B04-7TH-1010,1201,1212,1203,The Big -P.01-UP-20-April-26,The Big - P.01 - UP-24-MAY-26.CON.P01.B04.SUP.7thF,CON-B04-7TH-1010,"RFT for Walls, Col. & Cores (B04) (7th)",31-Dec-26,5-Jan-27,11-May-27,16-May-27,31-Dec-26,5-Jan-27,1,0.0,0.0,-107.0,Yes,,The Big -P.01-UP-20-April-26,CON-B04-7TH-1010,"RFT for Walls, Col. & Cores (B04) (7th)",17-May-26,463096.43,0.0,0.0,0.0,0,0.0,0,0.0,The Big -P.01-UP-20-April-26,CON-B04-7TH-1010,10-May-26,0.00%,0.00%,$0.00,$0.00,$0.00,
The Big -P.01-UP-20-April-26,AB-APP-B01-6TH-1010,1202,1238,1235,The Big -P.01-UP-20-April-26,The Big - P.01 - UP-24-MAY-26.HO.1.A.P02.B01.SUP.6thF,AB-APP-B01-6TH-1010,Approval for Slabs Conc. Dim.  & RFT DWGs As-Built Drawing (B01) (6th),2-Jan-27,16-Jan-27,27-May-27,10-Jun-27,23-Mar-27,5-Apr-27,1,0.0,0.0,-56.0,Yes,,The Big -P.01-UP-20-April-26,AB-APP-B01-6TH-1010,Approval for Slabs Conc. Dim.  & RFT DWGs As-Built Drawing (B01) (6th),17-May-26,0.0,0.0,0.0,0.0,0,0.0,0,0.0,The Big -P.01-UP-20-April-26,AB-APP-B01-6TH-1010,10-May-26,0.00%,0.00%,$0.00,$0.00,$0.00,
The Big -P.01-UP-20-April-26,AB-APP-B01-6TH-1020,1203,1239,1236,The Big -P.01-UP-20-April-26,The Big - P.01 - UP-24-MAY-26.HO.1.A.P02.B01.SUP.6thF,AB-APP-B01-6TH-1020,Approval for Beams Conc. Dim.  & RFT DWGs As-Built Drawing (B01) (6th),2-Jan-27,16-Jan-27,27-May-27,10-Jun-27,23-Mar-27,5-Apr-27,1,0.0,0.0,-56.0,Yes,,The Big -P.01-UP-20-April-26,AB-APP-B01-6TH-1020,Approval for Beams Conc. Dim.  & RFT DWGs As-Built Drawing (B01) (6th),17-May-26,0.0,0.0,0.0,0.0,0,0.0,0,0.0,The Big -P.01-UP-20-April-26,AB-APP-B01-6TH-1020,10-May-26,0.00%,0.00%,$0.00,$0.00,$0.00,
The Big -P.01-UP-20-April-26,AB-APP-B01-6TH-1030,1204,1240,1237,The Big -P.01-UP-20-April-26,The Big - P.01 - UP-24-MAY-26.HO.1.A.P02.B01.SUP.6thF,AB-APP-B01-6TH-1030,Approval for Stairs Conc. Dim.  & RFT DWGs As-Built Drawing (B01) (6th),2-Jan-27,16-Jan-27,27-May-27,10-Jun-27,23-Mar-27,5-Apr-27,1,0.0,0.0,-56.0,Yes,,The Big -P.01-UP-20-April-26,AB-APP-B01-6TH-1030,Approval for Stairs Conc. Dim.  & RFT DWGs As-Built Drawing (B01) (6th),17-May-26,0.0,0.0,0.0,0.0,0,0.0,0,0.0,The Big -P.01-UP-20-April-26,AB-APP-B01-6TH-1030,10-May-26,0.00%,0.00%,$0.00,$0.00,$0.00,
The Big -P.01-UP-20-April-26,CON-B01-7TH-1040,1205,1241,1238,The Big -P.01-UP-20-April-26,The Big - P.01 - UP-24-MAY-26.CON.P02.B01.SUP.7thF,CON-B01-7TH-1040,"Shuttering for Slabs, Beams & Stairs (B01) (7th)",3-Jan-27,13-Jan-27,29-May-27,8-Jun-27,3-Jan-27,13-Jan-27,1,0.0,0.0,-120.0,Yes,,The Big -P.01-UP-20-April-26,CON-B01-7TH-1040,"Shuttering for Slabs, Beams & Stairs (B01) (7th)",17-May-26,840104.5,0.0,0.0,0.0,0,0.0,0,0.0,The Big -P.01-UP-20-April-26,CON-B01-7TH-1040,10-May-26,0.00%,0.00%,$0.00,$0.00,$0.00,
The Big -P.01-UP-20-April-26,CON-B04-7TH-1020,1206,1219,1209,The Big -P.01-UP-20-April-26,The Big - P.01 - UP-24-MAY-26.CON.P01.B04.SUP.7thF,CON-B04-7TH-1020,"Shuttering for Walls, Col. & Cores (B04) (7th)",3-Jan-27,9-Jan-27,13-May-27,18-May-27,3-Jan-27,9-Jan-27,1,0.0,0.0,-107.0,Yes,,The Big -P.01-UP-20-April-26,CON-B04-7TH-1020,"Shuttering for Walls, Col. & Cores (B04) (7th)",17-May-26,253264.03,0.0,0.0,0.0,0,0.0,0,0.0,The Big -P.01-UP-20-April-26,CON-B04-7TH-1020,10-May-26,0.00%,0.00%,$0.00,$0.00,$0.00,
The Big -P.01-UP-20-April-26,AB-SUB-B01-7TH-1000,1207,1242,1240,The Big -P.01-UP-20-April-26,The Big - P.01 - UP-24-MAY-26.HO.1.S.P02.B01.SUP.7thF,AB-SUB-B01-7TH-1000,Submittal for Col. & Walls Conc. Dim.  & RFT DWGs As-Built Drawing (B01) (7th),3-Jan-27,24-Jan-27,29-May-27,19-Jun-27,6-Mar-27,29-Mar-27,1,0.0,0.0,-69.0,Yes,,The Big -P.01-UP-20-April-26,AB-SUB-B01-7TH-1000,Submittal for Col. & Walls Conc. Dim.  & RFT DWGs As-Built Drawing (B01) (7th),17-May-26,0.0,0.0,0.0,0.0,0,0.0,0,0.0,The Big -P.01-UP-20-April-26,AB-SUB-B01-7TH-1000,10-May-26,0.00%,0.00%,$0.00,$0.00,$0.00,
The Big -P.01-UP-20-April-26,CON-B03-4TH-1030,1208,1177,1185,The Big -P.01-UP-20-April-26,The Big - P.01 - UP-24-MAY-26.CON.P01.B03.SUP.4thF,CON-B03-4TH-1030,"Pouring for Walls, Col. & Cores (B03) (4th)",4-Jan-27,5-Jan-27,26-Apr-27,27-Apr-27,4-Jan-27,5-Jan-27,1,0.0,0.0,-91.0,Yes,,The Big -P.01-UP-20-April-26,CON-B03-4TH-1030,"Pouring for Walls, Col. & Cores (B03) (4th)",17-May-26,311986.13,0.0,0.0,0.0,0,0.0,0,0.0,The Big -P.01-UP-20-April-26,CON-B03-4TH-1030,10-May-26,0.00%,0.00%,$0.00,$0.00,$0.00,
The Big -P.01-UP-20-April-26,AB-APP-B02-4TH-1000,1209,1169,1183,The Big -P.01-UP-20-April-26,The Big - P.01 - UP-24-MAY-26.HO.1.A.P02.B02.SUP.4thF,AB-APP-B02-4TH-1000,Approval for Col. & Walls Conc. Dim.  & RFT DWGs As-Built Drawing (B02) (4th),4-Jan-27,18-Jan-27,18-Apr-27,1-May-27,23-Mar-27,5-Apr-27,1,0.0,0.0,-22.0,Yes,,The Big -P.01-UP-20-April-26,AB-APP-B02-4TH-1000,Approval for Col. & Walls Conc. Dim.  & RFT DWGs As-Built Drawing (B02) (4th),17-May-26,0.0,0.0,0.0,0.0,0,0.0,0,0.0,The Big -P.01-UP-20-April-26,AB-APP-B02-4TH-1000,10-May-26,0.00%,0.00%,$0.00,$0.00,$0.00,
The Big -P.01-UP-20-April-26,AB-APP-B04-6TH-1030,1210,1223,1211,The Big -P.01-UP-20-April-26,The Big - P.01 - UP-24-MAY-26.HO.1.A.P01.B04.SUP.6thF,AB-APP-B04-6TH-1030,Approval for Stairs Conc. Dim.  & RFT DWGs As-Built Drawing (B04) (6th),4-Jan-27,18-Jan-27,15-May-27,27-May-27,23-Mar-27,5-Apr-27,1,0.0,0.0,-45.0,Yes,,The Big -P.01-UP-20-April-26,AB-APP-B04-6TH-1030,Approval for Stairs Conc. Dim.  & RFT DWGs As-Built Drawing (B04) (6th),17-May-26,0.0,0.0,0.0,0.0,0,0.0,0,0.0,The Big -P.01-UP-20-April-26,AB-APP-B04-6TH-1030,10-May-26,0.00%,0.00%,$0.00,$0.00,$0.00,
The Big -P.01-UP-20-April-26,CON-B01-7TH-1050,1211,1249,1243,The Big -P.01-UP-20-April-26,The Big - P.01 - UP-24-MAY-26.CON.P02.B01.SUP.7thF,CON-B01-7TH-1050,"RFT for Slabs, Beams & Stairs (B01) (7th)",6-Jan-27,17-Jan-27,1-Jun-27,12-Jun-27,6-Jan-27,17-Jan-27,1,0.0,0.0,-120.0,Yes,,The Big -P.01-UP-20-April-26,CON-B01-7TH-1050,"RFT for Slabs, Beams & Stairs (B01) (7th)",17-May-26,1250029.31,0.0,0.0,0.0,0,0.0,0,0.0,The Big -P.01-UP-20-April-26,CON-B01-7TH-1050,10-May-26,0.00%,0.00%,$0.00,$0.00,$0.00,
The Big -P.01-UP-20-April-26,CON-B03-4TH-1040,1212,1182,1187,The Big -P.01-UP-20-April-26,The Big - P.01 - UP-24-MAY-26.CON.P01.B03.SUP.4thF,CON-B03-4TH-1040,"Shuttering for Slabs, Beams & Stairs (B03) (4th)",6-Jan-27,20-Jan-27,28-Apr-27,11-May-27,6-Jan-27,20-Jan-27,1,0.0,0.0,-91.0,Yes,,The Big -P.01-UP-20-April-26,CON-B03-4TH-1040,"Shuttering for Slabs, Beams & Stairs (B03) (4th)",17-May-26,908706.16,0.0,0.0,0.0,0,0.0,0,0.0,The Big -P.01-UP-20-April-26,CON-B03-4TH-1040,10-May-26,0.00%,0.00%,$0.00,$0.00,$0.00,
The Big -P.01-UP-20-April-26,CON-B04-6TH-1080,1213,1226,1214,The Big -P.01-UP-20-April-26,The Big - P.01 - UP-24-MAY-26.CON.P01.B04.SUP.6thF,CON-B04-6TH-1080,Dismantling Formwork (B04) (6th),6-Jan-27,6-Jan-27,17-May-27,17-May-27,10-Jan-27,10-Jan-27,1,0.0,0.0,-127.0,Yes,,The Big -P.01-UP-20-April-26,CON-B04-6TH-1080,Dismantling Formwork (B04) (6th),17-May-26,0.0,0.0,0.0,0.0,0,0.0,0,0.0,The Big -P.01-UP-20-April-26,CON-B04-6TH-1080,10-May-26,0.00%,0.00%,$0.00,$0.00,$0.00,
The Big -P.01-UP-20-April-26,AB-SUB-B03-4TH-1000,1214,1183,1188,The Big -P.01-UP-20-April-26,The Big - P.01 - UP-24-MAY-26.HO.1.S.P01.B03.SUP.4thF,AB-SUB-B03-4TH-1000,Submittal for Col. & Walls Conc. Dim.  & RFT DWGs As-Built Drawing (B03) (4th),6-Jan-27,28-Jan-27,28-Apr-27,18-May-27,6-Mar-27,29-Mar-27,1,0.0,0.0,-43.0,Yes,,The Big -P.01-UP-20-April-26,AB-SUB-B03-4TH-1000,Submittal for Col. & Walls Conc. Dim.  & RFT DWGs As-Built Drawing (B03) (4th),17-May-26,0.0,0.0,0.0,0.0,0,0.0,0,0.0,The Big -P.01-UP-20-April-26,AB-SUB-B03-4TH-1000,10-May-26,0.00%,0.00%,$0.00,$0.00,$0.00,
The Big -P.01-UP-20-April-26,CON-B04-7TH-1030,1215,1230,1217,The Big -P.01-UP-20-April-26,The Big - P.01 - UP-24-MAY-26.CON.P01.B04.SUP.7thF,CON-B04-7TH-1030,"Pouring for Walls, Col. & Cores (B04) (7th)",10-Jan-27,10-Jan-27,19-May-27,19-May-27,10-Jan-27,10-Jan-27,1,0.0,0.0,-107.0,Yes,,The Big -P.01-UP-20-April-26,CON-B04-7TH-1030,"Pouring for Walls, Col. & Cores (B04) (7th)",17-May-26,379896.04,0.0,0.0,0.0,0,0.0,0,0.0,The Big -P.01-UP-20-April-26,CON-B04-7TH-1030,10-May-26,0.00%,0.00%,$0.00,$0.00,$0.00,
The Big -P.01-UP-20-April-26,AB-APP-B04-6TH-1010,1216,1227,1221,The Big -P.01-UP-20-April-26,The Big - P.01 - UP-24-MAY-26.HO.1.A.P01.B04.SUP.6thF,AB-APP-B04-6TH-1010,Approval for Slabs Conc. Dim.  & RFT DWGs As-Built Drawing (B04) (6th),10-Jan-27,23-Jan-27,19-May-27,1-Jun-27,23-Mar-27,5-Apr-27,1,0.0,0.0,-49.0,Yes,,The Big -P.01-UP-20-April-26,AB-APP-B04-6TH-1010,Approval for Slabs Conc. Dim.  & RFT DWGs As-Built Drawing (B04) (6th),17-May-26,0.0,0.0,0.0,0.0,0,0.0,0,0.0,The Big -P.01-UP-20-April-26,AB-APP-B04-6TH-1010,10-May-26,0.00%,0.00%,$0.00,$0.00,$0.00,
The Big -P.01-UP-20-April-26,AB-APP-B04-6TH-1020,1217,1228,1222,The Big -P.01-UP-20-April-26,The Big - P.01 - UP-24-MAY-26.HO.1.A.P01.B04.SUP.6thF,AB-APP-B04-6TH-1020,Approval for Beams Conc. Dim.  & RFT DWGs As-Built Drawing (B04) (6th),10-Jan-27,23-Jan-27,19-May-27,1-Jun-27,23-Mar-27,5-Apr-27,1,0.0,0.0,-49.0,Yes,,The Big -P.01-UP-20-April-26,AB-APP-B04-6TH-1020,Approval for Beams Conc. Dim.  & RFT DWGs As-Built Drawing (B04) (6th),17-May-26,0.0,0.0,0.0,0.0,0,0.0,0,0.0,The Big -P.01-UP-20-April-26,AB-APP-B04-6TH-1020,10-May-26,0.00%,0.00%,$0.00,$0.00,$0.00,
The Big -P.01-UP-20-April-26,CON-B04-7TH-1040,1218,1231,1225,The Big -P.01-UP-20-April-26,The Big - P.01 - UP-24-MAY-26.CON.P01.B04.SUP.7thF,CON-B04-7TH-1040,"Shuttering for Slabs, Beams & Stairs (B04) (7th)",11-Jan-27,19-Jan-27,20-May-27,29-May-27,11-Jan-27,19-Jan-27,1,0.0,0.0,-107.0,Yes,,The Big -P.01-UP-20-April-26,CON-B04-7TH-1040,"Shuttering for Slabs, Beams & Stairs (B04) (7th)",17-May-26,708261.94,0.0,0.0,0.0,0,0.0,0,0.0,The Big -P.01-UP-20-April-26,CON-B04-7TH-1040,10-May-26,0.00%,0.00%,$0.00,$0.00,$0.00,
The Big -P.01-UP-20-April-26,AB-SUB-B04-7TH-1000,1219,1232,1226,The Big -P.01-UP-20-April-26,The Big - P.01 - UP-24-MAY-26.HO.1.S.P01.B04.SUP.7thF,AB-SUB-B04-7TH-1000,Submittal for Col. & Walls Conc. Dim.  & RFT DWGs As-Built Drawing (B04) (7th),11-Jan-27,1-Feb-27,20-May-27,9-Jun-27,6-Mar-27,29-Mar-27,1,0.0,0.0,-62.0,Yes,,The Big -P.01-UP-20-April-26,AB-SUB-B04-7TH-1000,Submittal for Col. & Walls Conc. Dim.  & RFT DWGs As-Built Drawing (B04) (7th),17-May-26,0.0,0.0,0.0,0.0,0,0.0,0,0.0,The Big -P.01-UP-20-April-26,AB-SUB-B04-7TH-1000,10-May-26,0.00%,0.00%,$0.00,$0.00,$0.00,
The Big -P.01-UP-20-April-26,CON-B02-4TH-1060,1220,1186,1186,The Big -P.01-UP-20-April-26,The Big - P.01 - UP-24-MAY-26.CON.P02.B02.SUP.4thF,CON-B02-4TH-1060,"Pouring for Slabs, Beams & Stairs (B02) (4th)",12-Jan-27,14-Jan-27,25-Apr-27,27-Apr-27,24-Jan-27,27-Jan-27,1,0.0,0.0,-74.0,Yes,,The Big -P.01-UP-20-April-26,CON-B02-4TH-1060,"Pouring for Slabs, Beams & Stairs (B02) (4th)",17-May-26,946744.46,0.0,0.0,0.0,0,0.0,0,0.0,The Big -P.01-UP-20-April-26,CON-B02-4TH-1060,10-May-26,0.00%,0.00%,$0.00,$0.00,$0.00,
The Big -P.01-UP-20-April-26,CON-B03-4TH-1050,1221,1188,1199,The Big -P.01-UP-20-April-26,The Big - P.01 - UP-24-MAY-26.CON.P01.B03.SUP.4thF,CON-B03-4TH-1050,"RFT for Slabs, Beams & Stairs (B03) (4th)",12-Jan-27,26-Jan-27,3-May-27,16-May-27,12-Jan-27,26-Jan-27,1,0.0,0.0,-91.0,Yes,,The Big -P.01-UP-20-April-26,CON-B03-4TH-1050,"RFT for Slabs, Beams & Stairs (B03) (4th)",17-May-26,1328776.71,0.0,0.0,0.0,0,0.0,0,0.0,The Big -P.01-UP-20-April-26,CON-B03-4TH-1050,10-May-26,0.00%,0.00%,$0.00,$0.00,$0.00,
The Big -P.01-UP-20-April-26,CON-B04-7TH-1050,1222,1237,1227,The Big -P.01-UP-20-April-26,The Big - P.01 - UP-24-MAY-26.CON.P01.B04.SUP.7thF,CON-B04-7TH-1050,"RFT for Slabs, Beams & Stairs (B04) (7th)",13-Jan-27,21-Jan-27,23-May-27,31-May-27,13-Jan-27,21-Jan-27,1,0.0,0.0,-107.0,Yes,,The Big -P.01-UP-20-April-26,CON-B04-7TH-1050,"RFT for Slabs, Beams & Stairs (B04) (7th)",17-May-26,1032180.5,0.0,0.0,0.0,0,0.0,0,0.0,The Big -P.01-UP-20-April-26,CON-B04-7TH-1050,10-May-26,0.00%,0.00%,$0.00,$0.00,$0.00,
The Big -P.01-UP-20-April-26,CON-B02-4TH-1070,1223,1190,1190,The Big -P.01-UP-20-April-26,The Big - P.01 - UP-24-MAY-26.CON.P02.B02.SUP.4thF,CON-B02-4TH-1070,"Curing for Slabs, Beams & Stairs (B02) (4th)",15-Jan-27,19-Jan-27,28-Apr-27,2-May-27,28-Jan-27,1-Feb-27,1,0.0,0.0,-90.0,Yes,,The Big -P.01-UP-20-April-26,CON-B02-4TH-1070,"Curing for Slabs, Beams & Stairs (B02) (4th)",17-May-26,0.0,0.0,0.0,0.0,0,0.0,0,0.0,The Big -P.01-UP-20-April-26,CON-B02-4TH-1070,10-May-26,0.00%,0.00%,$0.00,$0.00,$0.00,
The Big -P.01-UP-20-April-26,P-MDEL-1200,1224,1045,1054,The Big -P.01-UP-20-April-26,The Big - P.01 - UP-24-MAY-26.P.PC.DS.DR,P-MDEL-1200,Delivery for Rebar Patch#14  (Roof floor),15-Jan-27,16-Jan-27,15-Jan-27,16-Jan-27,11-Feb-27,12-Feb-27,1,0.0,0.0,27.0,No,,The Big -P.01-UP-20-April-26,P-MDEL-1200,Delivery for Rebar Patch#14  (Roof floor),17-May-26,0.0,0.0,0.0,0.0,0,0.0,0,0.0,The Big -P.01-UP-20-April-26,P-MDEL-1200,10-May-26,0.00%,0.00%,$0.00,$0.00,$0.00,
The Big -P.01-UP-20-April-26,AB-SUB-B02-4TH-1010,1225,1191,1195,The Big -P.01-UP-20-April-26,The Big - P.01 - UP-24-MAY-26.HO.1.S.P02.B02.SUP.4thF,AB-SUB-B02-4TH-1010,Submittal for Slabs Conc. Dim.  & RFT DWGs As-Built Drawing (B02) (4th),16-Jan-27,6-Feb-27,28-Apr-27,18-May-27,6-Mar-27,29-Mar-27,1,0.0,0.0,-43.0,Yes,,The Big -P.01-UP-20-April-26,AB-SUB-B02-4TH-1010,Submittal for Slabs Conc. Dim.  & RFT DWGs As-Built Drawing (B02) (4th),17-May-26,0.0,0.0,0.0,0.0,0,0.0,0,0.0,The Big -P.01-UP-20-April-26,AB-SUB-B02-4TH-1010,10-May-26,0.00%,0.00%,$0.00,$0.00,$0.00,
The Big -P.01-UP-20-April-26,AB-SUB-B02-4TH-1020,1226,1192,1196,The Big -P.01-UP-20-April-26,The Big - P.01 - UP-24-MAY-26.HO.1.S.P02.B02.SUP.4thF,AB-SUB-B02-4TH-1020,Submittal for Beams Conc. Dim.  & RFT DWGs As-Built Drawing (B02) (4th),16-Jan-27,6-Feb-27,28-Apr-27,18-May-27,6-Mar-27,29-Mar-27,1,0.0,0.0,-43.0,Yes,,The Big -P.01-UP-20-April-26,AB-SUB-B02-4TH-1020,Submittal for Beams Conc. Dim.  & RFT DWGs As-Built Drawing (B02) (4th),17-May-26,0.0,0.0,0.0,0.0,0,0.0,0,0.0,The Big -P.01-UP-20-April-26,AB-SUB-B02-4TH-1020,10-May-26,0.00%,0.00%,$0.00,$0.00,$0.00,
The Big -P.01-UP-20-April-26,AB-SUB-B02-4TH-1030,1227,1193,1197,The Big -P.01-UP-20-April-26,The Big - P.01 - UP-24-MAY-26.HO.1.S.P02.B02.SUP.4thF,AB-SUB-B02-4TH-1030,Submittal for Stairs Conc. Dim.  & RFT DWGs As-Built Drawing (B02) (4th),16-Jan-27,6-Feb-27,28-Apr-27,18-May-27,6-Mar-27,29-Mar-27,1,0.0,0.0,-43.0,Yes,,The Big -P.01-UP-20-April-26,AB-SUB-B02-4TH-1030,Submittal for Stairs Conc. Dim.  & RFT DWGs As-Built Drawing (B02) (4th),17-May-26,0.0,0.0,0.0,0.0,0,0.0,0,0.0,The Big -P.01-UP-20-April-26,AB-SUB-B02-4TH-1030,10-May-26,0.00%,0.00%,$0.00,$0.00,$0.00,
The Big -P.01-UP-20-April-26,CON-B01-7TH-1060,1228,1268,1261,The Big -P.01-UP-20-April-26,The Big - P.01 - UP-24-MAY-26.CON.P02.B01.SUP.7thF,CON-B01-7TH-1060,"Pouring for Slabs, Beams & Stairs (B01) (7th)",18-Jan-27,19-Jan-27,12-Jun-27,14-Jun-27,18-Jan-27,19-Jan-27,1,0.0,0.0,-120.0,Yes,,The Big -P.01-UP-20-April-26,CON-B01-7TH-1060,"Pouring for Slabs, Beams & Stairs (B01) (7th)",17-May-26,1260156.74,0.0,0.0,0.0,0,0.0,0,0.0,The Big -P.01-UP-20-April-26,CON-B01-7TH-1060,10-May-26,0.00%,0.00%,$0.00,$0.00,$0.00,
The Big -P.01-UP-20-April-26,AB-APP-B01-7TH-1000,1229,1269,1266,The Big -P.01-UP-20-April-26,The Big - P.01 - UP-24-MAY-26.HO.1.A.P02.B01.SUP.7thF,AB-APP-B01-7TH-1000,Approval for Col. & Walls Conc. Dim.  & RFT DWGs As-Built Drawing (B01) (7th),18-Jan-27,1-Feb-27,12-Jun-27,26-Jun-27,23-Mar-27,5-Apr-27,1,0.0,0.0,-69.0,Yes,,The Big -P.01-UP-20-April-26,AB-APP-B01-7TH-1000,Approval for Col. & Walls Conc. Dim.  & RFT DWGs As-Built Drawing (B01) (7th),17-May-26,0.0,0.0,0.0,0.0,0,0.0,0,0.0,The Big -P.01-UP-20-April-26,AB-APP-B01-7TH-1000,10-May-26,0.00%,0.00%,$0.00,$0.00,$0.00,
The Big -P.01-UP-20-April-26,CON-B01-7TH-1070,1230,1272,1267,The Big -P.01-UP-20-April-26,The Big - P.01 - UP-24-MAY-26.CON.P02.B01.SUP.7thF,CON-B01-7TH-1070,"Curing for Slabs, Beams & Stairs (B01) (7th)",20-Jan-27,22-Jan-27,14-Jun-27,17-Jun-27,21-Jan-27,23-Jan-27,1,0.0,0.0,-144.0,Yes,,The Big -P.01-UP-20-April-26,CON-B01-7TH-1070,"Curing for Slabs, Beams & Stairs (B01) (7th)",17-May-26,0.0,0.0,0.0,0.0,0,0.0,0,0.0,The Big -P.01-UP-20-April-26,CON-B01-7TH-1070,10-May-26,0.00%,0.00%,$0.00,$0.00,$0.00,
The Big -P.01-UP-20-April-26,CON-B01-8TH-1000,1231,1273,1268,The Big -P.01-UP-20-April-26,The Big - P.01 - UP-24-MAY-26.CON.P02.B01.SUP.8thF,CON-B01-8TH-1000,"Scaffolding works for Walls, Col. & Cores (B01) (8th)",20-Jan-27,23-Jan-27,14-Jun-27,17-Jun-27,20-Jan-27,23-Jan-27,1,0.0,0.0,-120.0,Yes,,The Big -P.01-UP-20-April-26,CON-B01-8TH-1000,"Scaffolding works for Walls, Col. & Cores (B01) (8th)",17-May-26,0.0,0.0,0.0,0.0,0,0.0,0,0.0,The Big -P.01-UP-20-April-26,CON-B01-8TH-1000,10-May-26,0.00%,0.00%,$0.00,$0.00,$0.00,
The Big -P.01-UP-20-April-26,AB-SUB-B01-7TH-1010,1232,1274,1270,The Big -P.01-UP-20-April-26,The Big - P.01 - UP-24-MAY-26.HO.1.S.P02.B01.SUP.7thF,AB-SUB-B01-7TH-1010,Submittal for Slabs Conc. Dim.  & RFT DWGs As-Built Drawing (B01) (7th),20-Jan-27,10-Feb-27,14-Jun-27,5-Jul-27,6-Mar-27,29-Mar-27,1,0.0,0.0,-83.0,Yes,,The Big -P.01-UP-20-April-26,AB-SUB-B01-7TH-1010,Submittal for Slabs Conc. Dim.  & RFT DWGs As-Built Drawing (B01) (7th),17-May-26,0.0,0.0,0.0,0.0,0,0.0,0,0.0,The Big -P.01-UP-20-April-26,AB-SUB-B01-7TH-1010,10-May-26,0.00%,0.00%,$0.00,$0.00,$0.00,
The Big -P.01-UP-20-April-26,AB-SUB-B01-7TH-1020,1233,1275,1271,The Big -P.01-UP-20-April-26,The Big - P.01 - UP-24-MAY-26.HO.1.S.P02.B01.SUP.7thF,AB-SUB-B01-7TH-1020,Submittal for Beams Conc. Dim.  & RFT DWGs As-Built Drawing (B01) (7th),20-Jan-27,10-Feb-27,14-Jun-27,5-Jul-27,6-Mar-27,29-Mar-27,1,0.0,0.0,-83.0,Yes,,The Big -P.01-UP-20-April-26,AB-SUB-B01-7TH-1020,Submittal for Beams Conc. Dim.  & RFT DWGs As-Built Drawing (B01) (7th),17-May-26,0.0,0.0,0.0,0.0,0,0.0,0,0.0,The Big -P.01-UP-20-April-26,AB-SUB-B01-7TH-1020,10-May-26,0.00%,0.00%,$0.00,$0.00,$0.00,
The Big -P.01-UP-20-April-26,AB-SUB-B01-7TH-1030,1234,1276,1272,The Big -P.01-UP-20-April-26,The Big - P.01 - UP-24-MAY-26.HO.1.S.P02.B01.SUP.7thF,AB-SUB-B01-7TH-1030,Submittal for Stairs Conc. Dim.  & RFT DWGs As-Built Drawing (B01) (7th),20-Jan-27,10-Feb-27,14-Jun-27,5-Jul-27,6-Mar-27,29-Mar-27,1,0.0,0.0,-83.0,Yes,,The Big -P.01-UP-20-April-26,AB-SUB-B01-7TH-1030,Submittal for Stairs Conc. Dim.  & RFT DWGs As-Built Drawing (B01) (7th),17-May-26,0.0,0.0,0.0,0.0,0,0.0,0,0.0,The Big -P.01-UP-20-April-26,AB-SUB-B01-7TH-1030,10-May-26,0.00%,0.00%,$0.00,$0.00,$0.00,
The Big -P.01-UP-20-April-26,AB-APP-B03-4TH-1000,1235,1200,1212,The Big -P.01-UP-20-April-26,The Big - P.01 - UP-24-MAY-26.HO.1.A.P01.B03.SUP.4thF,AB-APP-B03-4TH-1000,Approval for Col. & Walls Conc. Dim.  & RFT DWGs As-Built Drawing  (B03) (4th),21-Jan-27,4-Feb-27,12-May-27,25-May-27,23-Mar-27,5-Apr-27,1,0.0,0.0,-43.0,Yes,,The Big -P.01-UP-20-April-26,AB-APP-B03-4TH-1000,Approval for Col. & Walls Conc. Dim.  & RFT DWGs As-Built Drawing  (B03) (4th),17-May-26,0.0,0.0,0.0,0.0,0,0.0,0,0.0,The Big -P.01-UP-20-April-26,AB-APP-B03-4TH-1000,10-May-26,0.00%,0.00%,$0.00,$0.00,$0.00,
The Big -P.01-UP-20-April-26,CON-B01-8TH-1010,1236,1278,1275,The Big -P.01-UP-20-April-26,The Big - P.01 - UP-24-MAY-26.CON.P02.B01.SUP.8thF,CON-B01-8TH-1010,"RFT for Walls, Col. & Cores (B01) (8th)",23-Jan-27,28-Jan-27,16-Jun-27,22-Jun-27,23-Jan-27,28-Jan-27,1,0.0,0.0,-120.0,Yes,,The Big -P.01-UP-20-April-26,CON-B01-8TH-1010,"RFT for Walls, Col. & Cores (B01) (8th)",17-May-26,460777.03,0.0,0.0,0.0,0,0.0,0,0.0,The Big -P.01-UP-20-April-26,CON-B01-8TH-1010,10-May-26,0.00%,0.00%,$0.00,$0.00,$0.00,
The Big -P.01-UP-20-April-26,CON-B04-7TH-1060,1237,1253,1244,The Big -P.01-UP-20-April-26,The Big - P.01 - UP-24-MAY-26.CON.P01.B04.SUP.7thF,CON-B04-7TH-1060,"Pouring for Slabs, Beams & Stairs (B04) (7th)",23-Jan-27,23-Jan-27,1-Jun-27,1-Jun-27,23-Jan-27,23-Jan-27,1,0.0,0.0,-107.0,Yes,,The Big -P.01-UP-20-April-26,CON-B04-7TH-1060,"Pouring for Slabs, Beams & Stairs (B04) (7th)",17-May-26,1062392.9,0.0,0.0,0.0,0,0.0,0,0.0,The Big -P.01-UP-20-April-26,CON-B04-7TH-1060,10-May-26,0.00%,0.00%,$0.00,$0.00,$0.00,
The Big -P.01-UP-20-April-26,CON-B04-7TH-1070,1238,1255,1245,The Big -P.01-UP-20-April-26,The Big - P.01 - UP-24-MAY-26.CON.P01.B04.SUP.7thF,CON-B04-7TH-1070,"Curing for Slabs, Beams & Stairs (B04) (7th)",24-Jan-27,26-Jan-27,2-Jun-27,4-Jun-27,24-Jan-27,26-Jan-27,1,0.0,0.0,-129.0,Yes,,The Big -P.01-UP-20-April-26,CON-B04-7TH-1070,"Curing for Slabs, Beams & Stairs (B04) (7th)",17-May-26,0.0,0.0,0.0,0.0,0,0.0,0,0.0,The Big -P.01-UP-20-April-26,CON-B04-7TH-1070,10-May-26,0.00%,0.00%,$0.00,$0.00,$0.00,
The Big -P.01-UP-20-April-26,AB-SUB-B04-7TH-1010,1239,1257,1246,The Big -P.01-UP-20-April-26,The Big - P.01 - UP-24-MAY-26.HO.1.S.P01.B04.SUP.7thF,AB-SUB-B04-7TH-1010,Submittal for Slabs Conc. Dim.  & RFT DWGs As-Built Drawing  (B04) (7th),24-Jan-27,14-Feb-27,2-Jun-27,22-Jun-27,6-Mar-27,29-Mar-27,1,0.0,0.0,-73.0,Yes,,The Big -P.01-UP-20-April-26,AB-SUB-B04-7TH-1010,Submittal for Slabs Conc. Dim.  & RFT DWGs As-Built Drawing  (B04) (7th),17-May-26,0.0,0.0,0.0,0.0,0,0.0,0,0.0,The Big -P.01-UP-20-April-26,AB-SUB-B04-7TH-1010,10-May-26,0.00%,0.00%,$0.00,$0.00,$0.00,
The Big -P.01-UP-20-April-26,AB-SUB-B04-7TH-1020,1240,1258,1247,The Big -P.01-UP-20-April-26,The Big - P.01 - UP-24-MAY-26.HO.1.S.P01.B04.SUP.7thF,AB-SUB-B04-7TH-1020,Submittal for Beams Conc. Dim.  & RFT DWGs As-Built Drawing (B04) (7th),24-Jan-27,14-Feb-27,2-Jun-27,22-Jun-27,6-Mar-27,29-Mar-27,1,0.0,0.0,-73.0,Yes,,The Big -P.01-UP-20-April-26,AB-SUB-B04-7TH-1020,Submittal for Beams Conc. Dim.  & RFT DWGs As-Built Drawing (B04) (7th),17-May-26,0.0,0.0,0.0,0.0,0,0.0,0,0.0,The Big -P.01-UP-20-April-26,AB-SUB-B04-7TH-1020,10-May-26,0.00%,0.00%,$0.00,$0.00,$0.00,
The Big -P.01-UP-20-April-26,AB-SUB-B04-7TH-1030,1241,1259,1248,The Big -P.01-UP-20-April-26,The Big - P.01 - UP-24-MAY-26.HO.1.S.P01.B04.SUP.7thF,AB-SUB-B04-7TH-1030,Submittal for Stairs Conc. Dim.  & RFT DWGs As-Built Drawing (B04) (7th),24-Jan-27,14-Feb-27,2-Jun-27,22-Jun-27,6-Mar-27,29-Mar-27,1,0.0,0.0,-73.0,Yes,,The Big -P.01-UP-20-April-26,AB-SUB-B04-7TH-1030,Submittal for Stairs Conc. Dim.  & RFT DWGs As-Built Drawing (B04) (7th),17-May-26,0.0,0.0,0.0,0.0,0,0.0,0,0.0,The Big -P.01-UP-20-April-26,AB-SUB-B04-7TH-1030,10-May-26,0.00%,0.00%,$0.00,$0.00,$0.00,
The Big -P.01-UP-20-April-26,CON-B01-8TH-1020,1242,1284,1282,The Big -P.01-UP-20-April-26,The Big - P.01 - UP-24-MAY-26.CON.P02.B01.SUP.8thF,CON-B01-8TH-1020,"Shuttering for Walls, Col. & Cores (B01) (8th)",26-Jan-27,31-Jan-27,19-Jun-27,24-Jun-27,26-Jan-27,31-Jan-27,1,0.0,0.0,-120.0,Yes,,The Big -P.01-UP-20-April-26,CON-B01-8TH-1020,"Shuttering for Walls, Col. & Cores (B01) (8th)",17-May-26,252110.01,0.0,0.0,0.0,0,0.0,0,0.0,The Big -P.01-UP-20-April-26,CON-B01-8TH-1020,10-May-26,0.00%,0.00%,$0.00,$0.00,$0.00,
The Big -P.01-UP-20-April-26,AB-APP-B04-7TH-1000,1243,1262,1250,The Big -P.01-UP-20-April-26,The Big - P.01 - UP-24-MAY-26.HO.1.A.P01.B04.SUP.7thF,AB-APP-B04-7TH-1000,Approval for Col. & Walls Conc. Dim.  & RFT DWGs As-Built Drawing (B04) (7th),26-Jan-27,8-Feb-27,3-Jun-27,16-Jun-27,23-Mar-27,5-Apr-27,1,0.0,0.0,-62.0,Yes,,The Big -P.01-UP-20-April-26,AB-APP-B04-7TH-1000,Approval for Col. & Walls Conc. Dim.  & RFT DWGs As-Built Drawing (B04) (7th),17-May-26,0.0,0.0,0.0,0.0,0,0.0,0,0.0,The Big -P.01-UP-20-April-26,AB-APP-B04-7TH-1000,10-May-26,0.00%,0.00%,$0.00,$0.00,$0.00,
The Big -P.01-UP-20-April-26,CON-B03-4TH-1060,1244,1211,1224,The Big -P.01-UP-20-April-26,The Big - P.01 - UP-24-MAY-26.CON.P01.B03.SUP.4thF,CON-B03-4TH-1060,"Pouring for Slabs, Beams & Stairs (B03) (4th)",27-Jan-27,30-Jan-27,17-May-27,19-May-27,27-Jan-27,30-Jan-27,1,0.0,0.0,-91.0,Yes,,The Big -P.01-UP-20-April-26,CON-B03-4TH-1060,"Pouring for Slabs, Beams & Stairs (B03) (4th)",17-May-26,1363059.24,0.0,0.0,0.0,0,0.0,0,0.0,The Big -P.01-UP-20-April-26,CON-B03-4TH-1060,10-May-26,0.00%,0.00%,$0.00,$0.00,$0.00,
The Big -P.01-UP-20-April-26,CON-B04-8TH-1000,1245,1263,1252,The Big -P.01-UP-20-April-26,The Big - P.01 - UP-24-MAY-26.CON.P01.B04.SUP.8thF,CON-B04-8TH-1000,"Scaffolding works for Walls, Col. & Cores (B04) (8th)",27-Jan-27,31-Jan-27,5-Jun-27,8-Jun-27,27-Jan-27,31-Jan-27,1,0.0,0.0,-107.0,Yes,,The Big -P.01-UP-20-April-26,CON-B04-8TH-1000,"Scaffolding works for Walls, Col. & Cores (B04) (8th)",17-May-26,0.0,0.0,0.0,0.0,0,0.0,0,0.0,The Big -P.01-UP-20-April-26,CON-B04-8TH-1000,10-May-26,0.00%,0.00%,$0.00,$0.00,$0.00,
The Big -P.01-UP-20-April-26,CON-B02-4TH-1080,1246,1204,1213,The Big -P.01-UP-20-April-26,The Big - P.01 - UP-24-MAY-26.CON.P02.B02.SUP.4thF,CON-B02-4TH-1080,Dismantling Formwork (B02) (4th),28-Jan-27,28-Jan-27,10-May-27,10-May-27,2-Mar-27,2-Mar-27,1,0.0,0.0,-69.0,Yes,,The Big -P.01-UP-20-April-26,CON-B02-4TH-1080,Dismantling Formwork (B02) (4th),17-May-26,0.0,0.0,0.0,0.0,0,0.0,0,0.0,The Big -P.01-UP-20-April-26,CON-B02-4TH-1080,10-May-26,0.00%,0.00%,$0.00,$0.00,$0.00,
The Big -P.01-UP-20-April-26,CON-B02-RF-1000,1247,1210,1216,The Big -P.01-UP-20-April-26,The Big - P.01 - UP-24-MAY-26.CON.P02.B02.SUP.RF,CON-B02-RF-1000,"Scaffolding works for Walls, Col. & Cores (B02) (RF)",28-Jan-27,30-Jan-27,11-May-27,12-May-27,10-Feb-27,11-Feb-27,1,0.0,0.0,-74.0,Yes,,The Big -P.01-UP-20-April-26,CON-B02-RF-1000,"Scaffolding works for Walls, Col. & Cores (B02) (RF)",17-May-26,0.0,0.0,0.0,0.0,0,0.0,0,0.0,The Big -P.01-UP-20-April-26,CON-B02-RF-1000,10-May-26,0.00%,0.00%,$0.00,$0.00,$0.00,
The Big -P.01-UP-20-April-26,CON-B04-8TH-1010,1248,1267,1254,The Big -P.01-UP-20-April-26,The Big - P.01 - UP-24-MAY-26.CON.P01.B04.SUP.8thF,CON-B04-8TH-1010,"RFT for Walls, Col. & Cores (B04) (8th)",30-Jan-27,4-Feb-27,7-Jun-27,13-Jun-27,30-Jan-27,4-Feb-27,1,0.0,0.0,-107.0,Yes,,The Big -P.01-UP-20-April-26,CON-B04-8TH-1010,"RFT for Walls, Col. & Cores (B04) (8th)",17-May-26,463096.43,0.0,0.0,0.0,0,0.0,0,0.0,The Big -P.01-UP-20-April-26,CON-B04-8TH-1010,10-May-26,0.00%,0.00%,$0.00,$0.00,$0.00,
The Big -P.01-UP-20-April-26,CON-B02-RF-1010,1249,1217,1223,The Big -P.01-UP-20-April-26,The Big - P.01 - UP-24-MAY-26.CON.P02.B02.SUP.RF,CON-B02-RF-1010,"RFT for Walls, Col. & Cores (B02) (RF)",31-Jan-27,2-Feb-27,13-May-27,16-May-27,13-Feb-27,15-Feb-27,1,0.0,0.0,-74.0,Yes,,The Big -P.01-UP-20-April-26,CON-B02-RF-1010,"RFT for Walls, Col. & Cores (B02) (RF)",17-May-26,98462.88,0.0,0.0,0.0,0,0.0,0,0.0,The Big -P.01-UP-20-April-26,CON-B02-RF-1010,10-May-26,0.00%,0.00%,$0.00,$0.00,$0.00,
The Big -P.01-UP-20-April-26,CON-B03-4TH-1070,1250,1218,1229,The Big -P.01-UP-20-April-26,The Big - P.01 - UP-24-MAY-26.CON.P01.B03.SUP.4thF,CON-B03-4TH-1070,"Curing for Slabs, Beams & Stairs (B03) (4th)",31-Jan-27,2-Feb-27,20-May-27,22-May-27,31-Jan-27,2-Feb-27,1,0.0,0.0,-109.0,Yes,,The Big -P.01-UP-20-April-26,CON-B03-4TH-1070,"Curing for Slabs, Beams & Stairs (B03) (4th)",17-May-26,0.0,0.0,0.0,0.0,0,0.0,0,0.0,The Big -P.01-UP-20-April-26,CON-B03-4TH-1070,10-May-26,0.00%,0.00%,$0.00,$0.00,$0.00,
The Big -P.01-UP-20-April-26,AB-SUB-B03-4TH-1010,1251,1220,1230,The Big -P.01-UP-20-April-26,The Big - P.01 - UP-24-MAY-26.HO.1.S.P01.B03.SUP.4thF,AB-SUB-B03-4TH-1010,Submittal for Slabs Conc. Dim.  & RFT DWGs As-Built Drawing (B03) (4th),31-Jan-27,20-Feb-27,20-May-27,9-Jun-27,6-Mar-27,29-Mar-27,1,0.0,0.0,-62.0,Yes,,The Big -P.01-UP-20-April-26,AB-SUB-B03-4TH-1010,Submittal for Slabs Conc. Dim.  & RFT DWGs As-Built Drawing (B03) (4th),17-May-26,0.0,0.0,0.0,0.0,0,0.0,0,0.0,The Big -P.01-UP-20-April-26,AB-SUB-B03-4TH-1010,10-May-26,0.00%,0.00%,$0.00,$0.00,$0.00,
The Big -P.01-UP-20-April-26,AB-SUB-B03-4TH-1020,1252,1221,1231,The Big -P.01-UP-20-April-26,The Big - P.01 - UP-24-MAY-26.HO.1.S.P01.B03.SUP.4thF,AB-SUB-B03-4TH-1020,Submittal for Beams Conc. Dim.  & RFT DWGs As-Built Drawing (B03) (4th),31-Jan-27,20-Feb-27,20-May-27,9-Jun-27,6-Mar-27,29-Mar-27,1,0.0,0.0,-62.0,Yes,,The Big -P.01-UP-20-April-26,AB-SUB-B03-4TH-1020,Submittal for Beams Conc. Dim.  & RFT DWGs As-Built Drawing (B03) (4th),17-May-26,0.0,0.0,0.0,0.0,0,0.0,0,0.0,The Big -P.01-UP-20-April-26,AB-SUB-B03-4TH-1020,10-May-26,0.00%,0.00%,$0.00,$0.00,$0.00,
The Big -P.01-UP-20-April-26,AB-SUB-B03-4TH-1030,1253,1222,1232,The Big -P.01-UP-20-April-26,The Big - P.01 - UP-24-MAY-26.HO.1.S.P01.B03.SUP.4thF,AB-SUB-B03-4TH-1030,Submittal for Stairs Conc. Dim.  & RFT DWGs As-Built Drawing (B03) (4th),31-Jan-27,20-Feb-27,20-May-27,9-Jun-27,6-Mar-27,29-Mar-27,1,0.0,0.0,-62.0,Yes,,The Big -P.01-UP-20-April-26,AB-SUB-B03-4TH-1030,Submittal for Stairs Conc. Dim.  & RFT DWGs As-Built Drawing (B03) (4th),17-May-26,0.0,0.0,0.0,0.0,0,0.0,0,0.0,The Big -P.01-UP-20-April-26,AB-SUB-B03-4TH-1030,10-May-26,0.00%,0.00%,$0.00,$0.00,$0.00,
The Big -P.01-UP-20-April-26,AB-APP-B02-4TH-1010,1254,1213,1218,The Big -P.01-UP-20-April-26,The Big - P.01 - UP-24-MAY-26.HO.1.A.P02.B02.SUP.4thF,AB-APP-B02-4TH-1010,Approval for Slabs Conc. Dim.  & RFT DWGs As-Built Drawing (B02) (4th),31-Jan-27,13-Feb-27,12-May-27,25-May-27,23-Mar-27,5-Apr-27,1,0.0,0.0,-43.0,Yes,,The Big -P.01-UP-20-April-26,AB-APP-B02-4TH-1010,Approval for Slabs Conc. Dim.  & RFT DWGs As-Built Drawing (B02) (4th),17-May-26,0.0,0.0,0.0,0.0,0,0.0,0,0.0,The Big -P.01-UP-20-April-26,AB-APP-B02-4TH-1010,10-May-26,0.00%,0.00%,$0.00,$0.00,$0.00,
The Big -P.01-UP-20-April-26,AB-APP-B02-4TH-1020,1255,1214,1219,The Big -P.01-UP-20-April-26,The Big - P.01 - UP-24-MAY-26.HO.1.A.P02.B02.SUP.4thF,AB-APP-B02-4TH-1020,Approval for Beams Conc. Dim.  & RFT DWGs As-Built Drawing (B02) (4th),31-Jan-27,13-Feb-27,12-May-27,25-May-27,23-Mar-27,5-Apr-27,1,0.0,0.0,-43.0,Yes,,The Big -P.01-UP-20-April-26,AB-APP-B02-4TH-1020,Approval for Beams Conc. Dim.  & RFT DWGs As-Built Drawing (B02) (4th),17-May-26,0.0,0.0,0.0,0.0,0,0.0,0,0.0,The Big -P.01-UP-20-April-26,AB-APP-B02-4TH-1020,10-May-26,0.00%,0.00%,$0.00,$0.00,$0.00,
The Big -P.01-UP-20-April-26,AB-APP-B02-4TH-1030,1256,1215,1220,The Big -P.01-UP-20-April-26,The Big - P.01 - UP-24-MAY-26.HO.1.A.P02.B02.SUP.4thF,AB-APP-B02-4TH-1030,Approval for Stairs Conc. Dim.  & RFT DWGs As-Built Drawing (B02) (4th),31-Jan-27,13-Feb-27,12-May-27,25-May-27,23-Mar-27,5-Apr-27,1,0.0,0.0,-43.0,Yes,,The Big -P.01-UP-20-April-26,AB-APP-B02-4TH-1030,Approval for Stairs Conc. Dim.  & RFT DWGs As-Built Drawing (B02) (4th),17-May-26,0.0,0.0,0.0,0.0,0,0.0,0,0.0,The Big -P.01-UP-20-April-26,AB-APP-B02-4TH-1030,10-May-26,0.00%,0.00%,$0.00,$0.00,$0.00,
The Big -P.01-UP-20-April-26,CON-B04-8TH-1020,1257,1271,1260,The Big -P.01-UP-20-April-26,The Big - P.01 - UP-24-MAY-26.CON.P01.B04.SUP.8thF,CON-B04-8TH-1020,"Shuttering for Walls, Col. & Cores (B04) (8th)",1-Feb-27,7-Feb-27,9-Jun-27,15-Jun-27,1-Feb-27,7-Feb-27,1,0.0,0.0,-107.0,Yes,,The Big -P.01-UP-20-April-26,CON-B04-8TH-1020,"Shuttering for Walls, Col. & Cores (B04) (8th)",17-May-26,253264.03,0.0,0.0,0.0,0,0.0,0,0.0,The Big -P.01-UP-20-April-26,CON-B04-8TH-1020,10-May-26,0.00%,0.00%,$0.00,$0.00,$0.00,
The Big -P.01-UP-20-April-26,CON-B01-7TH-1080,1258,1297,1296,The Big -P.01-UP-20-April-26,The Big - P.01 - UP-24-MAY-26.CON.P02.B01.SUP.7thF,CON-B01-7TH-1080,Dismantling Formwork (B01) (7th),2-Feb-27,2-Feb-27,27-Jun-27,28-Jun-27,3-Feb-27,3-Feb-27,1,0.0,0.0,-144.0,Yes,,The Big -P.01-UP-20-April-26,CON-B01-7TH-1080,Dismantling Formwork (B01) (7th),17-May-26,0.0,0.0,0.0,0.0,0,0.0,0,0.0,The Big -P.01-UP-20-April-26,CON-B01-7TH-1080,10-May-26,0.00%,0.00%,$0.00,$0.00,$0.00,
The Big -P.01-UP-20-April-26,CON-B01-8TH-1030,1259,1296,1290,The Big -P.01-UP-20-April-26,The Big - P.01 - UP-24-MAY-26.CON.P02.B01.SUP.8thF,CON-B01-8TH-1030,"Pouring for Walls, Col. & Cores (B01) (8th)",2-Feb-27,3-Feb-27,26-Jun-27,28-Jun-27,2-Feb-27,3-Feb-27,1,0.0,0.0,-120.0,Yes,,The Big -P.01-UP-20-April-26,CON-B01-8TH-1030,"Pouring for Walls, Col. & Cores (B01) (8th)",17-May-26,378165.01,0.0,0.0,0.0,0,0.0,0,0.0,The Big -P.01-UP-20-April-26,CON-B01-8TH-1030,10-May-26,0.00%,0.00%,$0.00,$0.00,$0.00,
The Big -P.01-UP-20-April-26,CON-B02-RF-1020,1260,1225,1228,The Big -P.01-UP-20-April-26,The Big - P.01 - UP-24-MAY-26.CON.P02.B02.SUP.RF,CON-B02-RF-1020,"Shuttering for Walls, Col. & Cores (B02) (RF)",3-Feb-27,6-Feb-27,17-May-27,19-May-27,16-Feb-27,18-Feb-27,1,0.0,0.0,-74.0,Yes,,The Big -P.01-UP-20-April-26,CON-B02-RF-1020,"Shuttering for Walls, Col. & Cores (B02) (RF)",17-May-26,14384.92,0.0,0.0,0.0,0,0.0,0,0.0,The Big -P.01-UP-20-April-26,CON-B02-RF-1020,10-May-26,0.00%,0.00%,$0.00,$0.00,$0.00,
The Big -P.01-UP-20-April-26,CON-B01-8TH-1040,1261,1298,1297,The Big -P.01-UP-20-April-26,The Big - P.01 - UP-24-MAY-26.CON.P02.B01.SUP.8thF,CON-B01-8TH-1040,"Shuttering for Slabs, Beams & Stairs (B01) (8th)",4-Feb-27,13-Feb-27,28-Jun-27,7-Jul-27,4-Feb-27,13-Feb-27,1,0.0,0.0,-120.0,Yes,,The Big -P.01-UP-20-April-26,CON-B01-8TH-1040,"Shuttering for Slabs, Beams & Stairs (B01) (8th)",17-May-26,805974.8,0.0,0.0,0.0,0,0.0,0,0.0,The Big -P.01-UP-20-April-26,CON-B01-8TH-1040,10-May-26,0.00%,0.00%,$0.00,$0.00,$0.00,
The Big -P.01-UP-20-April-26,AB-SUB-B01-8TH-1000,1262,1299,1299,The Big -P.01-UP-20-April-26,The Big - P.01 - UP-24-MAY-26.HO.1.S.P02.B01.SUP.8thF,AB-SUB-B01-8TH-1000,Submittal for Col. & Walls Conc. Dim.  & RFT DWGs As-Built Drawing (B01) (8th),4-Feb-27,24-Feb-27,28-Jun-27,19-Jul-27,6-Mar-27,29-Mar-27,1,0.0,0.0,-95.0,Yes,,The Big -P.01-UP-20-April-26,AB-SUB-B01-8TH-1000,Submittal for Col. & Walls Conc. Dim.  & RFT DWGs As-Built Drawing (B01) (8th),17-May-26,0.0,0.0,0.0,0.0,0,0.0,0,0.0,The Big -P.01-UP-20-April-26,AB-SUB-B01-8TH-1000,10-May-26,0.00%,0.00%,$0.00,$0.00,$0.00,
The Big -P.01-UP-20-April-26,AB-APP-B01-7TH-1010,1263,1300,1300,The Big -P.01-UP-20-April-26,The Big - P.01 - UP-24-MAY-26.HO.1.A.P02.B01.SUP.7thF,AB-APP-B01-7TH-1010,Approval for Slabs Conc. Dim.  & RFT DWGs As-Built Drawing (B01) (7th),4-Feb-27,17-Feb-27,28-Jun-27,12-Jul-27,23-Mar-27,5-Apr-27,1,0.0,0.0,-83.0,Yes,,The Big -P.01-UP-20-April-26,AB-APP-B01-7TH-1010,Approval for Slabs Conc. Dim.  & RFT DWGs As-Built Drawing (B01) (7th),17-May-26,0.0,0.0,0.0,0.0,0,0.0,0,0.0,The Big -P.01-UP-20-April-26,AB-APP-B01-7TH-1010,10-May-26,0.00%,0.00%,$0.00,$0.00,$0.00,
The Big -P.01-UP-20-April-26,AB-APP-B01-7TH-1020,1264,1301,1301,The Big -P.01-UP-20-April-26,The Big - P.01 - UP-24-MAY-26.HO.1.A.P02.B01.SUP.7thF,AB-APP-B01-7TH-1020,Approval for Beams Conc. Dim.  & RFT DWGs As-Built Drawing (B01) (7th),4-Feb-27,17-Feb-27,28-Jun-27,12-Jul-27,23-Mar-27,5-Apr-27,1,0.0,0.0,-83.0,Yes,,The Big -P.01-UP-20-April-26,AB-APP-B01-7TH-1020,Approval for Beams Conc. Dim.  & RFT DWGs As-Built Drawing (B01) (7th),17-May-26,0.0,0.0,0.0,0.0,0,0.0,0,0.0,The Big -P.01-UP-20-April-26,AB-APP-B01-7TH-1020,10-May-26,0.00%,0.00%,$0.00,$0.00,$0.00,
The Big -P.01-UP-20-April-26,AB-APP-B01-7TH-1030,1265,1302,1302,The Big -P.01-UP-20-April-26,The Big - P.01 - UP-24-MAY-26.HO.1.A.P02.B01.SUP.7thF,AB-APP-B01-7TH-1030,Approval for Stairs Conc. Dim.  & RFT DWGs As-Built Drawing (B01) (7th),4-Feb-27,17-Feb-27,28-Jun-27,12-Jul-27,23-Mar-27,5-Apr-27,1,0.0,0.0,-83.0,Yes,,The Big -P.01-UP-20-April-26,AB-APP-B01-7TH-1030,Approval for Stairs Conc. Dim.  & RFT DWGs As-Built Drawing (B01) (7th),17-May-26,0.0,0.0,0.0,0.0,0,0.0,0,0.0,The Big -P.01-UP-20-April-26,AB-APP-B01-7TH-1030,10-May-26,0.00%,0.00%,$0.00,$0.00,$0.00,
The Big -P.01-UP-20-April-26,CON-B04-7TH-1080,1266,1280,1274,The Big -P.01-UP-20-April-26,The Big - P.01 - UP-24-MAY-26.CON.P01.B04.SUP.7thF,CON-B04-7TH-1080,Dismantling Formwork (B04) (7th),5-Feb-27,5-Feb-27,14-Jun-27,14-Jun-27,8-Feb-27,8-Feb-27,1,0.0,0.0,-126.0,Yes,,The Big -P.01-UP-20-April-26,CON-B04-7TH-1080,Dismantling Formwork (B04) (7th),17-May-26,0.0,0.0,0.0,0.0,0,0.0,0,0.0,The Big -P.01-UP-20-April-26,CON-B04-7TH-1080,10-May-26,0.00%,0.00%,$0.00,$0.00,$0.00,
The Big -P.01-UP-20-April-26,CON-B01-8TH-1050,1267,1305,1307,The Big -P.01-UP-20-April-26,The Big - P.01 - UP-24-MAY-26.CON.P02.B01.SUP.8thF,CON-B01-8TH-1050,"RFT for Slabs, Beams & Stairs (B01) (8th)",7-Feb-27,15-Feb-27,30-Jun-27,10-Jul-27,7-Feb-27,15-Feb-27,1,0.0,0.0,-120.0,Yes,,The Big -P.01-UP-20-April-26,CON-B01-8TH-1050,"RFT for Slabs, Beams & Stairs (B01) (8th)",17-May-26,1181141.71,0.0,0.0,0.0,0,0.0,0,0.0,The Big -P.01-UP-20-April-26,CON-B01-8TH-1050,10-May-26,0.00%,0.00%,$0.00,$0.00,$0.00,
The Big -P.01-UP-20-April-26,CON-B02-RF-1030,1268,1229,1239,The Big -P.01-UP-20-April-26,The Big - P.01 - UP-24-MAY-26.CON.P02.B02.SUP.RF,CON-B02-RF-1030,"Pouring for Walls, Col. & Cores (B02) (RF)",7-Feb-27,8-Feb-27,20-May-27,22-May-27,20-Feb-27,21-Feb-27,1,0.0,0.0,-74.0,Yes,,The Big -P.01-UP-20-April-26,CON-B02-RF-1030,"Pouring for Walls, Col. & Cores (B02) (RF)",17-May-26,21577.38,0.0,0.0,0.0,0,0.0,0,0.0,The Big -P.01-UP-20-April-26,CON-B02-RF-1030,10-May-26,0.00%,0.00%,$0.00,$0.00,$0.00,
The Big -P.01-UP-20-April-26,CON-B04-8TH-1030,1269,1286,1278,The Big -P.01-UP-20-April-26,The Big - P.01 - UP-24-MAY-26.CON.P01.B04.SUP.8thF,CON-B04-8TH-1030,"Pouring for Walls, Col. & Cores (B04) (8th)",8-Feb-27,8-Feb-27,16-Jun-27,16-Jun-27,8-Feb-27,8-Feb-27,1,0.0,0.0,-107.0,Yes,,The Big -P.01-UP-20-April-26,CON-B04-8TH-1030,"Pouring for Walls, Col. & Cores (B04) (8th)",17-May-26,379896.04,0.0,0.0,0.0,0,0.0,0,0.0,The Big -P.01-UP-20-April-26,CON-B04-8TH-1030,10-May-26,0.00%,0.00%,$0.00,$0.00,$0.00,
The Big -P.01-UP-20-April-26,AB-APP-B04-7TH-1010,1270,1289,1279,The Big -P.01-UP-20-April-26,The Big - P.01 - UP-24-MAY-26.HO.1.A.P01.B04.SUP.7thF,AB-APP-B04-7TH-1010,Approval for Slabs Conc. Dim.  & RFT DWGs As-Built Drawing (B04) (7th),8-Feb-27,21-Feb-27,16-Jun-27,29-Jun-27,23-Mar-27,5-Apr-27,1,0.0,0.0,-73.0,Yes,,The Big -P.01-UP-20-April-26,AB-APP-B04-7TH-1010,Approval for Slabs Conc. Dim.  & RFT DWGs As-Built Drawing (B04) (7th),17-May-26,0.0,0.0,0.0,0.0,0,0.0,0,0.0,The Big -P.01-UP-20-April-26,AB-APP-B04-7TH-1010,10-May-26,0.00%,0.00%,$0.00,$0.00,$0.00,
The Big -P.01-UP-20-April-26,AB-APP-B04-7TH-1020,1271,1290,1280,The Big -P.01-UP-20-April-26,The Big - P.01 - UP-24-MAY-26.HO.1.A.P01.B04.SUP.7thF,AB-APP-B04-7TH-1020,Approval for Beams Conc. Dim.  & RFT DWGs As-Built Drawing (B04) (7th),8-Feb-27,21-Feb-27,16-Jun-27,29-Jun-27,23-Mar-27,5-Apr-27,1,0.0,0.0,-73.0,Yes,,The Big -P.01-UP-20-April-26,AB-APP-B04-7TH-1020,Approval for Beams Conc. Dim.  & RFT DWGs As-Built Drawing (B04) (7th),17-May-26,0.0,0.0,0.0,0.0,0,0.0,0,0.0,The Big -P.01-UP-20-April-26,AB-APP-B04-7TH-1020,10-May-26,0.00%,0.00%,$0.00,$0.00,$0.00,
The Big -P.01-UP-20-April-26,AB-APP-B04-7TH-1030,1272,1291,1281,The Big -P.01-UP-20-April-26,The Big - P.01 - UP-24-MAY-26.HO.1.A.P01.B04.SUP.7thF,AB-APP-B04-7TH-1030,Approval for Stairs Conc. Dim.  & RFT DWGs As-Built Drawing (B04) (7th),8-Feb-27,21-Feb-27,16-Jun-27,29-Jun-27,23-Mar-27,5-Apr-27,1,0.0,0.0,-73.0,Yes,,The Big -P.01-UP-20-April-26,AB-APP-B04-7TH-1030,Approval for Stairs Conc. Dim.  & RFT DWGs As-Built Drawing (B04) (7th),17-May-26,0.0,0.0,0.0,0.0,0,0.0,0,0.0,The Big -P.01-UP-20-April-26,AB-APP-B04-7TH-1030,10-May-26,0.00%,0.00%,$0.00,$0.00,$0.00,
The Big -P.01-UP-20-April-26,CON-B02-RF-1040,1273,1233,1241,The Big -P.01-UP-20-April-26,The Big - P.01 - UP-24-MAY-26.CON.P02.B02.SUP.RF,CON-B02-RF-1040,"Shuttering for Slabs, Beams  (B02) (RF)",9-Feb-27,13-Feb-27,23-May-27,26-May-27,22-Feb-27,25-Feb-27,1,0.0,0.0,-74.0,Yes,,The Big -P.01-UP-20-April-26,CON-B02-RF-1040,"Shuttering for Slabs, Beams  (B02) (RF)",17-May-26,102501.45,0.0,0.0,0.0,0,0.0,0,0.0,The Big -P.01-UP-20-April-26,CON-B02-RF-1040,10-May-26,0.00%,0.00%,$0.00,$0.00,$0.00,
The Big -P.01-UP-20-April-26,CON-B04-8TH-1040,1274,1292,1283,The Big -P.01-UP-20-April-26,The Big - P.01 - UP-24-MAY-26.CON.P01.B04.SUP.8thF,CON-B04-8TH-1040,"Shuttering for Slabs, Beams & Stairs (B04) (8th)",9-Feb-27,13-Feb-27,17-Jun-27,21-Jun-27,9-Feb-27,13-Feb-27,1,0.0,0.0,-107.0,Yes,,The Big -P.01-UP-20-April-26,CON-B04-8TH-1040,"Shuttering for Slabs, Beams & Stairs (B04) (8th)",17-May-26,684392.83,0.0,0.0,0.0,0,0.0,0,0.0,The Big -P.01-UP-20-April-26,CON-B04-8TH-1040,10-May-26,0.00%,0.00%,$0.00,$0.00,$0.00,
The Big -P.01-UP-20-April-26,AB-SUB-B04-8TH-1000,1275,1293,1284,The Big -P.01-UP-20-April-26,The Big - P.01 - UP-24-MAY-26.HO.1.S.P01.B04.SUP.8thF,AB-SUB-B04-8TH-1000,Submittal for Col. & Walls Conc. Dim.  & RFT DWGs As-Built Drawing (B04) (8th),9-Feb-27,1-Mar-27,17-Jun-27,7-Jul-27,6-Mar-27,29-Mar-27,1,0.0,0.0,-86.0,Yes,,The Big -P.01-UP-20-April-26,AB-SUB-B04-8TH-1000,Submittal for Col. & Walls Conc. Dim.  & RFT DWGs As-Built Drawing (B04) (8th),17-May-26,0.0,0.0,0.0,0.0,0,0.0,0,0.0,The Big -P.01-UP-20-April-26,AB-SUB-B04-8TH-1000,10-May-26,0.00%,0.00%,$0.00,$0.00,$0.00,
The Big -P.01-UP-20-April-26,AB-SUB-B02-RF-1000,1276,1234,1242,The Big -P.01-UP-20-April-26,The Big - P.01 - UP-24-MAY-26.HO.1.S.P02.B02.SUP.RF,AB-SUB-B02-RF-1000,Submittal for Col. & Walls Conc. Dim.  & RFT DWGs As-Built Drawing (B02) (RF),9-Feb-27,1-Mar-27,23-May-27,12-Jun-27,6-Mar-27,29-Mar-27,1,0.0,0.0,-64.0,Yes,,The Big -P.01-UP-20-April-26,AB-SUB-B02-RF-1000,Submittal for Col. & Walls Conc. Dim.  & RFT DWGs As-Built Drawing (B02) (RF),17-May-26,0.0,0.0,0.0,0.0,0,0.0,0,0.0,The Big -P.01-UP-20-April-26,AB-SUB-B02-RF-1000,10-May-26,0.00%,0.00%,$0.00,$0.00,$0.00,
The Big -P.01-UP-20-April-26,CON-B03-4TH-1080,1277,1243,1251,The Big -P.01-UP-20-April-26,The Big - P.01 - UP-24-MAY-26.CON.P01.B03.SUP.4thF,CON-B03-4TH-1080,Dismantling Formwork (B03) (4th),11-Feb-27,11-Feb-27,1-Jun-27,1-Jun-27,28-Feb-27,28-Feb-27,1,0.0,0.0,-93.0,Yes,,The Big -P.01-UP-20-April-26,CON-B03-4TH-1080,Dismantling Formwork (B03) (4th),17-May-26,0.0,0.0,0.0,0.0,0,0.0,0,0.0,The Big -P.01-UP-20-April-26,CON-B03-4TH-1080,10-May-26,0.00%,0.00%,$0.00,$0.00,$0.00,
The Big -P.01-UP-20-April-26,CON-B04-8TH-1050,1278,1295,1286,The Big -P.01-UP-20-April-26,The Big - P.01 - UP-24-MAY-26.CON.P01.B04.SUP.8thF,CON-B04-8TH-1050,"RFT for Slabs, Beams & Stairs (B04) (8th)",11-Feb-27,17-Feb-27,20-Jun-27,26-Jun-27,11-Feb-27,17-Feb-27,1,0.0,0.0,-107.0,Yes,,The Big -P.01-UP-20-April-26,CON-B04-8TH-1050,"RFT for Slabs, Beams & Stairs (B04) (8th)",17-May-26,1004314.01,0.0,0.0,0.0,0,0.0,0,0.0,The Big -P.01-UP-20-April-26,CON-B04-8TH-1050,10-May-26,0.00%,0.00%,$0.00,$0.00,$0.00,
The Big -P.01-UP-20-April-26,CON-B03-RF-1000,1279,1245,1253,The Big -P.01-UP-20-April-26,The Big - P.01 - UP-24-MAY-26.CON.P01.B03.SUP.RF,CON-B03-RF-1000,"Scaffolding works for Walls, Col. & Cores (B03) (RF)",13-Feb-27,14-Feb-27,2-Jun-27,3-Jun-27,13-Feb-27,14-Feb-27,1,0.0,0.0,-91.0,Yes,,The Big -P.01-UP-20-April-26,CON-B03-RF-1000,"Scaffolding works for Walls, Col. & Cores (B03) (RF)",17-May-26,0.0,0.0,0.0,0.0,0,0.0,0,0.0,The Big -P.01-UP-20-April-26,CON-B03-RF-1000,10-May-26,0.00%,0.00%,$0.00,$0.00,$0.00,
The Big -P.01-UP-20-April-26,CON-B02-RF-1050,1280,1244,1249,The Big -P.01-UP-20-April-26,The Big - P.01 - UP-24-MAY-26.CON.P02.B02.SUP.RF,CON-B02-RF-1050,"RFT for Slabs, Beams  (B02) (RF)",14-Feb-27,17-Feb-27,27-May-27,31-May-27,27-Feb-27,2-Mar-27,1,0.0,0.0,-74.0,Yes,,The Big -P.01-UP-20-April-26,CON-B02-RF-1050,"RFT for Slabs, Beams  (B02) (RF)",17-May-26,135611.77,0.0,0.0,0.0,0,0.0,0,0.0,The Big -P.01-UP-20-April-26,CON-B02-RF-1050,10-May-26,0.00%,0.00%,$0.00,$0.00,$0.00,
The Big -P.01-UP-20-April-26,AB-APP-B03-4TH-1010,1281,1246,1255,The Big -P.01-UP-20-April-26,The Big - P.01 - UP-24-MAY-26.HO.1.A.P01.B03.SUP.4thF,AB-APP-B03-4TH-1010,Approval for Slabs Conc. Dim.  & RFT DWGs As-Built Drawing  (B03) (4th),14-Feb-27,27-Feb-27,3-Jun-27,16-Jun-27,23-Mar-27,5-Apr-27,1,0.0,0.0,-62.0,Yes,,The Big -P.01-UP-20-April-26,AB-APP-B03-4TH-1010,Approval for Slabs Conc. Dim.  & RFT DWGs As-Built Drawing  (B03) (4th),17-May-26,0.0,0.0,0.0,0.0,0,0.0,0,0.0,The Big -P.01-UP-20-April-26,AB-APP-B03-4TH-1010,10-May-26,0.00%,0.00%,$0.00,$0.00,$0.00,
The Big -P.01-UP-20-April-26,AB-APP-B03-4TH-1020,1282,1247,1256,The Big -P.01-UP-20-April-26,The Big - P.01 - UP-24-MAY-26.HO.1.A.P01.B03.SUP.4thF,AB-APP-B03-4TH-1020,Approval for Beams Conc. Dim.  & RFT DWGs As-Built Drawing  (B03) (4th),14-Feb-27,27-Feb-27,3-Jun-27,16-Jun-27,23-Mar-27,5-Apr-27,1,0.0,0.0,-62.0,Yes,,The Big -P.01-UP-20-April-26,AB-APP-B03-4TH-1020,Approval for Beams Conc. Dim.  & RFT DWGs As-Built Drawing  (B03) (4th),17-May-26,0.0,0.0,0.0,0.0,0,0.0,0,0.0,The Big -P.01-UP-20-April-26,AB-APP-B03-4TH-1020,10-May-26,0.00%,0.00%,$0.00,$0.00,$0.00,
The Big -P.01-UP-20-April-26,AB-APP-B03-4TH-1030,1283,1248,1257,The Big -P.01-UP-20-April-26,The Big - P.01 - UP-24-MAY-26.HO.1.A.P01.B03.SUP.4thF,AB-APP-B03-4TH-1030,Approval for Stairs Conc. Dim.  & RFT DWGs As-Built Drawing  (B03) (4th),14-Feb-27,27-Feb-27,3-Jun-27,16-Jun-27,23-Mar-27,5-Apr-27,1,0.0,0.0,-62.0,Yes,,The Big -P.01-UP-20-April-26,AB-APP-B03-4TH-1030,Approval for Stairs Conc. Dim.  & RFT DWGs As-Built Drawing  (B03) (4th),17-May-26,0.0,0.0,0.0,0.0,0,0.0,0,0.0,The Big -P.01-UP-20-April-26,AB-APP-B03-4TH-1030,10-May-26,0.00%,0.00%,$0.00,$0.00,$0.00,
The Big -P.01-UP-20-April-26,CON-B03-RF-1010,1284,1250,1259,The Big -P.01-UP-20-April-26,The Big - P.01 - UP-24-MAY-26.CON.P01.B03.SUP.RF,CON-B03-RF-1010,"RFT for Walls, Col. & Cores (B03) (RF)",15-Feb-27,16-Feb-27,5-Jun-27,6-Jun-27,15-Feb-27,16-Feb-27,1,0.0,0.0,-91.0,Yes,,The Big -P.01-UP-20-April-26,CON-B03-RF-1010,"RFT for Walls, Col. & Cores (B03) (RF)",17-May-26,131645.36,0.0,0.0,0.0,0,0.0,0,0.0,The Big -P.01-UP-20-April-26,CON-B03-RF-1010,10-May-26,0.00%,0.00%,$0.00,$0.00,$0.00,
The Big -P.01-UP-20-April-26,CON-B01-8TH-1060,1285,1318,1319,The Big -P.01-UP-20-April-26,The Big - P.01 - UP-24-MAY-26.CON.P02.B01.SUP.8thF,CON-B01-8TH-1060,"Pouring for Slabs, Beams & Stairs (B01) (8th)",16-Feb-27,17-Feb-27,10-Jul-27,12-Jul-27,16-Feb-27,17-Feb-27,1,0.0,0.0,-120.0,Yes,,The Big -P.01-UP-20-April-26,CON-B01-8TH-1060,"Pouring for Slabs, Beams & Stairs (B01) (8th)",17-May-26,1208962.2,0.0,0.0,0.0,0,0.0,0,0.0,The Big -P.01-UP-20-April-26,CON-B01-8TH-1060,10-May-26,0.00%,0.00%,$0.00,$0.00,$0.00,
The Big -P.01-UP-20-April-26,CON-B03-RF-1020,1286,1252,1263,The Big -P.01-UP-20-April-26,The Big - P.01 - UP-24-MAY-26.CON.P01.B03.SUP.RF,CON-B03-RF-1020,"Shuttering for Walls, Col. & Cores (B03) (RF)",17-Feb-27,18-Feb-27,7-Jun-27,8-Jun-27,17-Feb-27,18-Feb-27,1,0.0,0.0,-91.0,Yes,,The Big -P.01-UP-20-April-26,CON-B03-RF-1020,"Shuttering for Walls, Col. & Cores (B03) (RF)",17-May-26,70928.13,0.0,0.0,0.0,0,0.0,0,0.0,The Big -P.01-UP-20-April-26,CON-B03-RF-1020,10-May-26,0.00%,0.00%,$0.00,$0.00,$0.00,
The Big -P.01-UP-20-April-26,CON-B01-8TH-1070,1287,1321,1323,The Big -P.01-UP-20-April-26,The Big - P.01 - UP-24-MAY-26.CON.P02.B01.SUP.8thF,CON-B01-8TH-1070,"Curing for Slabs, Beams & Stairs (B01) (8th)",18-Feb-27,20-Feb-27,12-Jul-27,15-Jul-27,18-Feb-27,20-Feb-27,1,0.0,0.0,-144.0,Yes,,The Big -P.01-UP-20-April-26,CON-B01-8TH-1070,"Curing for Slabs, Beams & Stairs (B01) (8th)",17-May-26,0.0,0.0,0.0,0.0,0,0.0,0,0.0,The Big -P.01-UP-20-April-26,CON-B01-8TH-1070,10-May-26,0.00%,0.00%,$0.00,$0.00,$0.00,
The Big -P.01-UP-20-April-26,CON-B02-RF-1060,1288,1251,1258,The Big -P.01-UP-20-April-26,The Big - P.01 - UP-24-MAY-26.CON.P02.B02.SUP.RF,CON-B02-RF-1060,"Pouring for Slabs, Beams  (B02) (RF)",18-Feb-27,20-Feb-27,1-Jun-27,2-Jun-27,3-Mar-27,4-Mar-27,1,0.0,0.0,-74.0,Yes,,The Big -P.01-UP-20-April-26,CON-B02-RF-1060,"Pouring for Slabs, Beams  (B02) (RF)",17-May-26,68330.0,0.0,0.0,0.0,0,0.0,0,0.0,The Big -P.01-UP-20-April-26,CON-B02-RF-1060,10-May-26,0.00%,0.00%,$0.00,$0.00,$0.00,
The Big -P.01-UP-20-April-26,CON-B04-8TH-1060,1289,1306,1298,The Big -P.01-UP-20-April-26,The Big - P.01 - UP-24-MAY-26.CON.P01.B04.SUP.8thF,CON-B04-8TH-1060,"Pouring for Slabs, Beams & Stairs (B04) (8th)",18-Feb-27,18-Feb-27,27-Jun-27,27-Jun-27,18-Feb-27,18-Feb-27,1,0.0,0.0,-107.0,Yes,,The Big -P.01-UP-20-April-26,CON-B04-8TH-1060,"Pouring for Slabs, Beams & Stairs (B04) (8th)",17-May-26,1026589.25,0.0,0.0,0.0,0,0.0,0,0.0,The Big -P.01-UP-20-April-26,CON-B04-8TH-1060,10-May-26,0.00%,0.00%,$0.00,$0.00,$0.00,
The Big -P.01-UP-20-April-26,AB-SUB-B01-8TH-1010,1290,1322,1325,The Big -P.01-UP-20-April-26,The Big - P.01 - UP-24-MAY-26.HO.1.S.P02.B01.SUP.8thF,AB-SUB-B01-8TH-1010,Submittal for Slabs Conc. Dim.  & RFT DWGs As-Built Drawing (B01) (8th),18-Feb-27,14-Mar-27,12-Jul-27,2-Aug-27,6-Mar-27,29-Mar-27,1,0.0,0.0,-107.0,Yes,,The Big -P.01-UP-20-April-26,AB-SUB-B01-8TH-1010,Submittal for Slabs Conc. Dim.  & RFT DWGs As-Built Drawing (B01) (8th),17-May-26,0.0,0.0,0.0,0.0,0,0.0,0,0.0,The Big -P.01-UP-20-April-26,AB-SUB-B01-8TH-1010,10-May-26,0.00%,0.00%,$0.00,$0.00,$0.00,
The Big -P.01-UP-20-April-26,AB-SUB-B01-8TH-1020,1291,1323,1326,The Big -P.01-UP-20-April-26,The Big - P.01 - UP-24-MAY-26.HO.1.S.P02.B01.SUP.8thF,AB-SUB-B01-8TH-1020,Submittal for Beams Conc. Dim.  & RFT DWGs As-Built Drawing (B01) (8th),18-Feb-27,14-Mar-27,12-Jul-27,2-Aug-27,6-Mar-27,29-Mar-27,1,0.0,0.0,-107.0,Yes,,The Big -P.01-UP-20-April-26,AB-SUB-B01-8TH-1020,Submittal for Beams Conc. Dim.  & RFT DWGs As-Built Drawing (B01) (8th),17-May-26,0.0,0.0,0.0,0.0,0,0.0,0,0.0,The Big -P.01-UP-20-April-26,AB-SUB-B01-8TH-1020,10-May-26,0.00%,0.00%,$0.00,$0.00,$0.00,
The Big -P.01-UP-20-April-26,AB-SUB-B01-8TH-1030,1292,1324,1327,The Big -P.01-UP-20-April-26,The Big - P.01 - UP-24-MAY-26.HO.1.S.P02.B01.SUP.8thF,AB-SUB-B01-8TH-1030,Submittal for Stairs Conc. Dim.  & RFT DWGs As-Built Drawing (B01) (8th),18-Feb-27,14-Mar-27,12-Jul-27,2-Aug-27,6-Mar-27,29-Mar-27,1,0.0,0.0,-107.0,Yes,,The Big -P.01-UP-20-April-26,AB-SUB-B01-8TH-1030,Submittal for Stairs Conc. Dim.  & RFT DWGs As-Built Drawing (B01) (8th),17-May-26,0.0,0.0,0.0,0.0,0,0.0,0,0.0,The Big -P.01-UP-20-April-26,AB-SUB-B01-8TH-1030,10-May-26,0.00%,0.00%,$0.00,$0.00,$0.00,
The Big -P.01-UP-20-April-26,AB-APP-B01-8TH-1000,1293,1325,1328,The Big -P.01-UP-20-April-26,The Big - P.01 - UP-24-MAY-26.HO.1.A.P02.B01.SUP.8thF,AB-APP-B01-8TH-1000,Approval for Col. & Walls Conc. Dim.  & RFT DWGs As-Built Drawing (B01) (8th),18-Feb-27,3-Mar-27,12-Jul-27,26-Jul-27,23-Mar-27,5-Apr-27,1,0.0,0.0,-95.0,Yes,,The Big -P.01-UP-20-April-26,AB-APP-B01-8TH-1000,Approval for Col. & Walls Conc. Dim.  & RFT DWGs As-Built Drawing (B01) (8th),17-May-26,0.0,0.0,0.0,0.0,0,0.0,0,0.0,The Big -P.01-UP-20-April-26,AB-APP-B01-8TH-1000,10-May-26,0.00%,0.00%,$0.00,$0.00,$0.00,
The Big -P.01-UP-20-April-26,CON-B04-8TH-1070,1294,1307,1303,The Big -P.01-UP-20-April-26,The Big - P.01 - UP-24-MAY-26.CON.P01.B04.SUP.8thF,CON-B04-8TH-1070,"Curing for Slabs, Beams & Stairs (B04) (8th)",19-Feb-27,21-Feb-27,28-Jun-27,30-Jun-27,20-Feb-27,22-Feb-27,1,0.0,0.0,-128.0,Yes,,The Big -P.01-UP-20-April-26,CON-B04-8TH-1070,"Curing for Slabs, Beams & Stairs (B04) (8th)",17-May-26,0.0,0.0,0.0,0.0,0,0.0,0,0.0,The Big -P.01-UP-20-April-26,CON-B04-8TH-1070,10-May-26,0.00%,0.00%,$0.00,$0.00,$0.00,
The Big -P.01-UP-20-April-26,CON-B03-RF-1030,1295,1256,1269,The Big -P.01-UP-20-April-26,The Big - P.01 - UP-24-MAY-26.CON.P01.B03.SUP.RF,CON-B03-RF-1030,"Pouring for Walls, Col. & Cores (B03) (RF)",20-Feb-27,21-Feb-27,9-Jun-27,10-Jun-27,20-Feb-27,21-Feb-27,1,0.0,0.0,-91.0,Yes,,The Big -P.01-UP-20-April-26,CON-B03-RF-1030,"Pouring for Walls, Col. & Cores (B03) (RF)",17-May-26,106392.2,0.0,0.0,0.0,0,0.0,0,0.0,The Big -P.01-UP-20-April-26,CON-B03-RF-1030,10-May-26,0.00%,0.00%,$0.00,$0.00,$0.00,
The Big -P.01-UP-20-April-26,AB-SUB-B04-8TH-1010,1296,1308,1304,The Big -P.01-UP-20-April-26,The Big - P.01 - UP-24-MAY-26.HO.1.S.P01.B04.SUP.8thF,AB-SUB-B04-8TH-1010,Submittal for Slabs Conc. Dim.  & RFT DWGs As-Built Drawing (B04) (8th),20-Feb-27,15-Mar-27,28-Jun-27,18-Jul-27,6-Mar-27,29-Mar-27,1,0.0,0.0,-95.0,Yes,,The Big -P.01-UP-20-April-26,AB-SUB-B04-8TH-1010,Submittal for Slabs Conc. Dim.  & RFT DWGs As-Built Drawing (B04) (8th),17-May-26,0.0,0.0,0.0,0.0,0,0.0,0,0.0,The Big -P.01-UP-20-April-26,AB-SUB-B04-8TH-1010,10-May-26,0.00%,0.00%,$0.00,$0.00,$0.00,
The Big -P.01-UP-20-April-26,AB-SUB-B04-8TH-1020,1297,1309,1305,The Big -P.01-UP-20-April-26,The Big - P.01 - UP-24-MAY-26.HO.1.S.P01.B04.SUP.8thF,AB-SUB-B04-8TH-1020,Submittal for Beams Conc. Dim.  & RFT DWGs As-Built Drawing (B04) (8th),20-Feb-27,15-Mar-27,28-Jun-27,18-Jul-27,6-Mar-27,29-Mar-27,1,0.0,0.0,-95.0,Yes,,The Big -P.01-UP-20-April-26,AB-SUB-B04-8TH-1020,Submittal for Beams Conc. Dim.  & RFT DWGs As-Built Drawing (B04) (8th),17-May-26,0.0,0.0,0.0,0.0,0,0.0,0,0.0,The Big -P.01-UP-20-April-26,AB-SUB-B04-8TH-1020,10-May-26,0.00%,0.00%,$0.00,$0.00,$0.00,
The Big -P.01-UP-20-April-26,AB-SUB-B04-8TH-1030,1298,1310,1306,The Big -P.01-UP-20-April-26,The Big - P.01 - UP-24-MAY-26.HO.1.S.P01.B04.SUP.8thF,AB-SUB-B04-8TH-1030,Submittal for Stairs Conc. Dim.  & RFT DWGs As-Built Drawing (B04) (8th),20-Feb-27,15-Mar-27,28-Jun-27,18-Jul-27,6-Mar-27,29-Mar-27,1,0.0,0.0,-95.0,Yes,,The Big -P.01-UP-20-April-26,AB-SUB-B04-8TH-1030,Submittal for Stairs Conc. Dim.  & RFT DWGs As-Built Drawing (B04) (8th),17-May-26,0.0,0.0,0.0,0.0,0,0.0,0,0.0,The Big -P.01-UP-20-April-26,AB-SUB-B04-8TH-1030,10-May-26,0.00%,0.00%,$0.00,$0.00,$0.00,
The Big -P.01-UP-20-April-26,CON-B01-9TH-1000,1299,1328,1335,The Big -P.01-UP-20-April-26,The Big - P.01 - UP-24-MAY-26.CON.P02.B01.SUP.RF,CON-B01-9TH-1000,"Scaffolding works for Walls, Col. & Cores (B01) (RF)",21-Feb-27,21-Feb-27,15-Jul-27,17-Jul-27,22-Feb-27,22-Feb-27,1,0.0,0.0,-120.0,Yes,,The Big -P.01-UP-20-April-26,CON-B01-9TH-1000,"Scaffolding works for Walls, Col. & Cores (B01) (RF)",17-May-26,0.0,0.0,0.0,0.0,0,0.0,0,0.0,The Big -P.01-UP-20-April-26,CON-B01-9TH-1000,10-May-26,0.00%,0.00%,$0.00,$0.00,$0.00,
The Big -P.01-UP-20-April-26,CON-B02-RF-1070,1300,1254,1262,The Big -P.01-UP-20-April-26,The Big - P.01 - UP-24-MAY-26.CON.P02.B02.SUP.RF,CON-B02-RF-1070,"Curing for Slabs, Beams  (B02) (RF)",21-Feb-27,25-Feb-27,3-Jun-27,7-Jun-27,22-Mar-27,26-Mar-27,1,0.0,0.0,-73.0,Yes,,The Big -P.01-UP-20-April-26,CON-B02-RF-1070,"Curing for Slabs, Beams  (B02) (RF)",17-May-26,0.0,0.0,0.0,0.0,0,0.0,0,0.0,The Big -P.01-UP-20-April-26,CON-B02-RF-1070,10-May-26,0.00%,0.00%,$0.00,$0.00,$0.00,
The Big -P.01-UP-20-April-26,AB-SUB-B02-RF-1010,1301,1260,1264,The Big -P.01-UP-20-April-26,The Big - P.01 - UP-24-MAY-26.HO.1.S.P02.B02.SUP.RF,AB-SUB-B02-RF-1010,Submittal for Slabs Conc. Dim.  & RFT DWGs As-Built Drawing (B02) (RF),21-Feb-27,16-Mar-27,3-Jun-27,23-Jun-27,6-Mar-27,29-Mar-27,1,0.0,0.0,-74.0,Yes,,The Big -P.01-UP-20-April-26,AB-SUB-B02-RF-1010,Submittal for Slabs Conc. Dim.  & RFT DWGs As-Built Drawing (B02) (RF),17-May-26,0.0,0.0,0.0,0.0,0,0.0,0,0.0,The Big -P.01-UP-20-April-26,AB-SUB-B02-RF-1010,10-May-26,0.00%,0.00%,$0.00,$0.00,$0.00,
The Big -P.01-UP-20-April-26,AB-SUB-B02-RF-1020,1302,1261,1265,The Big -P.01-UP-20-April-26,The Big - P.01 - UP-24-MAY-26.HO.1.S.P02.B02.SUP.RF,AB-SUB-B02-RF-1020,Submittal for Beams Conc. Dim.  & RFT DWGs As-Built Drawing (B02) (RF),21-Feb-27,16-Mar-27,3-Jun-27,23-Jun-27,6-Mar-27,29-Mar-27,1,0.0,0.0,-74.0,Yes,,The Big -P.01-UP-20-April-26,AB-SUB-B02-RF-1020,Submittal for Beams Conc. Dim.  & RFT DWGs As-Built Drawing (B02) (RF),17-May-26,0.0,0.0,0.0,0.0,0,0.0,0,0.0,The Big -P.01-UP-20-April-26,AB-SUB-B02-RF-1020,10-May-26,0.00%,0.00%,$0.00,$0.00,$0.00,
The Big -P.01-UP-20-April-26,CON-B01-9TH-1010,1303,1330,1336,The Big -P.01-UP-20-April-26,The Big - P.01 - UP-24-MAY-26.CON.P02.B01.SUP.RF,CON-B01-9TH-1010,"RFT for Walls, Col. & Cores (B01) (RF)",22-Feb-27,23-Feb-27,17-Jul-27,19-Jul-27,23-Feb-27,24-Feb-27,1,0.0,0.0,-120.0,Yes,,The Big -P.01-UP-20-April-26,CON-B01-9TH-1010,"RFT for Walls, Col. & Cores (B01) (RF)",17-May-26,159193.84,0.0,0.0,0.0,0,0.0,0,0.0,The Big -P.01-UP-20-April-26,CON-B01-9TH-1010,10-May-26,0.00%,0.00%,$0.00,$0.00,$0.00,
The Big -P.01-UP-20-April-26,CON-B04-RF-1000,1304,1313,1309,The Big -P.01-UP-20-April-26,The Big - P.01 - UP-24-MAY-26.CON.P01.B04.SUP.RF,CON-B04-RF-1000,"Scaffolding works for Walls, Col. & Cores (B04) (RF)",22-Feb-27,22-Feb-27,1-Jul-27,1-Jul-27,23-Feb-27,23-Feb-27,1,0.0,0.0,-107.0,Yes,,The Big -P.01-UP-20-April-26,CON-B04-RF-1000,"Scaffolding works for Walls, Col. & Cores (B04) (RF)",17-May-26,0.0,0.0,0.0,0.0,0,0.0,0,0.0,The Big -P.01-UP-20-April-26,CON-B04-RF-1000,10-May-26,0.00%,0.00%,$0.00,$0.00,$0.00,
The Big -P.01-UP-20-April-26,CON-B03-RF-1040,1305,1264,1276,The Big -P.01-UP-20-April-26,The Big - P.01 - UP-24-MAY-26.CON.P01.B03.SUP.RF,CON-B03-RF-1040,"Shuttering for Slabs, Beams  (B03) (RF)",22-Feb-27,24-Feb-27,12-Jun-27,14-Jun-27,22-Feb-27,24-Feb-27,1,0.0,0.0,-91.0,Yes,,The Big -P.01-UP-20-April-26,CON-B03-RF-1040,"Shuttering for Slabs, Beams  (B03) (RF)",17-May-26,105708.2,0.0,0.0,0.0,0,0.0,0,0.0,The Big -P.01-UP-20-April-26,CON-B03-RF-1040,10-May-26,0.00%,0.00%,$0.00,$0.00,$0.00,
The Big -P.01-UP-20-April-26,AB-SUB-B03-RF-1000,1306,1265,1277,The Big -P.01-UP-20-April-26,The Big - P.01 - UP-24-MAY-26.HO.1.S.P01.B03.SUP.RF,AB-SUB-B03-RF-1000,Submittal for Col. & Walls Conc. Dim.  & RFT DWGs As-Built Drawing (B03) (RF),22-Feb-27,17-Mar-27,12-Jun-27,1-Jul-27,6-Mar-27,29-Mar-27,1,0.0,0.0,-81.0,Yes,,The Big -P.01-UP-20-April-26,AB-SUB-B03-RF-1000,Submittal for Col. & Walls Conc. Dim.  & RFT DWGs As-Built Drawing (B03) (RF),17-May-26,0.0,0.0,0.0,0.0,0,0.0,0,0.0,The Big -P.01-UP-20-April-26,AB-SUB-B03-RF-1000,10-May-26,0.00%,0.00%,$0.00,$0.00,$0.00,
The Big -P.01-UP-20-April-26,CON-B04-RF-1010,1307,1315,1310,The Big -P.01-UP-20-April-26,The Big - P.01 - UP-24-MAY-26.CON.P01.B04.SUP.RF,CON-B04-RF-1010,"RFT for Walls, Col. & Cores (B04) (RF)",23-Feb-27,23-Feb-27,3-Jul-27,3-Jul-27,24-Feb-27,24-Feb-27,1,0.0,0.0,-107.0,Yes,,The Big -P.01-UP-20-April-26,CON-B04-RF-1010,"RFT for Walls, Col. & Cores (B04) (RF)",17-May-26,160083.42,0.0,0.0,0.0,0,0.0,0,0.0,The Big -P.01-UP-20-April-26,CON-B04-RF-1010,10-May-26,0.00%,0.00%,$0.00,$0.00,$0.00,
The Big -P.01-UP-20-April-26,AB-APP-B02-RF-1000,1308,1266,1273,The Big -P.01-UP-20-April-26,The Big - P.01 - UP-24-MAY-26.HO.1.A.P02.B02.SUP.RF,AB-APP-B02-RF-1000,Approval for Col. & Walls Conc. Dim.  & RFT DWGs As-Built Drawing (B02) (RF),23-Feb-27,8-Mar-27,6-Jun-27,19-Jun-27,23-Mar-27,5-Apr-27,1,0.0,0.0,-64.0,Yes,,The Big -P.01-UP-20-April-26,AB-APP-B02-RF-1000,Approval for Col. & Walls Conc. Dim.  & RFT DWGs As-Built Drawing (B02) (RF),17-May-26,0.0,0.0,0.0,0.0,0,0.0,0,0.0,The Big -P.01-UP-20-April-26,AB-APP-B02-RF-1000,10-May-26,0.00%,0.00%,$0.00,$0.00,$0.00,
The Big -P.01-UP-20-April-26,AB-APP-B04-8TH-1000,1309,1314,1311,The Big -P.01-UP-20-April-26,The Big - P.01 - UP-24-MAY-26.HO.1.A.P01.B04.SUP.8thF,AB-APP-B04-8TH-1000,Approval for Col. & Walls Conc. Dim.  & RFT DWGs As-Built Drawing (B04) (8th),23-Feb-27,8-Mar-27,1-Jul-27,14-Jul-27,23-Mar-27,5-Apr-27,1,0.0,0.0,-86.0,Yes,,The Big -P.01-UP-20-April-26,AB-APP-B04-8TH-1000,Approval for Col. & Walls Conc. Dim.  & RFT DWGs As-Built Drawing (B04) (8th),17-May-26,0.0,0.0,0.0,0.0,0,0.0,0,0.0,The Big -P.01-UP-20-April-26,AB-APP-B04-8TH-1000,10-May-26,0.00%,0.00%,$0.00,$0.00,$0.00,
The Big -P.01-UP-20-April-26,CON-B01-9TH-1020,1310,1337,1337,The Big -P.01-UP-20-April-26,The Big - P.01 - UP-24-MAY-26.CON.P02.B01.SUP.RF,CON-B01-9TH-1020,"Shuttering for Walls, Col. & Cores (B01) (RF)",24-Feb-27,24-Feb-27,19-Jul-27,20-Jul-27,25-Feb-27,25-Feb-27,1,0.0,0.0,-120.0,Yes,,The Big -P.01-UP-20-April-26,CON-B01-9TH-1020,"Shuttering for Walls, Col. & Cores (B01) (RF)",17-May-26,82823.46,0.0,0.0,0.0,0,0.0,0,0.0,The Big -P.01-UP-20-April-26,CON-B01-9TH-1020,10-May-26,0.00%,0.00%,$0.00,$0.00,$0.00,
The Big -P.01-UP-20-April-26,CON-B04-RF-1020,1311,1316,1312,The Big -P.01-UP-20-April-26,The Big - P.01 - UP-24-MAY-26.CON.P01.B04.SUP.RF,CON-B04-RF-1020,"Shuttering for Walls, Col. & Cores (B04) (RF)",24-Feb-27,24-Feb-27,4-Jul-27,4-Jul-27,25-Feb-27,25-Feb-27,1,0.0,0.0,-107.0,Yes,,The Big -P.01-UP-20-April-26,CON-B04-RF-1020,"Shuttering for Walls, Col. & Cores (B04) (RF)",17-May-26,90857.25,0.0,0.0,0.0,0,0.0,0,0.0,The Big -P.01-UP-20-April-26,CON-B04-RF-1020,10-May-26,0.00%,0.00%,$0.00,$0.00,$0.00,
The Big -P.01-UP-20-April-26,CON-B01-9TH-1030,1312,1338,1338,The Big -P.01-UP-20-April-26,The Big - P.01 - UP-24-MAY-26.CON.P02.B01.SUP.RF,CON-B01-9TH-1030,"Pouring for Walls, Col. & Cores (B01) (RF)",25-Feb-27,25-Feb-27,20-Jul-27,21-Jul-27,27-Feb-27,27-Feb-27,1,0.0,0.0,-120.0,Yes,,The Big -P.01-UP-20-April-26,CON-B01-9TH-1030,"Pouring for Walls, Col. & Cores (B01) (RF)",17-May-26,124235.19,0.0,0.0,0.0,0,0.0,0,0.0,The Big -P.01-UP-20-April-26,CON-B01-9TH-1030,10-May-26,0.00%,0.00%,$0.00,$0.00,$0.00,
The Big -P.01-UP-20-April-26,CON-B04-RF-1030,1313,1317,1313,The Big -P.01-UP-20-April-26,The Big - P.01 - UP-24-MAY-26.CON.P01.B04.SUP.RF,CON-B04-RF-1030,"Pouring for Walls, Col. & Cores (B04) (RF)",25-Feb-27,25-Feb-27,5-Jul-27,5-Jul-27,27-Feb-27,27-Feb-27,1,0.0,0.0,-107.0,Yes,,The Big -P.01-UP-20-April-26,CON-B04-RF-1030,"Pouring for Walls, Col. & Cores (B04) (RF)",17-May-26,136285.88,0.0,0.0,0.0,0,0.0,0,0.0,The Big -P.01-UP-20-April-26,CON-B04-RF-1030,10-May-26,0.00%,0.00%,$0.00,$0.00,$0.00,
The Big -P.01-UP-20-April-26,CON-B03-RF-1050,1314,1270,1285,The Big -P.01-UP-20-April-26,The Big - P.01 - UP-24-MAY-26.CON.P01.B03.SUP.RF,CON-B03-RF-1050,"RFT for Slabs, Beams  (B03) (RF)",25-Feb-27,28-Feb-27,15-Jun-27,17-Jun-27,25-Feb-27,28-Feb-27,1,0.0,0.0,-91.0,Yes,,The Big -P.01-UP-20-April-26,CON-B03-RF-1050,"RFT for Slabs, Beams  (B03) (RF)",17-May-26,143819.76,0.0,0.0,0.0,0,0.0,0,0.0,The Big -P.01-UP-20-April-26,CON-B03-RF-1050,10-May-26,0.00%,0.00%,$0.00,$0.00,$0.00,
The Big -P.01-UP-20-April-26,CON-B01-9TH-1040,1315,1339,1340,The Big -P.01-UP-20-April-26,The Big - P.01 - UP-24-MAY-26.CON.P02.B01.SUP.RF,CON-B01-9TH-1040,"Shuttering for Slabs, Beams  (B01) (RF)",27-Feb-27,28-Feb-27,21-Jul-27,24-Jul-27,28-Feb-27,1-Mar-27,1,0.0,0.0,-120.0,Yes,,The Big -P.01-UP-20-April-26,CON-B01-9TH-1040,"Shuttering for Slabs, Beams  (B01) (RF)",17-May-26,79206.41,0.0,0.0,0.0,0,0.0,0,0.0,The Big -P.01-UP-20-April-26,CON-B01-9TH-1040,10-May-26,0.00%,0.00%,$0.00,$0.00,$0.00,
The Big -P.01-UP-20-April-26,CON-B04-RF-1040,1316,1319,1314,The Big -P.01-UP-20-April-26,The Big - P.01 - UP-24-MAY-26.CON.P01.B04.SUP.RF,CON-B04-RF-1040,"Shuttering for Slabs, Beams (B04) (RF)",27-Feb-27,28-Feb-27,6-Jul-27,7-Jul-27,28-Feb-27,1-Mar-27,1,0.0,0.0,-107.0,Yes,,The Big -P.01-UP-20-April-26,CON-B04-RF-1040,"Shuttering for Slabs, Beams (B04) (RF)",17-May-26,74908.04,0.0,0.0,0.0,0,0.0,0,0.0,The Big -P.01-UP-20-April-26,CON-B04-RF-1040,10-May-26,0.00%,0.00%,$0.00,$0.00,$0.00,
The Big -P.01-UP-20-April-26,AB-SUB-B04-RF-1000,1317,1320,1316,The Big -P.01-UP-20-April-26,The Big - P.01 - UP-24-MAY-26.HO.1.S.P01.B04.SUP.RF,AB-SUB-B04-RF-1000,Submittal for Col. & Walls Conc. Dim.  & RFT DWGs As-Built Drawing (B04) (RF),27-Feb-27,7-Mar-27,6-Jul-27,14-Jul-27,6-Mar-27,17-Mar-27,1,0.0,0.0,-102.0,Yes,,The Big -P.01-UP-20-April-26,AB-SUB-B04-RF-1000,Submittal for Col. & Walls Conc. Dim.  & RFT DWGs As-Built Drawing (B04) (RF),17-May-26,0.0,0.0,0.0,0.0,0,0.0,0,0.0,The Big -P.01-UP-20-April-26,AB-SUB-B04-RF-1000,10-May-26,0.00%,0.00%,$0.00,$0.00,$0.00,
The Big -P.01-UP-20-April-26,AB-SUB-B01-RF-1000,1318,1340,1342,The Big -P.01-UP-20-April-26,The Big - P.01 - UP-24-MAY-26.HO.1.S.P02.B01.SUP.RF,AB-SUB-B01-RF-1000,Submittal for Col. & Walls Conc. Dim.  & RFT DWGs As-Built Drawing (B01) (RF),27-Feb-27,22-Mar-27,21-Jul-27,11-Aug-27,6-Mar-27,29-Mar-27,1,0.0,0.0,-115.0,Yes,,The Big -P.01-UP-20-April-26,AB-SUB-B01-RF-1000,Submittal for Col. & Walls Conc. Dim.  & RFT DWGs As-Built Drawing (B01) (RF),17-May-26,0.0,0.0,0.0,0.0,0,0.0,0,0.0,The Big -P.01-UP-20-April-26,AB-SUB-B01-RF-1000,10-May-26,0.00%,0.00%,$0.00,$0.00,$0.00,
The Big -P.01-UP-20-April-26,CON-B01-9TH-1050,1319,1341,1343,The Big -P.01-UP-20-April-26,The Big - P.01 - UP-24-MAY-26.CON.P02.B01.SUP.RF,CON-B01-9TH-1050,"RFT for Slabs, Beams  (B01) (RF)",28-Feb-27,2-Mar-27,22-Jul-27,26-Jul-27,1-Mar-27,3-Mar-27,1,0.0,0.0,-120.0,Yes,,The Big -P.01-UP-20-April-26,CON-B01-9TH-1050,"RFT for Slabs, Beams  (B01) (RF)",17-May-26,151645.08,0.0,0.0,0.0,0,0.0,0,0.0,The Big -P.01-UP-20-April-26,CON-B01-9TH-1050,10-May-26,0.00%,0.00%,$0.00,$0.00,$0.00,
The Big -P.01-UP-20-April-26,CON-B04-RF-1050,1320,1326,1318,The Big -P.01-UP-20-April-26,The Big - P.01 - UP-24-MAY-26.CON.P01.B04.SUP.RF,CON-B04-RF-1050,"RFT for Slabs, Beams  (B04) (RF)",1-Mar-27,2-Mar-27,8-Jul-27,10-Jul-27,2-Mar-27,3-Mar-27,1,0.0,0.0,-107.0,Yes,,The Big -P.01-UP-20-April-26,CON-B04-RF-1050,"RFT for Slabs, Beams  (B04) (RF)",17-May-26,157798.92,0.0,0.0,0.0,0,0.0,0,0.0,The Big -P.01-UP-20-April-26,CON-B04-RF-1050,10-May-26,0.00%,0.00%,$0.00,$0.00,$0.00,
The Big -P.01-UP-20-April-26,CON-B03-RF-1060,1321,1277,1288,The Big -P.01-UP-20-April-26,The Big - P.01 - UP-24-MAY-26.CON.P01.B03.SUP.RF,CON-B03-RF-1060,"Pouring for Slabs, Beams  (B03) (RF)",1-Mar-27,2-Mar-27,19-Jun-27,20-Jun-27,1-Mar-27,2-Mar-27,1,0.0,0.0,-91.0,Yes,,The Big -P.01-UP-20-April-26,CON-B03-RF-1060,"Pouring for Slabs, Beams  (B03) (RF)",17-May-26,70472.14,0.0,0.0,0.0,0,0.0,0,0.0,The Big -P.01-UP-20-April-26,CON-B03-RF-1060,10-May-26,0.00%,0.00%,$0.00,$0.00,$0.00,
The Big -P.01-UP-20-April-26,CON-B01-8TH-1080,1322,1344,1344,The Big -P.01-UP-20-April-26,The Big - P.01 - UP-24-MAY-26.CON.P02.B01.SUP.8thF,CON-B01-8TH-1080,Dismantling Formwork (B01) (8th),3-Mar-27,3-Mar-27,25-Jul-27,26-Jul-27,3-Mar-27,3-Mar-27,1,0.0,0.0,-144.0,Yes,,The Big -P.01-UP-20-April-26,CON-B01-8TH-1080,Dismantling Formwork (B01) (8th),17-May-26,0.0,0.0,0.0,0.0,0,0.0,0,0.0,The Big -P.01-UP-20-April-26,CON-B01-8TH-1080,10-May-26,0.00%,0.00%,$0.00,$0.00,$0.00,
The Big -P.01-UP-20-April-26,CON-B04-8TH-1080,1323,1327,1322,The Big -P.01-UP-20-April-26,The Big - P.01 - UP-24-MAY-26.CON.P01.B04.SUP.8thF,CON-B04-8TH-1080,Dismantling Formwork (B04) (8th),3-Mar-27,3-Mar-27,9-Jul-27,9-Jul-27,3-Mar-27,3-Mar-27,1,0.0,0.0,-128.0,Yes,,The Big -P.01-UP-20-April-26,CON-B04-8TH-1080,Dismantling Formwork (B04) (8th),17-May-26,0.0,0.0,0.0,0.0,0,0.0,0,0.0,The Big -P.01-UP-20-April-26,CON-B04-8TH-1080,10-May-26,0.00%,0.00%,$0.00,$0.00,$0.00,
The Big -P.01-UP-20-April-26,CON-B03-RF-1070,1324,1281,1291,The Big -P.01-UP-20-April-26,The Big - P.01 - UP-24-MAY-26.CON.P01.B03.SUP.RF,CON-B03-RF-1070,"Curing for Slabs, Beams  (B03) (RF)",3-Mar-27,7-Mar-27,21-Jun-27,25-Jun-27,17-Mar-27,21-Mar-27,1,0.0,0.0,-96.0,Yes,,The Big -P.01-UP-20-April-26,CON-B03-RF-1070,"Curing for Slabs, Beams  (B03) (RF)",17-May-26,0.0,0.0,0.0,0.0,0,0.0,0,0.0,The Big -P.01-UP-20-April-26,CON-B03-RF-1070,10-May-26,0.00%,0.00%,$0.00,$0.00,$0.00,
The Big -P.01-UP-20-April-26,AB-SUB-B03-RF-1010,1325,1282,1292,The Big -P.01-UP-20-April-26,The Big - P.01 - UP-24-MAY-26.HO.1.S.P01.B03.SUP.RF,AB-SUB-B03-RF-1010,Submittal for Slabs Conc. Dim.  & RFT DWGs As-Built Drawing (B03) (RF),3-Mar-27,27-Mar-27,21-Jun-27,11-Jul-27,3-Mar-27,27-Mar-27,1,0.0,0.0,-91.0,Yes,,The Big -P.01-UP-20-April-26,AB-SUB-B03-RF-1010,Submittal for Slabs Conc. Dim.  & RFT DWGs As-Built Drawing (B03) (RF),17-May-26,0.0,0.0,0.0,0.0,0,0.0,0,0.0,The Big -P.01-UP-20-April-26,AB-SUB-B03-RF-1010,10-May-26,0.00%,0.00%,$0.00,$0.00,$0.00,
The Big -P.01-UP-20-April-26,AB-SUB-B03-RF-1020,1326,1283,1293,The Big -P.01-UP-20-April-26,The Big - P.01 - UP-24-MAY-26.HO.1.S.P01.B03.SUP.RF,AB-SUB-B03-RF-1020,Submittal for Beams Conc. Dim.  & RFT DWGs As-Built Drawing (B03) (RF),3-Mar-27,27-Mar-27,21-Jun-27,11-Jul-27,3-Mar-27,27-Mar-27,1,0.0,0.0,-91.0,Yes,,The Big -P.01-UP-20-April-26,AB-SUB-B03-RF-1020,Submittal for Beams Conc. Dim.  & RFT DWGs As-Built Drawing (B03) (RF),17-May-26,0.0,0.0,0.0,0.0,0,0.0,0,0.0,The Big -P.01-UP-20-April-26,AB-SUB-B03-RF-1020,10-May-26,0.00%,0.00%,$0.00,$0.00,$0.00,
The Big -P.01-UP-20-April-26,CON-B01-9TH-1060,1327,1345,1345,The Big -P.01-UP-20-April-26,The Big - P.01 - UP-24-MAY-26.CON.P02.B01.SUP.RF,CON-B01-9TH-1060,"Pouring for Slabs, Beams  (B01) (RF)",4-Mar-27,4-Mar-27,26-Jul-27,27-Jul-27,4-Mar-27,4-Mar-27,1,0.0,0.0,-120.0,Yes,,The Big -P.01-UP-20-April-26,CON-B01-9TH-1060,"Pouring for Slabs, Beams  (B01) (RF)",17-May-26,118809.61,0.0,0.0,0.0,0,0.0,0,0.0,The Big -P.01-UP-20-April-26,CON-B01-9TH-1060,10-May-26,0.00%,0.00%,$0.00,$0.00,$0.00,
The Big -P.01-UP-20-April-26,CON-B02-RF-1080,1328,1279,1287,The Big -P.01-UP-20-April-26,The Big - P.01 - UP-24-MAY-26.CON.P02.B02.SUP.RF,CON-B02-RF-1080,Dismantling Formwork (B02) (RF),4-Mar-27,4-Mar-27,15-Jun-27,15-Jun-27,27-Mar-27,27-Mar-27,1,0.0,0.0,-80.0,Yes,,The Big -P.01-UP-20-April-26,CON-B02-RF-1080,Dismantling Formwork (B02) (RF),17-May-26,0.0,0.0,0.0,0.0,0,0.0,0,0.0,The Big -P.01-UP-20-April-26,CON-B02-RF-1080,10-May-26,0.00%,0.00%,$0.00,$0.00,$0.00,
The Big -P.01-UP-20-April-26,CON-B04-RF-1060,1329,1329,1324,The Big -P.01-UP-20-April-26,The Big - P.01 - UP-24-MAY-26.CON.P01.B04.SUP.RF,CON-B04-RF-1060,"Pouring for Slabs, Beams  (B04) (RF)",4-Mar-27,4-Mar-27,11-Jul-27,11-Jul-27,4-Mar-27,4-Mar-27,1,0.0,0.0,-107.0,Yes,,The Big -P.01-UP-20-April-26,CON-B04-RF-1060,"Pouring for Slabs, Beams  (B04) (RF)",17-May-26,112362.06,0.0,0.0,0.0,0,0.0,0,0.0,The Big -P.01-UP-20-April-26,CON-B04-RF-1060,10-May-26,0.00%,0.00%,$0.00,$0.00,$0.00,
The Big -P.01-UP-20-April-26,AB-APP-B01-8TH-1010,1330,1346,1346,The Big -P.01-UP-20-April-26,The Big - P.01 - UP-24-MAY-26.HO.1.A.P02.B01.SUP.8thF,AB-APP-B01-8TH-1010,Approval for Slabs Conc. Dim.  & RFT DWGs As-Built Drawing (B01) (8th),4-Mar-27,21-Mar-27,26-Jul-27,9-Aug-27,23-Mar-27,5-Apr-27,1,0.0,0.0,-107.0,Yes,,The Big -P.01-UP-20-April-26,AB-APP-B01-8TH-1010,Approval for Slabs Conc. Dim.  & RFT DWGs As-Built Drawing (B01) (8th),17-May-26,0.0,0.0,0.0,0.0,0,0.0,0,0.0,The Big -P.01-UP-20-April-26,AB-APP-B01-8TH-1010,10-May-26,0.00%,0.00%,$0.00,$0.00,$0.00,
The Big -P.01-UP-20-April-26,AB-APP-B01-8TH-1020,1331,1347,1347,The Big -P.01-UP-20-April-26,The Big - P.01 - UP-24-MAY-26.HO.1.A.P02.B01.SUP.8thF,AB-APP-B01-8TH-1020,Approval for Beams Conc. Dim.  & RFT DWGs As-Built Drawing (B01) (8th),4-Mar-27,21-Mar-27,26-Jul-27,9-Aug-27,23-Mar-27,5-Apr-27,1,0.0,0.0,-107.0,Yes,,The Big -P.01-UP-20-April-26,AB-APP-B01-8TH-1020,Approval for Beams Conc. Dim.  & RFT DWGs As-Built Drawing (B01) (8th),17-May-26,0.0,0.0,0.0,0.0,0,0.0,0,0.0,The Big -P.01-UP-20-April-26,AB-APP-B01-8TH-1020,10-May-26,0.00%,0.00%,$0.00,$0.00,$0.00,
The Big -P.01-UP-20-April-26,AB-APP-B01-8TH-1030,1332,1348,1348,The Big -P.01-UP-20-April-26,The Big - P.01 - UP-24-MAY-26.HO.1.A.P02.B01.SUP.8thF,AB-APP-B01-8TH-1030,Approval for Stairs Conc. Dim.  & RFT DWGs As-Built Drawing (B01) (8th),4-Mar-27,21-Mar-27,26-Jul-27,9-Aug-27,23-Mar-27,5-Apr-27,1,0.0,0.0,-107.0,Yes,,The Big -P.01-UP-20-April-26,AB-APP-B01-8TH-1030,Approval for Stairs Conc. Dim.  & RFT DWGs As-Built Drawing (B01) (8th),17-May-26,0.0,0.0,0.0,0.0,0,0.0,0,0.0,The Big -P.01-UP-20-April-26,AB-APP-B01-8TH-1030,10-May-26,0.00%,0.00%,$0.00,$0.00,$0.00,
The Big -P.01-UP-20-April-26,CON-B01-9TH-1070,1333,1349,1349,The Big -P.01-UP-20-April-26,The Big - P.01 - UP-24-MAY-26.CON.P02.B01.SUP.RF,CON-B01-9TH-1070,"Curing for Slabs, Beams  (B01) (RF)",5-Mar-27,7-Mar-27,27-Jul-27,30-Jul-27,5-Mar-27,7-Mar-27,1,0.0,0.0,-144.0,Yes,,The Big -P.01-UP-20-April-26,CON-B01-9TH-1070,"Curing for Slabs, Beams  (B01) (RF)",17-May-26,0.0,0.0,0.0,0.0,0,0.0,0,0.0,The Big -P.01-UP-20-April-26,CON-B01-9TH-1070,10-May-26,0.00%,0.00%,$0.00,$0.00,$0.00,
The Big -P.01-UP-20-April-26,CON-B04-RF-1070,1334,1331,1329,The Big -P.01-UP-20-April-26,The Big - P.01 - UP-24-MAY-26.CON.P01.B04.SUP.RF,CON-B04-RF-1070,"Curing for Slabs, Beams  (B04) (RF)",5-Mar-27,7-Mar-27,12-Jul-27,14-Jul-27,5-Mar-27,7-Mar-27,1,0.0,0.0,-129.0,Yes,,The Big -P.01-UP-20-April-26,CON-B04-RF-1070,"Curing for Slabs, Beams  (B04) (RF)",17-May-26,0.0,0.0,0.0,0.0,0,0.0,0,0.0,The Big -P.01-UP-20-April-26,CON-B04-RF-1070,10-May-26,0.00%,0.00%,$0.00,$0.00,$0.00,
The Big -P.01-UP-20-April-26,AB-SUB-B04-RF-1010,1335,1332,1330,The Big -P.01-UP-20-April-26,The Big - P.01 - UP-24-MAY-26.HO.1.S.P01.B04.SUP.RF,AB-SUB-B04-RF-1010,Submittal for Slabs Conc. Dim.  & RFT DWGs As-Built Drawing (B04) (RF),6-Mar-27,21-Mar-27,12-Jul-27,24-Jul-27,6-Mar-27,21-Mar-27,1,0.0,0.0,-107.0,Yes,,The Big -P.01-UP-20-April-26,AB-SUB-B04-RF-1010,Submittal for Slabs Conc. Dim.  & RFT DWGs As-Built Drawing (B04) (RF),17-May-26,0.0,0.0,0.0,0.0,0,0.0,0,0.0,The Big -P.01-UP-20-April-26,AB-SUB-B04-RF-1010,10-May-26,0.00%,0.00%,$0.00,$0.00,$0.00,
The Big -P.01-UP-20-April-26,AB-SUB-B04-RF-1020,1336,1333,1331,The Big -P.01-UP-20-April-26,The Big - P.01 - UP-24-MAY-26.HO.1.S.P01.B04.SUP.RF,AB-SUB-B04-RF-1020,Submittal for Beams Conc. Dim.  & RFT DWGs As-Built Drawing (B04) (RF),6-Mar-27,21-Mar-27,12-Jul-27,24-Jul-27,6-Mar-27,21-Mar-27,1,0.0,0.0,-107.0,Yes,,The Big -P.01-UP-20-April-26,AB-SUB-B04-RF-1020,Submittal for Beams Conc. Dim.  & RFT DWGs As-Built Drawing (B04) (RF),17-May-26,0.0,0.0,0.0,0.0,0,0.0,0,0.0,The Big -P.01-UP-20-April-26,AB-SUB-B04-RF-1020,10-May-26,0.00%,0.00%,$0.00,$0.00,$0.00,
The Big -P.01-UP-20-April-26,AB-SUB-B01-RF-1010,1337,1350,1350,The Big -P.01-UP-20-April-26,The Big - P.01 - UP-24-MAY-26.HO.1.S.P02.B01.SUP.RF,AB-SUB-B01-RF-1010,Submittal for Slabs Conc. Dim.  & RFT DWGs As-Built Drawing (B01) (RF),6-Mar-27,29-Mar-27,27-Jul-27,17-Aug-27,6-Mar-27,29-Mar-27,1,0.0,0.0,-120.0,Yes,,The Big -P.01-UP-20-April-26,AB-SUB-B01-RF-1010,Submittal for Slabs Conc. Dim.  & RFT DWGs As-Built Drawing (B01) (RF),17-May-26,0.0,0.0,0.0,0.0,0,0.0,0,0.0,The Big -P.01-UP-20-April-26,AB-SUB-B01-RF-1010,10-May-26,0.00%,0.00%,$0.00,$0.00,$0.00,
The Big -P.01-UP-20-April-26,AB-SUB-B01-RF-1020,1338,1351,1351,The Big -P.01-UP-20-April-26,The Big - P.01 - UP-24-MAY-26.HO.1.S.P02.B01.SUP.RF,AB-SUB-B01-RF-1020,Submittal for Beams Conc. Dim.  & RFT DWGs As-Built Drawing (B01) (RF),6-Mar-27,29-Mar-27,27-Jul-27,17-Aug-27,6-Mar-27,29-Mar-27,1,0.0,0.0,-120.0,Yes,,The Big -P.01-UP-20-April-26,AB-SUB-B01-RF-1020,Submittal for Beams Conc. Dim.  & RFT DWGs As-Built Drawing (B01) (RF),17-May-26,0.0,0.0,0.0,0.0,0,0.0,0,0.0,The Big -P.01-UP-20-April-26,AB-SUB-B01-RF-1020,10-May-26,0.00%,0.00%,$0.00,$0.00,$0.00,
The Big -P.01-UP-20-April-26,AB-APP-B04-8TH-1010,1339,1334,1332,The Big -P.01-UP-20-April-26,The Big - P.01 - UP-24-MAY-26.HO.1.A.P01.B04.SUP.8thF,AB-APP-B04-8TH-1010,Approval for Slabs Conc. Dim.  & RFT DWGs As-Built Drawing (B04) (8th),6-Mar-27,22-Mar-27,12-Jul-27,25-Jul-27,23-Mar-27,5-Apr-27,1,0.0,0.0,-95.0,Yes,,The Big -P.01-UP-20-April-26,AB-APP-B04-8TH-1010,Approval for Slabs Conc. Dim.  & RFT DWGs As-Built Drawing (B04) (8th),17-May-26,0.0,0.0,0.0,0.0,0,0.0,0,0.0,The Big -P.01-UP-20-April-26,AB-APP-B04-8TH-1010,10-May-26,0.00%,0.00%,$0.00,$0.00,$0.00,
The Big -P.01-UP-20-April-26,AB-APP-B04-8TH-1020,1340,1335,1333,The Big -P.01-UP-20-April-26,The Big - P.01 - UP-24-MAY-26.HO.1.A.P01.B04.SUP.8thF,AB-APP-B04-8TH-1020,Approval for Beams Conc. Dim.  & RFT DWGs As-Built Drawing (B04) (8th),6-Mar-27,22-Mar-27,12-Jul-27,25-Jul-27,23-Mar-27,5-Apr-27,1,0.0,0.0,-95.0,Yes,,The Big -P.01-UP-20-April-26,AB-APP-B04-8TH-1020,Approval for Beams Conc. Dim.  & RFT DWGs As-Built Drawing (B04) (8th),17-May-26,0.0,0.0,0.0,0.0,0,0.0,0,0.0,The Big -P.01-UP-20-April-26,AB-APP-B04-8TH-1020,10-May-26,0.00%,0.00%,$0.00,$0.00,$0.00,
The Big -P.01-UP-20-April-26,AB-APP-B04-8TH-1030,1341,1336,1334,The Big -P.01-UP-20-April-26,The Big - P.01 - UP-24-MAY-26.HO.1.A.P01.B04.SUP.8thF,AB-APP-B04-8TH-1030,Approval for Stairs Conc. Dim.  & RFT DWGs As-Built Drawing (B04) (8th),6-Mar-27,22-Mar-27,12-Jul-27,25-Jul-27,23-Mar-27,5-Apr-27,1,0.0,0.0,-95.0,Yes,,The Big -P.01-UP-20-April-26,AB-APP-B04-8TH-1030,Approval for Stairs Conc. Dim.  & RFT DWGs As-Built Drawing (B04) (8th),17-May-26,0.0,0.0,0.0,0.0,0,0.0,0,0.0,The Big -P.01-UP-20-April-26,AB-APP-B04-8TH-1030,10-May-26,0.00%,0.00%,$0.00,$0.00,$0.00,
The Big -P.01-UP-20-April-26,HO-1020,1342,1285,1289,The Big -P.01-UP-20-April-26,The Big - P.01 - UP-24-MAY-26.HO.2,HO-1020,Snag list for B02,6-Mar-27,20-Mar-27,16-Jun-27,27-Jun-27,28-Mar-27,7-Apr-27,1,0.0,0.0,-69.0,Yes,,The Big -P.01-UP-20-April-26,HO-1020,Snag list for B02,17-May-26,0.0,0.0,0.0,0.0,0,0.0,0,0.0,The Big -P.01-UP-20-April-26,HO-1020,10-May-26,0.00%,0.00%,$0.00,$0.00,$0.00,
The Big -P.01-UP-20-April-26,AB-APP-B02-RF-1010,1343,1287,1294,The Big -P.01-UP-20-April-26,The Big - P.01 - UP-24-MAY-26.HO.1.A.P02.B02.SUP.RF,AB-APP-B02-RF-1010,Approval for Slabs Conc. Dim.  & RFT DWGs As-Built Drawing (B02) (RF),7-Mar-27,23-Mar-27,17-Jun-27,30-Jun-27,23-Mar-27,5-Apr-27,1,0.0,0.0,-74.0,Yes,,The Big -P.01-UP-20-April-26,AB-APP-B02-RF-1010,Approval for Slabs Conc. Dim.  & RFT DWGs As-Built Drawing (B02) (RF),17-May-26,0.0,0.0,0.0,0.0,0,0.0,0,0.0,The Big -P.01-UP-20-April-26,AB-APP-B02-RF-1010,10-May-26,0.00%,0.00%,$0.00,$0.00,$0.00,
The Big -P.01-UP-20-April-26,AB-APP-B02-RF-1020,1344,1288,1295,The Big -P.01-UP-20-April-26,The Big - P.01 - UP-24-MAY-26.HO.1.A.P02.B02.SUP.RF,AB-APP-B02-RF-1020,Approval for Beams Conc. Dim.  & RFT DWGs As-Built Drawing (B02) (RF),7-Mar-27,23-Mar-27,17-Jun-27,30-Jun-27,23-Mar-27,5-Apr-27,1,0.0,0.0,-74.0,Yes,,The Big -P.01-UP-20-April-26,AB-APP-B02-RF-1020,Approval for Beams Conc. Dim.  & RFT DWGs As-Built Drawing (B02) (RF),17-May-26,0.0,0.0,0.0,0.0,0,0.0,0,0.0,The Big -P.01-UP-20-April-26,AB-APP-B02-RF-1020,10-May-26,0.00%,0.00%,$0.00,$0.00,$0.00,
The Big -P.01-UP-20-April-26,AB-APP-B03-RF-1000,1345,1294,1308,The Big -P.01-UP-20-April-26,The Big - P.01 - UP-24-MAY-26.HO.1.A.P01.B03.SUP.RF,AB-APP-B03-RF-1000,Approval for Col. & Walls Conc. Dim.  & RFT DWGs As-Built Drawing  (B03) (RF),8-Mar-27,24-Mar-27,26-Jun-27,8-Jul-27,23-Mar-27,5-Apr-27,1,0.0,0.0,-81.0,Yes,,The Big -P.01-UP-20-April-26,AB-APP-B03-RF-1000,Approval for Col. & Walls Conc. Dim.  & RFT DWGs As-Built Drawing  (B03) (RF),17-May-26,0.0,0.0,0.0,0.0,0,0.0,0,0.0,The Big -P.01-UP-20-April-26,AB-APP-B03-RF-1000,10-May-26,0.00%,0.00%,$0.00,$0.00,$0.00,
The Big -P.01-UP-20-April-26,CON-B01-9TH-1080,1346,1355,1354,The Big -P.01-UP-20-April-26,The Big - P.01 - UP-24-MAY-26.CON.P02.B01.SUP.RF,CON-B01-9TH-1080,Dismantling Formwork (B01) (RF),13-Mar-27,13-Mar-27,4-Aug-27,5-Aug-27,13-Mar-27,13-Mar-27,1,0.0,0.0,-144.0,Yes,,The Big -P.01-UP-20-April-26,CON-B01-9TH-1080,Dismantling Formwork (B01) (RF),17-May-26,0.0,0.0,0.0,0.0,0,0.0,0,0.0,The Big -P.01-UP-20-April-26,CON-B01-9TH-1080,10-May-26,0.00%,0.00%,$0.00,$0.00,$0.00,
The Big -P.01-UP-20-April-26,CON-B04-RF-1080,1347,1342,1341,The Big -P.01-UP-20-April-26,The Big - P.01 - UP-24-MAY-26.CON.P01.B04.SUP.RF,CON-B04-RF-1080,Dismantling Formwork (B04) (RF),13-Mar-27,13-Mar-27,20-Jul-27,20-Jul-27,13-Mar-27,13-Mar-27,1,0.0,0.0,-129.0,Yes,,The Big -P.01-UP-20-April-26,CON-B04-RF-1080,Dismantling Formwork (B04) (RF),17-May-26,0.0,0.0,0.0,0.0,0,0.0,0,0.0,The Big -P.01-UP-20-April-26,CON-B04-RF-1080,10-May-26,0.00%,0.00%,$0.00,$0.00,$0.00,
The Big -P.01-UP-20-April-26,CON-B03-RF-1080,1348,1303,1315,The Big -P.01-UP-20-April-26,The Big - P.01 - UP-24-MAY-26.CON.P01.B03.SUP.RF,CON-B03-RF-1080,Dismantling Formwork (B03) (RF),13-Mar-27,13-Mar-27,1-Jul-27,1-Jul-27,27-Mar-27,27-Mar-27,1,0.0,0.0,-96.0,Yes,,The Big -P.01-UP-20-April-26,CON-B03-RF-1080,Dismantling Formwork (B03) (RF),17-May-26,0.0,0.0,0.0,0.0,0,0.0,0,0.0,The Big -P.01-UP-20-April-26,CON-B03-RF-1080,10-May-26,0.00%,0.00%,$0.00,$0.00,$0.00,
The Big -P.01-UP-20-April-26,HO-1030,1349,1304,1317,The Big -P.01-UP-20-April-26,The Big - P.01 - UP-24-MAY-26.HO.2,HO-1030,Snag list for B03,14-Mar-27,24-Mar-27,3-Jul-27,13-Jul-27,28-Mar-27,7-Apr-27,1,0.0,0.0,-83.0,Yes,,The Big -P.01-UP-20-April-26,HO-1030,Snag list for B03,17-May-26,0.0,0.0,0.0,0.0,0,0.0,0,0.0,The Big -P.01-UP-20-April-26,HO-1030,10-May-26,0.00%,0.00%,$0.00,$0.00,$0.00,
The Big -P.01-UP-20-April-26,AB-APP-B01-RF-1000,1350,1354,1355,The Big -P.01-UP-20-April-26,The Big - P.01 - UP-24-MAY-26.HO.1.A.P02.B01.SUP.RF,AB-APP-B01-RF-1000,Approval for Col. & Walls Conc. Dim.  & RFT DWGs As-Built Drawing (B01) (RF),16-Mar-27,29-Mar-27,4-Aug-27,18-Aug-27,23-Mar-27,5-Apr-27,1,0.0,0.0,-115.0,Yes,,The Big -P.01-UP-20-April-26,AB-APP-B01-RF-1000,Approval for Col. & Walls Conc. Dim.  & RFT DWGs As-Built Drawing (B01) (RF),17-May-26,0.0,0.0,0.0,0.0,0,0.0,0,0.0,The Big -P.01-UP-20-April-26,AB-APP-B01-RF-1000,10-May-26,0.00%,0.00%,$0.00,$0.00,$0.00,
The Big -P.01-UP-20-April-26,AB-APP-B04-RF-1000,1351,1343,1339,The Big -P.01-UP-20-April-26,The Big - P.01 - UP-24-MAY-26.HO.1.A.P01.B04.SUP.RF,AB-APP-B04-RF-1000,Approval for Col. & Walls Conc. Dim.  & RFT DWGs As-Built Drawing (B04) (RF),16-Mar-27,29-Mar-27,20-Jul-27,2-Aug-27,23-Mar-27,5-Apr-27,1,0.0,0.0,-102.0,Yes,,The Big -P.01-UP-20-April-26,AB-APP-B04-RF-1000,Approval for Col. & Walls Conc. Dim.  & RFT DWGs As-Built Drawing (B04) (RF),17-May-26,0.0,0.0,0.0,0.0,0,0.0,0,0.0,The Big -P.01-UP-20-April-26,AB-APP-B04-RF-1000,10-May-26,0.00%,0.00%,$0.00,$0.00,$0.00,
The Big -P.01-UP-20-April-26,AB-APP-B03-RF-1010,1352,1311,1320,The Big -P.01-UP-20-April-26,The Big - P.01 - UP-24-MAY-26.HO.1.A.P01.B03.SUP.RF,AB-APP-B03-RF-1010,Approval for Slabs Conc. Dim.  & RFT DWGs As-Built Drawing  (B03) (RF),21-Mar-27,5-Apr-27,5-Jul-27,20-Jul-27,21-Mar-27,5-Apr-27,1,0.0,0.0,-91.0,Yes,,The Big -P.01-UP-20-April-26,AB-APP-B03-RF-1010,Approval for Slabs Conc. Dim.  & RFT DWGs As-Built Drawing  (B03) (RF),17-May-26,0.0,0.0,0.0,0.0,0,0.0,0,0.0,The Big -P.01-UP-20-April-26,AB-APP-B03-RF-1010,10-May-26,0.00%,0.00%,$0.00,$0.00,$0.00,
The Big -P.01-UP-20-April-26,AB-APP-B03-RF-1020,1353,1312,1321,The Big -P.01-UP-20-April-26,The Big - P.01 - UP-24-MAY-26.HO.1.A.P01.B03.SUP.RF,AB-APP-B03-RF-1020,Approval for Beams Conc. Dim.  & RFT DWGs As-Built Drawing  (B03) (RF),21-Mar-27,5-Apr-27,5-Jul-27,20-Jul-27,21-Mar-27,5-Apr-27,1,0.0,0.0,-91.0,Yes,,The Big -P.01-UP-20-April-26,AB-APP-B03-RF-1020,Approval for Beams Conc. Dim.  & RFT DWGs As-Built Drawing  (B03) (RF),17-May-26,0.0,0.0,0.0,0.0,0,0.0,0,0.0,The Big -P.01-UP-20-April-26,AB-APP-B03-RF-1020,10-May-26,0.00%,0.00%,$0.00,$0.00,$0.00,
The Big -P.01-UP-20-April-26,AB-APP-B01-RF-1010,1354,1357,1357,The Big -P.01-UP-20-April-26,The Big - P.01 - UP-24-MAY-26.HO.1.A.P02.B01.SUP.RF,AB-APP-B01-RF-1010,Approval for Slabs Conc. Dim.  & RFT DWGs As-Built Drawing (B01) (RF),23-Mar-27,5-Apr-27,10-Aug-27,24-Aug-27,23-Mar-27,5-Apr-27,1,0.0,0.0,-120.0,Yes,,The Big -P.01-UP-20-April-26,AB-APP-B01-RF-1010,Approval for Slabs Conc. Dim.  & RFT DWGs As-Built Drawing (B01) (RF),17-May-26,0.0,0.0,0.0,0.0,0,0.0,0,0.0,The Big -P.01-UP-20-April-26,AB-APP-B01-RF-1010,10-May-26,0.00%,0.00%,$0.00,$0.00,$0.00,
The Big -P.01-UP-20-April-26,AB-APP-B01-RF-1020,1355,1358,1358,The Big -P.01-UP-20-April-26,The Big - P.01 - UP-24-MAY-26.HO.1.A.P02.B01.SUP.RF,AB-APP-B01-RF-1020,Approval for Beams Conc. Dim.  & RFT DWGs As-Built Drawing (B01) (RF),23-Mar-27,5-Apr-27,10-Aug-27,24-Aug-27,23-Mar-27,5-Apr-27,1,0.0,0.0,-120.0,Yes,,The Big -P.01-UP-20-April-26,AB-APP-B01-RF-1020,Approval for Beams Conc. Dim.  & RFT DWGs As-Built Drawing (B01) (RF),17-May-26,0.0,0.0,0.0,0.0,0,0.0,0,0.0,The Big -P.01-UP-20-April-26,AB-APP-B01-RF-1020,10-May-26,0.00%,0.00%,$0.00,$0.00,$0.00,
The Big -P.01-UP-20-April-26,AB-APP-B04-RF-1010,1356,1352,1352,The Big -P.01-UP-20-April-26,The Big - P.01 - UP-24-MAY-26.HO.1.A.P01.B04.SUP.RF,AB-APP-B04-RF-1010,Approval for Slabs Conc. Dim.  & RFT DWGs As-Built Drawing (B04) (RF),23-Mar-27,5-Apr-27,26-Jul-27,8-Aug-27,23-Mar-27,5-Apr-27,1,0.0,0.0,-107.0,Yes,,The Big -P.01-UP-20-April-26,AB-APP-B04-RF-1010,Approval for Slabs Conc. Dim.  & RFT DWGs As-Built Drawing (B04) (RF),17-May-26,0.0,0.0,0.0,0.0,0,0.0,0,0.0,The Big -P.01-UP-20-April-26,AB-APP-B04-RF-1010,10-May-26,0.00%,0.00%,$0.00,$0.00,$0.00,
The Big -P.01-UP-20-April-26,AB-APP-B04-RF-1020,1357,1353,1353,The Big -P.01-UP-20-April-26,The Big - P.01 - UP-24-MAY-26.HO.1.A.P01.B04.SUP.RF,AB-APP-B04-RF-1020,Approval for  Beams Conc. Dim.  & RFT DWGs As-Built Drawing (B04) (RF),23-Mar-27,5-Apr-27,26-Jul-27,8-Aug-27,23-Mar-27,5-Apr-27,1,0.0,0.0,-107.0,Yes,,The Big -P.01-UP-20-April-26,AB-APP-B04-RF-1020,Approval for  Beams Conc. Dim.  & RFT DWGs As-Built Drawing (B04) (RF),17-May-26,0.0,0.0,0.0,0.0,0,0.0,0,0.0,The Big -P.01-UP-20-April-26,AB-APP-B04-RF-1020,10-May-26,0.00%,0.00%,$0.00,$0.00,$0.00,
The Big -P.01-UP-20-April-26,HO-1010,1358,1359,1359,The Big -P.01-UP-20-April-26,The Big - P.01 - UP-24-MAY-26.HO.2,HO-1010,Snag list for B01,28-Mar-27,7-Apr-27,19-Aug-27,31-Aug-27,28-Mar-27,7-Apr-27,1,0.0,0.0,-124.0,Yes,,The Big -P.01-UP-20-April-26,HO-1010,Snag list for B01,17-May-26,0.0,0.0,0.0,0.0,0,0.0,0,0.0,The Big -P.01-UP-20-April-26,HO-1010,10-May-26,0.00%,0.00%,$0.00,$0.00,$0.00,
The Big -P.01-UP-20-April-26,HO-1040,1359,1356,1356,The Big -P.01-UP-20-April-26,The Big - P.01 - UP-24-MAY-26.HO.2,HO-1040,Snag list for B04,28-Mar-27,7-Apr-27,4-Aug-27,15-Aug-27,28-Mar-27,7-Apr-27,1,0.0,0.0,-111.0,Yes,,The Big -P.01-UP-20-April-26,HO-1040,Snag list for B04,17-May-26,0.0,0.0,0.0,0.0,0,0.0,0,0.0,The Big -P.01-UP-20-April-26,HO-1040,10-May-26,0.00%,0.00%,$0.00,$0.00,$0.00,
The Big -P.01-UP-20-April-26,HO-1050,1360,1360,1360,The Big -P.01-UP-20-April-26,The Big - P.01 - UP-24-MAY-26.HO.2,HO-1050,Snag list for As-Built,6-Apr-27,7-Apr-27,24-Aug-27,26-Aug-27,6-Apr-27,7-Apr-27,1,0.0,0.0,-140.0,Yes,,The Big -P.01-UP-20-April-26,HO-1050,Snag list for As-Built,17-May-26,0.0,0.0,0.0,0.0,0,0.0,0,0.0,The Big -P.01-UP-20-April-26,HO-1050,10-May-26,0.00%,0.00%,$0.00,$0.00,$0.00,
The Big -P.01-UP-20-April-26,HO-1000,1361,1361,1361,The Big -P.01-UP-20-April-26,The Big - P.01 - UP-24-MAY-26.HO.2,HO-1000,Demobilization,8-Apr-27,10-Apr-27,31-Aug-27,2-Sep-27,8-Apr-27,10-Apr-27,1,0.0,0.0,-124.0,Yes,,The Big -P.01-UP-20-April-26,HO-1000,Demobilization,17-May-26,0.0,0.0,0.0,0.0,0,0.0,0,0.0,The Big -P.01-UP-20-April-26,HO-1000,10-May-26,0.00%,0.00%,$0.00,$0.00,$0.00,
The Big -P.01-UP-20-April-26,KD-MS-1050,1362,1362,1362,The Big -P.01-UP-20-April-26,The Big - P.01 - UP-24-MAY-26.KD.MI,KD-MS-1050,Project Finish Date,,10-Apr-27,,02-Sep-27*,,10-Apr-27,1,0.0,0.0,-144.0,Yes,,The Big -P.01-UP-20-April-26,KD-MS-1050,Project Finish Date,17-May-26,0.0,0.0,0.0,0.0,0,0.0,0,0.0,The Big -P.01-UP-20-April-26,KD-MS-1050,10-May-26,0.00%,0.00%,$0.00,$0.00,$0.00,
