activity_id,activity_name,wbs_path,status,data_date,current_early_start,current_early_finish,current_remaining_days,proposed_remaining_days,duration_change_days,proposed_early_start_estimate,proposed_early_finish_estimate,start_shift_days,learned_cluster,native_p6_validation_required
KD-MS-1000,Project Start Date,ROYA-BIG PROJECT PHASE01 (B1-4) > Key Dates > Milestone,TK_Complete,2026-03-17 00:00,2026-03-17 00:00,2026-03-17 00:00,0.0,0.0,0.0,2026-03-17 00:00,2026-03-17 00:00,0.0,0,YES
KD-MS-1050,Project Finish Date,ROYA-BIG PROJECT PHASE01 (B1-4) > Key Dates > Milestone,TK_NotStart,2026-03-17 00:00,2027-09-20 16:00,2027-09-20 16:00,0.0,0.0,0.0,2027-09-02 16:00,2027-09-02 16:00,-18.0,0,YES
KD-MS-1040,Ground Works Finish Date,ROYA-BIG PROJECT PHASE01 (B1-4) > Key Dates > Milestone,TK_NotStart,2026-03-17 00:00,2026-10-14 16:00,2026-10-14 16:00,0.0,0.0,0.0,2026-10-10 16:00,2026-10-10 16:00,-4.0,0,YES
KD-MS-1010,Contract Agreement,ROYA-BIG PROJECT PHASE01 (B1-4) > Key Dates > Milestone,TK_Complete,2026-03-17 00:00,2026-03-17 00:00,2026-03-17 00:00,0.0,0.0,0.0,2026-03-17 00:00,2026-03-17 00:00,0.0,0,YES
KD-MS-1020,IFC Drawing Package,ROYA-BIG PROJECT PHASE01 (B1-4) > Key Dates > Milestone,TK_Complete,2026-03-17 00:00,2026-03-17 00:00,2026-03-17 00:00,0.0,0.0,0.0,2026-03-17 00:00,2026-03-17 00:00,0.0,0,YES
KD-MOB-1000,Surveying Works,ROYA-BIG PROJECT PHASE01 (B1-4) > Key Dates > Mobilization,TK_Complete,2026-03-17 00:00,2026-03-17 00:00,2026-03-17 00:00,0.0,0.0,0.0,2026-03-17 00:00,2026-03-17 00:00,0.0,0,YES
KD-MOB-1010,Equipment Mobilization,ROYA-BIG PROJECT PHASE01 (B1-4) > Key Dates > Mobilization,TK_Complete,2026-03-17 00:00,2026-03-17 00:00,2026-03-17 00:00,0.0,0.0,0.0,2026-03-17 00:00,2026-03-17 00:00,0.0,0,YES
KD-MOB-1020,Site Preparation,ROYA-BIG PROJECT PHASE01 (B1-4) > Key Dates > Mobilization,TK_Complete,2026-03-17 00:00,2026-03-17 00:00,2026-03-17 00:00,0.0,0.0,0.0,2026-03-17 00:00,2026-03-17 00:00,0.0,0,YES
P-MS-1000,Submittal for RFT Rebar,ROYA-BIG PROJECT PHASE01 (B1-4) > Procurement > Material Submittal > Sample Submittal,TK_Complete,2026-03-17 00:00,2026-03-17 00:00,2026-03-17 00:00,0.0,0.0,0.0,2026-03-17 00:00,2026-03-17 00:00,0.0,0,YES
P-MA-1000,Approval for RFT Rebar,ROYA-BIG PROJECT PHASE01 (B1-4) > Procurement > Material Submittal > Sample Approval,TK_Complete,2026-03-17 00:00,2026-03-17 00:00,2026-03-17 00:00,0.0,0.0,0.0,2026-03-17 00:00,2026-03-17 00:00,0.0,0,YES
P-MPOS-1000,P.O for Rebar Patch#1 (Footing & Water tank),ROYA-BIG PROJECT PHASE01 (B1-4) > Procurement > Procurement Cycle > Create POs > POs for Rebar,TK_Complete,2026-03-17 00:00,2026-03-17 00:00,2026-03-17 00:00,0.0,0.0,0.0,2026-03-17 00:00,2026-03-17 00:00,0.0,0,YES
P-MDEL-1000,Delivery for Rebar Patch#1 (Footing & Water tank),ROYA-BIG PROJECT PHASE01 (B1-4) > Procurement > Procurement Cycle > Delivery to Site > Delivery for Rebar,TK_Complete,2026-03-17 00:00,2026-03-17 00:00,2026-03-17 00:00,0.0,0.0,0.0,2026-03-17 00:00,2026-03-17 00:00,0.0,1,YES
CON-EW-B01-1000,Soil Replacement & Leveling & Compaction (B01),ROYA-BIG PROJECT PHASE01 (B1-4) > Construction > Earth Works > B01,TK_Complete,2026-03-17 00:00,2026-03-17 00:00,2026-03-17 00:00,0.0,0.0,0.0,2026-03-17 00:00,2026-03-17 00:00,0.0,1,YES
CON-EW-B01-1010,Soil Compaction Test (B01),ROYA-BIG PROJECT PHASE01 (B1-4) > Construction > Earth Works > B01,TK_Complete,2026-03-17 00:00,2026-03-17 00:00,2026-03-17 00:00,0.0,0.0,0.0,2026-03-17 00:00,2026-03-17 00:00,0.0,1,YES
CON-B01-FOOT-1000,Shuttering for PC Raft (B01) (footing),ROYA-BIG PROJECT PHASE01 (B1-4) > Construction > Part 02 > B01 > Substructure > Footing,TK_Complete,2026-03-17 00:00,2026-03-17 00:00,2026-03-17 00:00,0.0,0.0,0.0,2026-03-17 00:00,2026-03-17 00:00,0.0,1,YES
CON-B01-FOOT-1010,Pouring for PC Raft (B01) (footing),ROYA-BIG PROJECT PHASE01 (B1-4) > Construction > Part 02 > B01 > Substructure > Footing,TK_Complete,2026-03-17 00:00,2026-03-17 00:00,2026-03-17 00:00,0.0,0.0,0.0,2026-03-17 00:00,2026-03-17 00:00,0.0,1,YES
CON-B01-FOOT-1020,Curing for PC Raft (B01) (footing),ROYA-BIG PROJECT PHASE01 (B1-4) > Construction > Part 02 > B01 > Substructure > Footing,TK_Complete,2026-03-17 00:00,2026-03-17 00:00,2026-03-17 00:00,0.0,0.0,0.0,2026-03-17 00:00,2026-03-17 00:00,0.0,1,YES
CON-B01-FOOT-1030,Waterproofing & Ins. Protection works (B01) (footing),ROYA-BIG PROJECT PHASE01 (B1-4) > Construction > Part 02 > B01 > Substructure > Footing,TK_Complete,2026-03-17 00:00,2026-03-17 00:00,2026-03-17 00:00,0.0,0.0,0.0,2026-03-17 00:00,2026-03-17 00:00,0.0,1,YES
CON-B01-FOOT-1040,Shuttering for RC Raft & Footings (B01) (footing),ROYA-BIG PROJECT PHASE01 (B1-4) > Construction > Part 02 > B01 > Substructure > Footing,TK_Complete,2026-03-17 00:00,2026-03-17 00:00,2026-03-17 00:00,0.0,0.0,0.0,2026-03-17 00:00,2026-03-17 00:00,0.0,1,YES
CON-B01-FOOT-1050,RFT for RC Raft & Footings (B01) (footing),ROYA-BIG PROJECT PHASE01 (B1-4) > Construction > Part 02 > B01 > Substructure > Footing,TK_Complete,2026-03-17 00:00,2026-03-17 00:00,2026-03-17 00:00,0.0,0.0,0.0,2026-03-17 00:00,2026-03-17 00:00,0.0,1,YES
CON-B01-FOOT-1090,Pouring for RC Raft & Footings (B01) (footing),ROYA-BIG PROJECT PHASE01 (B1-4) > Construction > Part 02 > B01 > Substructure > Footing,TK_Active,2026-03-17 00:00,2026-03-21 08:00,2026-03-21 14:24,0.8,0.8,0.0,2026-03-21 08:00,2026-03-22 03:12,0.0,1,YES
CON-B01-FOOT-1100,Curing & Deshuttering for RC Raft & Footings (B01) (footing),ROYA-BIG PROJECT PHASE01 (B1-4) > Construction > Part 02 > B01 > Substructure > Footing,TK_NotStart,2026-03-17 00:00,2026-03-23 08:00,2026-03-25 16:00,3.0,3.0,0.0,2026-03-23 08:00,2026-03-26 08:00,0.0,1,YES
CON-B01-FOOT-1110,Bitumen Ins. for RC Raft & Footings (B01) (footing),ROYA-BIG PROJECT PHASE01 (B1-4) > Construction > Part 02 > B01 > Substructure > Footing,TK_NotStart,2026-03-17 00:00,2026-05-05 08:00,2026-05-07 16:00,3.0,3.0,0.0,2026-05-05 08:00,2026-05-08 08:00,0.0,1,YES
CON-B01-FOOT-1120,Soil Backfilling (B01) (footing),ROYA-BIG PROJECT PHASE01 (B1-4) > Construction > Part 02 > B01 > Substructure > Footing,TK_NotStart,2026-03-17 00:00,2026-05-09 08:00,2026-05-10 16:00,2.0,2.0,0.0,2026-05-09 08:00,2026-05-11 08:00,0.0,1,YES
CON-B02-FOOT-1000,Shuttering for PC Raft (B02) (footing),ROYA-BIG PROJECT PHASE01 (B1-4) > Construction > Part 02 > B02 > Substructure > Footing,TK_Complete,2026-03-17 00:00,2026-03-17 00:00,2026-03-17 00:00,0.0,0.0,0.0,2026-03-17 00:00,2026-03-17 00:00,0.0,1,YES
CON-B02-FOOT-1010,Pouring for PC Raft (B02) (footing),ROYA-BIG PROJECT PHASE01 (B1-4) > Construction > Part 02 > B02 > Substructure > Footing,TK_Complete,2026-03-17 00:00,2026-03-17 00:00,2026-03-17 00:00,0.0,0.0,0.0,2026-03-17 00:00,2026-03-17 00:00,0.0,1,YES
CON-B02-FOOT-1020,Curing for PC Raft (B02) (footing),ROYA-BIG PROJECT PHASE01 (B1-4) > Construction > Part 02 > B02 > Substructure > Footing,TK_Complete,2026-03-17 00:00,2026-03-17 00:00,2026-03-17 00:00,0.0,0.0,0.0,2026-03-17 00:00,2026-03-17 00:00,0.0,1,YES
CON-B02-FOOT-1030,Waterproofing & Ins. Protection works (B02) (footing),ROYA-BIG PROJECT PHASE01 (B1-4) > Construction > Part 02 > B02 > Substructure > Footing,TK_Complete,2026-03-17 00:00,2026-03-17 00:00,2026-03-17 00:00,0.0,0.0,0.0,2026-03-17 00:00,2026-03-17 00:00,0.0,1,YES
CON-B02-FOOT-1040,Shuttering for RC Raft & Footings (B02) (footing),ROYA-BIG PROJECT PHASE01 (B1-4) > Construction > Part 02 > B02 > Substructure > Footing,TK_Complete,2026-03-17 00:00,2026-03-17 00:00,2026-03-17 00:00,0.0,0.0,0.0,2026-03-17 00:00,2026-03-17 00:00,0.0,1,YES
CON-B02-FOOT-1050,RFT for RC Raft & Footings (B02) (footing),ROYA-BIG PROJECT PHASE01 (B1-4) > Construction > Part 02 > B02 > Substructure > Footing,TK_Complete,2026-03-17 00:00,2026-03-17 00:00,2026-03-17 00:00,0.0,0.0,0.0,2026-03-17 00:00,2026-03-17 00:00,0.0,1,YES
CON-B02-FOOT-1090,Pouring for RC Raft & Footings (B02) (footing),ROYA-BIG PROJECT PHASE01 (B1-4) > Construction > Part 02 > B02 > Substructure > Footing,TK_Complete,2026-03-17 00:00,2026-03-17 00:00,2026-03-17 00:00,0.0,0.0,0.0,2026-03-17 00:00,2026-03-17 00:00,0.0,1,YES
CON-B02-FOOT-1100,Curing & Deshuttering for RC Raft & Footings (B02) (footing),ROYA-BIG PROJECT PHASE01 (B1-4) > Construction > Part 02 > B02 > Substructure > Footing,TK_Complete,2026-03-17 00:00,2026-03-17 00:00,2026-03-17 00:00,0.0,0.0,0.0,2026-03-17 00:00,2026-03-17 00:00,0.0,1,YES
CON-B02-FOOT-1110,Bitumen Ins. for RC Raft & Footings (B02) (footing),ROYA-BIG PROJECT PHASE01 (B1-4) > Construction > Part 02 > B02 > Substructure > Footing,TK_NotStart,2026-03-17 00:00,2026-05-05 08:00,2026-05-07 16:00,3.0,3.0,0.0,2026-05-05 08:00,2026-05-08 08:00,0.0,1,YES
CON-B02-FOOT-1120,Soil Backfilling (B02) (footing),ROYA-BIG PROJECT PHASE01 (B1-4) > Construction > Part 02 > B02 > Substructure > Footing,TK_NotStart,2026-03-17 00:00,2026-05-09 08:00,2026-05-10 16:00,2.0,2.0,0.0,2026-05-09 08:00,2026-05-11 08:00,0.0,1,YES
CON-B04-FOOT-1000,Shuttering for PC Raft (B04) (footing),ROYA-BIG PROJECT PHASE01 (B1-4) > Construction > Part 01 > B04 > Substructure > Footing,TK_Complete,2026-03-17 00:00,2026-03-17 00:00,2026-03-17 00:00,0.0,0.0,0.0,2026-03-17 00:00,2026-03-17 00:00,0.0,1,YES
CON-B04-FOOT-1010,Pouring for PC Raft (B04) (footing),ROYA-BIG PROJECT PHASE01 (B1-4) > Construction > Part 01 > B04 > Substructure > Footing,TK_Complete,2026-03-17 00:00,2026-03-17 00:00,2026-03-17 00:00,0.0,0.0,0.0,2026-03-17 00:00,2026-03-17 00:00,0.0,1,YES
CON-B04-FOOT-1020,Curing for PC Raft (B04) (footing),ROYA-BIG PROJECT PHASE01 (B1-4) > Construction > Part 01 > B04 > Substructure > Footing,TK_Complete,2026-03-17 00:00,2026-03-17 00:00,2026-03-17 00:00,0.0,0.0,0.0,2026-03-17 00:00,2026-03-17 00:00,0.0,1,YES
CON-B04-FOOT-1030,Waterproofing & Ins. Protection works (B04) (footing),ROYA-BIG PROJECT PHASE01 (B1-4) > Construction > Part 01 > B04 > Substructure > Footing,TK_Complete,2026-03-17 00:00,2026-03-17 00:00,2026-03-17 00:00,0.0,0.0,0.0,2026-03-17 00:00,2026-03-17 00:00,0.0,1,YES
CON-B04-FOOT-1040,Shuttering for RC Raft & Footings (B04) (footing),ROYA-BIG PROJECT PHASE01 (B1-4) > Construction > Part 01 > B04 > Substructure > Footing,TK_Active,2026-03-17 00:00,2026-03-21 08:00,2026-03-23 14:24,2.8,2.8,0.0,2026-03-21 08:00,2026-03-24 03:12,0.0,1,YES
CON-B04-FOOT-1050,RFT for RC Raft & Footings (B04) (footing),ROYA-BIG PROJECT PHASE01 (B1-4) > Construction > Part 01 > B04 > Substructure > Footing,TK_Active,2026-03-17 00:00,2026-03-21 08:00,2026-03-23 14:24,2.8,2.8,0.0,2026-03-21 08:00,2026-03-24 03:12,0.0,1,YES
CON-B04-FOOT-1080,Pouring for RC Raft & Footings (B04) (footing),ROYA-BIG PROJECT PHASE01 (B1-4) > Construction > Part 01 > B04 > Substructure > Footing,TK_Active,2026-03-17 00:00,2026-03-26 08:00,2026-03-26 13:36,0.7,0.7,0.0,2026-03-26 08:00,2026-03-27 00:48,0.0,1,YES
CON-B04-FOOT-1100,Curing & Deshuttering for RC Raft & Footings (B04) (footing),ROYA-BIG PROJECT PHASE01 (B1-4) > Construction > Part 01 > B04 > Substructure > Footing,TK_NotStart,2026-03-17 00:00,2026-03-26 13:36,2026-03-29 13:36,3.0,3.0,0.0,2026-03-26 13:36,2026-03-29 13:36,0.0,1,YES
CON-B04-FOOT-1110,Bitumen Ins. for RC Raft & Footings (B04) (footing),ROYA-BIG PROJECT PHASE01 (B1-4) > Construction > Part 01 > B04 > Substructure > Footing,TK_NotStart,2026-03-17 00:00,2026-05-05 08:00,2026-05-07 16:00,3.0,3.0,0.0,2026-05-05 08:00,2026-05-08 08:00,0.0,1,YES
CON-B04-FOOT-1120,Soil Backfilling (B04) (footing),ROYA-BIG PROJECT PHASE01 (B1-4) > Construction > Part 01 > B04 > Substructure > Footing,TK_NotStart,2026-03-17 00:00,2026-05-09 08:00,2026-05-11 16:00,3.0,3.0,0.0,2026-05-09 08:00,2026-05-12 08:00,0.0,1,YES
CON-B03-FOOT-1000,Shuttering for PC Raft (B03) (footing),ROYA-BIG PROJECT PHASE01 (B1-4) > Construction > Part 01 > B03 > Substructure > Footing,TK_Complete,2026-03-17 00:00,2026-03-17 00:00,2026-03-17 00:00,0.0,0.0,0.0,2026-03-17 00:00,2026-03-17 00:00,0.0,1,YES
CON-B03-FOOT-1010,Pouring for PC Raft (B03) (footing),ROYA-BIG PROJECT PHASE01 (B1-4) > Construction > Part 01 > B03 > Substructure > Footing,TK_Complete,2026-03-17 00:00,2026-03-17 00:00,2026-03-17 00:00,0.0,0.0,0.0,2026-03-17 00:00,2026-03-17 00:00,0.0,1,YES
CON-B03-FOOT-1020,Curing for PC Raft (B03) (footing),ROYA-BIG PROJECT PHASE01 (B1-4) > Construction > Part 01 > B03 > Substructure > Footing,TK_Complete,2026-03-17 00:00,2026-03-17 00:00,2026-03-17 00:00,0.0,0.0,0.0,2026-03-17 00:00,2026-03-17 00:00,0.0,1,YES
CON-B03-FOOT-1030,Waterproofing & Ins. Protection works (B03) (footing),ROYA-BIG PROJECT PHASE01 (B1-4) > Construction > Part 01 > B03 > Substructure > Footing,TK_Complete,2026-03-17 00:00,2026-03-17 00:00,2026-03-17 00:00,0.0,0.0,0.0,2026-03-17 00:00,2026-03-17 00:00,0.0,1,YES
CON-B03-FOOT-1040,Shuttering for RC Raft & Footings (B03) (footing),ROYA-BIG PROJECT PHASE01 (B1-4) > Construction > Part 01 > B03 > Substructure > Footing,TK_Complete,2026-03-17 00:00,2026-03-17 00:00,2026-03-17 00:00,0.0,0.0,0.0,2026-03-17 00:00,2026-03-17 00:00,0.0,1,YES
CON-B03-FOOT-1050,RFT for RC Raft & Footings (B03) (footing),ROYA-BIG PROJECT PHASE01 (B1-4) > Construction > Part 01 > B03 > Substructure > Footing,TK_Complete,2026-03-17 00:00,2026-03-17 00:00,2026-03-17 00:00,0.0,0.0,0.0,2026-03-17 00:00,2026-03-17 00:00,0.0,1,YES
CON-B03-FOOT-1080,Pouring for RC Raft & Footings (B03) (footing),ROYA-BIG PROJECT PHASE01 (B1-4) > Construction > Part 01 > B03 > Substructure > Footing,TK_Complete,2026-03-17 00:00,2026-03-17 00:00,2026-03-17 00:00,0.0,0.0,0.0,2026-03-17 00:00,2026-03-17 00:00,0.0,1,YES
CON-B03-FOOT-1100,Curing & Deshuttering for RC Raft & Footings (B03) (footing),ROYA-BIG PROJECT PHASE01 (B1-4) > Construction > Part 01 > B03 > Substructure > Footing,TK_Complete,2026-03-17 00:00,2026-03-17 00:00,2026-03-17 00:00,0.0,0.0,0.0,2026-03-17 00:00,2026-03-17 00:00,0.0,1,YES
CON-B03-FOOT-1110,Bitumen Ins. for RC Raft & Footings (B03) (footing),ROYA-BIG PROJECT PHASE01 (B1-4) > Construction > Part 01 > B03 > Substructure > Footing,TK_NotStart,2026-03-17 00:00,2026-05-05 08:00,2026-05-07 16:00,3.0,3.0,0.0,2026-05-05 08:00,2026-05-08 08:00,0.0,1,YES
CON-B03-FOOT-1120,Soil Backfilling (B03) (footing),ROYA-BIG PROJECT PHASE01 (B1-4) > Construction > Part 01 > B03 > Substructure > Footing,TK_NotStart,2026-03-17 00:00,2026-05-09 08:00,2026-05-12 16:00,4.0,4.0,0.0,2026-05-09 08:00,2026-05-13 08:00,0.0,1,YES
CON-B01-BAS02-1000,"Scaffolding works for Walls, Col. & Cores (B01) (Bas 02)",ROYA-BIG PROJECT PHASE01 (B1-4) > Construction > Part 02 > B01 > Substructure > Basement 2,TK_NotStart,2026-03-17 00:00,2026-03-26 08:00,2026-04-02 16:00,7.0,7.0,0.0,2026-03-26 08:00,2026-04-02 08:00,0.0,1,YES
CON-B01-BAS02-1010,"RFT for Walls, Col. & Cores (B01) (Bas 02)",ROYA-BIG PROJECT PHASE01 (B1-4) > Construction > Part 02 > B01 > Substructure > Basement 2,TK_NotStart,2026-03-17 00:00,2026-03-26 08:00,2026-04-12 16:00,15.0,15.0,0.0,2026-03-26 08:00,2026-04-10 08:00,0.0,1,YES
CON-B01-BAS02-1020,"Shuttering for Walls, Col. & Cores (B01) (Bas 02)",ROYA-BIG PROJECT PHASE01 (B1-4) > Construction > Part 02 > B01 > Substructure > Basement 2,TK_NotStart,2026-03-17 00:00,2026-03-30 08:00,2026-04-16 16:00,15.0,15.0,0.0,2026-03-30 08:00,2026-04-14 08:00,0.0,1,YES
CON-B01-BAS02-1030,"Pouring for Walls, Col. & Cores (B01) (Bas 02)",ROYA-BIG PROJECT PHASE01 (B1-4) > Construction > Part 02 > B01 > Substructure > Basement 2,TK_NotStart,2026-03-17 00:00,2026-04-18 08:00,2026-04-19 16:00,2.0,2.0,0.0,2026-04-18 08:00,2026-04-20 08:00,0.0,1,YES
CON-B01-BAS02-1040,Shuttering for Slabs & Beams (B01) (Bas 02),ROYA-BIG PROJECT PHASE01 (B1-4) > Construction > Part 02 > B01 > Substructure > Basement 2,TK_NotStart,2026-03-17 00:00,2026-07-11 08:00,2026-07-21 16:00,10.0,7.5,-2.5,2026-07-04 08:00,2026-07-11 20:00,-7.0,1,YES
CON-B01-BAS02-1050,Shuttering for Stairs  (B01) (Bas 02),ROYA-BIG PROJECT PHASE01 (B1-4) > Construction > Part 02 > B01 > Substructure > Basement 2,TK_NotStart,2026-03-17 00:00,2026-07-13 08:00,2026-07-21 16:00,8.0,8.0,0.0,2026-07-06 08:00,2026-07-14 08:00,-7.0,1,YES
CON-B01-BAS02-1070,RFT for Slabs & Beams (B01) (Bas 02),ROYA-BIG PROJECT PHASE01 (B1-4) > Construction > Part 02 > B01 > Substructure > Basement 2,TK_NotStart,2026-03-17 00:00,2026-07-14 08:00,2026-07-26 16:00,10.0,7.5,-2.5,2026-07-07 08:00,2026-07-14 20:00,-7.0,1,YES
CON-B01-BAS02-1080,RFT for Stairs (B01) (Bas 02),ROYA-BIG PROJECT PHASE01 (B1-4) > Construction > Part 02 > B01 > Substructure > Basement 2,TK_NotStart,2026-03-17 00:00,2026-07-15 08:00,2026-07-21 16:00,6.0,6.0,0.0,2026-07-08 08:00,2026-07-14 08:00,-7.0,1,YES
CON-B01-BAS02-1130,Pouring for Slabs & Beams (B01) (Bas 02),ROYA-BIG PROJECT PHASE01 (B1-4) > Construction > Part 02 > B01 > Substructure > Basement 2,TK_NotStart,2026-03-17 00:00,2026-07-27 08:00,2026-07-28 16:00,2.0,2.0,0.0,2026-07-17 20:00,2026-07-19 20:00,-9.5,1,YES
CON-B01-BAS02-1100,Pouring for Stairs (B01) (Bas 02),ROYA-BIG PROJECT PHASE01 (B1-4) > Construction > Part 02 > B01 > Substructure > Basement 2,TK_NotStart,2026-03-17 00:00,2026-07-22 08:00,2026-07-25 16:00,2.0,2.0,0.0,2026-07-15 08:00,2026-07-17 08:00,-7.0,1,YES
CON-B01-BAS02-1120,"Curing for Slabs, Beams, Ramps & Stairs (B01) (Bas 02)",ROYA-BIG PROJECT PHASE01 (B1-4) > Construction > Part 02 > B01 > Substructure > Basement 2,TK_NotStart,2026-03-17 00:00,2026-07-29 08:00,2026-07-31 16:00,3.0,2.25,-0.75,2026-07-19 20:00,2026-07-22 02:00,-9.5,1,YES
CON-B01-BAS02-1140,Dismantling Formwork (B01) (Bas 02),ROYA-BIG PROJECT PHASE01 (B1-4) > Construction > Part 02 > B01 > Substructure > Basement 2,TK_NotStart,2026-03-17 00:00,2026-08-14 08:00,2026-08-14 16:00,1.0,1.0,0.0,2026-08-04 20:00,2026-08-05 20:00,-9.5,1,YES
CON-B04-WT-1000,Excavation for Water Tank (+198.15) (B04) (Water Tank),ROYA-BIG PROJECT PHASE01 (B1-4) > Construction > Part 01 > B04 > Substructure > Basement 2 > Water Tank,TK_Complete,2026-03-17 00:00,2026-03-17 00:00,2026-03-17 00:00,0.0,0.0,0.0,2026-03-17 00:00,2026-03-17 00:00,0.0,1,YES
CON-B04-WT-1010,Compaction of Soil (B04) (Water Tank),ROYA-BIG PROJECT PHASE01 (B1-4) > Construction > Part 01 > B04 > Substructure > Basement 2 > Water Tank,TK_Complete,2026-03-17 00:00,2026-03-17 00:00,2026-03-17 00:00,0.0,0.0,0.0,2026-03-17 00:00,2026-03-17 00:00,0.0,1,YES
CON-B04-WT-1020,Shuttering for PC Raft (B04) (Water Tank),ROYA-BIG PROJECT PHASE01 (B1-4) > Construction > Part 01 > B04 > Substructure > Basement 2 > Water Tank,TK_Complete,2026-03-17 00:00,2026-03-17 00:00,2026-03-17 00:00,0.0,0.0,0.0,2026-03-17 00:00,2026-03-17 00:00,0.0,1,YES
CON-B04-WT-1030,Pouring for PC Raft (B04) (Water Tank),ROYA-BIG PROJECT PHASE01 (B1-4) > Construction > Part 01 > B04 > Substructure > Basement 2 > Water Tank,TK_Complete,2026-03-17 00:00,2026-03-17 00:00,2026-03-17 00:00,0.0,0.0,0.0,2026-03-17 00:00,2026-03-17 00:00,0.0,1,YES
CON-B04-WT-1040,Curing for PC Raft (B04) (Water Tank),ROYA-BIG PROJECT PHASE01 (B1-4) > Construction > Part 01 > B04 > Substructure > Basement 2 > Water Tank,TK_Complete,2026-03-17 00:00,2026-03-17 00:00,2026-03-17 00:00,0.0,0.0,0.0,2026-03-17 00:00,2026-03-17 00:00,0.0,1,YES
CON-B04-WT-1050,Waterproofing & Ins. Protection works (B04) (Water Tank),ROYA-BIG PROJECT PHASE01 (B1-4) > Construction > Part 01 > B04 > Substructure > Basement 2 > Water Tank,TK_Complete,2026-03-17 00:00,2026-03-17 00:00,2026-03-17 00:00,0.0,0.0,0.0,2026-03-17 00:00,2026-03-17 00:00,0.0,1,YES
CON-B04-WT-1060,Shuttering for RC Raft (B04) (Water Tank),ROYA-BIG PROJECT PHASE01 (B1-4) > Construction > Part 01 > B04 > Substructure > Basement 2 > Water Tank,TK_Complete,2026-03-17 00:00,2026-03-17 00:00,2026-03-17 00:00,0.0,0.0,0.0,2026-03-17 00:00,2026-03-17 00:00,0.0,1,YES
CON-B04-WT-1070,RFT for RC Raft (B04) (Water Tank),ROYA-BIG PROJECT PHASE01 (B1-4) > Construction > Part 01 > B04 > Substructure > Basement 2 > Water Tank,TK_Complete,2026-03-17 00:00,2026-03-17 00:00,2026-03-17 00:00,0.0,0.0,0.0,2026-03-17 00:00,2026-03-17 00:00,0.0,1,YES
CON-B04-WT-1080,Pouring for RC Raft (B04) (Water Tank),ROYA-BIG PROJECT PHASE01 (B1-4) > Construction > Part 01 > B04 > Substructure > Basement 2 > Water Tank,TK_Complete,2026-03-17 00:00,2026-03-17 00:00,2026-03-17 00:00,0.0,0.0,0.0,2026-03-17 00:00,2026-03-17 00:00,0.0,1,YES
CON-B04-WT-1090,Curing & Deshuttering for RC Raft (B04) (Water Tank),ROYA-BIG PROJECT PHASE01 (B1-4) > Construction > Part 01 > B04 > Substructure > Basement 2 > Water Tank,TK_Complete,2026-03-17 00:00,2026-03-17 00:00,2026-03-17 00:00,0.0,0.0,0.0,2026-03-17 00:00,2026-03-17 00:00,0.0,1,YES
CON-B04-WT-1100,Shuttering for Walls (B04) (Water Tank),ROYA-BIG PROJECT PHASE01 (B1-4) > Construction > Part 01 > B04 > Substructure > Basement 2 > Water Tank,TK_Active,2026-03-17 00:00,2026-03-21 08:00,2026-03-23 11:12,2.4,2.4,0.0,2026-03-21 08:00,2026-03-23 17:36,0.0,1,YES
CON-B04-WT-1110,RFT for Walls (B04) (Water Tank),ROYA-BIG PROJECT PHASE01 (B1-4) > Construction > Part 01 > B04 > Substructure > Basement 2 > Water Tank,TK_Active,2026-03-17 00:00,2026-03-21 08:00,2026-03-24 16:00,4.0,4.0,0.0,2026-03-21 08:00,2026-03-25 08:00,0.0,1,YES
CON-B04-WT-1120,Installation for Waterstop Insulation (B04) (Water Tank),ROYA-BIG PROJECT PHASE01 (B1-4) > Construction > Part 01 > B04 > Substructure > Basement 2 > Water Tank,TK_NotStart,2026-03-17 00:00,2026-03-21 08:00,2026-03-24 16:00,4.0,4.0,0.0,2026-03-21 08:00,2026-03-25 08:00,0.0,1,YES
CON-B04-WT-1130,Pouring for Walls (B04) (Water Tank),ROYA-BIG PROJECT PHASE01 (B1-4) > Construction > Part 01 > B04 > Substructure > Basement 2 > Water Tank,TK_NotStart,2026-03-17 00:00,2026-03-25 08:00,2026-03-26 16:00,2.0,2.0,0.0,2026-03-25 08:00,2026-03-27 08:00,0.0,1,YES
CON-B04-WT-1140,Curing & Deshuttering for Walls (B04) (Water Tank),ROYA-BIG PROJECT PHASE01 (B1-4) > Construction > Part 01 > B04 > Substructure > Basement 2 > Water Tank,TK_NotStart,2026-03-17 00:00,2026-03-25 08:00,2026-03-29 16:00,5.0,5.0,0.0,2026-03-25 08:00,2026-03-30 08:00,0.0,1,YES
CON-B04-WT-1150,Formwork for Top Slab (B04) (Water Tank),ROYA-BIG PROJECT PHASE01 (B1-4) > Construction > Part 01 > B04 > Substructure > Basement 2 > Water Tank,TK_NotStart,2026-03-17 00:00,2026-03-28 08:00,2026-04-02 16:00,6.0,6.0,0.0,2026-03-28 08:00,2026-04-03 08:00,0.0,1,YES
CON-B04-WT-1160,RFT for Top Slab (B04) (Water Tank),ROYA-BIG PROJECT PHASE01 (B1-4) > Construction > Part 01 > B04 > Substructure > Basement 2 > Water Tank,TK_NotStart,2026-03-17 00:00,2026-03-29 08:00,2026-04-04 16:00,6.0,6.0,0.0,2026-03-29 08:00,2026-04-04 08:00,0.0,1,YES
CON-B04-WT-1170,Pouring for Top Slab (B04) (Water Tank),ROYA-BIG PROJECT PHASE01 (B1-4) > Construction > Part 01 > B04 > Substructure > Basement 2 > Water Tank,TK_NotStart,2026-03-17 00:00,2026-04-05 08:00,2026-04-05 16:00,1.0,1.0,0.0,2026-04-05 08:00,2026-04-06 08:00,0.0,1,YES
CON-B04-WT-1180,Curing & Desmantling Formwork for Top Slab (B04) (Water Tank),ROYA-BIG PROJECT PHASE01 (B1-4) > Construction > Part 01 > B04 > Substructure > Basement 2 > Water Tank,TK_NotStart,2026-03-17 00:00,2026-04-06 08:00,2026-04-10 16:00,5.0,5.0,0.0,2026-04-06 08:00,2026-04-11 08:00,0.0,1,YES
CON-B04-WT-1190,Clearing Surface & Insulation for Inner Side (B04) (Water Tank),ROYA-BIG PROJECT PHASE01 (B1-4) > Construction > Part 01 > B04 > Substructure > Basement 2 > Water Tank,TK_NotStart,2026-03-17 00:00,2026-04-14 08:00,2026-04-19 16:00,5.0,5.0,0.0,2026-04-14 08:00,2026-04-19 08:00,0.0,1,YES
CON-B04-WT-1200,Insulation for Outer Side (B04) (Water Tank),ROYA-BIG PROJECT PHASE01 (B1-4) > Construction > Part 01 > B04 > Substructure > Basement 2 > Water Tank,TK_NotStart,2026-03-17 00:00,2026-04-14 08:00,2026-04-19 16:00,5.0,5.0,0.0,2026-04-14 08:00,2026-04-19 08:00,0.0,1,YES
CON-B02-BAS02-1000,"Scaffolding works for Walls, Col. & Cores (B02) (Bas 02)",ROYA-BIG PROJECT PHASE01 (B1-4) > Construction > Part 02 > B02 > Substructure > Basement 2,TK_NotStart,2026-03-17 00:00,2026-03-21 08:00,2026-03-28 16:00,7.0,7.0,0.0,2026-03-21 08:00,2026-03-28 08:00,0.0,1,YES
CON-B02-BAS02-1010,"RFT for Walls, Col. & Cores (B02) (Bas 02)",ROYA-BIG PROJECT PHASE01 (B1-4) > Construction > Part 02 > B02 > Substructure > Basement 2,TK_NotStart,2026-03-17 00:00,2026-03-21 08:00,2026-04-02 16:00,12.0,12.0,0.0,2026-03-21 08:00,2026-04-02 08:00,0.0,1,YES
CON-B02-BAS02-1020,"Shuttering for Walls, Col. & Cores (B02) (Bas 02)",ROYA-BIG PROJECT PHASE01 (B1-4) > Construction > Part 02 > B02 > Substructure > Basement 2,TK_NotStart,2026-03-17 00:00,2026-03-24 08:00,2026-04-06 16:00,12.0,12.0,0.0,2026-03-24 08:00,2026-04-05 08:00,0.0,1,YES
CON-B02-BAS02-1030,"Pouring for Walls, Col. & Cores (B02) (Bas 02)",ROYA-BIG PROJECT PHASE01 (B1-4) > Construction > Part 02 > B02 > Substructure > Basement 2,TK_NotStart,2026-03-17 00:00,2026-04-07 08:00,2026-04-08 16:00,2.0,2.0,0.0,2026-04-07 08:00,2026-04-09 08:00,0.0,1,YES
CON-B02-BAS02-1040,Shuttering for Slabs & Beams (B02) (Bas 02),ROYA-BIG PROJECT PHASE01 (B1-4) > Construction > Part 02 > B02 > Substructure > Basement 2,TK_NotStart,2026-03-17 00:00,2026-04-27 08:00,2026-05-05 16:00,8.0,8.0,0.0,2026-04-27 08:00,2026-05-05 08:00,0.0,1,YES
CON-B02-BAS02-1050,Shuttering for Stairs (B02) (Bas 02),ROYA-BIG PROJECT PHASE01 (B1-4) > Construction > Part 02 > B02 > Substructure > Basement 2,TK_NotStart,2026-03-17 00:00,2026-04-29 08:00,2026-05-05 16:00,6.0,6.0,0.0,2026-04-29 08:00,2026-05-05 08:00,0.0,1,YES
CON-B02-BAS02-1060,RFT for Slabs & Beams (B02) (Bas 02),ROYA-BIG PROJECT PHASE01 (B1-4) > Construction > Part 02 > B02 > Substructure > Basement 2,TK_NotStart,2026-03-17 00:00,2026-04-29 08:00,2026-05-10 16:00,10.0,10.0,0.0,2026-04-29 08:00,2026-05-09 08:00,0.0,1,YES
CON-B02-BAS02-1070,RFT for Stairs  (B02) (Bas 02),ROYA-BIG PROJECT PHASE01 (B1-4) > Construction > Part 02 > B02 > Substructure > Basement 2,TK_NotStart,2026-03-17 00:00,2026-05-02 08:00,2026-05-07 16:00,6.0,6.0,0.0,2026-05-02 08:00,2026-05-08 08:00,0.0,1,YES
CON-B02-BAS02-1100,Pouring for Slabs & Beams (B02) (Bas 02),ROYA-BIG PROJECT PHASE01 (B1-4) > Construction > Part 02 > B02 > Substructure > Basement 2,TK_NotStart,2026-03-17 00:00,2026-05-11 08:00,2026-05-12 16:00,2.0,2.0,0.0,2026-05-11 08:00,2026-05-13 08:00,0.0,1,YES
CON-B02-BAS02-1080,Pouring for Stairs  (B02) (Bas 02),ROYA-BIG PROJECT PHASE01 (B1-4) > Construction > Part 02 > B02 > Substructure > Basement 2,TK_NotStart,2026-03-17 00:00,2026-05-09 08:00,2026-05-10 16:00,2.0,2.0,0.0,2026-05-09 08:00,2026-05-11 08:00,0.0,1,YES
CON-B02-BAS02-1090,"Curing for Slabs, Beams & Stairs (B02) (Bas 02)",ROYA-BIG PROJECT PHASE01 (B1-4) > Construction > Part 02 > B02 > Substructure > Basement 2,TK_NotStart,2026-03-17 00:00,2026-05-11 08:00,2026-05-15 16:00,5.0,5.0,0.0,2026-05-11 08:00,2026-05-16 08:00,0.0,1,YES
CON-B02-BAS02-1110,Dismantling Formwork (B02) (Bas 02),ROYA-BIG PROJECT PHASE01 (B1-4) > Construction > Part 02 > B02 > Substructure > Basement 2,TK_NotStart,2026-03-17 00:00,2026-06-03 08:00,2026-06-03 16:00,1.0,1.0,0.0,2026-06-03 08:00,2026-06-04 08:00,0.0,1,YES
CON-B03-BAS02-1000,"Scaffolding works for Walls, Col. & Cores (B03) (Bas 02)",ROYA-BIG PROJECT PHASE01 (B1-4) > Construction > Part 01 > B03 > Substructure > Basement 2,TK_Complete,2026-03-17 00:00,2026-03-17 00:00,2026-03-17 00:00,0.0,0.0,0.0,2026-03-17 00:00,2026-03-17 00:00,0.0,1,YES
CON-B03-BAS02-1010,"RFT for Walls, Col. & Cores (B03) (Bas 02)",ROYA-BIG PROJECT PHASE01 (B1-4) > Construction > Part 01 > B03 > Substructure > Basement 2,TK_NotStart,2026-03-17 00:00,2026-04-04 08:00,2026-04-18 16:00,12.0,12.0,0.0,2026-04-04 08:00,2026-04-16 08:00,0.0,1,YES
CON-B03-BAS02-1020,"Shuttering for Walls, Col. & Cores (B03) (Bas 02)",ROYA-BIG PROJECT PHASE01 (B1-4) > Construction > Part 01 > B03 > Substructure > Basement 2,TK_NotStart,2026-03-17 00:00,2026-04-07 08:00,2026-04-21 16:00,12.0,12.0,0.0,2026-04-07 08:00,2026-04-19 08:00,0.0,1,YES
CON-B03-BAS02-1030,"Pouring for Walls, Col. & Cores (B03) (Bas 02)",ROYA-BIG PROJECT PHASE01 (B1-4) > Construction > Part 01 > B03 > Substructure > Basement 2,TK_NotStart,2026-03-17 00:00,2026-04-22 08:00,2026-04-23 16:00,2.0,2.0,0.0,2026-04-22 08:00,2026-04-24 08:00,0.0,1,YES
CON-B03-BAS02-1040,Shuttering for Slabs & Beams (B03) (Bas 02),ROYA-BIG PROJECT PHASE01 (B1-4) > Construction > Part 01 > B03 > Substructure > Basement 2,TK_NotStart,2026-03-17 00:00,2026-04-27 08:00,2026-05-05 16:00,8.0,8.0,0.0,2026-04-27 08:00,2026-05-05 08:00,0.0,1,YES
CON-B03-BAS02-1050,Shuttering for Stairs (B03) (Bas 02),ROYA-BIG PROJECT PHASE01 (B1-4) > Construction > Part 01 > B03 > Substructure > Basement 2,TK_NotStart,2026-03-17 00:00,2026-04-29 08:00,2026-05-05 16:00,6.0,6.0,0.0,2026-04-29 08:00,2026-05-05 08:00,0.0,1,YES
CON-B03-BAS02-1060,RFT for Slabs & Beams (B03) (Bas 02),ROYA-BIG PROJECT PHASE01 (B1-4) > Construction > Part 01 > B03 > Substructure > Basement 2,TK_NotStart,2026-03-17 00:00,2026-04-29 08:00,2026-05-10 16:00,10.0,10.0,0.0,2026-04-29 08:00,2026-05-09 08:00,0.0,1,YES
CON-B03-BAS02-1070,RFT for Stairs  (B03) (Bas 02),ROYA-BIG PROJECT PHASE01 (B1-4) > Construction > Part 01 > B03 > Substructure > Basement 2,TK_NotStart,2026-03-17 00:00,2026-05-09 08:00,2026-05-14 16:00,6.0,6.0,0.0,2026-05-09 08:00,2026-05-15 08:00,0.0,1,YES
CON-B03-BAS02-1100,Pouring for Slabs & Beams B03) (Bas 02),ROYA-BIG PROJECT PHASE01 (B1-4) > Construction > Part 01 > B03 > Substructure > Basement 2,TK_NotStart,2026-03-17 00:00,2026-05-13 08:00,2026-05-14 16:00,2.0,2.0,0.0,2026-05-13 08:00,2026-05-15 08:00,0.0,1,YES
CON-B03-BAS02-1080,Pouring for Stairs  (B03) (Bas 02),ROYA-BIG PROJECT PHASE01 (B1-4) > Construction > Part 01 > B03 > Substructure > Basement 2,TK_NotStart,2026-03-17 00:00,2026-05-16 08:00,2026-05-17 16:00,2.0,2.0,0.0,2026-05-16 08:00,2026-05-18 08:00,0.0,1,YES
CON-B03-BAS02-1090,"Curing for Slabs, Beams & Stairs (B03) (Bas 02)",ROYA-BIG PROJECT PHASE01 (B1-4) > Construction > Part 01 > B03 > Substructure > Basement 2,TK_NotStart,2026-03-17 00:00,2026-05-18 08:00,2026-05-22 16:00,5.0,5.0,0.0,2026-05-18 08:00,2026-05-23 08:00,0.0,1,YES
CON-B03-BAS02-1110,Dismantling Formwork (B03) (Bas 02),ROYA-BIG PROJECT PHASE01 (B1-4) > Construction > Part 01 > B03 > Substructure > Basement 2,TK_NotStart,2026-03-17 00:00,2026-06-04 08:00,2026-06-04 16:00,1.0,1.0,0.0,2026-06-04 08:00,2026-06-05 08:00,0.0,1,YES
CON-B02-SOG-1000,Soil Backfilling & Compaction (B02) (Sog),ROYA-BIG PROJECT PHASE01 (B1-4) > Construction > Part 02 > B02 > Substructure > Basement 2 > S.O.G,TK_NotStart,2026-03-17 00:00,2026-10-13 08:00,2026-10-20 16:00,7.0,7.0,0.0,2026-10-03 20:00,2026-10-10 20:00,-9.5,1,YES
CON-B02-SOG-1010,Soil Compaction Test (B02) (Sog),ROYA-BIG PROJECT PHASE01 (B1-4) > Construction > Part 02 > B02 > Substructure > Basement 2 > S.O.G,TK_NotStart,2026-03-17 00:00,2026-10-21 08:00,2026-10-22 16:00,2.0,2.0,0.0,2026-10-11 20:00,2026-10-13 20:00,-9.5,1,YES
CON-B02-SOG-1020,DPM Layer works (B02) (Sog),ROYA-BIG PROJECT PHASE01 (B1-4) > Construction > Part 02 > B02 > Substructure > Basement 2 > S.O.G,TK_NotStart,2026-03-17 00:00,2026-10-24 08:00,2026-11-09 16:00,15.0,15.0,0.0,2026-10-14 20:00,2026-10-29 20:00,-9.5,1,YES
CON-B02-SOG-1030,Blinding Concrete works (B02) (Sog),ROYA-BIG PROJECT PHASE01 (B1-4) > Construction > Part 02 > B02 > Substructure > Basement 2 > S.O.G,TK_NotStart,2026-03-17 00:00,2026-11-04 08:00,2026-11-17 16:00,12.0,12.0,0.0,2026-10-25 20:00,2026-11-06 20:00,-9.5,1,YES
CON-B02-SOG-1040,Shuttering & RFT for S.O.G (B02) (Sog),ROYA-BIG PROJECT PHASE01 (B1-4) > Construction > Part 02 > B02 > Substructure > Basement 2 > S.O.G,TK_NotStart,2026-03-17 00:00,2026-11-14 08:00,2026-11-30 16:00,15.0,15.0,0.0,2026-11-04 20:00,2026-11-19 20:00,-9.5,1,YES
CON-B02-SOG-1050,Pouring for S.O.G (B02) (Sog),ROYA-BIG PROJECT PHASE01 (B1-4) > Construction > Part 02 > B02 > Substructure > Basement 2 > S.O.G,TK_NotStart,2026-03-17 00:00,2026-11-22 08:00,2026-12-05 16:00,12.0,12.0,0.0,2026-11-12 20:00,2026-11-24 20:00,-9.5,1,YES
CON-B02-SOG-1060,Curing & Smoothing Surface for S.O.G (B02) (Sog),ROYA-BIG PROJECT PHASE01 (B1-4) > Construction > Part 02 > B02 > Substructure > Basement 2 > S.O.G,TK_NotStart,2026-03-17 00:00,2026-11-26 08:00,2026-12-05 16:00,10.0,10.0,0.0,2026-11-16 20:00,2026-11-26 20:00,-9.5,1,YES
CON-B01-SOG-1000,Soil Backfilling & Compaction (B01) (Sog),ROYA-BIG PROJECT PHASE01 (B1-4) > Construction > Part 02 > B01 > Substructure > Basement 2 > S.O.G,TK_NotStart,2026-03-17 00:00,2026-10-04 08:00,2026-10-12 16:00,7.0,7.0,0.0,2026-09-24 20:00,2026-10-01 20:00,-9.5,1,YES
CON-B01-SOG-1010,Soil Compaction Test (B01) (Sog),ROYA-BIG PROJECT PHASE01 (B1-4) > Construction > Part 02 > B01 > Substructure > Basement 2 > S.O.G,TK_NotStart,2026-03-17 00:00,2026-10-07 08:00,2026-10-14 16:00,7.0,7.0,0.0,2026-09-27 20:00,2026-10-04 20:00,-9.5,1,YES
CON-B01-SOG-1020,DPM Layer works (B01) (Sog),ROYA-BIG PROJECT PHASE01 (B1-4) > Construction > Part 02 > B01 > Substructure > Basement 2 > S.O.G,TK_NotStart,2026-03-17 00:00,2026-10-15 08:00,2026-11-01 16:00,15.0,15.0,0.0,2026-10-05 20:00,2026-10-20 20:00,-9.5,1,YES
CON-B01-SOG-1030,Blinding Concrete works (B01) (Sog),ROYA-BIG PROJECT PHASE01 (B1-4) > Construction > Part 02 > B01 > Substructure > Basement 2 > S.O.G,TK_NotStart,2026-03-17 00:00,2026-10-21 08:00,2026-11-03 16:00,12.0,12.0,0.0,2026-10-11 20:00,2026-10-23 20:00,-9.5,1,YES
CON-B01-SOG-1040,Shuttering & RFT for S.O.G (B01) (Sog),ROYA-BIG PROJECT PHASE01 (B1-4) > Construction > Part 02 > B01 > Substructure > Basement 2 > S.O.G,TK_NotStart,2026-03-17 00:00,2026-10-27 08:00,2026-11-12 16:00,15.0,15.0,0.0,2026-10-17 20:00,2026-11-01 20:00,-9.5,1,YES
CON-B01-SOG-1050,Pouring for S.O.G (B01) (Sog),ROYA-BIG PROJECT PHASE01 (B1-4) > Construction > Part 02 > B01 > Substructure > Basement 2 > S.O.G,TK_NotStart,2026-03-17 00:00,2026-11-04 08:00,2026-11-17 16:00,12.0,12.0,0.0,2026-10-25 20:00,2026-11-06 20:00,-9.5,1,YES
CON-B01-SOG-1060,Curing & Smoothing Surface for S.O.G (B01) (Sog),ROYA-BIG PROJECT PHASE01 (B1-4) > Construction > Part 02 > B01 > Substructure > Basement 2 > S.O.G,TK_NotStart,2026-03-17 00:00,2026-11-08 08:00,2026-11-19 16:00,12.0,12.0,0.0,2026-10-29 20:00,2026-11-10 20:00,-9.5,1,YES
CON-B01-BAS01-1000,"Scaffolding works for Walls, Col. & Cores (B01) (Bas 01)",ROYA-BIG PROJECT PHASE01 (B1-4) > Construction > Part 02 > B01 > Substructure > Basement 1,TK_NotStart,2026-03-17 00:00,2026-08-01 08:00,2026-08-08 16:00,7.0,5.25,-1.75,2026-07-23 14:00,2026-07-28 20:00,-8.75,1,YES
CON-B01-BAS01-1010,"RFT for Walls, Col. & Cores (B01) (Bas 01)",ROYA-BIG PROJECT PHASE01 (B1-4) > Construction > Part 02 > B01 > Substructure > Basement 1,TK_NotStart,2026-03-17 00:00,2026-08-01 08:00,2026-08-13 16:00,12.0,9.0,-3.0,2026-07-23 14:00,2026-08-01 14:00,-8.75,1,YES
CON-B01-BAS01-1020,"Shuttering for Walls, Col. & Cores (B01) (Bas 01)",ROYA-BIG PROJECT PHASE01 (B1-4) > Construction > Part 02 > B01 > Substructure > Basement 1,TK_NotStart,2026-03-17 00:00,2026-08-04 08:00,2026-08-17 16:00,12.0,9.0,-3.0,2026-07-26 14:00,2026-08-04 14:00,-8.75,1,YES
CON-B01-BAS01-1030,"Pouring for Walls, Col. & Cores (B01) (Bas 01)",ROYA-BIG PROJECT PHASE01 (B1-4) > Construction > Part 02 > B01 > Substructure > Basement 1,TK_NotStart,2026-03-17 00:00,2026-08-18 08:00,2026-08-19 16:00,2.0,2.0,0.0,2026-08-06 14:00,2026-08-08 14:00,-11.75,1,YES
CON-B01-BAS01-1040,Shuttering for Slabs & Beams (B01) (Bas 01),ROYA-BIG PROJECT PHASE01 (B1-4) > Construction > Part 02 > B01 > Substructure > Basement 1,TK_NotStart,2026-03-17 00:00,2026-08-20 08:00,2026-08-30 16:00,8.0,6.0,-2.0,2026-08-08 14:00,2026-08-14 14:00,-11.75,1,YES
CON-B01-BAS01-1050,Shuttering for Stairs  (B01) (Bas 01),ROYA-BIG PROJECT PHASE01 (B1-4) > Construction > Part 02 > B01 > Substructure > Basement 1,TK_NotStart,2026-03-17 00:00,2026-08-23 08:00,2026-09-01 16:00,8.0,8.0,0.0,2026-08-11 14:00,2026-08-19 14:00,-11.75,1,YES
CON-B01-BAS01-1060,RFT for Slabs & Beams (B01) (Bas 01),ROYA-BIG PROJECT PHASE01 (B1-4) > Construction > Part 02 > B01 > Substructure > Basement 1,TK_NotStart,2026-03-17 00:00,2026-08-23 08:00,2026-09-03 16:00,10.0,7.5,-2.5,2026-08-11 14:00,2026-08-19 02:00,-11.75,1,YES
CON-B01-BAS01-1080,RFT for Stairs  (B01) (Bas 01),ROYA-BIG PROJECT PHASE01 (B1-4) > Construction > Part 02 > B01 > Substructure > Basement 1,TK_NotStart,2026-03-17 00:00,2026-08-26 08:00,2026-09-02 16:00,6.0,6.0,0.0,2026-08-14 14:00,2026-08-20 14:00,-11.75,1,YES
CON-B01-BAS01-1110,Pouring for Slabs & Beams (B01) (Bas 01),ROYA-BIG PROJECT PHASE01 (B1-4) > Construction > Part 02 > B01 > Substructure > Basement 1,TK_NotStart,2026-03-17 00:00,2026-09-05 08:00,2026-09-06 16:00,2.0,2.0,0.0,2026-08-22 02:00,2026-08-24 02:00,-14.25,1,YES
CON-B01-BAS01-1100,Pouring for Stairs  (B01) (Bas 01),ROYA-BIG PROJECT PHASE01 (B1-4) > Construction > Part 02 > B01 > Substructure > Basement 1,TK_NotStart,2026-03-17 00:00,2026-09-03 08:00,2026-09-05 16:00,2.0,2.0,0.0,2026-08-22 14:00,2026-08-24 14:00,-11.75,1,YES
CON-B01-BAS01-1120,"Curing for Slabs, Beams (B01) (Bas 01)",ROYA-BIG PROJECT PHASE01 (B1-4) > Construction > Part 02 > B01 > Substructure > Basement 1,TK_NotStart,2026-03-17 00:00,2026-09-06 08:00,2026-09-08 16:00,3.0,2.25,-0.75,2026-08-25 14:00,2026-08-27 20:00,-11.75,1,YES
CON-B01-BAS01-1140,Dismantling Formwork (B01) (Bas 01),ROYA-BIG PROJECT PHASE01 (B1-4) > Construction > Part 02 > B01 > Substructure > Basement 1,TK_NotStart,2026-03-17 00:00,2026-09-23 08:00,2026-09-23 16:00,1.0,1.0,0.0,2026-09-09 02:00,2026-09-10 02:00,-14.25,1,YES
CON-B02-BAS01-1000,"Scaffolding works for Walls, Col. & Cores (B02) (Bas 01)",ROYA-BIG PROJECT PHASE01 (B1-4) > Construction > Part 02 > B02 > Substructure > Basement 1,TK_NotStart,2026-03-17 00:00,2026-05-16 08:00,2026-05-23 16:00,7.0,7.0,0.0,2026-05-16 08:00,2026-05-23 08:00,0.0,1,YES
CON-B02-BAS01-1010,"RFT for Walls, Col. & Cores (B02) (Bas 01)",ROYA-BIG PROJECT PHASE01 (B1-4) > Construction > Part 02 > B02 > Substructure > Basement 1,TK_NotStart,2026-03-17 00:00,2026-05-16 08:00,2026-06-02 16:00,12.0,12.0,0.0,2026-05-16 08:00,2026-05-28 08:00,0.0,1,YES
CON-B02-BAS01-1020,"Shuttering for Walls, Col. & Cores (B02) (Bas 01)",ROYA-BIG PROJECT PHASE01 (B1-4) > Construction > Part 02 > B02 > Substructure > Basement 1,TK_NotStart,2026-03-17 00:00,2026-05-18 08:00,2026-06-04 16:00,12.0,12.0,0.0,2026-05-18 08:00,2026-05-30 08:00,0.0,1,YES
CON-B02-BAS01-1030,"Pouring for Walls, Col. & Cores (B02) (Bas 01)",ROYA-BIG PROJECT PHASE01 (B1-4) > Construction > Part 02 > B02 > Substructure > Basement 1,TK_NotStart,2026-03-17 00:00,2026-06-06 08:00,2026-06-07 16:00,2.0,2.0,0.0,2026-06-06 08:00,2026-06-08 08:00,0.0,1,YES
CON-B02-BAS01-1040,Shuttering for Slabs & Beams (B02) (Bas 01),ROYA-BIG PROJECT PHASE01 (B1-4) > Construction > Part 02 > B02 > Substructure > Basement 1,TK_NotStart,2026-03-17 00:00,2026-06-08 08:00,2026-06-16 16:00,8.0,8.0,0.0,2026-06-08 08:00,2026-06-16 08:00,0.0,1,YES
CON-B02-BAS01-1050,Shuttering for Stairs (B02) (Bas 01),ROYA-BIG PROJECT PHASE01 (B1-4) > Construction > Part 02 > B02 > Substructure > Basement 1,TK_NotStart,2026-03-17 00:00,2026-06-10 08:00,2026-06-16 16:00,6.0,6.0,0.0,2026-06-10 08:00,2026-06-16 08:00,0.0,1,YES
CON-B02-BAS01-1060,RFT for Slabs & Beams (B02) (Bas 01),ROYA-BIG PROJECT PHASE01 (B1-4) > Construction > Part 02 > B02 > Substructure > Basement 1,TK_NotStart,2026-03-17 00:00,2026-06-10 08:00,2026-06-21 16:00,10.0,10.0,0.0,2026-06-10 08:00,2026-06-20 08:00,0.0,1,YES
CON-B02-BAS01-1070,RFT for Stairs  (B02) (Bas 01),ROYA-BIG PROJECT PHASE01 (B1-4) > Construction > Part 02 > B02 > Substructure > Basement 1,TK_NotStart,2026-03-17 00:00,2026-06-13 08:00,2026-06-18 16:00,6.0,6.0,0.0,2026-06-13 08:00,2026-06-19 08:00,0.0,1,YES
CON-B02-BAS01-1090,Pouring for Slabs & Beams (B02) (Bas 01),ROYA-BIG PROJECT PHASE01 (B1-4) > Construction > Part 02 > B02 > Substructure > Basement 1,TK_NotStart,2026-03-17 00:00,2026-06-22 08:00,2026-06-23 16:00,2.0,2.0,0.0,2026-06-22 08:00,2026-06-24 08:00,0.0,1,YES
CON-B02-BAS01-1080,Pouring for Stairs  (B02) (Bas 01),ROYA-BIG PROJECT PHASE01 (B1-4) > Construction > Part 02 > B02 > Substructure > Basement 1,TK_NotStart,2026-03-17 00:00,2026-06-20 08:00,2026-06-21 16:00,2.0,2.0,0.0,2026-06-20 08:00,2026-06-22 08:00,0.0,1,YES
CON-B02-BAS01-1100,"Curing for Slabs, Beams Stairs (B02) (Bas 01)",ROYA-BIG PROJECT PHASE01 (B1-4) > Construction > Part 02 > B02 > Substructure > Basement 1,TK_NotStart,2026-03-17 00:00,2026-06-22 08:00,2026-06-26 16:00,5.0,5.0,0.0,2026-06-22 08:00,2026-06-27 08:00,0.0,1,YES
CON-B02-BAS01-1110,Dismantling Formwork (B02) (Bas 01),ROYA-BIG PROJECT PHASE01 (B1-4) > Construction > Part 02 > B02 > Substructure > Basement 1,TK_NotStart,2026-03-17 00:00,2026-07-12 08:00,2026-07-12 16:00,1.0,1.0,0.0,2026-07-12 08:00,2026-07-13 08:00,0.0,1,YES
CON-B04-BAS01-1000,"Scaffolding works for Walls, Col. & Cores (B04) (Bas 01)",ROYA-BIG PROJECT PHASE01 (B1-4) > Construction > Part 01 > B04 > Substructure > Basement 1,TK_NotStart,2026-03-17 00:00,2026-05-13 08:00,2026-05-20 16:00,7.0,7.0,0.0,2026-05-13 08:00,2026-05-20 08:00,0.0,1,YES
CON-B04-BAS01-1010,"RFT for Walls, Col. & Cores (B04) (Bas 01)",ROYA-BIG PROJECT PHASE01 (B1-4) > Construction > Part 01 > B04 > Substructure > Basement 1,TK_NotStart,2026-03-17 00:00,2026-05-13 08:00,2026-05-21 16:00,8.0,8.0,0.0,2026-05-13 08:00,2026-05-21 08:00,0.0,1,YES
CON-B04-BAS01-1020,"Shuttering for Walls, Col. & Cores (B04) (Bas 01)",ROYA-BIG PROJECT PHASE01 (B1-4) > Construction > Part 01 > B04 > Substructure > Basement 1,TK_NotStart,2026-03-17 00:00,2026-05-18 08:00,2026-05-24 16:00,6.0,6.0,0.0,2026-05-18 08:00,2026-05-24 08:00,0.0,1,YES
CON-B04-BAS01-1030,"Pouring for Walls, Col. & Cores (B04) (Bas 01)",ROYA-BIG PROJECT PHASE01 (B1-4) > Construction > Part 01 > B04 > Substructure > Basement 1,TK_NotStart,2026-03-17 00:00,2026-05-25 08:00,2026-05-26 16:00,2.0,2.0,0.0,2026-05-25 08:00,2026-05-27 08:00,0.0,1,YES
CON-B04-BAS01-1040,Shuttering for Slabs & Beams (B04) (Bas 01),ROYA-BIG PROJECT PHASE01 (B1-4) > Construction > Part 01 > B04 > Substructure > Basement 1,TK_NotStart,2026-03-17 00:00,2026-06-01 08:00,2026-06-09 16:00,8.0,8.0,0.0,2026-06-01 08:00,2026-06-09 08:00,0.0,1,YES
CON-B04-BAS01-1060,Shuttering for Stairs  (B04) (Bas 01),ROYA-BIG PROJECT PHASE01 (B1-4) > Construction > Part 01 > B04 > Substructure > Basement 1,TK_NotStart,2026-03-17 00:00,2026-06-03 08:00,2026-06-09 16:00,6.0,6.0,0.0,2026-06-03 08:00,2026-06-09 08:00,0.0,1,YES
CON-B04-BAS01-1070,RFT for Slabs & Beams (B04) (Bas 01),ROYA-BIG PROJECT PHASE01 (B1-4) > Construction > Part 01 > B04 > Substructure > Basement 1,TK_NotStart,2026-03-17 00:00,2026-06-06 08:00,2026-06-14 16:00,8.0,8.0,0.0,2026-06-06 08:00,2026-06-14 08:00,0.0,1,YES
CON-B04-BAS01-1090,RFT for Stairs  (B04) (Bas 01),ROYA-BIG PROJECT PHASE01 (B1-4) > Construction > Part 01 > B04 > Substructure > Basement 1,TK_NotStart,2026-03-17 00:00,2026-06-09 08:00,2026-06-14 16:00,5.0,5.0,0.0,2026-06-09 08:00,2026-06-14 08:00,0.0,1,YES
CON-B04-BAS01-1120,Pouring for Slabs & Beams (B04) (Bas 01),ROYA-BIG PROJECT PHASE01 (B1-4) > Construction > Part 01 > B04 > Substructure > Basement 1,TK_NotStart,2026-03-17 00:00,2026-06-15 08:00,2026-06-16 16:00,2.0,2.0,0.0,2026-06-15 08:00,2026-06-17 08:00,0.0,1,YES
CON-B04-BAS01-1100,Pouring for Stairs  (B04) (Bas 01),ROYA-BIG PROJECT PHASE01 (B1-4) > Construction > Part 01 > B04 > Substructure > Basement 1,TK_NotStart,2026-03-17 00:00,2026-06-15 08:00,2026-06-16 16:00,2.0,2.0,0.0,2026-06-15 08:00,2026-06-17 08:00,0.0,1,YES
CON-B04-BAS01-1130,"Curing for Slabs, Beams (B04) (Bas 01)",ROYA-BIG PROJECT PHASE01 (B1-4) > Construction > Part 01 > B04 > Substructure > Basement 1,TK_NotStart,2026-03-17 00:00,2026-06-17 08:00,2026-06-19 16:00,3.0,3.0,0.0,2026-06-17 08:00,2026-06-20 08:00,0.0,1,YES
CON-B04-BAS01-1140,Dismantling Formwork (B04) (Bas 01),ROYA-BIG PROJECT PHASE01 (B1-4) > Construction > Part 01 > B04 > Substructure > Basement 1,TK_NotStart,2026-03-17 00:00,2026-07-02 08:00,2026-07-02 16:00,1.0,1.0,0.0,2026-07-02 08:00,2026-07-03 08:00,0.0,1,YES
CON-B03-BAS01-1000,"Scaffolding works for Walls, Col. & Cores (B03) (Bas 01)",ROYA-BIG PROJECT PHASE01 (B1-4) > Construction > Part 01 > B03 > Substructure > Basement 1,TK_NotStart,2026-03-17 00:00,2026-05-24 08:00,2026-06-03 16:00,6.0,6.0,0.0,2026-05-24 08:00,2026-05-30 08:00,0.0,1,YES
CON-B03-BAS01-1010,"RFT for Walls, Col. & Cores (B03) (Bas 01)",ROYA-BIG PROJECT PHASE01 (B1-4) > Construction > Part 01 > B03 > Substructure > Basement 1,TK_NotStart,2026-03-17 00:00,2026-06-03 08:00,2026-06-16 16:00,12.0,12.0,0.0,2026-06-03 08:00,2026-06-15 08:00,0.0,1,YES
CON-B03-BAS01-1020,"Shuttering for Walls, Col. & Cores (B03) (Bas 01)",ROYA-BIG PROJECT PHASE01 (B1-4) > Construction > Part 01 > B03 > Substructure > Basement 1,TK_NotStart,2026-03-17 00:00,2026-06-07 08:00,2026-06-20 16:00,12.0,12.0,0.0,2026-06-07 08:00,2026-06-19 08:00,0.0,1,YES
CON-B03-BAS01-1030,"Pouring for Walls, Col. & Cores (B03) (Bas 01)",ROYA-BIG PROJECT PHASE01 (B1-4) > Construction > Part 01 > B03 > Substructure > Basement 1,TK_NotStart,2026-03-17 00:00,2026-06-21 08:00,2026-06-22 16:00,2.0,2.0,0.0,2026-06-21 08:00,2026-06-23 08:00,0.0,1,YES
CON-B03-BAS01-1040,Shuttering for Slabs & Beams (B03) (Bas 01),ROYA-BIG PROJECT PHASE01 (B1-4) > Construction > Part 01 > B03 > Substructure > Basement 1,TK_NotStart,2026-03-17 00:00,2026-06-23 08:00,2026-07-02 16:00,8.0,8.0,0.0,2026-06-23 08:00,2026-07-01 08:00,0.0,1,YES
CON-B03-BAS01-1060,Shuttering for Stairs (B03) (Bas 01),ROYA-BIG PROJECT PHASE01 (B1-4) > Construction > Part 01 > B03 > Substructure > Basement 1,TK_NotStart,2026-03-17 00:00,2026-06-27 08:00,2026-07-06 16:00,8.0,8.0,0.0,2026-06-27 08:00,2026-07-05 08:00,0.0,1,YES
CON-B03-BAS01-1050,RFT for Slabs & Beams (B03) (Bas 01),ROYA-BIG PROJECT PHASE01 (B1-4) > Construction > Part 01 > B03 > Substructure > Basement 1,TK_NotStart,2026-03-17 00:00,2026-06-25 08:00,2026-07-07 16:00,10.0,10.0,0.0,2026-06-25 08:00,2026-07-05 08:00,0.0,1,YES
CON-B03-BAS01-1070,RFT for Stairs (B03) (Bas 01),ROYA-BIG PROJECT PHASE01 (B1-4) > Construction > Part 01 > B03 > Substructure > Basement 1,TK_NotStart,2026-03-17 00:00,2026-06-29 08:00,2026-07-06 16:00,6.0,6.0,0.0,2026-06-29 08:00,2026-07-05 08:00,0.0,1,YES
CON-B03-BAS01-1090,Pouring for Slabs & Beams (B03) (Bas 01),ROYA-BIG PROJECT PHASE01 (B1-4) > Construction > Part 01 > B03 > Substructure > Basement 1,TK_NotStart,2026-03-17 00:00,2026-07-08 08:00,2026-07-09 16:00,2.0,2.0,0.0,2026-07-08 08:00,2026-07-10 08:00,0.0,1,YES
CON-B03-BAS01-1080,Pouring for Stairs (B03) (Bas 01),ROYA-BIG PROJECT PHASE01 (B1-4) > Construction > Part 01 > B03 > Substructure > Basement 1,TK_NotStart,2026-03-17 00:00,2026-07-07 08:00,2026-07-08 16:00,2.0,2.0,0.0,2026-07-07 08:00,2026-07-09 08:00,0.0,1,YES
CON-B03-BAS01-1100,"Curing for Slabs, Beams & Stairs (B03) (Bas 01)",ROYA-BIG PROJECT PHASE01 (B1-4) > Construction > Part 01 > B03 > Substructure > Basement 1,TK_NotStart,2026-03-17 00:00,2026-07-09 08:00,2026-07-13 16:00,5.0,5.0,0.0,2026-07-09 08:00,2026-07-14 08:00,0.0,1,YES
CON-B03-BAS01-1110,Dismantling Formwork (B03) (Bas 01),ROYA-BIG PROJECT PHASE01 (B1-4) > Construction > Part 01 > B03 > Substructure > Basement 1,TK_NotStart,2026-03-17 00:00,2026-07-21 08:00,2026-07-21 16:00,1.0,1.0,0.0,2026-07-21 08:00,2026-07-22 08:00,0.0,1,YES
CON-B04-SOG-1000,Soil Backfilling & Compaction (B04) (Sog),ROYA-BIG PROJECT PHASE01 (B1-4) > Construction > Part 01 > B04 > Substructure > Basement 2 > S.O.G,TK_NotStart,2026-03-17 00:00,2026-06-17 08:00,2026-06-24 16:00,7.0,7.0,0.0,2026-06-17 08:00,2026-06-24 08:00,0.0,1,YES
CON-B04-SOG-1010,Soil Compaction Test (B04) (Sog),ROYA-BIG PROJECT PHASE01 (B1-4) > Construction > Part 01 > B04 > Substructure > Basement 2 > S.O.G,TK_NotStart,2026-03-17 00:00,2026-06-25 08:00,2026-06-27 16:00,2.0,2.0,0.0,2026-06-25 08:00,2026-06-27 08:00,0.0,1,YES
CON-B04-SOG-1020,DPM Layer works (B04) (Sog),ROYA-BIG PROJECT PHASE01 (B1-4) > Construction > Part 01 > B04 > Substructure > Basement 2 > S.O.G,TK_NotStart,2026-03-17 00:00,2026-06-28 08:00,2026-07-09 16:00,10.0,10.0,0.0,2026-06-28 08:00,2026-07-08 08:00,0.0,1,YES
CON-B04-SOG-1030,Blinding Concrete works (B04) (Sog),ROYA-BIG PROJECT PHASE01 (B1-4) > Construction > Part 01 > B04 > Substructure > Basement 2 > S.O.G,TK_NotStart,2026-03-17 00:00,2026-07-05 08:00,2026-07-18 16:00,12.0,12.0,0.0,2026-07-05 08:00,2026-07-17 08:00,0.0,1,YES
CON-B04-SOG-1040,Shuttering & RFT for S.O.G (B04) (Sog),ROYA-BIG PROJECT PHASE01 (B1-4) > Construction > Part 01 > B04 > Substructure > Basement 2 > S.O.G,TK_NotStart,2026-03-17 00:00,2026-07-11 08:00,2026-07-28 16:00,15.0,15.0,0.0,2026-07-11 08:00,2026-07-26 08:00,0.0,1,YES
CON-B04-SOG-1050,Pouring for S.O.G (B04) (Sog),ROYA-BIG PROJECT PHASE01 (B1-4) > Construction > Part 01 > B04 > Substructure > Basement 2 > S.O.G,TK_NotStart,2026-03-17 00:00,2026-07-16 08:00,2026-07-28 16:00,10.0,10.0,0.0,2026-07-16 08:00,2026-07-26 08:00,0.0,1,YES
CON-B04-SOG-1060,Curing & Smoothing Surface for S.O.G (B04) (Sog),ROYA-BIG PROJECT PHASE01 (B1-4) > Construction > Part 01 > B04 > Substructure > Basement 2 > S.O.G,TK_NotStart,2026-03-17 00:00,2026-07-19 08:00,2026-07-28 16:00,10.0,10.0,0.0,2026-07-19 08:00,2026-07-29 08:00,0.0,1,YES
CON-B03-SOG-1000,Soil Backfilling & Compaction (B03) (sog),ROYA-BIG PROJECT PHASE01 (B1-4) > Construction > Part 01 > B03 > Substructure > Basement 2 > S.O.G,TK_NotStart,2026-03-17 00:00,2026-06-06 08:00,2026-06-13 16:00,7.0,7.0,0.0,2026-06-06 08:00,2026-06-13 08:00,0.0,1,YES
CON-B03-SOG-1010,Soil Compaction Test (B03) (sog),ROYA-BIG PROJECT PHASE01 (B1-4) > Construction > Part 01 > B03 > Substructure > Basement 2 > S.O.G,TK_NotStart,2026-03-17 00:00,2026-06-14 08:00,2026-06-15 16:00,2.0,2.0,0.0,2026-06-14 08:00,2026-06-16 08:00,0.0,1,YES
CON-B03-SOG-1020,DPM Layer works (B03) (sog),ROYA-BIG PROJECT PHASE01 (B1-4) > Construction > Part 01 > B03 > Substructure > Basement 2 > S.O.G,TK_NotStart,2026-03-17 00:00,2026-06-16 08:00,2026-06-27 16:00,10.0,10.0,0.0,2026-06-16 08:00,2026-06-26 08:00,0.0,1,YES
CON-B03-SOG-1030,Blinding Concrete works (B03) (sog),ROYA-BIG PROJECT PHASE01 (B1-4) > Construction > Part 01 > B03 > Substructure > Basement 2 > S.O.G,TK_NotStart,2026-03-17 00:00,2026-06-22 08:00,2026-07-06 16:00,12.0,12.0,0.0,2026-06-22 08:00,2026-07-04 08:00,0.0,1,YES
CON-B03-SOG-1040,Shuttering & RFT for S.O.G (B03) (sog),ROYA-BIG PROJECT PHASE01 (B1-4) > Construction > Part 01 > B03 > Substructure > Basement 2 > S.O.G,TK_NotStart,2026-03-17 00:00,2026-06-28 08:00,2026-07-09 16:00,10.0,10.0,0.0,2026-06-28 08:00,2026-07-08 08:00,0.0,1,YES
CON-B03-SOG-1050,Pouring for S.O.G (B03) (sog),ROYA-BIG PROJECT PHASE01 (B1-4) > Construction > Part 01 > B03 > Substructure > Basement 2 > S.O.G,TK_NotStart,2026-03-17 00:00,2026-07-07 08:00,2026-07-14 16:00,7.0,7.0,0.0,2026-07-07 08:00,2026-07-14 08:00,0.0,1,YES
CON-B03-SOG-1060,Curing & Smoothing Surface for S.O.G (B03) (sog),ROYA-BIG PROJECT PHASE01 (B1-4) > Construction > Part 01 > B03 > Substructure > Basement 2 > S.O.G,TK_NotStart,2026-03-17 00:00,2026-07-08 08:00,2026-07-14 16:00,7.0,7.0,0.0,2026-07-08 08:00,2026-07-15 08:00,0.0,1,YES
E-SUB-B01-FOOT-1000,Submittal for PC Raft Conc. Dim. DWGs (B01) (footing),ROYA-BIG PROJECT PHASE01 (B1-4) > Engineering > Shop Drawing > Submittal > Part 02 > B01 > Substructre > Footing,TK_Complete,2026-03-17 00:00,2026-03-17 00:00,2026-03-17 00:00,0.0,0.0,0.0,2026-03-17 00:00,2026-03-17 00:00,0.0,0,YES
E-SUB-B01-FOOT-1010,Submittal for RC Raft & Footings Conc. Dim. DWGs (B01) (footing),ROYA-BIG PROJECT PHASE01 (B1-4) > Engineering > Shop Drawing > Submittal > Part 02 > B01 > Substructre > Footing,TK_Complete,2026-03-17 00:00,2026-03-17 00:00,2026-03-17 00:00,0.0,0.0,0.0,2026-03-17 00:00,2026-03-17 00:00,0.0,0,YES
E-SUB-B01-FOOT-1020,Submittal for RC Raft & Footings RFT DWGs (B01) (footing),ROYA-BIG PROJECT PHASE01 (B1-4) > Engineering > Shop Drawing > Submittal > Part 02 > B01 > Substructre > Footing,TK_Complete,2026-03-17 00:00,2026-03-17 00:00,2026-03-17 00:00,0.0,0.0,0.0,2026-03-17 00:00,2026-03-17 00:00,0.0,0,YES
E-SUB-B02-FOOT-1000,Submittal for PC Raft Conc. Dim. DWGs (B02) (footing),ROYA-BIG PROJECT PHASE01 (B1-4) > Engineering > Shop Drawing > Submittal > Part 02 > B02 > Substructre > Footing,TK_Complete,2026-03-17 00:00,2026-03-17 00:00,2026-03-17 00:00,0.0,0.0,0.0,2026-03-17 00:00,2026-03-17 00:00,0.0,0,YES
E-SUB-B02-FOOT-1010,Submittal for RC Raft & Footings Conc. Dim. DWGs (B02) (footing),ROYA-BIG PROJECT PHASE01 (B1-4) > Engineering > Shop Drawing > Submittal > Part 02 > B02 > Substructre > Footing,TK_Complete,2026-03-17 00:00,2026-03-17 00:00,2026-03-17 00:00,0.0,0.0,0.0,2026-03-17 00:00,2026-03-17 00:00,0.0,0,YES
E-SUB-B02-FOOT-1020,Submittal for RC Raft & Footings RFT DWGs (B02) (footing),ROYA-BIG PROJECT PHASE01 (B1-4) > Engineering > Shop Drawing > Submittal > Part 02 > B02 > Substructre > Footing,TK_Complete,2026-03-17 00:00,2026-03-17 00:00,2026-03-17 00:00,0.0,0.0,0.0,2026-03-17 00:00,2026-03-17 00:00,0.0,0,YES
E-SUB-B03-FOOT-1010,Submittal for PC Raft Conc. Dim. DWGs (B03) (footing),ROYA-BIG PROJECT PHASE01 (B1-4) > Engineering > Shop Drawing > Submittal > Part 01 > B03 > Substructre > Footing,TK_Complete,2026-03-17 00:00,2026-03-17 00:00,2026-03-17 00:00,0.0,0.0,0.0,2026-03-17 00:00,2026-03-17 00:00,0.0,0,YES
E-SUB-B03-FOOT-1020,Submittal for RC Raft & Footings Conc. Dim. DWGs (B03) (footing),ROYA-BIG PROJECT PHASE01 (B1-4) > Engineering > Shop Drawing > Submittal > Part 01 > B03 > Substructre > Footing,TK_Complete,2026-03-17 00:00,2026-03-17 00:00,2026-03-17 00:00,0.0,0.0,0.0,2026-03-17 00:00,2026-03-17 00:00,0.0,0,YES
E-SUB-B03-FOOT-1030,Submittal for RC Raft & Footings RFT DWGs (B03) (footing),ROYA-BIG PROJECT PHASE01 (B1-4) > Engineering > Shop Drawing > Submittal > Part 01 > B03 > Substructre > Footing,TK_Complete,2026-03-17 00:00,2026-03-17 00:00,2026-03-17 00:00,0.0,0.0,0.0,2026-03-17 00:00,2026-03-17 00:00,0.0,0,YES
E-SUB-B04-FOOT-1010,Submittal for PC Raft Conc. Dim. DWGs (B04) (footing),ROYA-BIG PROJECT PHASE01 (B1-4) > Engineering > Shop Drawing > Submittal > Part 01 > B04 > Substructre > Footing,TK_Complete,2026-03-17 00:00,2026-03-17 00:00,2026-03-17 00:00,0.0,0.0,0.0,2026-03-17 00:00,2026-03-17 00:00,0.0,0,YES
E-SUB-B04-FOOT-1020,Submittal for RC Raft & Footings Conc. Dim. DWGs (B04) (footing),ROYA-BIG PROJECT PHASE01 (B1-4) > Engineering > Shop Drawing > Submittal > Part 01 > B04 > Substructre > Footing,TK_Complete,2026-03-17 00:00,2026-03-17 00:00,2026-03-17 00:00,0.0,0.0,0.0,2026-03-17 00:00,2026-03-17 00:00,0.0,0,YES
E-SUB-B04-FOOT-1030,Submittal for RC Raft & Footings RFT DWGs (B04) (footing),ROYA-BIG PROJECT PHASE01 (B1-4) > Engineering > Shop Drawing > Submittal > Part 01 > B04 > Substructre > Footing,TK_Complete,2026-03-17 00:00,2026-03-17 00:00,2026-03-17 00:00,0.0,0.0,0.0,2026-03-17 00:00,2026-03-17 00:00,0.0,0,YES
E-SUB-B03-BAS02-1000,Submittal for Col. & Walls Conc. Dim.  & RFT DWGs (B03) (Bas 02),ROYA-BIG PROJECT PHASE01 (B1-4) > Engineering > Shop Drawing > Submittal > Part 01 > B03 > Substructre > Basement 2,TK_Complete,2026-03-17 00:00,2026-03-17 00:00,2026-03-17 00:00,0.0,0.0,0.0,2026-03-17 00:00,2026-03-17 00:00,0.0,0,YES
E-SUB-B03-BAS02-1030,Submittal for Slabs Conc. Dim.  & RFT DWGs (B03) (Bas 02),ROYA-BIG PROJECT PHASE01 (B1-4) > Engineering > Shop Drawing > Submittal > Part 01 > B03 > Substructre > Basement 2,TK_Complete,2026-03-17 00:00,2026-03-17 00:00,2026-03-17 00:00,0.0,0.0,0.0,2026-03-17 00:00,2026-03-17 00:00,0.0,0,YES
E-SUB-B03-BAS02-1020,Submittal for Beams Conc. Dim.  & RFT DWGs (B03) (Bas 02),ROYA-BIG PROJECT PHASE01 (B1-4) > Engineering > Shop Drawing > Submittal > Part 01 > B03 > Substructre > Basement 2,TK_Complete,2026-03-17 00:00,2026-03-17 00:00,2026-03-17 00:00,0.0,0.0,0.0,2026-03-17 00:00,2026-03-17 00:00,0.0,0,YES
E-SUB-B03-BAS02-1010,Submittal for Stairs Conc. Dim.  & RFT DWGs (B03) (Bas 02),ROYA-BIG PROJECT PHASE01 (B1-4) > Engineering > Shop Drawing > Submittal > Part 01 > B03 > Substructre > Basement 2,TK_Complete,2026-03-17 00:00,2026-03-17 00:00,2026-03-17 00:00,0.0,0.0,0.0,2026-03-17 00:00,2026-03-17 00:00,0.0,0,YES
E-SUB-B04-BAS02-1000,Submittal for Col. & Walls Conc. Dim.  & RFT DWGs (B04) (Bas 02),ROYA-BIG PROJECT PHASE01 (B1-4) > Engineering > Shop Drawing > Submittal > Part 01 > B04 > Substructre > Basement 2,TK_Complete,2026-03-17 00:00,2026-03-17 00:00,2026-03-17 00:00,0.0,0.0,0.0,2026-03-17 00:00,2026-03-17 00:00,0.0,0,YES
E-SUB-B04-BAS02-1040,Submittal for Slabs Conc. Dim.  & RFT DWGs (B04) (Bas 02),ROYA-BIG PROJECT PHASE01 (B1-4) > Engineering > Shop Drawing > Submittal > Part 01 > B04 > Substructre > Basement 2,TK_Complete,2026-03-17 00:00,2026-03-17 00:00,2026-03-17 00:00,0.0,0.0,0.0,2026-03-17 00:00,2026-03-17 00:00,0.0,0,YES
E-SUB-B04-BAS02-1030,Submittal for Beams Conc. Dim.  & RFT DWGs (B04) (Bas 02),ROYA-BIG PROJECT PHASE01 (B1-4) > Engineering > Shop Drawing > Submittal > Part 01 > B04 > Substructre > Basement 2,TK_Complete,2026-03-17 00:00,2026-03-17 00:00,2026-03-17 00:00,0.0,0.0,0.0,2026-03-17 00:00,2026-03-17 00:00,0.0,0,YES
E-SUB-B04-BAS02-1010,Submittal for Stairs Conc. Dim.  & RFT DWGs (B04) (Bas 02),ROYA-BIG PROJECT PHASE01 (B1-4) > Engineering > Shop Drawing > Submittal > Part 01 > B04 > Substructre > Basement 2,TK_Complete,2026-03-17 00:00,2026-03-17 00:00,2026-03-17 00:00,0.0,0.0,0.0,2026-03-17 00:00,2026-03-17 00:00,0.0,0,YES
E-SUB-B04-BAS02-1020,Submittal for Ramps Conc. Dim.  & RFT DWGs (B04) (Bas 02),ROYA-BIG PROJECT PHASE01 (B1-4) > Engineering > Shop Drawing > Submittal > Part 01 > B04 > Substructre > Basement 2,TK_Complete,2026-03-17 00:00,2026-03-17 00:00,2026-03-17 00:00,0.0,0.0,0.0,2026-03-17 00:00,2026-03-17 00:00,0.0,0,YES
E-SUB-B02-BAS02-1000,Submittal for Col. & Walls Conc. Dim.& RFT DWGs (B02) (Bas 02),ROYA-BIG PROJECT PHASE01 (B1-4) > Engineering > Shop Drawing > Submittal > Part 02 > B02 > Substructre > Basement 2,TK_Complete,2026-03-17 00:00,2026-03-17 00:00,2026-03-17 00:00,0.0,0.0,0.0,2026-03-17 00:00,2026-03-17 00:00,0.0,0,YES
E-SUB-B02-BAS02-1030,Submittal for Slabs Conc. Dim.& RFT DWGs (B02) (Bas 02),ROYA-BIG PROJECT PHASE01 (B1-4) > Engineering > Shop Drawing > Submittal > Part 02 > B02 > Substructre > Basement 2,TK_Complete,2026-03-17 00:00,2026-03-17 00:00,2026-03-17 00:00,0.0,0.0,0.0,2026-03-17 00:00,2026-03-17 00:00,0.0,0,YES
E-SUB-B02-BAS02-1020,Submittal for Beams Conc. Dim.& RFT DWGs (B02) (Bas 02),ROYA-BIG PROJECT PHASE01 (B1-4) > Engineering > Shop Drawing > Submittal > Part 02 > B02 > Substructre > Basement 2,TK_Complete,2026-03-17 00:00,2026-03-17 00:00,2026-03-17 00:00,0.0,0.0,0.0,2026-03-17 00:00,2026-03-17 00:00,0.0,0,YES
E-SUB-B02-BAS02-1010,Submittal for Stairs Conc. Dim.& RFT DWGs (B02) (Bas 02),ROYA-BIG PROJECT PHASE01 (B1-4) > Engineering > Shop Drawing > Submittal > Part 02 > B02 > Substructre > Basement 2,TK_Complete,2026-03-17 00:00,2026-03-17 00:00,2026-03-17 00:00,0.0,0.0,0.0,2026-03-17 00:00,2026-03-17 00:00,0.0,0,YES
E-SUB-B01-BAS02-1000,Submittal for Col. & Walls Conc. Dim.  & RFT DWGs (B01) (Bas 02),ROYA-BIG PROJECT PHASE01 (B1-4) > Engineering > Shop Drawing > Submittal > Part 02 > B01 > Substructre > Basement 2,TK_Complete,2026-03-17 00:00,2026-03-17 00:00,2026-03-17 00:00,0.0,0.0,0.0,2026-03-17 00:00,2026-03-17 00:00,0.0,0,YES
E-SUB-B01-BAS02-1040,Submittal for Slabs Conc. Dim.  & RFT DWGs (B01) (Bas 02),ROYA-BIG PROJECT PHASE01 (B1-4) > Engineering > Shop Drawing > Submittal > Part 02 > B01 > Substructre > Basement 2,TK_Complete,2026-03-17 00:00,2026-06-06 16:00,2026-06-06 16:00,0.0,0.0,0.0,2026-05-22 22:00,2026-05-22 22:00,-14.75,0,YES
E-SUB-B01-BAS02-1030,Submittal for Beams Conc. Dim.  & RFT DWGs (B01) (Bas 02),ROYA-BIG PROJECT PHASE01 (B1-4) > Engineering > Shop Drawing > Submittal > Part 02 > B01 > Substructre > Basement 2,TK_Complete,2026-03-17 00:00,2026-03-17 00:00,2026-03-17 00:00,0.0,0.0,0.0,2026-03-17 00:00,2026-03-17 00:00,0.0,0,YES
E-SUB-B01-BAS02-1010,Submittal for Stairs Conc. Dim.  & RFT DWGs (B01) (Bas 02),ROYA-BIG PROJECT PHASE01 (B1-4) > Engineering > Shop Drawing > Submittal > Part 02 > B01 > Substructre > Basement 2,TK_Complete,2026-03-17 00:00,2026-03-17 00:00,2026-03-17 00:00,0.0,0.0,0.0,2026-03-17 00:00,2026-03-17 00:00,0.0,0,YES
E-SUB-B01-BAS02-1020,Submittal for Ramps Conc. Dim.  & RFT DWGs (B01) (Bas 02),ROYA-BIG PROJECT PHASE01 (B1-4) > Engineering > Shop Drawing > Submittal > Part 02 > B01 > Substructre > Basement 2,TK_Complete,2026-03-17 00:00,2026-03-17 00:00,2026-03-17 00:00,0.0,0.0,0.0,2026-03-17 00:00,2026-03-17 00:00,0.0,0,YES
E-SUB-B03-BAS01-1000,Submittal for Col. & Walls Conc. Dim.  & RFT DWGs (B03) (Bas 01),ROYA-BIG PROJECT PHASE01 (B1-4) > Engineering > Shop Drawing > Submittal > Part 01 > B03 > Substructre > Basement 1,TK_Complete,2026-03-17 00:00,2026-03-17 00:00,2026-03-17 00:00,0.0,0.0,0.0,2026-03-17 00:00,2026-03-17 00:00,0.0,0,YES
E-SUB-B03-BAS01-1030,Submittal for Slabs Conc. Dim.  & RFT DWGs (B03) (Bas 01),ROYA-BIG PROJECT PHASE01 (B1-4) > Engineering > Shop Drawing > Submittal > Part 01 > B03 > Substructre > Basement 1,TK_Complete,2026-03-17 00:00,2026-03-17 00:00,2026-03-17 00:00,0.0,0.0,0.0,2026-03-17 00:00,2026-03-17 00:00,0.0,0,YES
E-SUB-B03-BAS01-1020,Submittal for Beams Conc. Dim.  & RFT DWGs (B03) (Bas 01),ROYA-BIG PROJECT PHASE01 (B1-4) > Engineering > Shop Drawing > Submittal > Part 01 > B03 > Substructre > Basement 1,TK_Complete,2026-03-17 00:00,2026-03-17 00:00,2026-03-17 00:00,0.0,0.0,0.0,2026-03-17 00:00,2026-03-17 00:00,0.0,0,YES
E-SUB-B03-BAS01-1010,Submittal for Stairs Conc. Dim.  & RFT DWGs (B03) (Bas 01),ROYA-BIG PROJECT PHASE01 (B1-4) > Engineering > Shop Drawing > Submittal > Part 01 > B03 > Substructre > Basement 1,TK_Complete,2026-03-17 00:00,2026-03-17 00:00,2026-03-17 00:00,0.0,0.0,0.0,2026-03-17 00:00,2026-03-17 00:00,0.0,0,YES
E-SUB-B02-BAS01-1000,Submittal for Col. & Walls Conc. Dim.  & RFT DWGs (B02) (Bas 01),ROYA-BIG PROJECT PHASE01 (B1-4) > Engineering > Shop Drawing > Submittal > Part 02 > B02 > Substructre > Basement 1,TK_Complete,2026-03-17 00:00,2026-03-17 00:00,2026-03-17 00:00,0.0,0.0,0.0,2026-03-17 00:00,2026-03-17 00:00,0.0,0,YES
E-SUB-B02-BAS01-1030,Submittal for Slabs Conc. Dim.  & RFT DWGs (B02) (Bas 01),ROYA-BIG PROJECT PHASE01 (B1-4) > Engineering > Shop Drawing > Submittal > Part 02 > B02 > Substructre > Basement 1,TK_Complete,2026-03-17 00:00,2026-03-17 00:00,2026-03-17 00:00,0.0,0.0,0.0,2026-03-17 00:00,2026-03-17 00:00,0.0,0,YES
E-SUB-B02-BAS01-1020,Submittal for Beams Conc. Dim.  & RFT DWGs (B02) (Bas 01),ROYA-BIG PROJECT PHASE01 (B1-4) > Engineering > Shop Drawing > Submittal > Part 02 > B02 > Substructre > Basement 1,TK_Complete,2026-03-17 00:00,2026-03-17 00:00,2026-03-17 00:00,0.0,0.0,0.0,2026-03-17 00:00,2026-03-17 00:00,0.0,0,YES
E-SUB-B02-BAS01-1010,Submittal for Stairs Conc. Dim.  & RFT DWGs (B02) (Bas 01),ROYA-BIG PROJECT PHASE01 (B1-4) > Engineering > Shop Drawing > Submittal > Part 02 > B02 > Substructre > Basement 1,TK_Complete,2026-03-17 00:00,2026-03-17 00:00,2026-03-17 00:00,0.0,0.0,0.0,2026-03-17 00:00,2026-03-17 00:00,0.0,0,YES
E-SUB-B01-BAS01-1000,Submittal for Col. & Walls Conc. Dim.  & RFT DWGs (B01) (Bas 01),ROYA-BIG PROJECT PHASE01 (B1-4) > Engineering > Shop Drawing > Submittal > Part 02 > B01 > Substructre > Basement 1,TK_Complete,2026-03-17 00:00,2026-03-17 00:00,2026-03-17 00:00,0.0,0.0,0.0,2026-03-17 00:00,2026-03-17 00:00,0.0,0,YES
E-SUB-B01-BAS01-1040,Submittal for Slabs Conc. Dim.  & RFT DWGs (B01) (Bas 01),ROYA-BIG PROJECT PHASE01 (B1-4) > Engineering > Shop Drawing > Submittal > Part 02 > B01 > Substructre > Basement 1,TK_Complete,2026-03-17 00:00,2026-03-17 00:00,2026-03-17 00:00,0.0,0.0,0.0,2026-03-17 00:00,2026-03-17 00:00,0.0,0,YES
E-SUB-B01-BAS01-1030,Submittal for Beams Conc. Dim.  & RFT DWGs (B01) (Bas 01),ROYA-BIG PROJECT PHASE01 (B1-4) > Engineering > Shop Drawing > Submittal > Part 02 > B01 > Substructre > Basement 1,TK_Complete,2026-03-17 00:00,2026-03-17 00:00,2026-03-17 00:00,0.0,0.0,0.0,2026-03-17 00:00,2026-03-17 00:00,0.0,0,YES
E-SUB-B01-BAS01-1010,Submittal for Stairs Conc. Dim.  & RFT DWGs (B01) (Bas 01),ROYA-BIG PROJECT PHASE01 (B1-4) > Engineering > Shop Drawing > Submittal > Part 02 > B01 > Substructre > Basement 1,TK_Complete,2026-03-17 00:00,2026-03-17 00:00,2026-03-17 00:00,0.0,0.0,0.0,2026-03-17 00:00,2026-03-17 00:00,0.0,0,YES
E-SUB-B01-BAS01-1020,Submittal for Ramps Conc. Dim.  & RFT DWGs (B01) (Bas 01),ROYA-BIG PROJECT PHASE01 (B1-4) > Engineering > Shop Drawing > Submittal > Part 02 > B01 > Substructre > Basement 1,TK_Complete,2026-03-17 00:00,2026-03-17 00:00,2026-03-17 00:00,0.0,0.0,0.0,2026-03-17 00:00,2026-03-17 00:00,0.0,0,YES
E-SUB-B04-BAS01-1000,Submittal for Col. & Walls Conc. Dim.  & RFT DWGs (B04) (Bas 01),ROYA-BIG PROJECT PHASE01 (B1-4) > Engineering > Shop Drawing > Submittal > Part 01 > B04 > Substructre > Basement 1,TK_Complete,2026-03-17 00:00,2026-03-17 00:00,2026-03-17 00:00,0.0,0.0,0.0,2026-03-17 00:00,2026-03-17 00:00,0.0,0,YES
E-SUB-B04-BAS01-1040,Submittal for Slabs Conc. Dim.  & RFT DWGs (B04) (Bas 01),ROYA-BIG PROJECT PHASE01 (B1-4) > Engineering > Shop Drawing > Submittal > Part 01 > B04 > Substructre > Basement 1,TK_Complete,2026-03-17 00:00,2026-03-17 00:00,2026-03-17 00:00,0.0,0.0,0.0,2026-03-17 00:00,2026-03-17 00:00,0.0,0,YES
E-SUB-B04-BAS01-1030,Submittal for Beams Conc. Dim.  & RFT DWGs (B04) (Bas 01),ROYA-BIG PROJECT PHASE01 (B1-4) > Engineering > Shop Drawing > Submittal > Part 01 > B04 > Substructre > Basement 1,TK_Complete,2026-03-17 00:00,2026-03-17 00:00,2026-03-17 00:00,0.0,0.0,0.0,2026-03-17 00:00,2026-03-17 00:00,0.0,0,YES
E-SUB-B04-BAS01-1010,Submittal for Stairs Conc. Dim.  & RFT DWGs (B04) (Bas 01),ROYA-BIG PROJECT PHASE01 (B1-4) > Engineering > Shop Drawing > Submittal > Part 01 > B04 > Substructre > Basement 1,TK_Complete,2026-03-17 00:00,2026-03-17 00:00,2026-03-17 00:00,0.0,0.0,0.0,2026-03-17 00:00,2026-03-17 00:00,0.0,0,YES
E-SUB-B04-BAS01-1020,Submittal for Ramps Conc. Dim.  & RFT DWGs (B04) (Bas 01),ROYA-BIG PROJECT PHASE01 (B1-4) > Engineering > Shop Drawing > Submittal > Part 01 > B04 > Substructre > Basement 1,TK_Complete,2026-03-17 00:00,2026-03-17 00:00,2026-03-17 00:00,0.0,0.0,0.0,2026-03-17 00:00,2026-03-17 00:00,0.0,0,YES
E-SUB-B04-GR-1000,Submittal for Col. & Walls Conc. Dim.  & RFT DWGs (B04) (GF),ROYA-BIG PROJECT PHASE01 (B1-4) > Engineering > Shop Drawing > Submittal > Part 01 > B04 > Superstructure > Ground Floor,TK_Complete,2026-03-17 00:00,2026-03-17 00:00,2026-03-17 00:00,0.0,0.0,0.0,2026-03-17 00:00,2026-03-17 00:00,0.0,0,YES
E-SUB-B04-GR-1030,Submittal for Slabs Conc. Dim.  & RFT DWGs (B04) (GF),ROYA-BIG PROJECT PHASE01 (B1-4) > Engineering > Shop Drawing > Submittal > Part 01 > B04 > Superstructure > Ground Floor,TK_NotStart,2026-03-17 00:00,2026-03-24 08:00,2026-04-14 16:00,18.0,18.0,0.0,2026-03-24 08:00,2026-04-11 08:00,0.0,0,YES
E-SUB-B04-GR-1020,Submittal for Beams Conc. Dim.  & RFT DWGs (B04) (GF),ROYA-BIG PROJECT PHASE01 (B1-4) > Engineering > Shop Drawing > Submittal > Part 01 > B04 > Superstructure > Ground Floor,TK_NotStart,2026-03-17 00:00,2026-03-21 08:00,2026-04-09 16:00,18.0,18.0,0.0,2026-03-21 08:00,2026-04-08 08:00,0.0,0,YES
E-SUB-B04-GR-1010,Submittal for Stairs Conc. Dim.  & RFT DWGs (B04) (GF),ROYA-BIG PROJECT PHASE01 (B1-4) > Engineering > Shop Drawing > Submittal > Part 01 > B04 > Superstructure > Ground Floor,TK_Complete,2026-03-17 00:00,2026-03-17 00:00,2026-03-17 00:00,0.0,0.0,0.0,2026-03-17 00:00,2026-03-17 00:00,0.0,0,YES
E-SUB-B03-GR-1000,Submittal for Col. & Walls Conc. Dim.  & RFT DWGs (B03) (GF),ROYA-BIG PROJECT PHASE01 (B1-4) > Engineering > Shop Drawing > Submittal > Part 01 > B03 > Superstructure > Ground Floor,TK_Complete,2026-03-17 00:00,2026-03-17 00:00,2026-03-17 00:00,0.0,0.0,0.0,2026-03-17 00:00,2026-03-17 00:00,0.0,0,YES
E-SUB-B03-GR-1030,Submittal for Slabs Conc. Dim.  & RFT DWGs (B03) (GF),ROYA-BIG PROJECT PHASE01 (B1-4) > Engineering > Shop Drawing > Submittal > Part 01 > B03 > Superstructure > Ground Floor,TK_NotStart,2026-03-17 00:00,2026-03-24 08:00,2026-04-14 16:00,18.0,18.0,0.0,2026-03-24 08:00,2026-04-11 08:00,0.0,0,YES
E-SUB-B03-GR-1020,Submittal for Beams Conc. Dim.  & RFT DWGs (B03) (GF),ROYA-BIG PROJECT PHASE01 (B1-4) > Engineering > Shop Drawing > Submittal > Part 01 > B03 > Superstructure > Ground Floor,TK_NotStart,2026-03-17 00:00,2026-03-21 08:00,2026-04-09 16:00,18.0,18.0,0.0,2026-03-21 08:00,2026-04-08 08:00,0.0,0,YES
E-SUB-B03-GR-1010,Submittal for Stairs Conc. Dim.  & RFT DWGs (B03) (GF),ROYA-BIG PROJECT PHASE01 (B1-4) > Engineering > Shop Drawing > Submittal > Part 01 > B03 > Superstructure > Ground Floor,TK_Complete,2026-03-17 00:00,2026-03-17 00:00,2026-03-17 00:00,0.0,0.0,0.0,2026-03-17 00:00,2026-03-17 00:00,0.0,0,YES
E-SUB-B02-GR-1000,Submittal for Col. & Walls Conc. Dim.  & RFT DWGs (B02) (GF),ROYA-BIG PROJECT PHASE01 (B1-4) > Engineering > Shop Drawing > Submittal > Part 02 > B02 > Superstructure > Ground Floor,TK_Complete,2026-03-17 00:00,2026-03-17 00:00,2026-03-17 00:00,0.0,0.0,0.0,2026-03-17 00:00,2026-03-17 00:00,0.0,0,YES
E-SUB-B02-GR-1030,Submittal for Slabs Conc. Dim.  & RFT DWGs (B02) (GF),ROYA-BIG PROJECT PHASE01 (B1-4) > Engineering > Shop Drawing > Submittal > Part 02 > B02 > Superstructure > Ground Floor,TK_NotStart,2026-03-17 00:00,2026-03-24 08:00,2026-04-14 16:00,18.0,18.0,0.0,2026-03-24 08:00,2026-04-11 08:00,0.0,0,YES
E-SUB-B02-GR-1020,Submittal for Beams Conc. Dim.  & RFT DWGs (B02) (GF),ROYA-BIG PROJECT PHASE01 (B1-4) > Engineering > Shop Drawing > Submittal > Part 02 > B02 > Superstructure > Ground Floor,TK_NotStart,2026-03-17 00:00,2026-03-21 08:00,2026-04-09 16:00,18.0,18.0,0.0,2026-03-21 08:00,2026-04-08 08:00,0.0,0,YES
E-SUB-B02-GR-1010,Submittal for Stairs Conc. Dim.  & RFT DWGs (B02) (GF),ROYA-BIG PROJECT PHASE01 (B1-4) > Engineering > Shop Drawing > Submittal > Part 02 > B02 > Superstructure > Ground Floor,TK_Complete,2026-03-17 00:00,2026-03-17 00:00,2026-03-17 00:00,0.0,0.0,0.0,2026-03-17 00:00,2026-03-17 00:00,0.0,0,YES
E-SUB-B01-GR-1000,Submittal for Col. & Walls Conc. Dim.  & RFT DWGs (B01),ROYA-BIG PROJECT PHASE01 (B1-4) > Engineering > Shop Drawing > Submittal > Part 02 > B01 > Superstructure > Ground Floor,TK_Complete,2026-03-17 00:00,2026-03-17 00:00,2026-03-17 00:00,0.0,0.0,0.0,2026-03-17 00:00,2026-03-17 00:00,0.0,0,YES
E-SUB-B01-GR-1030,Submittal for Slabs Conc. Dim.  & RFT DWGs (B01),ROYA-BIG PROJECT PHASE01 (B1-4) > Engineering > Shop Drawing > Submittal > Part 02 > B01 > Superstructure > Ground Floor,TK_NotStart,2026-03-17 00:00,2026-03-24 08:00,2026-04-14 16:00,18.0,18.0,0.0,2026-03-24 08:00,2026-04-11 08:00,0.0,0,YES
E-SUB-B01-GR-1020,Submittal for Beams Conc. Dim.  & RFT DWGs (B01),ROYA-BIG PROJECT PHASE01 (B1-4) > Engineering > Shop Drawing > Submittal > Part 02 > B01 > Superstructure > Ground Floor,TK_NotStart,2026-03-17 00:00,2026-03-21 08:00,2026-04-09 16:00,18.0,18.0,0.0,2026-03-21 08:00,2026-04-08 08:00,0.0,0,YES
E-SUB-B01-GR-1010,Submittal for Stairs Conc. Dim.  & RFT DWGs (B01),ROYA-BIG PROJECT PHASE01 (B1-4) > Engineering > Shop Drawing > Submittal > Part 02 > B01 > Superstructure > Ground Floor,TK_Complete,2026-03-17 00:00,2026-03-17 00:00,2026-03-17 00:00,0.0,0.0,0.0,2026-03-17 00:00,2026-03-17 00:00,0.0,0,YES
E-SUB-B04-1ST-1000,Submittal for Col. & Walls Conc. Dim.  & RFT DWGs (B04) (1st),ROYA-BIG PROJECT PHASE01 (B1-4) > Engineering > Shop Drawing > Submittal > Part 01 > B04 > Superstructure > 1st Floor,TK_Complete,2026-03-17 00:00,2026-03-17 00:00,2026-03-17 00:00,0.0,0.0,0.0,2026-03-17 00:00,2026-03-17 00:00,0.0,0,YES
E-SUB-B04-1ST-1030,Submittal for Slabs Conc. Dim.  & RFT DWGs (B04) (1st),ROYA-BIG PROJECT PHASE01 (B1-4) > Engineering > Shop Drawing > Submittal > Part 01 > B04 > Superstructure > 1st Floor,TK_NotStart,2026-03-17 00:00,2026-03-24 08:00,2026-04-14 16:00,18.0,18.0,0.0,2026-03-24 08:00,2026-04-11 08:00,0.0,0,YES
E-SUB-B04-1ST-1020,Submittal for Beams Conc. Dim.  & RFT DWGs (B04) (1st),ROYA-BIG PROJECT PHASE01 (B1-4) > Engineering > Shop Drawing > Submittal > Part 01 > B04 > Superstructure > 1st Floor,TK_NotStart,2026-03-17 00:00,2026-03-21 08:00,2026-04-09 16:00,18.0,18.0,0.0,2026-03-21 08:00,2026-04-08 08:00,0.0,0,YES
E-SUB-B04-1ST-1010,Submittal for Stairs Conc. Dim.  & RFT DWGs (B04) (1st),ROYA-BIG PROJECT PHASE01 (B1-4) > Engineering > Shop Drawing > Submittal > Part 01 > B04 > Superstructure > 1st Floor,TK_Complete,2026-03-17 00:00,2026-03-17 00:00,2026-03-17 00:00,0.0,0.0,0.0,2026-03-17 00:00,2026-03-17 00:00,0.0,0,YES
E-SUB-B04-2ND-1000,Submittal for Col. & Walls Conc. Dim.  & RFT DWGs (B04) (2nd),ROYA-BIG PROJECT PHASE01 (B1-4) > Engineering > Shop Drawing > Submittal > Part 01 > B04 > Superstructure > 2nd Floor,TK_Complete,2026-03-17 00:00,2026-03-17 00:00,2026-03-17 00:00,0.0,0.0,0.0,2026-03-17 00:00,2026-03-17 00:00,0.0,0,YES
E-SUB-B04-2ND-1030,Submittal for Slabs Conc. Dim.  & RFT DWGs (B04) (2nd),ROYA-BIG PROJECT PHASE01 (B1-4) > Engineering > Shop Drawing > Submittal > Part 01 > B04 > Superstructure > 2nd Floor,TK_NotStart,2026-03-17 00:00,2026-03-24 08:00,2026-04-14 16:00,18.0,18.0,0.0,2026-03-24 08:00,2026-04-11 08:00,0.0,0,YES
E-SUB-B04-2ND-1020,Submittal for Beams Conc. Dim.  & RFT DWGs (B04) (2nd),ROYA-BIG PROJECT PHASE01 (B1-4) > Engineering > Shop Drawing > Submittal > Part 01 > B04 > Superstructure > 2nd Floor,TK_NotStart,2026-03-17 00:00,2026-03-21 08:00,2026-04-09 16:00,18.0,18.0,0.0,2026-03-21 08:00,2026-04-08 08:00,0.0,0,YES
E-SUB-B04-2ND-1010,Submittal for Stairs Conc. Dim.  & RFT DWGs (B04) (2nd),ROYA-BIG PROJECT PHASE01 (B1-4) > Engineering > Shop Drawing > Submittal > Part 01 > B04 > Superstructure > 2nd Floor,TK_Complete,2026-03-17 00:00,2026-03-17 00:00,2026-03-17 00:00,0.0,0.0,0.0,2026-03-17 00:00,2026-03-17 00:00,0.0,0,YES
E-SUB-B04-3RD-1000,Submittal for Col. & Walls Conc. Dim.  & RFT DWGs (B04) (3rd),ROYA-BIG PROJECT PHASE01 (B1-4) > Engineering > Shop Drawing > Submittal > Part 01 > B04 > Superstructure > 3rd Floor,TK_Complete,2026-03-17 00:00,2026-03-17 00:00,2026-03-17 00:00,0.0,0.0,0.0,2026-03-17 00:00,2026-03-17 00:00,0.0,0,YES
E-SUB-B04-3RD-1030,Submittal for Slabs Conc. Dim.  & RFT DWGs (B04) (3rd),ROYA-BIG PROJECT PHASE01 (B1-4) > Engineering > Shop Drawing > Submittal > Part 01 > B04 > Superstructure > 3rd Floor,TK_NotStart,2026-03-17 00:00,2026-03-24 08:00,2026-04-14 16:00,18.0,18.0,0.0,2026-03-24 08:00,2026-04-11 08:00,0.0,0,YES
E-SUB-B04-3RD-1020,Submittal for Beams Conc. Dim.  & RFT DWGs (B04) (3rd),ROYA-BIG PROJECT PHASE01 (B1-4) > Engineering > Shop Drawing > Submittal > Part 01 > B04 > Superstructure > 3rd Floor,TK_NotStart,2026-03-17 00:00,2026-03-21 08:00,2026-04-09 16:00,18.0,18.0,0.0,2026-03-21 08:00,2026-04-08 08:00,0.0,0,YES
E-SUB-B04-3RD-1010,Submittal for Stairs Conc. Dim.  & RFT DWGs (B04) (3rd),ROYA-BIG PROJECT PHASE01 (B1-4) > Engineering > Shop Drawing > Submittal > Part 01 > B04 > Superstructure > 3rd Floor,TK_Complete,2026-03-17 00:00,2026-03-17 00:00,2026-03-17 00:00,0.0,0.0,0.0,2026-03-17 00:00,2026-03-17 00:00,0.0,0,YES
E-SUB-B04-4TH-1000,Submittal for Col. & Walls Conc. Dim.  & RFT DWGs (B04) (4th),ROYA-BIG PROJECT PHASE01 (B1-4) > Engineering > Shop Drawing > Submittal > Part 01 > B04 > Superstructure > 4th Floor,TK_Complete,2026-03-17 00:00,2026-03-17 00:00,2026-03-17 00:00,0.0,0.0,0.0,2026-03-17 00:00,2026-03-17 00:00,0.0,0,YES
E-SUB-B04-4TH-1030,Submittal for Slabs Conc. Dim.  & RFT DWGs (B04) (4th),ROYA-BIG PROJECT PHASE01 (B1-4) > Engineering > Shop Drawing > Submittal > Part 01 > B04 > Superstructure > 4th Floor,TK_NotStart,2026-03-17 00:00,2026-03-24 08:00,2026-04-14 16:00,18.0,18.0,0.0,2026-03-24 08:00,2026-04-11 08:00,0.0,0,YES
E-SUB-B04-4TH-1020,Submittal for Beams Conc. Dim.  & RFT DWGs (B04) (4th),ROYA-BIG PROJECT PHASE01 (B1-4) > Engineering > Shop Drawing > Submittal > Part 01 > B04 > Superstructure > 4th Floor,TK_NotStart,2026-03-17 00:00,2026-03-21 08:00,2026-04-09 16:00,18.0,18.0,0.0,2026-03-21 08:00,2026-04-08 08:00,0.0,0,YES
E-SUB-B04-4TH-1010,Submittal for Stairs Conc. Dim.  & RFT DWGs (B04) (4th),ROYA-BIG PROJECT PHASE01 (B1-4) > Engineering > Shop Drawing > Submittal > Part 01 > B04 > Superstructure > 4th Floor,TK_Complete,2026-03-17 00:00,2026-03-17 00:00,2026-03-17 00:00,0.0,0.0,0.0,2026-03-17 00:00,2026-03-17 00:00,0.0,0,YES
E-SUB-B04-5TH-1000,Submittal for Col. & Walls Conc. Dim.  & RFT DWGs (B04) (5th),ROYA-BIG PROJECT PHASE01 (B1-4) > Engineering > Shop Drawing > Submittal > Part 01 > B04 > Superstructure > 5th Floor,TK_Complete,2026-03-17 00:00,2026-03-17 00:00,2026-03-17 00:00,0.0,0.0,0.0,2026-03-17 00:00,2026-03-17 00:00,0.0,0,YES
E-SUB-B04-5TH-1030,Submittal for Slabs Conc. Dim.  & RFT DWGs (B04) (5th),ROYA-BIG PROJECT PHASE01 (B1-4) > Engineering > Shop Drawing > Submittal > Part 01 > B04 > Superstructure > 5th Floor,TK_NotStart,2026-03-17 00:00,2026-03-24 08:00,2026-04-14 16:00,18.0,18.0,0.0,2026-03-24 08:00,2026-04-11 08:00,0.0,0,YES
E-SUB-B04-5TH-1020,Submittal for Beams Conc. Dim.  & RFT DWGs (B04) (5th),ROYA-BIG PROJECT PHASE01 (B1-4) > Engineering > Shop Drawing > Submittal > Part 01 > B04 > Superstructure > 5th Floor,TK_NotStart,2026-03-17 00:00,2026-03-21 08:00,2026-04-09 16:00,18.0,18.0,0.0,2026-03-21 08:00,2026-04-08 08:00,0.0,0,YES
E-SUB-B04-5TH-1010,Submittal for Stairs Conc. Dim.  & RFT DWGs (B04) (5th),ROYA-BIG PROJECT PHASE01 (B1-4) > Engineering > Shop Drawing > Submittal > Part 01 > B04 > Superstructure > 5th Floor,TK_Complete,2026-03-17 00:00,2026-03-17 00:00,2026-03-17 00:00,0.0,0.0,0.0,2026-03-17 00:00,2026-03-17 00:00,0.0,0,YES
E-SUB-B04-6TH-1000,Submittal for Col. & Walls Conc. Dim.  & RFT DWGs (B04) (6th),ROYA-BIG PROJECT PHASE01 (B1-4) > Engineering > Shop Drawing > Submittal > Part 01 > B04 > Superstructure > 6th Floor,TK_Complete,2026-03-17 00:00,2026-03-17 00:00,2026-03-17 00:00,0.0,0.0,0.0,2026-03-17 00:00,2026-03-17 00:00,0.0,0,YES
E-SUB-B04-6TH-1030,Submittal for Slabs Conc. Dim.  & RFT DWGs (B04) (6th),ROYA-BIG PROJECT PHASE01 (B1-4) > Engineering > Shop Drawing > Submittal > Part 01 > B04 > Superstructure > 6th Floor,TK_NotStart,2026-03-17 00:00,2026-03-30 08:00,2026-04-20 16:00,18.0,18.0,0.0,2026-03-30 08:00,2026-04-17 08:00,0.0,0,YES
E-SUB-B04-6TH-1020,Submittal for Beams Conc. Dim.  & RFT DWGs (B04) (6th),ROYA-BIG PROJECT PHASE01 (B1-4) > Engineering > Shop Drawing > Submittal > Part 01 > B04 > Superstructure > 6th Floor,TK_NotStart,2026-03-17 00:00,2026-03-26 08:00,2026-04-16 16:00,18.0,18.0,0.0,2026-03-26 08:00,2026-04-13 08:00,0.0,0,YES
E-SUB-B04-6TH-1010,Submittal for Stairs Conc. Dim.  & RFT DWGs (B04) (6th),ROYA-BIG PROJECT PHASE01 (B1-4) > Engineering > Shop Drawing > Submittal > Part 01 > B04 > Superstructure > 6th Floor,TK_Complete,2026-03-17 00:00,2026-03-17 00:00,2026-03-17 00:00,0.0,0.0,0.0,2026-03-17 00:00,2026-03-17 00:00,0.0,0,YES
E-SUB-B04-7TH-1000,Submittal for Col. & Walls Conc. Dim.  & RFT DWGs (B04) (7th),ROYA-BIG PROJECT PHASE01 (B1-4) > Engineering > Shop Drawing > Submittal > Part 01 > B04 > Superstructure > 7th Floor,TK_Complete,2026-03-17 00:00,2026-03-17 00:00,2026-03-17 00:00,0.0,0.0,0.0,2026-03-17 00:00,2026-03-17 00:00,0.0,0,YES
E-SUB-B04-7TH-1030,Submittal for Slabs Conc. Dim.  & RFT DWGs  (B04) (7th),ROYA-BIG PROJECT PHASE01 (B1-4) > Engineering > Shop Drawing > Submittal > Part 01 > B04 > Superstructure > 7th Floor,TK_NotStart,2026-03-17 00:00,2026-04-15 08:00,2026-05-05 16:00,18.0,18.0,0.0,2026-04-15 08:00,2026-05-03 08:00,0.0,0,YES
E-SUB-B04-7TH-1020,Submittal for Beams Conc. Dim.  & RFT DWGs (B04) (7th),ROYA-BIG PROJECT PHASE01 (B1-4) > Engineering > Shop Drawing > Submittal > Part 01 > B04 > Superstructure > 7th Floor,TK_NotStart,2026-03-17 00:00,2026-04-11 08:00,2026-05-02 16:00,18.0,18.0,0.0,2026-04-11 08:00,2026-04-29 08:00,0.0,0,YES
E-SUB-B04-7TH-1010,Submittal for Stairs Conc. Dim.  & RFT DWGs (B04) (7th),ROYA-BIG PROJECT PHASE01 (B1-4) > Engineering > Shop Drawing > Submittal > Part 01 > B04 > Superstructure > 7th Floor,TK_Complete,2026-03-17 00:00,2026-03-17 00:00,2026-03-17 00:00,0.0,0.0,0.0,2026-03-17 00:00,2026-03-17 00:00,0.0,0,YES
E-SUB-B04-8TH-1000,Submittal for Col. & Walls Conc. Dim.  & RFT DWGs (B04) (8th),ROYA-BIG PROJECT PHASE01 (B1-4) > Engineering > Shop Drawing > Submittal > Part 01 > B04 > Superstructure > 8th Floor,TK_Complete,2026-03-17 00:00,2026-03-17 00:00,2026-03-17 00:00,0.0,0.0,0.0,2026-03-17 00:00,2026-03-17 00:00,0.0,0,YES
E-SUB-B04-8TH-1030,Submittal for Slabs Conc. Dim.  & RFT DWGs (B04) (8th),ROYA-BIG PROJECT PHASE01 (B1-4) > Engineering > Shop Drawing > Submittal > Part 01 > B04 > Superstructure > 8th Floor,TK_NotStart,2026-03-17 00:00,2026-04-29 08:00,2026-05-19 16:00,18.0,18.0,0.0,2026-04-29 08:00,2026-05-17 08:00,0.0,0,YES
E-SUB-B04-8TH-1020,Submittal for Beams Conc. Dim.  & RFT DWGs (B04) (8th),ROYA-BIG PROJECT PHASE01 (B1-4) > Engineering > Shop Drawing > Submittal > Part 01 > B04 > Superstructure > 8th Floor,TK_NotStart,2026-03-17 00:00,2026-04-26 08:00,2026-05-16 16:00,18.0,18.0,0.0,2026-04-26 08:00,2026-05-14 08:00,0.0,0,YES
E-SUB-B04-8TH-1010,Submittal for Stairs Conc. Dim.  & RFT DWGs (B04) (8th),ROYA-BIG PROJECT PHASE01 (B1-4) > Engineering > Shop Drawing > Submittal > Part 01 > B04 > Superstructure > 8th Floor,TK_Complete,2026-03-17 00:00,2026-03-17 00:00,2026-03-17 00:00,0.0,0.0,0.0,2026-03-17 00:00,2026-03-17 00:00,0.0,0,YES
E-SUB-B03-1ST-1000,Submittal for Col. & Walls Conc. Dim.  & RFT DWGs (B03) (1st),ROYA-BIG PROJECT PHASE01 (B1-4) > Engineering > Shop Drawing > Submittal > Part 01 > B03 > Superstructure > 1st Floor,TK_Complete,2026-03-17 00:00,2026-03-17 00:00,2026-03-17 00:00,0.0,0.0,0.0,2026-03-17 00:00,2026-03-17 00:00,0.0,0,YES
E-SUB-B03-1ST-1030,Submittal for Slabs Conc. Dim.  & RFT DWGs (B03) (1st),ROYA-BIG PROJECT PHASE01 (B1-4) > Engineering > Shop Drawing > Submittal > Part 01 > B03 > Superstructure > 1st Floor,TK_NotStart,2026-03-17 00:00,2026-03-24 08:00,2026-04-14 16:00,18.0,18.0,0.0,2026-03-24 08:00,2026-04-11 08:00,0.0,0,YES
E-SUB-B03-1ST-1020,Submittal for Beams Conc. Dim.  & RFT DWGs (B03) (1st),ROYA-BIG PROJECT PHASE01 (B1-4) > Engineering > Shop Drawing > Submittal > Part 01 > B03 > Superstructure > 1st Floor,TK_NotStart,2026-03-17 00:00,2026-03-21 08:00,2026-04-09 16:00,18.0,18.0,0.0,2026-03-21 08:00,2026-04-08 08:00,0.0,0,YES
E-SUB-B03-1ST-1010,Submittal for Stairs Conc. Dim.  & RFT DWGs (B03) (1st),ROYA-BIG PROJECT PHASE01 (B1-4) > Engineering > Shop Drawing > Submittal > Part 01 > B03 > Superstructure > 1st Floor,TK_Complete,2026-03-17 00:00,2026-03-17 00:00,2026-03-17 00:00,0.0,0.0,0.0,2026-03-17 00:00,2026-03-17 00:00,0.0,0,YES
E-SUB-B03-2ND-1000,Submittal for Col. & Walls Conc. Dim.  & RFT DWGs (B03) (2nd),ROYA-BIG PROJECT PHASE01 (B1-4) > Engineering > Shop Drawing > Submittal > Part 01 > B03 > Superstructure > 2nd Floor,TK_Complete,2026-03-17 00:00,2026-03-17 00:00,2026-03-17 00:00,0.0,0.0,0.0,2026-03-17 00:00,2026-03-17 00:00,0.0,0,YES
E-SUB-B03-2ND-1030,Submittal for Slabs Conc. Dim.  & RFT DWGs (B03) (2nd),ROYA-BIG PROJECT PHASE01 (B1-4) > Engineering > Shop Drawing > Submittal > Part 01 > B03 > Superstructure > 2nd Floor,TK_NotStart,2026-03-17 00:00,2026-03-24 08:00,2026-04-14 16:00,18.0,18.0,0.0,2026-03-24 08:00,2026-04-11 08:00,0.0,0,YES
E-SUB-B03-2ND-1020,Submittal for Beams Conc. Dim.  & RFT DWGs (B03) (2nd),ROYA-BIG PROJECT PHASE01 (B1-4) > Engineering > Shop Drawing > Submittal > Part 01 > B03 > Superstructure > 2nd Floor,TK_NotStart,2026-03-17 00:00,2026-03-21 08:00,2026-04-09 16:00,18.0,18.0,0.0,2026-03-21 08:00,2026-04-08 08:00,0.0,0,YES
E-SUB-B03-2ND-1010,Submittal for Stairs Conc. Dim.  & RFT DWGs (B03) (2nd),ROYA-BIG PROJECT PHASE01 (B1-4) > Engineering > Shop Drawing > Submittal > Part 01 > B03 > Superstructure > 2nd Floor,TK_Complete,2026-03-17 00:00,2026-03-17 00:00,2026-03-17 00:00,0.0,0.0,0.0,2026-03-17 00:00,2026-03-17 00:00,0.0,0,YES
E-SUB-B03-3RD-1000,Submittal for Col. & Walls Conc. Dim.  & RFT DWGs (B03) (3rd),ROYA-BIG PROJECT PHASE01 (B1-4) > Engineering > Shop Drawing > Submittal > Part 01 > B03 > Superstructure > 3rd Floor,TK_Complete,2026-03-17 00:00,2026-03-17 00:00,2026-03-17 00:00,0.0,0.0,0.0,2026-03-17 00:00,2026-03-17 00:00,0.0,0,YES
E-SUB-B03-3RD-1030,Submittal for Slabs Conc. Dim.  & RFT DWGs (B03) (3rd),ROYA-BIG PROJECT PHASE01 (B1-4) > Engineering > Shop Drawing > Submittal > Part 01 > B03 > Superstructure > 3rd Floor,TK_NotStart,2026-03-17 00:00,2026-03-24 08:00,2026-04-14 16:00,18.0,18.0,0.0,2026-03-24 08:00,2026-04-11 08:00,0.0,0,YES
E-SUB-B03-3RD-1020,Submittal for Beams Conc. Dim.  & RFT DWGs (B03) (3rd),ROYA-BIG PROJECT PHASE01 (B1-4) > Engineering > Shop Drawing > Submittal > Part 01 > B03 > Superstructure > 3rd Floor,TK_NotStart,2026-03-17 00:00,2026-03-21 08:00,2026-04-09 16:00,18.0,18.0,0.0,2026-03-21 08:00,2026-04-08 08:00,0.0,0,YES
E-SUB-B03-3RD-1010,Submittal for Stairs Conc. Dim.  & RFT DWGs (B03) (3rd),ROYA-BIG PROJECT PHASE01 (B1-4) > Engineering > Shop Drawing > Submittal > Part 01 > B03 > Superstructure > 3rd Floor,TK_Complete,2026-03-17 00:00,2026-03-17 00:00,2026-03-17 00:00,0.0,0.0,0.0,2026-03-17 00:00,2026-03-17 00:00,0.0,0,YES
E-SUB-B03-4TH-1000,Submittal for Col. & Walls Conc. Dim.  & RFT DWGs (B03) (4th),ROYA-BIG PROJECT PHASE01 (B1-4) > Engineering > Shop Drawing > Submittal > Part 01 > B03 > Superstructure > 4th Floor,TK_Complete,2026-03-17 00:00,2026-03-17 00:00,2026-03-17 00:00,0.0,0.0,0.0,2026-03-17 00:00,2026-03-17 00:00,0.0,0,YES
E-SUB-B03-4TH-1030,Submittal for Slabs Conc. Dim.  & RFT DWGs (B03) (4th),ROYA-BIG PROJECT PHASE01 (B1-4) > Engineering > Shop Drawing > Submittal > Part 01 > B03 > Superstructure > 4th Floor,TK_NotStart,2026-03-17 00:00,2026-03-24 08:00,2026-04-14 16:00,18.0,18.0,0.0,2026-03-24 08:00,2026-04-11 08:00,0.0,0,YES
E-SUB-B03-4TH-1020,Submittal for Beams Conc. Dim.  & RFT DWGs (B03) (4th),ROYA-BIG PROJECT PHASE01 (B1-4) > Engineering > Shop Drawing > Submittal > Part 01 > B03 > Superstructure > 4th Floor,TK_NotStart,2026-03-17 00:00,2026-03-21 08:00,2026-04-09 16:00,18.0,18.0,0.0,2026-03-21 08:00,2026-04-08 08:00,0.0,0,YES
E-SUB-B03-4TH-1010,Submittal for Stairs Conc. Dim.  & RFT DWGs (B03) (4th),ROYA-BIG PROJECT PHASE01 (B1-4) > Engineering > Shop Drawing > Submittal > Part 01 > B03 > Superstructure > 4th Floor,TK_Complete,2026-03-17 00:00,2026-03-17 00:00,2026-03-17 00:00,0.0,0.0,0.0,2026-03-17 00:00,2026-03-17 00:00,0.0,0,YES
E-SUB-B02-1ST-1000,Submittal for Col. & Walls Conc. Dim.  & RFT DWGs (B02) (1st),ROYA-BIG PROJECT PHASE01 (B1-4) > Engineering > Shop Drawing > Submittal > Part 02 > B02 > Superstructure > 1st Floor,TK_Complete,2026-03-17 00:00,2026-03-17 00:00,2026-03-17 00:00,0.0,0.0,0.0,2026-03-17 00:00,2026-03-17 00:00,0.0,0,YES
E-SUB-B02-1ST-1030,Submittal for Slabs Conc. Dim.  & RFT DWGs (B02) (1st),ROYA-BIG PROJECT PHASE01 (B1-4) > Engineering > Shop Drawing > Submittal > Part 02 > B02 > Superstructure > 1st Floor,TK_NotStart,2026-03-17 00:00,2026-03-24 08:00,2026-04-14 16:00,18.0,18.0,0.0,2026-03-24 08:00,2026-04-11 08:00,0.0,0,YES
E-SUB-B02-1ST-1020,Submittal for Beams Conc. Dim.  & RFT DWGs (B02) (1st),ROYA-BIG PROJECT PHASE01 (B1-4) > Engineering > Shop Drawing > Submittal > Part 02 > B02 > Superstructure > 1st Floor,TK_NotStart,2026-03-17 00:00,2026-03-21 08:00,2026-04-09 16:00,18.0,18.0,0.0,2026-03-21 08:00,2026-04-08 08:00,0.0,0,YES
E-SUB-B02-1ST-1010,Submittal for Stairs Conc. Dim.  & RFT DWGs (B02) (1st),ROYA-BIG PROJECT PHASE01 (B1-4) > Engineering > Shop Drawing > Submittal > Part 02 > B02 > Superstructure > 1st Floor,TK_Complete,2026-03-17 00:00,2026-03-17 00:00,2026-03-17 00:00,0.0,0.0,0.0,2026-03-17 00:00,2026-03-17 00:00,0.0,0,YES
E-SUB-B02-2ND-1000,Submittal for Col. & Walls Conc. Dim.  & RFT DWGs (B02) (2nd),ROYA-BIG PROJECT PHASE01 (B1-4) > Engineering > Shop Drawing > Submittal > Part 02 > B02 > Superstructure > 2nd Floor,TK_Complete,2026-03-17 00:00,2026-03-17 00:00,2026-03-17 00:00,0.0,0.0,0.0,2026-03-17 00:00,2026-03-17 00:00,0.0,0,YES
E-SUB-B02-2ND-1030,Submittal for Slabs Conc. Dim.  & RFT DWGs (B02) (2nd),ROYA-BIG PROJECT PHASE01 (B1-4) > Engineering > Shop Drawing > Submittal > Part 02 > B02 > Superstructure > 2nd Floor,TK_NotStart,2026-03-17 00:00,2026-03-24 08:00,2026-04-14 16:00,18.0,18.0,0.0,2026-03-24 08:00,2026-04-11 08:00,0.0,0,YES
E-SUB-B02-2ND-1020,Submittal for Beams Conc. Dim.  & RFT DWGs (B02) (2nd),ROYA-BIG PROJECT PHASE01 (B1-4) > Engineering > Shop Drawing > Submittal > Part 02 > B02 > Superstructure > 2nd Floor,TK_NotStart,2026-03-17 00:00,2026-03-21 08:00,2026-04-09 16:00,18.0,18.0,0.0,2026-03-21 08:00,2026-04-08 08:00,0.0,0,YES
E-SUB-B02-2ND-1010,Submittal for Stairs Conc. Dim.  & RFT DWGs (B02) (2nd),ROYA-BIG PROJECT PHASE01 (B1-4) > Engineering > Shop Drawing > Submittal > Part 02 > B02 > Superstructure > 2nd Floor,TK_Complete,2026-03-17 00:00,2026-03-17 00:00,2026-03-17 00:00,0.0,0.0,0.0,2026-03-17 00:00,2026-03-17 00:00,0.0,0,YES
E-SUB-B02-3RD-1000,Submittal for Col. & Walls Conc. Dim.  & RFT DWGs (B02) (3rd),ROYA-BIG PROJECT PHASE01 (B1-4) > Engineering > Shop Drawing > Submittal > Part 02 > B02 > Superstructure > 3rd Floor,TK_Complete,2026-03-17 00:00,2026-03-17 00:00,2026-03-17 00:00,0.0,0.0,0.0,2026-03-17 00:00,2026-03-17 00:00,0.0,0,YES
E-SUB-B02-3RD-1030,Submittal for Slabs Conc. Dim.  & RFT DWGs (B02) (3rd),ROYA-BIG PROJECT PHASE01 (B1-4) > Engineering > Shop Drawing > Submittal > Part 02 > B02 > Superstructure > 3rd Floor,TK_NotStart,2026-03-17 00:00,2026-03-24 08:00,2026-04-14 16:00,18.0,18.0,0.0,2026-03-24 08:00,2026-04-11 08:00,0.0,0,YES
E-SUB-B02-3RD-1020,Submittal for Beams Conc. Dim.  & RFT DWGs (B02) (3rd),ROYA-BIG PROJECT PHASE01 (B1-4) > Engineering > Shop Drawing > Submittal > Part 02 > B02 > Superstructure > 3rd Floor,TK_NotStart,2026-03-17 00:00,2026-03-21 08:00,2026-04-09 16:00,18.0,18.0,0.0,2026-03-21 08:00,2026-04-08 08:00,0.0,0,YES
E-SUB-B02-3RD-1010,Submittal for Stairs Conc. Dim.  & RFT DWGs (B02) (3rd),ROYA-BIG PROJECT PHASE01 (B1-4) > Engineering > Shop Drawing > Submittal > Part 02 > B02 > Superstructure > 3rd Floor,TK_Complete,2026-03-17 00:00,2026-03-17 00:00,2026-03-17 00:00,0.0,0.0,0.0,2026-03-17 00:00,2026-03-17 00:00,0.0,0,YES
E-SUB-B02-4TH-1000,Submittal for Col. & Walls Conc. Dim.  & RFT DWGs (B02) (4th),ROYA-BIG PROJECT PHASE01 (B1-4) > Engineering > Shop Drawing > Submittal > Part 02 > B02 > Superstructure > 4th Floor,TK_Complete,2026-03-17 00:00,2026-03-17 00:00,2026-03-17 00:00,0.0,0.0,0.0,2026-03-17 00:00,2026-03-17 00:00,0.0,0,YES
E-SUB-B02-4TH-1030,Submittal for Slabs Conc. Dim.  & RFT DWGs (B02) (4th),ROYA-BIG PROJECT PHASE01 (B1-4) > Engineering > Shop Drawing > Submittal > Part 02 > B02 > Superstructure > 4th Floor,TK_NotStart,2026-03-17 00:00,2026-03-24 08:00,2026-04-14 16:00,18.0,18.0,0.0,2026-03-24 08:00,2026-04-11 08:00,0.0,0,YES
E-SUB-B02-4TH-1020,Submittal for Beams Conc. Dim.  & RFT DWGs (B02) (4th),ROYA-BIG PROJECT PHASE01 (B1-4) > Engineering > Shop Drawing > Submittal > Part 02 > B02 > Superstructure > 4th Floor,TK_NotStart,2026-03-17 00:00,2026-03-21 08:00,2026-04-09 16:00,18.0,18.0,0.0,2026-03-21 08:00,2026-04-08 08:00,0.0,0,YES
E-SUB-B02-4TH-1010,Submittal for Stairs Conc. Dim.  & RFT DWGs (B02) (4th),ROYA-BIG PROJECT PHASE01 (B1-4) > Engineering > Shop Drawing > Submittal > Part 02 > B02 > Superstructure > 4th Floor,TK_Complete,2026-03-17 00:00,2026-03-17 00:00,2026-03-17 00:00,0.0,0.0,0.0,2026-03-17 00:00,2026-03-17 00:00,0.0,0,YES
E-SUB-B01-1ST-1000,Submittal for Col. & Walls Conc. Dim.  & RFT DWGs (B01) (1st),ROYA-BIG PROJECT PHASE01 (B1-4) > Engineering > Shop Drawing > Submittal > Part 02 > B01 > Superstructure > 1st Floor,TK_Complete,2026-03-17 00:00,2026-03-17 00:00,2026-03-17 00:00,0.0,0.0,0.0,2026-03-17 00:00,2026-03-17 00:00,0.0,0,YES
E-SUB-B01-1ST-1030,Submittal for Slabs Conc. Dim.  & RFT DWGs (B01) (1st),ROYA-BIG PROJECT PHASE01 (B1-4) > Engineering > Shop Drawing > Submittal > Part 02 > B01 > Superstructure > 1st Floor,TK_NotStart,2026-03-17 00:00,2026-03-23 08:00,2026-04-12 16:00,18.0,18.0,0.0,2026-03-23 08:00,2026-04-10 08:00,0.0,0,YES
E-SUB-B01-1ST-1020,Submittal for Beams Conc. Dim.  & RFT DWGs (B01) (1st),ROYA-BIG PROJECT PHASE01 (B1-4) > Engineering > Shop Drawing > Submittal > Part 02 > B01 > Superstructure > 1st Floor,TK_NotStart,2026-03-17 00:00,2026-03-21 08:00,2026-04-09 16:00,18.0,18.0,0.0,2026-03-21 08:00,2026-04-08 08:00,0.0,0,YES
E-SUB-B01-1ST-1010,Submittal for Stairs Conc. Dim.  & RFT DWGs (B01) (1st),ROYA-BIG PROJECT PHASE01 (B1-4) > Engineering > Shop Drawing > Submittal > Part 02 > B01 > Superstructure > 1st Floor,TK_Complete,2026-03-17 00:00,2026-03-17 00:00,2026-03-17 00:00,0.0,0.0,0.0,2026-03-17 00:00,2026-03-17 00:00,0.0,0,YES
E-SUB-B01-2ND-1000,Submittal for Col. & Walls Conc. Dim.  & RFT DWGs (B01) (2nd),ROYA-BIG PROJECT PHASE01 (B1-4) > Engineering > Shop Drawing > Submittal > Part 02 > B01 > Superstructure > 2nd Floor,TK_Complete,2026-03-17 00:00,2026-03-17 00:00,2026-03-17 00:00,0.0,0.0,0.0,2026-03-17 00:00,2026-03-17 00:00,0.0,0,YES
E-SUB-B01-2ND-1030,Submittal for Slabs Conc. Dim.  & RFT DWGs (B01) (2nd),ROYA-BIG PROJECT PHASE01 (B1-4) > Engineering > Shop Drawing > Submittal > Part 02 > B01 > Superstructure > 2nd Floor,TK_NotStart,2026-03-17 00:00,2026-03-24 08:00,2026-04-14 16:00,18.0,18.0,0.0,2026-03-24 08:00,2026-04-11 08:00,0.0,0,YES
E-SUB-B01-2ND-1020,Submittal for Beams Conc. Dim.  & RFT DWGs (B01) (2nd),ROYA-BIG PROJECT PHASE01 (B1-4) > Engineering > Shop Drawing > Submittal > Part 02 > B01 > Superstructure > 2nd Floor,TK_NotStart,2026-03-17 00:00,2026-03-21 08:00,2026-04-09 16:00,18.0,18.0,0.0,2026-03-21 08:00,2026-04-08 08:00,0.0,0,YES
E-SUB-B01-2ND-1010,Submittal for Stairs Conc. Dim.  & RFT DWGs (B01) (2nd),ROYA-BIG PROJECT PHASE01 (B1-4) > Engineering > Shop Drawing > Submittal > Part 02 > B01 > Superstructure > 2nd Floor,TK_Complete,2026-03-17 00:00,2026-03-17 00:00,2026-03-17 00:00,0.0,0.0,0.0,2026-03-17 00:00,2026-03-17 00:00,0.0,0,YES
E-SUB-B01-3RD-1000,Submittal for Col. & Walls Conc. Dim.  & RFT DWGs (B01) (3rd),ROYA-BIG PROJECT PHASE01 (B1-4) > Engineering > Shop Drawing > Submittal > Part 02 > B01 > Superstructure > 3rd Floor,TK_Complete,2026-03-17 00:00,2026-03-17 00:00,2026-03-17 00:00,0.0,0.0,0.0,2026-03-17 00:00,2026-03-17 00:00,0.0,0,YES
E-SUB-B01-3RD-1030,Submittal for Slabs Conc. Dim.  & RFT DWGs (B01) (3rd),ROYA-BIG PROJECT PHASE01 (B1-4) > Engineering > Shop Drawing > Submittal > Part 02 > B01 > Superstructure > 3rd Floor,TK_NotStart,2026-03-17 00:00,2026-03-24 08:00,2026-04-14 16:00,18.0,18.0,0.0,2026-03-24 08:00,2026-04-11 08:00,0.0,0,YES
E-SUB-B01-3RD-1020,Submittal for Beams Conc. Dim.  & RFT DWGs (B01) (3rd),ROYA-BIG PROJECT PHASE01 (B1-4) > Engineering > Shop Drawing > Submittal > Part 02 > B01 > Superstructure > 3rd Floor,TK_NotStart,2026-03-17 00:00,2026-03-21 08:00,2026-04-09 16:00,18.0,18.0,0.0,2026-03-21 08:00,2026-04-08 08:00,0.0,0,YES
E-SUB-B01-3RD-1010,Submittal for Stairs Conc. Dim.  & RFT DWGs (B01) (3rd),ROYA-BIG PROJECT PHASE01 (B1-4) > Engineering > Shop Drawing > Submittal > Part 02 > B01 > Superstructure > 3rd Floor,TK_Complete,2026-03-17 00:00,2026-03-17 00:00,2026-03-17 00:00,0.0,0.0,0.0,2026-03-17 00:00,2026-03-17 00:00,0.0,0,YES
E-SUB-B01-4TH-1000,Submittal for Col. & Walls Conc. Dim.  & RFT DWGs (B01) (4th),ROYA-BIG PROJECT PHASE01 (B1-4) > Engineering > Shop Drawing > Submittal > Part 02 > B01 > Superstructure > 4th Floor,TK_Complete,2026-03-17 00:00,2026-03-17 00:00,2026-03-17 00:00,0.0,0.0,0.0,2026-03-17 00:00,2026-03-17 00:00,0.0,0,YES
E-SUB-B01-4TH-1030,Submittal for Slabs Conc. Dim.  & RFT DWGs (B01) (4th),ROYA-BIG PROJECT PHASE01 (B1-4) > Engineering > Shop Drawing > Submittal > Part 02 > B01 > Superstructure > 4th Floor,TK_NotStart,2026-03-17 00:00,2026-03-24 08:00,2026-04-14 16:00,18.0,18.0,0.0,2026-03-24 08:00,2026-04-11 08:00,0.0,0,YES
E-SUB-B01-4TH-1020,Submittal for Beams Conc. Dim.  & RFT DWGs (B01) (4th),ROYA-BIG PROJECT PHASE01 (B1-4) > Engineering > Shop Drawing > Submittal > Part 02 > B01 > Superstructure > 4th Floor,TK_NotStart,2026-03-17 00:00,2026-03-21 08:00,2026-04-09 16:00,18.0,18.0,0.0,2026-03-21 08:00,2026-04-08 08:00,0.0,0,YES
E-SUB-B01-4TH-1010,Submittal for Stairs Conc. Dim.  & RFT DWGs (B01) (4th),ROYA-BIG PROJECT PHASE01 (B1-4) > Engineering > Shop Drawing > Submittal > Part 02 > B01 > Superstructure > 4th Floor,TK_Complete,2026-03-17 00:00,2026-03-17 00:00,2026-03-17 00:00,0.0,0.0,0.0,2026-03-17 00:00,2026-03-17 00:00,0.0,0,YES
E-SUB-B01-5TH-1000,Submittal for Col. & Walls Conc. Dim.  & RFT DWGs (B01) (5th),ROYA-BIG PROJECT PHASE01 (B1-4) > Engineering > Shop Drawing > Submittal > Part 02 > B01 > Superstructure > 5th Floor,TK_Complete,2026-03-17 00:00,2026-03-17 00:00,2026-03-17 00:00,0.0,0.0,0.0,2026-03-17 00:00,2026-03-17 00:00,0.0,0,YES
E-SUB-B01-5TH-1030,Submittal for Slabs Conc. Dim.  & RFT DWGs (B01) (5th),ROYA-BIG PROJECT PHASE01 (B1-4) > Engineering > Shop Drawing > Submittal > Part 02 > B01 > Superstructure > 5th Floor,TK_NotStart,2026-03-17 00:00,2026-03-24 08:00,2026-04-14 16:00,18.0,18.0,0.0,2026-03-24 08:00,2026-04-11 08:00,0.0,0,YES
E-SUB-B01-5TH-1020,Submittal for Beams Conc. Dim.  & RFT DWGs (B01) (5th),ROYA-BIG PROJECT PHASE01 (B1-4) > Engineering > Shop Drawing > Submittal > Part 02 > B01 > Superstructure > 5th Floor,TK_NotStart,2026-03-17 00:00,2026-03-21 08:00,2026-04-09 16:00,18.0,18.0,0.0,2026-03-21 08:00,2026-04-08 08:00,0.0,0,YES
E-SUB-B01-5TH-1010,Submittal for Stairs Conc. Dim.  & RFT DWGs (B01) (5th),ROYA-BIG PROJECT PHASE01 (B1-4) > Engineering > Shop Drawing > Submittal > Part 02 > B01 > Superstructure > 5th Floor,TK_Complete,2026-03-17 00:00,2026-03-17 00:00,2026-03-17 00:00,0.0,0.0,0.0,2026-03-17 00:00,2026-03-17 00:00,0.0,0,YES
E-SUB-B01-6TH-1000,Submittal for Col. & Walls Conc. Dim.  & RFT DWGs (B01) (6th),ROYA-BIG PROJECT PHASE01 (B1-4) > Engineering > Shop Drawing > Submittal > Part 02 > B01 > Superstructure > 6th Floor,TK_Complete,2026-03-17 00:00,2026-03-17 00:00,2026-03-17 00:00,0.0,0.0,0.0,2026-03-17 00:00,2026-03-17 00:00,0.0,0,YES
E-SUB-B01-6TH-1030,Submittal for Slabs Conc. Dim.  & RFT DWGs (B01) (6th),ROYA-BIG PROJECT PHASE01 (B1-4) > Engineering > Shop Drawing > Submittal > Part 02 > B01 > Superstructure > 6th Floor,TK_NotStart,2026-03-17 00:00,2026-03-24 08:00,2026-04-14 16:00,18.0,18.0,0.0,2026-03-24 08:00,2026-04-11 08:00,0.0,0,YES
E-SUB-B01-6TH-1020,Submittal for Beams Conc. Dim.  & RFT DWGs (B01) (6th),ROYA-BIG PROJECT PHASE01 (B1-4) > Engineering > Shop Drawing > Submittal > Part 02 > B01 > Superstructure > 6th Floor,TK_NotStart,2026-03-17 00:00,2026-03-21 08:00,2026-04-09 16:00,18.0,18.0,0.0,2026-03-21 08:00,2026-04-08 08:00,0.0,0,YES
E-SUB-B01-6TH-1010,Submittal for Stairs Conc. Dim.  & RFT DWGs (B01) (6th),ROYA-BIG PROJECT PHASE01 (B1-4) > Engineering > Shop Drawing > Submittal > Part 02 > B01 > Superstructure > 6th Floor,TK_Complete,2026-03-17 00:00,2026-03-17 00:00,2026-03-17 00:00,0.0,0.0,0.0,2026-03-17 00:00,2026-03-17 00:00,0.0,0,YES
E-SUB-B01-7TH-1000,Submittal for Col. & Walls Conc. Dim.  & RFT DWGs (B01) (7th),ROYA-BIG PROJECT PHASE01 (B1-4) > Engineering > Shop Drawing > Submittal > Part 02 > B01 > Superstructure > 7th Floor,TK_Complete,2026-03-17 00:00,2026-03-17 00:00,2026-03-17 00:00,0.0,0.0,0.0,2026-03-17 00:00,2026-03-17 00:00,0.0,0,YES
E-SUB-B01-7TH-1030,Submittal for Slabs Conc. Dim.  & RFT DWGs (B01) (7th),ROYA-BIG PROJECT PHASE01 (B1-4) > Engineering > Shop Drawing > Submittal > Part 02 > B01 > Superstructure > 7th Floor,TK_NotStart,2026-03-17 00:00,2026-03-24 08:00,2026-04-14 16:00,18.0,18.0,0.0,2026-03-24 08:00,2026-04-11 08:00,0.0,0,YES
E-SUB-B01-7TH-1020,Submittal for Beams Conc. Dim.  & RFT DWGs (B01) (7th),ROYA-BIG PROJECT PHASE01 (B1-4) > Engineering > Shop Drawing > Submittal > Part 02 > B01 > Superstructure > 7th Floor,TK_NotStart,2026-03-17 00:00,2026-03-21 08:00,2026-04-09 16:00,18.0,18.0,0.0,2026-03-21 08:00,2026-04-08 08:00,0.0,0,YES
E-SUB-B01-7TH-1010,Submittal for Stairs Conc. Dim.  & RFT DWGs (B01) (7th),ROYA-BIG PROJECT PHASE01 (B1-4) > Engineering > Shop Drawing > Submittal > Part 02 > B01 > Superstructure > 7th Floor,TK_Complete,2026-03-17 00:00,2026-03-17 00:00,2026-03-17 00:00,0.0,0.0,0.0,2026-03-17 00:00,2026-03-17 00:00,0.0,0,YES
E-SUB-B01-8TH-1000,Submittal for Col. & Walls Conc. Dim.  & RFT DWGs (B01) (8th),ROYA-BIG PROJECT PHASE01 (B1-4) > Engineering > Shop Drawing > Submittal > Part 02 > B01 > Superstructure > 8th Floor,TK_Complete,2026-03-17 00:00,2026-03-17 00:00,2026-03-17 00:00,0.0,0.0,0.0,2026-03-17 00:00,2026-03-17 00:00,0.0,0,YES
E-SUB-B01-8TH-1030,Submittal for Slabs Conc. Dim.  & RFT DWGs (B01) (8th),ROYA-BIG PROJECT PHASE01 (B1-4) > Engineering > Shop Drawing > Submittal > Part 02 > B01 > Superstructure > 8th Floor,TK_NotStart,2026-03-17 00:00,2026-03-24 08:00,2026-04-14 16:00,18.0,18.0,0.0,2026-03-24 08:00,2026-04-11 08:00,0.0,0,YES
E-SUB-B01-8TH-1020,Submittal for Beams Conc. Dim.  & RFT DWGs (B01) (8th),ROYA-BIG PROJECT PHASE01 (B1-4) > Engineering > Shop Drawing > Submittal > Part 02 > B01 > Superstructure > 8th Floor,TK_NotStart,2026-03-17 00:00,2026-03-21 08:00,2026-04-09 16:00,18.0,18.0,0.0,2026-03-21 08:00,2026-04-08 08:00,0.0,0,YES
E-SUB-B01-8TH-1010,Submittal for Stairs Conc. Dim.  & RFT DWGs (B01) (8th),ROYA-BIG PROJECT PHASE01 (B1-4) > Engineering > Shop Drawing > Submittal > Part 02 > B01 > Superstructure > 8th Floor,TK_Complete,2026-03-17 00:00,2026-03-17 00:00,2026-03-17 00:00,0.0,0.0,0.0,2026-03-17 00:00,2026-03-17 00:00,0.0,0,YES
E-SUB-B04-RF-1000,Submittal for Col. & Walls Conc. Dim.  & RFT DWGs (B04) (RF),ROYA-BIG PROJECT PHASE01 (B1-4) > Engineering > Shop Drawing > Submittal > Part 01 > B04 > Superstructure > Roof Floor,TK_Complete,2026-03-17 00:00,2026-03-17 00:00,2026-03-17 00:00,0.0,0.0,0.0,2026-03-17 00:00,2026-03-17 00:00,0.0,0,YES
E-SUB-B04-RF-1020,Submittal for Slabs Conc. Dim.  & RFT DWGs (B04) (RF),ROYA-BIG PROJECT PHASE01 (B1-4) > Engineering > Shop Drawing > Submittal > Part 01 > B04 > Superstructure > Roof Floor,TK_NotStart,2026-03-17 00:00,2026-05-02 08:00,2026-05-21 16:00,18.0,18.0,0.0,2026-05-02 08:00,2026-05-20 08:00,0.0,0,YES
E-SUB-B04-RF-1010,Submittal for Beams Conc. Dim.  & RFT DWGs (B04) (RF),ROYA-BIG PROJECT PHASE01 (B1-4) > Engineering > Shop Drawing > Submittal > Part 01 > B04 > Superstructure > Roof Floor,TK_NotStart,2026-03-17 00:00,2026-04-28 08:00,2026-05-18 16:00,18.0,18.0,0.0,2026-04-28 08:00,2026-05-16 08:00,0.0,0,YES
E-SUB-B03-RF-1000,Submittal for Col. & Walls Conc. Dim.  & RFT DWGs (B03) (RF),ROYA-BIG PROJECT PHASE01 (B1-4) > Engineering > Shop Drawing > Submittal > Part 01 > B03 > Superstructure > Roof Floor,TK_Complete,2026-03-17 00:00,2026-03-17 00:00,2026-03-17 00:00,0.0,0.0,0.0,2026-03-17 00:00,2026-03-17 00:00,0.0,0,YES
E-SUB-B03-RF-1020,Submittal for Slabs Conc. Dim.  & RFT DWGs (B03) (RF),ROYA-BIG PROJECT PHASE01 (B1-4) > Engineering > Shop Drawing > Submittal > Part 01 > B03 > Superstructure > Roof Floor,TK_NotStart,2026-03-17 00:00,2026-03-24 08:00,2026-04-14 16:00,18.0,18.0,0.0,2026-03-24 08:00,2026-04-11 08:00,0.0,0,YES
E-SUB-B03-RF-1010,Submittal for Beams Conc. Dim.  & RFT DWGs (B03) (RF),ROYA-BIG PROJECT PHASE01 (B1-4) > Engineering > Shop Drawing > Submittal > Part 01 > B03 > Superstructure > Roof Floor,TK_NotStart,2026-03-17 00:00,2026-03-21 08:00,2026-04-09 16:00,18.0,18.0,0.0,2026-03-21 08:00,2026-04-08 08:00,0.0,0,YES
E-SUB-B02-RF-1000,Submittal for Col. & Walls Conc. Dim.  & RFT DWGs (B02) (RF),ROYA-BIG PROJECT PHASE01 (B1-4) > Engineering > Shop Drawing > Submittal > Part 02 > B02 > Superstructure > Roof Floor,TK_Complete,2026-03-17 00:00,2026-03-17 00:00,2026-03-17 00:00,0.0,0.0,0.0,2026-03-17 00:00,2026-03-17 00:00,0.0,0,YES
E-SUB-B02-RF-1020,Submittal for Slabs Conc. Dim.  & RFT DWGs (B02) (RF),ROYA-BIG PROJECT PHASE01 (B1-4) > Engineering > Shop Drawing > Submittal > Part 02 > B02 > Superstructure > Roof Floor,TK_NotStart,2026-03-17 00:00,2026-03-24 08:00,2026-04-14 16:00,18.0,18.0,0.0,2026-03-24 08:00,2026-04-11 08:00,0.0,0,YES
E-SUB-B02-RF-1010,Submittal for Beams Conc. Dim.  & RFT DWGs (B02) (RF),ROYA-BIG PROJECT PHASE01 (B1-4) > Engineering > Shop Drawing > Submittal > Part 02 > B02 > Superstructure > Roof Floor,TK_NotStart,2026-03-17 00:00,2026-03-21 08:00,2026-04-09 16:00,18.0,18.0,0.0,2026-03-21 08:00,2026-04-08 08:00,0.0,0,YES
E-SUB-B01-RF-1000,Submittal for Col. & Walls Conc. Dim.  & RFT DWGs (B01) (RF),ROYA-BIG PROJECT PHASE01 (B1-4) > Engineering > Shop Drawing > Submittal > Part 02 > B01 > Superstructure > Roof Floor,TK_Complete,2026-03-17 00:00,2026-03-17 00:00,2026-03-17 00:00,0.0,0.0,0.0,2026-03-17 00:00,2026-03-17 00:00,0.0,0,YES
E-SUB-B01-RF-1010,Submittal for Slabs Conc. Dim.  & RFT DWGs (B01) (RF),ROYA-BIG PROJECT PHASE01 (B1-4) > Engineering > Shop Drawing > Submittal > Part 02 > B01 > Superstructure > Roof Floor,TK_NotStart,2026-03-17 00:00,2026-03-23 08:00,2026-04-12 16:00,18.0,18.0,0.0,2026-03-23 08:00,2026-04-10 08:00,0.0,0,YES
E-SUB-B01-RF-1020,Submittal for Beams Conc. Dim.  & RFT DWGs (B01) (RF),ROYA-BIG PROJECT PHASE01 (B1-4) > Engineering > Shop Drawing > Submittal > Part 02 > B01 > Superstructure > Roof Floor,TK_Complete,2026-03-17 00:00,2026-03-17 00:00,2026-03-17 00:00,0.0,0.0,0.0,2026-03-17 00:00,2026-03-17 00:00,0.0,0,YES
CON-B01-GR-1000,"Scaffolding works for Walls, Col. & Cores (B01) (GR)",ROYA-BIG PROJECT PHASE01 (B1-4) > Construction > Part 02 > B01 > Superstructure > GR Floor,TK_NotStart,2026-03-17 00:00,2026-09-07 08:00,2026-09-14 16:00,7.0,5.25,-1.75,2026-08-24 02:00,2026-08-29 08:00,-14.25,1,YES
CON-B01-GR-1010,"RFT for Walls, Col. & Cores (B01) (GR)",ROYA-BIG PROJECT PHASE01 (B1-4) > Construction > Part 02 > B01 > Superstructure > GR Floor,TK_NotStart,2026-03-17 00:00,2026-09-07 08:00,2026-09-17 16:00,10.0,7.5,-2.5,2026-09-04 08:00,2026-09-11 20:00,-3.0,1,YES
CON-B01-GR-1020,"Shuttering for Walls, Col. & Cores (B01) (GR)",ROYA-BIG PROJECT PHASE01 (B1-4) > Construction > Part 02 > B01 > Superstructure > GR Floor,TK_NotStart,2026-03-17 00:00,2026-09-09 08:00,2026-09-20 16:00,10.0,7.5,-2.5,2026-09-06 08:00,2026-09-13 20:00,-3.0,1,YES
CON-B01-GR-1030,"Pouring for Walls, Col. & Cores (B01) (GR)",ROYA-BIG PROJECT PHASE01 (B1-4) > Construction > Part 02 > B01 > Superstructure > GR Floor,TK_NotStart,2026-03-17 00:00,2026-09-21 08:00,2026-09-22 16:00,2.0,2.0,0.0,2026-09-15 20:00,2026-09-17 20:00,-5.5,1,YES
CON-B01-GR-1050,Shuttering for Stairs  (B01) (GR),ROYA-BIG PROJECT PHASE01 (B1-4) > Construction > Part 02 > B01 > Superstructure > GR Floor,TK_NotStart,2026-03-17 00:00,2026-09-26 08:00,2026-10-04 16:00,8.0,6.0,-2.0,2026-09-20 20:00,2026-09-26 20:00,-5.5,1,YES
CON-B01-GR-1060,RFT for Slabs & Beams (B01) (GR),ROYA-BIG PROJECT PHASE01 (B1-4) > Construction > Part 02 > B01 > Superstructure > GR Floor,TK_NotStart,2026-03-17 00:00,2026-09-30 08:00,2026-10-12 16:00,10.0,7.5,-2.5,2026-09-20 20:00,2026-09-28 08:00,-9.5,1,YES
CON-B01-GR-1070,RFT for Stairs  (B01) (GR),ROYA-BIG PROJECT PHASE01 (B1-4) > Construction > Part 02 > B01 > Superstructure > GR Floor,TK_NotStart,2026-03-17 00:00,2026-09-28 08:00,2026-10-07 16:00,8.0,6.0,-2.0,2026-09-22 20:00,2026-09-28 20:00,-5.5,1,YES
CON-B01-GR-1090,Pouring for Slabs & Beams (B01) (GR),ROYA-BIG PROJECT PHASE01 (B1-4) > Construction > Part 02 > B01 > Superstructure > GR Floor,TK_NotStart,2026-03-17 00:00,2026-10-13 08:00,2026-10-14 16:00,2.0,2.0,0.0,2026-10-01 08:00,2026-10-03 08:00,-12.0,1,YES
CON-B01-GR-1080,Pouring for Stairs  (B01) (GR),ROYA-BIG PROJECT PHASE01 (B1-4) > Construction > Part 02 > B01 > Superstructure > GR Floor,TK_NotStart,2026-03-17 00:00,2026-10-08 08:00,2026-10-10 16:00,2.0,2.0,0.0,2026-09-30 20:00,2026-10-02 20:00,-7.5,1,YES
CON-B01-GR-1100,"Curing for Slabs, Beams & Stairs (B01) (GR)",ROYA-BIG PROJECT PHASE01 (B1-4) > Construction > Part 02 > B01 > Superstructure > GR Floor,TK_NotStart,2026-03-17 00:00,2026-10-11 08:00,2026-10-15 16:00,5.0,3.75,-1.25,2026-10-03 20:00,2026-10-07 14:00,-7.5,1,YES
CON-B01-GR-1110,Dismantling Formwork (B01) (GR),ROYA-BIG PROJECT PHASE01 (B1-4) > Construction > Part 02 > B01 > Superstructure > GR Floor,TK_NotStart,2026-03-17 00:00,2026-11-01 08:00,2026-11-01 16:00,1.0,1.0,0.0,2026-10-20 08:00,2026-10-21 08:00,-12.0,1,YES
CON-B02-GR-1000,"Scaffolding works for Walls, Col. & Cores (B02) (GR)",ROYA-BIG PROJECT PHASE01 (B1-4) > Construction > Part 02 > B02 > Superstructure > GR Floor,TK_NotStart,2026-03-17 00:00,2026-06-28 08:00,2026-07-06 16:00,7.0,7.0,0.0,2026-06-28 08:00,2026-07-05 08:00,0.0,1,YES
CON-B02-GR-1010,"RFT for Walls, Col. & Cores (B02) (GR)",ROYA-BIG PROJECT PHASE01 (B1-4) > Construction > Part 02 > B02 > Superstructure > GR Floor,TK_NotStart,2026-03-17 00:00,2026-06-28 08:00,2026-07-12 16:00,12.0,12.0,0.0,2026-06-28 08:00,2026-07-10 08:00,0.0,1,YES
CON-B02-GR-1020,"Shuttering for Walls, Col. & Cores (B02) (GR)",ROYA-BIG PROJECT PHASE01 (B1-4) > Construction > Part 02 > B02 > Superstructure > GR Floor,TK_NotStart,2026-03-17 00:00,2026-07-01 08:00,2026-07-14 16:00,12.0,12.0,0.0,2026-07-01 08:00,2026-07-13 08:00,0.0,1,YES
CON-B02-GR-1030,"Pouring for Walls, Col. & Cores (B02) (GR)",ROYA-BIG PROJECT PHASE01 (B1-4) > Construction > Part 02 > B02 > Superstructure > GR Floor,TK_NotStart,2026-03-17 00:00,2026-07-15 08:00,2026-07-16 16:00,2.0,2.0,0.0,2026-07-15 08:00,2026-07-17 08:00,0.0,1,YES
CON-B02-GR-1040,Shuttering for Slabs & Beams (B02) (GR),ROYA-BIG PROJECT PHASE01 (B1-4) > Construction > Part 02 > B02 > Superstructure > GR Floor,TK_NotStart,2026-03-17 00:00,2026-07-25 08:00,2026-08-04 16:00,10.0,10.0,0.0,2026-07-25 08:00,2026-08-04 08:00,0.0,1,YES
CON-B02-GR-1050,Shuttering for Stairs  (B02) (GR),ROYA-BIG PROJECT PHASE01 (B1-4) > Construction > Part 02 > B02 > Superstructure > GR Floor,TK_NotStart,2026-03-17 00:00,2026-07-19 08:00,2026-07-28 16:00,8.0,8.0,0.0,2026-07-19 08:00,2026-07-27 08:00,0.0,1,YES
CON-B02-GR-1060,RFT for Slabs & Beams (B02) (GR),ROYA-BIG PROJECT PHASE01 (B1-4) > Construction > Part 02 > B02 > Superstructure > GR Floor,TK_NotStart,2026-03-17 00:00,2026-07-27 08:00,2026-08-09 16:00,12.0,12.0,0.0,2026-07-27 08:00,2026-08-08 08:00,0.0,1,YES
CON-B02-GR-1070,RFT for Stairs  (B02) (GR),ROYA-BIG PROJECT PHASE01 (B1-4) > Construction > Part 02 > B02 > Superstructure > GR Floor,TK_NotStart,2026-03-17 00:00,2026-07-21 08:00,2026-07-30 16:00,8.0,8.0,0.0,2026-07-21 08:00,2026-07-29 08:00,0.0,1,YES
CON-B02-GR-1100,Pouring for Slabs & Beams (B02) (GR),ROYA-BIG PROJECT PHASE01 (B1-4) > Construction > Part 02 > B02 > Superstructure > GR Floor,TK_NotStart,2026-03-17 00:00,2026-08-10 08:00,2026-08-11 16:00,2.0,2.0,0.0,2026-08-10 08:00,2026-08-12 08:00,0.0,1,YES
CON-B02-GR-1080,Pouring for Stairs  (B02) (GR),ROYA-BIG PROJECT PHASE01 (B1-4) > Construction > Part 02 > B02 > Superstructure > GR Floor,TK_NotStart,2026-03-17 00:00,2026-08-01 08:00,2026-08-02 16:00,2.0,2.0,0.0,2026-08-01 08:00,2026-08-03 08:00,0.0,1,YES
CON-B02-GR-1090,"Curing for Slabs, Beams Stairs (B02) (GR)",ROYA-BIG PROJECT PHASE01 (B1-4) > Construction > Part 02 > B02 > Superstructure > GR Floor,TK_NotStart,2026-03-17 00:00,2026-08-03 08:00,2026-08-07 16:00,5.0,5.0,0.0,2026-08-03 08:00,2026-08-08 08:00,0.0,1,YES
CON-B02-GR-1110,Dismantling Formwork (B02) (GR),ROYA-BIG PROJECT PHASE01 (B1-4) > Construction > Part 02 > B02 > Superstructure > GR Floor,TK_NotStart,2026-03-17 00:00,2026-08-30 08:00,2026-08-30 16:00,1.0,1.0,0.0,2026-08-30 08:00,2026-08-31 08:00,0.0,1,YES
CON-B04-GR-1000,"Scaffolding works for Walls, Col. & Cores (B04) (GR)",ROYA-BIG PROJECT PHASE01 (B1-4) > Construction > Part 01 > B04 > Superstructure > GR Floor,TK_NotStart,2026-03-17 00:00,2026-06-17 08:00,2026-06-24 16:00,7.0,7.0,0.0,2026-06-17 08:00,2026-06-24 08:00,0.0,1,YES
CON-B04-GR-1010,"RFT for Walls, Col. & Cores (B04) (GR)",ROYA-BIG PROJECT PHASE01 (B1-4) > Construction > Part 01 > B04 > Superstructure > GR Floor,TK_NotStart,2026-03-17 00:00,2026-06-20 08:00,2026-06-29 16:00,9.0,9.0,0.0,2026-06-20 08:00,2026-06-29 08:00,0.0,1,YES
CON-B04-GR-1020,"Shuttering for Walls, Col. & Cores (B04) (GR)",ROYA-BIG PROJECT PHASE01 (B1-4) > Construction > Part 01 > B04 > Superstructure > GR Floor,TK_NotStart,2026-03-17 00:00,2026-06-22 08:00,2026-06-29 16:00,7.0,7.0,0.0,2026-06-22 08:00,2026-06-29 08:00,0.0,1,YES
CON-B04-GR-1030,"Pouring for Walls, Col. & Cores (B04) (GR)",ROYA-BIG PROJECT PHASE01 (B1-4) > Construction > Part 01 > B04 > Superstructure > GR Floor,TK_NotStart,2026-03-17 00:00,2026-07-01 08:00,2026-07-02 16:00,2.0,2.0,0.0,2026-07-01 08:00,2026-07-03 08:00,0.0,1,YES
CON-B04-GR-1040,Shuttering for Slabs & Beams (B04) (GR),ROYA-BIG PROJECT PHASE01 (B1-4) > Construction > Part 01 > B04 > Superstructure > GR Floor,TK_NotStart,2026-03-17 00:00,2026-07-04 08:00,2026-07-09 16:00,6.0,6.0,0.0,2026-07-04 08:00,2026-07-10 08:00,0.0,1,YES
CON-B04-GR-1050,Shuttering for Stairs (B04) (GR),ROYA-BIG PROJECT PHASE01 (B1-4) > Construction > Part 01 > B04 > Superstructure > GR Floor,TK_NotStart,2026-03-17 00:00,2026-07-06 08:00,2026-07-12 16:00,6.0,6.0,0.0,2026-07-06 08:00,2026-07-12 08:00,0.0,1,YES
CON-B04-GR-1060,RFT for Slabs & Beams (B04) (GR),ROYA-BIG PROJECT PHASE01 (B1-4) > Construction > Part 01 > B04 > Superstructure > GR Floor,TK_NotStart,2026-03-17 00:00,2026-07-07 08:00,2026-07-12 16:00,5.0,5.0,0.0,2026-07-07 08:00,2026-07-12 08:00,0.0,1,YES
CON-B04-GR-1070,RFT for Stairs  (B04) (GR),ROYA-BIG PROJECT PHASE01 (B1-4) > Construction > Part 01 > B04 > Superstructure > GR Floor,TK_NotStart,2026-03-17 00:00,2026-07-08 08:00,2026-07-12 16:00,4.0,4.0,0.0,2026-07-08 08:00,2026-07-12 08:00,0.0,1,YES
CON-B04-GR-1080,Pouring for Slabs & Beams (B04) (GR),ROYA-BIG PROJECT PHASE01 (B1-4) > Construction > Part 01 > B04 > Superstructure > GR Floor,TK_NotStart,2026-03-17 00:00,2026-07-13 08:00,2026-07-14 16:00,2.0,2.0,0.0,2026-07-13 08:00,2026-07-15 08:00,0.0,1,YES
CON-B04-GR-1090,Pouring for Stairs (B04) (GR),ROYA-BIG PROJECT PHASE01 (B1-4) > Construction > Part 01 > B04 > Superstructure > GR Floor,TK_NotStart,2026-03-17 00:00,2026-07-13 08:00,2026-07-14 16:00,2.0,2.0,0.0,2026-07-13 08:00,2026-07-15 08:00,0.0,1,YES
CON-B04-GR-1100,"Curing for Slabs, Beams & Stairs (B04) (GR)",ROYA-BIG PROJECT PHASE01 (B1-4) > Construction > Part 01 > B04 > Superstructure > GR Floor,TK_NotStart,2026-03-17 00:00,2026-07-15 08:00,2026-07-17 16:00,3.0,3.0,0.0,2026-07-15 08:00,2026-07-18 08:00,0.0,1,YES
CON-B04-GR-1110,Dismantling Formwork (B04) (GR),ROYA-BIG PROJECT PHASE01 (B1-4) > Construction > Part 01 > B04 > Superstructure > GR Floor,TK_NotStart,2026-03-17 00:00,2026-07-28 08:00,2026-07-28 16:00,1.0,1.0,0.0,2026-07-28 08:00,2026-07-29 08:00,0.0,1,YES
CON-B03-GR-1000,"Scaffolding works for Walls, Col. & Cores (B03) (GR)",ROYA-BIG PROJECT PHASE01 (B1-4) > Construction > Part 01 > B03 > Superstructure > GR Floor,TK_NotStart,2026-03-17 00:00,2026-07-14 08:00,2026-07-21 16:00,7.0,7.0,0.0,2026-07-14 08:00,2026-07-21 08:00,0.0,1,YES
CON-B03-GR-1010,"RFT for Walls, Col. & Cores (B03) (GR)",ROYA-BIG PROJECT PHASE01 (B1-4) > Construction > Part 01 > B03 > Superstructure > GR Floor,TK_NotStart,2026-03-17 00:00,2026-07-14 08:00,2026-07-22 16:00,8.0,8.0,0.0,2026-07-14 08:00,2026-07-22 08:00,0.0,1,YES
CON-B03-GR-1020,"Shuttering for Walls, Col. & Cores (B03) (GR)",ROYA-BIG PROJECT PHASE01 (B1-4) > Construction > Part 01 > B03 > Superstructure > GR Floor,TK_NotStart,2026-03-17 00:00,2026-07-16 08:00,2026-07-26 16:00,8.0,8.0,0.0,2026-07-16 08:00,2026-07-24 08:00,0.0,1,YES
CON-B03-GR-1030,"Pouring for Walls, Col. & Cores (B03) (GR)",ROYA-BIG PROJECT PHASE01 (B1-4) > Construction > Part 01 > B03 > Superstructure > GR Floor,TK_NotStart,2026-03-17 00:00,2026-07-27 08:00,2026-07-28 16:00,2.0,2.0,0.0,2026-07-27 08:00,2026-07-29 08:00,0.0,1,YES
CON-B03-GR-1040,Shuttering for Slabs & Beams (B03) (GR),ROYA-BIG PROJECT PHASE01 (B1-4) > Construction > Part 01 > B03 > Superstructure > GR Floor,TK_NotStart,2026-03-17 00:00,2026-07-29 08:00,2026-08-05 16:00,7.0,7.0,0.0,2026-07-29 08:00,2026-08-05 08:00,0.0,1,YES
CON-B03-GR-1050,Shuttering for Stairs  (B03) (GR),ROYA-BIG PROJECT PHASE01 (B1-4) > Construction > Part 01 > B03 > Superstructure > GR Floor,TK_NotStart,2026-03-17 00:00,2026-08-01 08:00,2026-08-05 16:00,5.0,5.0,0.0,2026-08-01 08:00,2026-08-06 08:00,0.0,1,YES
CON-B03-GR-1060,RFT for Slabs & Beams (B03) (GR),ROYA-BIG PROJECT PHASE01 (B1-4) > Construction > Part 01 > B03 > Superstructure > GR Floor,TK_NotStart,2026-03-17 00:00,2026-08-02 08:00,2026-08-06 16:00,5.0,5.0,0.0,2026-08-02 08:00,2026-08-07 08:00,0.0,1,YES
CON-B03-GR-1070,RFT for Stairs  (B03) (GR),ROYA-BIG PROJECT PHASE01 (B1-4) > Construction > Part 01 > B03 > Superstructure > GR Floor,TK_NotStart,2026-03-17 00:00,2026-08-03 08:00,2026-08-06 16:00,4.0,4.0,0.0,2026-08-03 08:00,2026-08-07 08:00,0.0,1,YES
CON-B03-GR-1080,Pouring for Slabs & Beams (B03) (GR),ROYA-BIG PROJECT PHASE01 (B1-4) > Construction > Part 01 > B03 > Superstructure > GR Floor,TK_NotStart,2026-03-17 00:00,2026-08-08 08:00,2026-08-09 16:00,2.0,2.0,0.0,2026-08-08 08:00,2026-08-10 08:00,0.0,1,YES
CON-B03-GR-1090,Pouring for Stairs  (B03) (GR),ROYA-BIG PROJECT PHASE01 (B1-4) > Construction > Part 01 > B03 > Superstructure > GR Floor,TK_NotStart,2026-03-17 00:00,2026-08-08 08:00,2026-08-09 16:00,2.0,2.0,0.0,2026-08-08 08:00,2026-08-10 08:00,0.0,1,YES
CON-B03-GR-1100,"Curing for Slabs, Beams & Stairs (B03) (GR)",ROYA-BIG PROJECT PHASE01 (B1-4) > Construction > Part 01 > B03 > Superstructure > GR Floor,TK_NotStart,2026-03-17 00:00,2026-08-10 08:00,2026-08-12 16:00,3.0,3.0,0.0,2026-08-10 08:00,2026-08-13 08:00,0.0,1,YES
CON-B03-GR-1110,Dismantling Formwork (B03) (GR),ROYA-BIG PROJECT PHASE01 (B1-4) > Construction > Part 01 > B03 > Superstructure > GR Floor,TK_NotStart,2026-03-17 00:00,2026-08-26 08:00,2026-08-26 16:00,1.0,1.0,0.0,2026-08-26 08:00,2026-08-27 08:00,0.0,1,YES
CON-B01-6TH-1000,"Scaffolding works for Walls, Col. & Cores (B01) (6th)",ROYA-BIG PROJECT PHASE01 (B1-4) > Construction > Part 02 > B01 > Superstructure > 6th   Floor,TK_NotStart,2026-03-17 00:00,2027-04-29 08:00,2027-05-03 16:00,4.0,3.0,-1.0,2027-04-05 14:00,2027-04-08 14:00,-23.75,1,YES
CON-B01-6TH-1010,"RFT for Walls, Col. & Cores (B01) (6th)",ROYA-BIG PROJECT PHASE01 (B1-4) > Construction > Part 02 > B01 > Superstructure > 6th   Floor,TK_NotStart,2026-03-17 00:00,2027-05-03 08:00,2027-05-09 16:00,6.0,4.5,-1.5,2027-04-12 08:00,2027-04-16 20:00,-21.0,1,YES
CON-B01-6TH-1020,"Shuttering for Walls, Col. & Cores (B01) (6th)",ROYA-BIG PROJECT PHASE01 (B1-4) > Construction > Part 02 > B01 > Superstructure > 6th   Floor,TK_NotStart,2026-03-17 00:00,2027-05-06 08:00,2027-05-12 16:00,6.0,4.5,-1.5,2027-04-15 08:00,2027-04-19 20:00,-21.0,1,YES
CON-B01-6TH-1030,"Pouring for Walls, Col. & Cores (B01) (6th)",ROYA-BIG PROJECT PHASE01 (B1-4) > Construction > Part 02 > B01 > Superstructure > 6th   Floor,TK_NotStart,2026-03-17 00:00,2027-05-15 08:00,2027-05-16 16:00,2.0,2.0,0.0,2027-04-22 20:00,2027-04-24 20:00,-22.5,1,YES
CON-B01-6TH-1040,"Shuttering for Slabs, Beams & Stairs (B01) (6th)",ROYA-BIG PROJECT PHASE01 (B1-4) > Construction > Part 02 > B01 > Superstructure > 6th   Floor,TK_NotStart,2026-03-17 00:00,2027-05-17 08:00,2027-05-26 16:00,9.0,6.75,-2.25,2027-04-24 20:00,2027-05-01 14:00,-22.5,1,YES
CON-B01-6TH-1050,"RFT for Slabs, Beams & Stairs (B01) (6th)",ROYA-BIG PROJECT PHASE01 (B1-4) > Construction > Part 02 > B01 > Superstructure > 6th   Floor,TK_NotStart,2026-03-17 00:00,2027-05-22 08:00,2027-05-31 16:00,9.0,6.75,-2.25,2027-04-29 20:00,2027-05-06 14:00,-22.5,1,YES
CON-B01-6TH-1060,"Pouring for Slabs, Beams & Stairs (B01) (6th)",ROYA-BIG PROJECT PHASE01 (B1-4) > Construction > Part 02 > B01 > Superstructure > 6th   Floor,TK_NotStart,2026-03-17 00:00,2027-06-01 08:00,2027-06-02 16:00,2.0,2.0,0.0,2027-05-07 14:00,2027-05-09 14:00,-24.75,1,YES
CON-B01-6TH-1070,"Curing for Slabs, Beams & Stairs (B01) (6th)",ROYA-BIG PROJECT PHASE01 (B1-4) > Construction > Part 02 > B01 > Superstructure > 6th   Floor,TK_NotStart,2026-03-17 00:00,2027-06-03 08:00,2027-06-05 16:00,3.0,2.25,-0.75,2027-05-09 14:00,2027-05-11 20:00,-24.75,1,YES
CON-B01-6TH-1080,Dismantling Formwork (B01) (6th),ROYA-BIG PROJECT PHASE01 (B1-4) > Construction > Part 02 > B01 > Superstructure > 6th   Floor,TK_NotStart,2026-03-17 00:00,2027-06-16 08:00,2027-06-16 16:00,1.0,1.0,0.0,2027-05-21 20:00,2027-05-22 20:00,-25.5,1,YES
CON-B01-7TH-1000,"Scaffolding works for Walls, Col. & Cores (B01) (7th)",ROYA-BIG PROJECT PHASE01 (B1-4) > Construction > Part 02 > B01 > Superstructure > 7th   Floor,TK_NotStart,2026-03-17 00:00,2027-06-03 08:00,2027-06-06 16:00,3.0,2.25,-0.75,2027-05-09 14:00,2027-05-11 20:00,-24.75,1,YES
CON-B01-7TH-1010,"RFT for Walls, Col. & Cores (B01) (7th)",ROYA-BIG PROJECT PHASE01 (B1-4) > Construction > Part 02 > B01 > Superstructure > 7th   Floor,TK_NotStart,2026-03-17 00:00,2027-06-06 08:00,2027-06-10 16:00,5.0,3.75,-1.25,2027-05-16 08:00,2027-05-20 02:00,-21.0,1,YES
CON-B01-7TH-1020,"Shuttering for Walls, Col. & Cores (B01) (7th)",ROYA-BIG PROJECT PHASE01 (B1-4) > Construction > Part 02 > B01 > Superstructure > 7th   Floor,TK_NotStart,2026-03-17 00:00,2027-06-09 08:00,2027-06-14 16:00,5.0,3.75,-1.25,2027-05-19 08:00,2027-05-23 02:00,-21.0,1,YES
CON-B01-7TH-1030,"Pouring for Walls, Col. & Cores (B01) (7th)",ROYA-BIG PROJECT PHASE01 (B1-4) > Construction > Part 02 > B01 > Superstructure > 7th   Floor,TK_NotStart,2026-03-17 00:00,2027-06-16 08:00,2027-06-17 16:00,2.0,2.0,0.0,2027-05-25 02:00,2027-05-27 02:00,-22.25,1,YES
CON-B01-7TH-1040,"Shuttering for Slabs, Beams & Stairs (B01) (7th)",ROYA-BIG PROJECT PHASE01 (B1-4) > Construction > Part 02 > B01 > Superstructure > 7th   Floor,TK_NotStart,2026-03-17 00:00,2027-06-19 08:00,2027-06-28 16:00,9.0,6.75,-2.25,2027-05-27 02:00,2027-06-02 20:00,-23.25,1,YES
CON-B01-7TH-1050,"RFT for Slabs, Beams & Stairs (B01) (7th)",ROYA-BIG PROJECT PHASE01 (B1-4) > Construction > Part 02 > B01 > Superstructure > 7th   Floor,TK_NotStart,2026-03-17 00:00,2027-06-22 08:00,2027-07-01 16:00,9.0,6.75,-2.25,2027-05-30 02:00,2027-06-05 20:00,-23.25,1,YES
CON-B01-7TH-1060,"Pouring for Slabs, Beams & Stairs (B01) (7th)",ROYA-BIG PROJECT PHASE01 (B1-4) > Construction > Part 02 > B01 > Superstructure > 7th   Floor,TK_NotStart,2026-03-17 00:00,2027-07-03 08:00,2027-07-04 16:00,2.0,2.0,0.0,2027-06-07 20:00,2027-06-09 20:00,-25.5,1,YES
CON-B01-7TH-1070,"Curing for Slabs, Beams & Stairs (B01) (7th)",ROYA-BIG PROJECT PHASE01 (B1-4) > Construction > Part 02 > B01 > Superstructure > 7th   Floor,TK_NotStart,2026-03-17 00:00,2027-07-05 08:00,2027-07-07 16:00,3.0,2.25,-0.75,2027-06-09 20:00,2027-06-12 02:00,-25.5,1,YES
CON-B01-7TH-1080,Dismantling Formwork (B01) (7th),ROYA-BIG PROJECT PHASE01 (B1-4) > Construction > Part 02 > B01 > Superstructure > 7th   Floor,TK_NotStart,2026-03-17 00:00,2027-07-18 08:00,2027-07-18 16:00,1.0,1.0,0.0,2027-06-22 02:00,2027-06-23 02:00,-26.25,1,YES
CON-B01-8TH-1000,"Scaffolding works for Walls, Col. & Cores (B01) (8th)",ROYA-BIG PROJECT PHASE01 (B1-4) > Construction > Part 02 > B01 > Superstructure > 8th   Floor,TK_NotStart,2026-03-17 00:00,2027-07-05 08:00,2027-07-07 16:00,3.0,2.25,-0.75,2027-06-09 20:00,2027-06-12 02:00,-25.5,1,YES
CON-B01-8TH-1010,"RFT for Walls, Col. & Cores (B01) (8th)",ROYA-BIG PROJECT PHASE01 (B1-4) > Construction > Part 02 > B01 > Superstructure > 8th   Floor,TK_NotStart,2026-03-17 00:00,2027-07-07 08:00,2027-07-12 16:00,5.0,3.75,-1.25,2027-06-17 08:00,2027-06-21 02:00,-20.0,1,YES
CON-B01-8TH-1020,"Shuttering for Walls, Col. & Cores (B01) (8th)",ROYA-BIG PROJECT PHASE01 (B1-4) > Construction > Part 02 > B01 > Superstructure > 8th   Floor,TK_NotStart,2026-03-17 00:00,2027-07-10 08:00,2027-07-14 16:00,5.0,3.75,-1.25,2027-06-20 08:00,2027-06-24 02:00,-20.0,1,YES
CON-B01-8TH-1030,"Pouring for Walls, Col. & Cores (B01) (8th)",ROYA-BIG PROJECT PHASE01 (B1-4) > Construction > Part 02 > B01 > Superstructure > 8th   Floor,TK_NotStart,2026-03-17 00:00,2027-07-17 08:00,2027-07-18 16:00,2.0,2.0,0.0,2027-06-26 02:00,2027-06-28 02:00,-21.25,1,YES
CON-B01-8TH-1040,"Shuttering for Slabs, Beams & Stairs (B01) (8th)",ROYA-BIG PROJECT PHASE01 (B1-4) > Construction > Part 02 > B01 > Superstructure > 8th   Floor,TK_NotStart,2026-03-17 00:00,2027-07-19 08:00,2027-07-27 16:00,8.0,6.0,-2.0,2027-06-26 02:00,2027-07-02 02:00,-23.25,1,YES
CON-B01-8TH-1050,"RFT for Slabs, Beams & Stairs (B01) (8th)",ROYA-BIG PROJECT PHASE01 (B1-4) > Construction > Part 02 > B01 > Superstructure > 8th   Floor,TK_NotStart,2026-03-17 00:00,2027-07-21 08:00,2027-07-29 16:00,8.0,6.0,-2.0,2027-06-28 02:00,2027-07-04 02:00,-23.25,1,YES
CON-B01-8TH-1060,"Pouring for Slabs, Beams & Stairs (B01) (8th)",ROYA-BIG PROJECT PHASE01 (B1-4) > Construction > Part 02 > B01 > Superstructure > 8th   Floor,TK_NotStart,2026-03-17 00:00,2027-07-31 08:00,2027-08-01 16:00,2.0,2.0,0.0,2027-07-06 02:00,2027-07-08 02:00,-25.25,1,YES
CON-B01-8TH-1070,"Curing for Slabs, Beams & Stairs (B01) (8th)",ROYA-BIG PROJECT PHASE01 (B1-4) > Construction > Part 02 > B01 > Superstructure > 8th   Floor,TK_NotStart,2026-03-17 00:00,2027-08-02 08:00,2027-08-04 16:00,3.0,2.25,-0.75,2027-07-08 02:00,2027-07-10 08:00,-25.25,1,YES
CON-B01-8TH-1080,Dismantling Formwork (B01) (8th),ROYA-BIG PROJECT PHASE01 (B1-4) > Construction > Part 02 > B01 > Superstructure > 8th   Floor,TK_NotStart,2026-03-17 00:00,2027-08-15 08:00,2027-08-15 16:00,1.0,1.0,0.0,2027-07-20 08:00,2027-07-21 08:00,-26.0,1,YES
CON-B01-1ST-1000,"Scaffolding works for Walls, Col. & Cores (B01) (1st)",ROYA-BIG PROJECT PHASE01 (B1-4) > Construction > Part 02 > B01 > Superstructure > 1st  Floor,TK_NotStart,2026-03-17 00:00,2026-10-17 08:00,2026-10-21 16:00,5.0,3.75,-1.25,2026-10-08 14:00,2026-10-12 08:00,-8.75,1,YES
CON-B01-1ST-1010,"RFT for Walls, Col. & Cores (B01) (1st)",ROYA-BIG PROJECT PHASE01 (B1-4) > Construction > Part 02 > B01 > Superstructure > 1st  Floor,TK_NotStart,2026-03-17 00:00,2026-10-20 08:00,2026-10-27 16:00,7.0,5.25,-1.75,2026-10-11 14:00,2026-10-16 20:00,-8.75,1,YES
CON-B01-1ST-1020,"Shuttering for Walls, Col. & Cores (B01) (1st)",ROYA-BIG PROJECT PHASE01 (B1-4) > Construction > Part 02 > B01 > Superstructure > 1st  Floor,TK_NotStart,2026-03-17 00:00,2026-10-24 08:00,2026-10-31 16:00,7.0,5.25,-1.75,2026-10-15 14:00,2026-10-20 20:00,-8.75,1,YES
CON-B01-1ST-1030,"Pouring for Walls, Col. & Cores (B01) (1st)",ROYA-BIG PROJECT PHASE01 (B1-4) > Construction > Part 02 > B01 > Superstructure > 1st  Floor,TK_NotStart,2026-03-17 00:00,2026-11-01 08:00,2026-11-02 16:00,2.0,2.0,0.0,2026-10-21 20:00,2026-10-23 20:00,-10.5,1,YES
CON-B01-1ST-1040,"Shuttering for Slabs, Beams & Stairs (B01) (1st)",ROYA-BIG PROJECT PHASE01 (B1-4) > Construction > Part 02 > B01 > Superstructure > 1st  Floor,TK_NotStart,2026-03-17 00:00,2026-11-03 08:00,2026-11-16 16:00,12.0,9.0,-3.0,2026-10-23 20:00,2026-11-01 20:00,-10.5,1,YES
CON-B01-1ST-1050,"RFT for Slabs, Beams & Stairs(B01) (1st)",ROYA-BIG PROJECT PHASE01 (B1-4) > Construction > Part 02 > B01 > Superstructure > 1st  Floor,TK_NotStart,2026-03-17 00:00,2026-11-08 08:00,2026-11-21 16:00,12.0,9.0,-3.0,2026-10-28 20:00,2026-11-06 20:00,-10.5,1,YES
CON-B01-1ST-1060,"Pouring for Slabs, Beams & Stairs (B01) (1st)",ROYA-BIG PROJECT PHASE01 (B1-4) > Construction > Part 02 > B01 > Superstructure > 1st  Floor,TK_NotStart,2026-03-17 00:00,2026-11-22 08:00,2026-11-24 16:00,3.0,2.25,-0.75,2026-11-08 20:00,2026-11-11 02:00,-13.5,1,YES
CON-B01-1ST-1070,"Curing for Slabs, Beams & Stairs (B01) (1st)",ROYA-BIG PROJECT PHASE01 (B1-4) > Construction > Part 02 > B01 > Superstructure > 1st  Floor,TK_NotStart,2026-03-17 00:00,2026-11-25 08:00,2026-11-27 16:00,3.0,2.25,-0.75,2026-11-11 02:00,2026-11-13 08:00,-14.25,1,YES
CON-B01-1ST-1080,Dismantling Formwork (B01) (1st),ROYA-BIG PROJECT PHASE01 (B1-4) > Construction > Part 02 > B01 > Superstructure > 1st  Floor,TK_NotStart,2026-03-17 00:00,2026-12-08 08:00,2026-12-08 16:00,1.0,1.0,0.0,2026-11-23 08:00,2026-11-24 08:00,-15.0,1,YES
CON-B01-2ND-1000,"Scaffolding works for Walls, Col. & Cores (B01) (2nd)",ROYA-BIG PROJECT PHASE01 (B1-4) > Construction > Part 02 > B01 > Superstructure > 2nd   Floor,TK_NotStart,2026-03-17 00:00,2026-11-26 08:00,2026-12-01 16:00,5.0,3.75,-1.25,2026-11-12 02:00,2026-11-15 20:00,-14.25,1,YES
CON-B01-2ND-1010,"RFT for Walls, Col. & Cores (B01) (2nd)",ROYA-BIG PROJECT PHASE01 (B1-4) > Construction > Part 02 > B01 > Superstructure > 2nd   Floor,TK_NotStart,2026-03-17 00:00,2026-11-29 08:00,2026-12-06 16:00,7.0,5.25,-1.75,2026-11-15 02:00,2026-11-20 08:00,-14.25,1,YES
CON-B01-2ND-1020,"Shuttering for Walls, Col. & Cores (B01) (2nd)",ROYA-BIG PROJECT PHASE01 (B1-4) > Construction > Part 02 > B01 > Superstructure > 2nd   Floor,TK_NotStart,2026-03-17 00:00,2026-12-02 08:00,2026-12-09 16:00,7.0,5.25,-1.75,2026-11-18 02:00,2026-11-23 08:00,-14.25,1,YES
CON-B01-2ND-1030,"Pouring for Walls, Col. & Cores (B01) (2nd)",ROYA-BIG PROJECT PHASE01 (B1-4) > Construction > Part 02 > B01 > Superstructure > 2nd   Floor,TK_NotStart,2026-03-17 00:00,2026-12-10 08:00,2026-12-12 16:00,2.0,2.0,0.0,2026-11-24 08:00,2026-11-26 08:00,-16.0,1,YES
CON-B01-2ND-1040,"Shuttering for Slabs, Beams & Stairs (B01) (2nd)",ROYA-BIG PROJECT PHASE01 (B1-4) > Construction > Part 02 > B01 > Superstructure > 2nd   Floor,TK_NotStart,2026-03-17 00:00,2026-12-13 08:00,2026-12-21 16:00,8.0,6.0,-2.0,2026-11-27 08:00,2026-12-03 08:00,-16.0,1,YES
CON-B01-2ND-1050,"RFT for Slabs, Beams & Stairs (B01) (2nd)",ROYA-BIG PROJECT PHASE01 (B1-4) > Construction > Part 02 > B01 > Superstructure > 2nd   Floor,TK_NotStart,2026-03-17 00:00,2026-12-17 08:00,2026-12-26 16:00,8.0,6.0,-2.0,2026-12-01 08:00,2026-12-07 08:00,-16.0,1,YES
CON-B01-2ND-1060,"Pouring for Slabs, Beams & Stairs (B01) (2nd)",ROYA-BIG PROJECT PHASE01 (B1-4) > Construction > Part 02 > B01 > Superstructure > 2nd   Floor,TK_NotStart,2026-03-17 00:00,2026-12-27 08:00,2026-12-29 16:00,3.0,2.25,-0.75,2026-12-09 08:00,2026-12-11 14:00,-18.0,1,YES
CON-B01-2ND-1070,"Curing for Slabs, Beams & Stairs (B01) (2nd)",ROYA-BIG PROJECT PHASE01 (B1-4) > Construction > Part 02 > B01 > Superstructure > 2nd   Floor,TK_NotStart,2026-03-17 00:00,2026-12-30 08:00,2027-01-01 16:00,3.0,2.25,-0.75,2026-12-11 14:00,2026-12-13 20:00,-18.75,1,YES
CON-B01-2ND-1080,Dismantling Formwork (B01) (2nd),ROYA-BIG PROJECT PHASE01 (B1-4) > Construction > Part 02 > B01 > Superstructure > 2nd   Floor,TK_NotStart,2026-03-17 00:00,2027-01-12 08:00,2027-01-12 16:00,1.0,1.0,0.0,2026-12-24 14:00,2026-12-25 14:00,-18.75,1,YES
CON-B01-3RD-1000,"Scaffolding works for Walls, Col. & Cores (B01) (3rd)",ROYA-BIG PROJECT PHASE01 (B1-4) > Construction > Part 02 > B01 > Superstructure > 3rd   Floor,TK_NotStart,2026-03-17 00:00,2026-12-31 08:00,2027-01-05 16:00,5.0,3.75,-1.25,2026-12-12 14:00,2026-12-16 08:00,-18.75,1,YES
CON-B01-3RD-1010,"RFT for Walls, Col. & Cores (B01) (3rd)",ROYA-BIG PROJECT PHASE01 (B1-4) > Construction > Part 02 > B01 > Superstructure > 3rd   Floor,TK_NotStart,2026-03-17 00:00,2027-01-04 08:00,2027-01-12 16:00,7.0,5.25,-1.75,2026-12-17 08:00,2026-12-22 14:00,-18.0,1,YES
CON-B01-3RD-1020,"Shuttering for Walls, Col. & Cores (B01) (3rd)",ROYA-BIG PROJECT PHASE01 (B1-4) > Construction > Part 02 > B01 > Superstructure > 3rd   Floor,TK_NotStart,2026-03-17 00:00,2027-01-09 08:00,2027-01-16 16:00,7.0,5.25,-1.75,2026-12-22 08:00,2026-12-27 14:00,-18.0,1,YES
CON-B01-3RD-1030,"Pouring for Walls, Col. & Cores (B01) (3rd)",ROYA-BIG PROJECT PHASE01 (B1-4) > Construction > Part 02 > B01 > Superstructure > 3rd   Floor,TK_NotStart,2026-03-17 00:00,2027-01-17 08:00,2027-01-18 16:00,2.0,2.0,0.0,2026-12-28 14:00,2026-12-30 14:00,-19.75,1,YES
CON-B01-3RD-1040,"Shuttering for Slabs, Beams & Stairs (B01) (3rd)",ROYA-BIG PROJECT PHASE01 (B1-4) > Construction > Part 02 > B01 > Superstructure > 3rd   Floor,TK_NotStart,2026-03-17 00:00,2027-01-19 08:00,2027-01-31 16:00,10.0,7.5,-2.5,2026-12-30 14:00,2027-01-07 02:00,-19.75,1,YES
CON-B01-3RD-1050,"RFT for Slabs, Beams & Stairs (B01) (3rd)",ROYA-BIG PROJECT PHASE01 (B1-4) > Construction > Part 02 > B01 > Superstructure > 3rd   Floor,TK_NotStart,2026-03-17 00:00,2027-01-24 08:00,2027-02-04 16:00,10.0,7.5,-2.5,2027-01-04 14:00,2027-01-12 02:00,-19.75,1,YES
CON-B01-3RD-1060,"Pouring for Slabs, Beams & Stairs (B01) (3rd)",ROYA-BIG PROJECT PHASE01 (B1-4) > Construction > Part 02 > B01 > Superstructure > 3rd   Floor,TK_NotStart,2026-03-17 00:00,2027-02-06 08:00,2027-02-08 16:00,3.0,2.25,-0.75,2027-01-15 02:00,2027-01-17 08:00,-22.25,1,YES
CON-B01-3RD-1070,"Curing for Slabs, Beams & Stairs(B01) (3rd)",ROYA-BIG PROJECT PHASE01 (B1-4) > Construction > Part 02 > B01 > Superstructure > 3rd   Floor,TK_NotStart,2026-03-17 00:00,2027-02-09 08:00,2027-02-11 16:00,3.0,2.25,-0.75,2027-01-17 08:00,2027-01-19 14:00,-23.0,1,YES
CON-B01-3RD-1080,Dismantling Formwork (B01) (3rd),ROYA-BIG PROJECT PHASE01 (B1-4) > Construction > Part 02 > B01 > Superstructure > 3rd   Floor,TK_NotStart,2026-03-17 00:00,2027-02-22 08:00,2027-02-22 16:00,1.0,1.0,0.0,2027-01-29 14:00,2027-01-30 14:00,-23.75,1,YES
CON-B01-4TH-1000,"Scaffolding works for Walls, Col. & Cores (B01) (4th)",ROYA-BIG PROJECT PHASE01 (B1-4) > Construction > Part 02 > B01 > Superstructure > 4th   Floor,TK_NotStart,2026-03-17 00:00,2027-02-10 08:00,2027-02-15 16:00,5.0,3.75,-1.25,2027-01-18 08:00,2027-01-22 02:00,-23.0,1,YES
CON-B01-4TH-1010,"RFT for Walls, Col. & Cores (B01) (4th)",ROYA-BIG PROJECT PHASE01 (B1-4) > Construction > Part 02 > B01 > Superstructure > 4th   Floor,TK_NotStart,2026-03-17 00:00,2027-02-14 08:00,2027-02-21 16:00,7.0,5.25,-1.75,2027-01-25 08:00,2027-01-30 14:00,-20.0,1,YES
CON-B01-4TH-1020,"Shuttering for Walls, Col. & Cores (B01) (4th)",ROYA-BIG PROJECT PHASE01 (B1-4) > Construction > Part 02 > B01 > Superstructure > 4th   Floor,TK_NotStart,2026-03-17 00:00,2027-02-17 08:00,2027-02-24 16:00,7.0,5.25,-1.75,2027-01-28 08:00,2027-02-02 14:00,-20.0,1,YES
CON-B01-4TH-1030,"Pouring for Walls, Col. & Cores (B01) (4th)",ROYA-BIG PROJECT PHASE01 (B1-4) > Construction > Part 02 > B01 > Superstructure > 4th   Floor,TK_NotStart,2026-03-17 00:00,2027-02-25 08:00,2027-02-27 16:00,2.0,2.0,0.0,2027-02-03 14:00,2027-02-05 14:00,-21.75,1,YES
CON-B01-4TH-1040,"Shuttering for Slabs, Beams & Stairs (B01) (4th)",ROYA-BIG PROJECT PHASE01 (B1-4) > Construction > Part 02 > B01 > Superstructure > 4th   Floor,TK_NotStart,2026-03-17 00:00,2027-02-28 08:00,2027-03-16 16:00,12.0,9.0,-3.0,2027-02-06 14:00,2027-02-15 14:00,-21.75,1,YES
CON-B01-4TH-1050,"RFT for Slabs, Beams & Stairs (B01) (4th)",ROYA-BIG PROJECT PHASE01 (B1-4) > Construction > Part 02 > B01 > Superstructure > 4th   Floor,TK_NotStart,2026-03-17 00:00,2027-03-04 08:00,2027-03-21 16:00,12.0,9.0,-3.0,2027-02-10 14:00,2027-02-19 14:00,-21.75,1,YES
CON-B01-4TH-1060,"Pouring for Slabs, Beams & Stairs (B01) (4th)",ROYA-BIG PROJECT PHASE01 (B1-4) > Construction > Part 02 > B01 > Superstructure > 4th   Floor,TK_NotStart,2026-03-17 00:00,2027-03-22 08:00,2027-03-24 16:00,3.0,2.25,-0.75,2027-02-25 14:00,2027-02-27 20:00,-24.75,1,YES
CON-B01-4TH-1070,"Curing for Slabs, Beams & Stairs (B01) (4th)",ROYA-BIG PROJECT PHASE01 (B1-4) > Construction > Part 02 > B01 > Superstructure > 4th   Floor,TK_NotStart,2026-03-17 00:00,2027-03-25 08:00,2027-03-27 16:00,3.0,2.25,-0.75,2027-02-27 20:00,2027-03-02 02:00,-25.5,1,YES
CON-B01-4TH-1080,Dismantling Formwork (B01) (4th),ROYA-BIG PROJECT PHASE01 (B1-4) > Construction > Part 02 > B01 > Superstructure > 4th   Floor,TK_NotStart,2026-03-17 00:00,2027-04-07 08:00,2027-04-07 16:00,1.0,1.0,0.0,2027-03-12 02:00,2027-03-13 02:00,-26.25,1,YES
CON-B01-5TH-1000,"Scaffolding works for Walls, Col. & Cores (B01) (5th)",ROYA-BIG PROJECT PHASE01 (B1-4) > Construction > Part 02 > B01 > Superstructure > 5th  Floor,TK_NotStart,2026-03-17 00:00,2027-03-27 08:00,2027-03-29 16:00,3.0,2.25,-0.75,2027-03-01 20:00,2027-03-04 02:00,-25.5,1,YES
CON-B01-5TH-1010,"RFT for Walls, Col. & Cores (B01) (5th)",ROYA-BIG PROJECT PHASE01 (B1-4) > Construction > Part 02 > B01 > Superstructure > 5th  Floor,TK_NotStart,2026-03-17 00:00,2027-03-30 08:00,2027-04-05 16:00,6.0,4.5,-1.5,2027-03-10 08:00,2027-03-14 20:00,-20.0,1,YES
CON-B01-5TH-1020,"Shuttering for Walls, Col. & Cores (B01) (5th)",ROYA-BIG PROJECT PHASE01 (B1-4) > Construction > Part 02 > B01 > Superstructure > 5th  Floor,TK_NotStart,2026-03-17 00:00,2027-04-03 08:00,2027-04-08 16:00,6.0,4.5,-1.5,2027-03-14 08:00,2027-03-18 20:00,-20.0,1,YES
CON-B01-5TH-1030,"Pouring for Walls, Col. & Cores (B01) (5th)",ROYA-BIG PROJECT PHASE01 (B1-4) > Construction > Part 02 > B01 > Superstructure > 5th  Floor,TK_NotStart,2026-03-17 00:00,2027-04-10 08:00,2027-04-11 16:00,2.0,2.0,0.0,2027-03-19 20:00,2027-03-21 20:00,-21.5,1,YES
CON-B01-5TH-1040,"Shuttering for Slabs, Beams & Stairs (B01) (5th)",ROYA-BIG PROJECT PHASE01 (B1-4) > Construction > Part 02 > B01 > Superstructure > 5th  Floor,TK_NotStart,2026-03-17 00:00,2027-04-12 08:00,2027-04-21 16:00,9.0,6.75,-2.25,2027-03-21 20:00,2027-03-28 14:00,-21.5,1,YES
CON-B01-5TH-1050,"RFT for Slabs, Beams & Stairs (B01) (5th)",ROYA-BIG PROJECT PHASE01 (B1-4) > Construction > Part 02 > B01 > Superstructure > 5th  Floor,TK_NotStart,2026-03-17 00:00,2027-04-17 08:00,2027-04-26 16:00,9.0,6.75,-2.25,2027-03-26 20:00,2027-04-02 14:00,-21.5,1,YES
CON-B01-5TH-1060,"Pouring for Slabs, Beams & Stairs (B01) (5th)",ROYA-BIG PROJECT PHASE01 (B1-4) > Construction > Part 02 > B01 > Superstructure > 5th  Floor,TK_NotStart,2026-03-17 00:00,2027-04-27 08:00,2027-04-28 16:00,2.0,2.0,0.0,2027-04-03 14:00,2027-04-05 14:00,-23.75,1,YES
CON-B01-5TH-1070,"Curing for Slabs, Beams & Stairs (B01) (5th)",ROYA-BIG PROJECT PHASE01 (B1-4) > Construction > Part 02 > B01 > Superstructure > 5th  Floor,TK_NotStart,2026-03-17 00:00,2027-04-29 08:00,2027-05-01 16:00,3.0,2.25,-0.75,2027-04-05 14:00,2027-04-07 20:00,-23.75,1,YES
CON-B01-5TH-1080,Dismantling Formwork (B01) (5th),ROYA-BIG PROJECT PHASE01 (B1-4) > Construction > Part 02 > B01 > Superstructure > 5th  Floor,TK_NotStart,2026-03-17 00:00,2027-05-12 08:00,2027-05-12 16:00,1.0,1.0,0.0,2027-04-17 20:00,2027-04-18 20:00,-24.5,1,YES
CON-B01-9TH-1000,"Scaffolding works for Walls, Col. & Cores (B01) (RF)",ROYA-BIG PROJECT PHASE01 (B1-4) > Construction > Part 02 > B01 > Superstructure > Roof Floor,TK_NotStart,2026-03-17 00:00,2027-08-05 08:00,2027-08-05 16:00,1.0,1.0,0.0,2027-07-10 08:00,2027-07-11 08:00,-26.0,1,YES
CON-B01-9TH-1010,"RFT for Walls, Col. & Cores (B01) (RF)",ROYA-BIG PROJECT PHASE01 (B1-4) > Construction > Part 02 > B01 > Superstructure > Roof Floor,TK_NotStart,2026-03-17 00:00,2027-08-07 08:00,2027-08-08 16:00,2.0,2.0,0.0,2027-07-12 08:00,2027-07-14 08:00,-26.0,1,YES
CON-B01-9TH-1020,"Shuttering for Walls, Col. & Cores (B01) (RF)",ROYA-BIG PROJECT PHASE01 (B1-4) > Construction > Part 02 > B01 > Superstructure > Roof Floor,TK_NotStart,2026-03-17 00:00,2027-08-09 08:00,2027-08-09 16:00,1.0,1.0,0.0,2027-07-14 08:00,2027-07-15 08:00,-26.0,1,YES
CON-B01-9TH-1030,"Pouring for Walls, Col. & Cores (B01) (RF)",ROYA-BIG PROJECT PHASE01 (B1-4) > Construction > Part 02 > B01 > Superstructure > Roof Floor,TK_NotStart,2026-03-17 00:00,2027-08-10 08:00,2027-08-10 16:00,1.0,1.0,0.0,2027-07-15 08:00,2027-07-16 08:00,-26.0,1,YES
CON-B01-9TH-1040,"Shuttering for Slabs, Beams  (B01) (RF)",ROYA-BIG PROJECT PHASE01 (B1-4) > Construction > Part 02 > B01 > Superstructure > Roof Floor,TK_NotStart,2026-03-17 00:00,2027-08-11 08:00,2027-08-12 16:00,2.0,2.0,0.0,2027-07-16 08:00,2027-07-18 08:00,-26.0,1,YES
CON-B01-9TH-1050,"RFT for Slabs, Beams  (B01) (RF)",ROYA-BIG PROJECT PHASE01 (B1-4) > Construction > Part 02 > B01 > Superstructure > Roof Floor,TK_NotStart,2026-03-17 00:00,2027-08-12 08:00,2027-08-15 16:00,3.0,2.25,-0.75,2027-07-17 08:00,2027-07-19 14:00,-26.0,1,YES
CON-B01-9TH-1060,"Pouring for Slabs, Beams  (B01) (RF)",ROYA-BIG PROJECT PHASE01 (B1-4) > Construction > Part 02 > B01 > Superstructure > Roof Floor,TK_NotStart,2026-03-17 00:00,2027-08-16 08:00,2027-08-16 16:00,1.0,1.0,0.0,2027-07-21 08:00,2027-07-22 08:00,-26.0,1,YES
CON-B01-9TH-1070,"Curing for Slabs, Beams  (B01) (RF)",ROYA-BIG PROJECT PHASE01 (B1-4) > Construction > Part 02 > B01 > Superstructure > Roof Floor,TK_NotStart,2026-03-17 00:00,2027-08-17 08:00,2027-08-19 16:00,3.0,2.25,-0.75,2027-07-22 08:00,2027-07-24 14:00,-26.0,1,YES
CON-B01-9TH-1080,Dismantling Formwork (B01) (RF),ROYA-BIG PROJECT PHASE01 (B1-4) > Construction > Part 02 > B01 > Superstructure > Roof Floor,TK_NotStart,2026-03-17 00:00,2027-08-25 08:00,2027-08-25 16:00,1.0,1.0,0.0,2027-07-29 14:00,2027-07-30 14:00,-26.75,1,YES
CON-B02-1ST-1000,"Scaffolding works for Walls, Col. & Cores (B02) (1st)",ROYA-BIG PROJECT PHASE01 (B1-4) > Construction > Part 02 > B02 > Superstructure > 1st  Floor,TK_NotStart,2026-03-17 00:00,2026-08-29 08:00,2026-09-03 16:00,6.0,6.0,0.0,2026-08-29 08:00,2026-09-04 08:00,0.0,1,YES
CON-B02-1ST-1010,"RFT for Walls, Col. & Cores (B02) (1st)",ROYA-BIG PROJECT PHASE01 (B1-4) > Construction > Part 02 > B02 > Superstructure > 1st  Floor,TK_NotStart,2026-03-17 00:00,2026-09-01 08:00,2026-09-12 16:00,10.0,10.0,0.0,2026-09-01 08:00,2026-09-11 08:00,0.0,1,YES
CON-B02-1ST-1020,"Shuttering for Walls, Col. & Cores (B02) (1st)",ROYA-BIG PROJECT PHASE01 (B1-4) > Construction > Part 02 > B02 > Superstructure > 1st  Floor,TK_NotStart,2026-03-17 00:00,2026-09-05 08:00,2026-09-15 16:00,10.0,10.0,0.0,2026-09-05 08:00,2026-09-15 08:00,0.0,1,YES
CON-B02-1ST-1030,"Pouring for Walls, Col. & Cores (B02) (1st)",ROYA-BIG PROJECT PHASE01 (B1-4) > Construction > Part 02 > B02 > Superstructure > 1st  Floor,TK_NotStart,2026-03-17 00:00,2026-09-16 08:00,2026-09-17 16:00,2.0,2.0,0.0,2026-09-16 08:00,2026-09-18 08:00,0.0,1,YES
CON-B02-1ST-1040,"Shuttering for Slabs, Beams & Stairs (B02) (1st)",ROYA-BIG PROJECT PHASE01 (B1-4) > Construction > Part 02 > B02 > Superstructure > 1st  Floor,TK_NotStart,2026-03-17 00:00,2026-09-19 08:00,2026-10-01 16:00,12.0,12.0,0.0,2026-09-19 08:00,2026-10-01 08:00,0.0,1,YES
CON-B02-1ST-1050,"RFT for Slabs, Beams & Stairs (B02) (1st)",ROYA-BIG PROJECT PHASE01 (B1-4) > Construction > Part 02 > B02 > Superstructure > 1st  Floor,TK_NotStart,2026-03-17 00:00,2026-09-23 08:00,2026-10-07 16:00,12.0,12.0,0.0,2026-09-23 08:00,2026-10-05 08:00,0.0,1,YES
CON-B02-1ST-1060,"Pouring for Slabs, Beams & Stairs (B02) (1st)",ROYA-BIG PROJECT PHASE01 (B1-4) > Construction > Part 02 > B02 > Superstructure > 1st  Floor,TK_NotStart,2026-03-17 00:00,2026-10-08 08:00,2026-10-11 16:00,3.0,3.0,0.0,2026-10-08 08:00,2026-10-11 08:00,0.0,1,YES
CON-B02-1ST-1070,"Curing for Slabs, Beams & Stairs (B02) (1st)",ROYA-BIG PROJECT PHASE01 (B1-4) > Construction > Part 02 > B02 > Superstructure > 1st  Floor,TK_NotStart,2026-03-17 00:00,2026-10-12 08:00,2026-10-16 16:00,5.0,5.0,0.0,2026-10-12 08:00,2026-10-17 08:00,0.0,1,YES
CON-B02-1ST-1080,Dismantling Formwork (B02) (1st),ROYA-BIG PROJECT PHASE01 (B1-4) > Construction > Part 02 > B02 > Superstructure > 1st  Floor,TK_NotStart,2026-03-17 00:00,2026-10-23 08:00,2026-10-23 16:00,1.0,1.0,0.0,2026-10-23 08:00,2026-10-24 08:00,0.0,1,YES
CON-B02-2ND-1000,"Scaffolding works for Walls, Col. & Cores (B02) (2nd)",ROYA-BIG PROJECT PHASE01 (B1-4) > Construction > Part 02 > B02 > Superstructure > 2nd   Floor,TK_NotStart,2026-03-17 00:00,2026-10-25 08:00,2026-10-29 16:00,5.0,5.0,0.0,2026-10-25 08:00,2026-10-30 08:00,0.0,1,YES
CON-B02-2ND-1010,"RFT for Walls, Col. & Cores (B02) (2nd)",ROYA-BIG PROJECT PHASE01 (B1-4) > Construction > Part 02 > B02 > Superstructure > 2nd   Floor,TK_NotStart,2026-03-17 00:00,2026-10-27 08:00,2026-11-09 16:00,12.0,12.0,0.0,2026-10-27 08:00,2026-11-08 08:00,0.0,1,YES
CON-B02-2ND-1020,"Shuttering for Walls, Col. & Cores (B02) (2nd)",ROYA-BIG PROJECT PHASE01 (B1-4) > Construction > Part 02 > B02 > Superstructure > 2nd   Floor,TK_NotStart,2026-03-17 00:00,2026-10-31 08:00,2026-11-12 16:00,12.0,12.0,0.0,2026-10-31 08:00,2026-11-12 08:00,0.0,1,YES
CON-B02-2ND-1030,"Pouring for Walls, Col. & Cores (B02) (2nd)",ROYA-BIG PROJECT PHASE01 (B1-4) > Construction > Part 02 > B02 > Superstructure > 2nd   Floor,TK_NotStart,2026-03-17 00:00,2026-11-14 08:00,2026-11-15 16:00,2.0,2.0,0.0,2026-11-14 08:00,2026-11-16 08:00,0.0,1,YES
CON-B02-2ND-1040,"Shuttering for Slabs, Beams & Stairs (B02) (2nd)",ROYA-BIG PROJECT PHASE01 (B1-4) > Construction > Part 02 > B02 > Superstructure > 2nd   Floor,TK_NotStart,2026-03-17 00:00,2026-11-16 08:00,2026-12-02 16:00,15.0,15.0,0.0,2026-11-16 08:00,2026-12-01 08:00,0.0,1,YES
CON-B02-2ND-1050,"RFT for Slabs, Beams & Stairs (B02) (2nd)",ROYA-BIG PROJECT PHASE01 (B1-4) > Construction > Part 02 > B02 > Superstructure > 2nd   Floor,TK_NotStart,2026-03-17 00:00,2026-11-21 08:00,2026-12-07 16:00,15.0,15.0,0.0,2026-11-21 08:00,2026-12-06 08:00,0.0,1,YES
CON-B02-2ND-1060,"Pouring for Slabs, Beams & Stairs (B02) (2nd)",ROYA-BIG PROJECT PHASE01 (B1-4) > Construction > Part 02 > B02 > Superstructure > 2nd   Floor,TK_NotStart,2026-03-17 00:00,2026-12-08 08:00,2026-12-10 16:00,3.0,3.0,0.0,2026-12-08 08:00,2026-12-11 08:00,0.0,1,YES
CON-B02-2ND-1070,"Curing for Slabs, Beams & Stairs (B02) (2nd)",ROYA-BIG PROJECT PHASE01 (B1-4) > Construction > Part 02 > B02 > Superstructure > 2nd   Floor,TK_NotStart,2026-03-17 00:00,2026-12-11 08:00,2026-12-15 16:00,5.0,5.0,0.0,2026-12-11 08:00,2026-12-16 08:00,0.0,1,YES
CON-B02-2ND-1080,Dismantling Formwork (B02) (2nd),ROYA-BIG PROJECT PHASE01 (B1-4) > Construction > Part 02 > B02 > Superstructure > 2nd   Floor,TK_NotStart,2026-03-17 00:00,2026-12-23 08:00,2026-12-23 16:00,1.0,1.0,0.0,2026-12-23 08:00,2026-12-24 08:00,0.0,1,YES
CON-B02-3RD-1000,"Scaffolding works for Walls, Col. & Cores (B02) (3rd)",ROYA-BIG PROJECT PHASE01 (B1-4) > Construction > Part 02 > B02 > Superstructure > 3rd   Floor,TK_NotStart,2026-03-17 00:00,2026-12-24 08:00,2026-12-29 16:00,5.0,5.0,0.0,2026-12-24 08:00,2026-12-29 08:00,0.0,1,YES
CON-B02-3RD-1010,"RFT for Walls, Col. & Cores (B02) (3rd)",ROYA-BIG PROJECT PHASE01 (B1-4) > Construction > Part 02 > B02 > Superstructure > 3rd   Floor,TK_NotStart,2026-03-17 00:00,2026-12-27 08:00,2027-01-10 16:00,12.0,12.0,0.0,2026-12-27 08:00,2027-01-08 08:00,0.0,1,YES
CON-B02-3RD-1020,"Shuttering for Walls, Col. & Cores (B02) (3rd)",ROYA-BIG PROJECT PHASE01 (B1-4) > Construction > Part 02 > B02 > Superstructure > 3rd   Floor,TK_NotStart,2026-03-17 00:00,2026-12-30 08:00,2027-01-13 16:00,12.0,12.0,0.0,2026-12-30 08:00,2027-01-11 08:00,0.0,1,YES
CON-B02-3RD-1030,"Pouring for Walls, Col. & Cores (B02) (3rd)",ROYA-BIG PROJECT PHASE01 (B1-4) > Construction > Part 02 > B02 > Superstructure > 3rd   Floor,TK_NotStart,2026-03-17 00:00,2027-01-14 08:00,2027-01-16 16:00,2.0,2.0,0.0,2027-01-14 08:00,2027-01-16 08:00,0.0,1,YES
CON-B02-3RD-1040,"Shuttering for Slabs, Beams & Stairs(B02) (3rd)",ROYA-BIG PROJECT PHASE01 (B1-4) > Construction > Part 02 > B02 > Superstructure > 3rd   Floor,TK_NotStart,2026-03-17 00:00,2027-01-17 08:00,2027-02-03 16:00,15.0,15.0,0.0,2027-01-17 08:00,2027-02-01 08:00,0.0,1,YES
CON-B02-3RD-1050,"RFT for Slabs, Beams & Stairs (B02) (3rd)",ROYA-BIG PROJECT PHASE01 (B1-4) > Construction > Part 02 > B02 > Superstructure > 3rd   Floor,TK_NotStart,2026-03-17 00:00,2027-01-21 08:00,2027-02-08 16:00,15.0,15.0,0.0,2027-01-21 08:00,2027-02-05 08:00,0.0,1,YES
CON-B02-3RD-1060,"Pouring for Slabs, Beams & Stairs (B02) (3rd)",ROYA-BIG PROJECT PHASE01 (B1-4) > Construction > Part 02 > B02 > Superstructure > 3rd   Floor,TK_NotStart,2026-03-17 00:00,2027-02-09 08:00,2027-02-11 16:00,3.0,3.0,0.0,2027-02-09 08:00,2027-02-12 08:00,0.0,1,YES
CON-B02-3RD-1070,"Curing for Slabs, Beams & Stairs (B02) (3rd)",ROYA-BIG PROJECT PHASE01 (B1-4) > Construction > Part 02 > B02 > Superstructure > 3rd   Floor,TK_NotStart,2026-03-17 00:00,2027-02-12 08:00,2027-02-16 16:00,5.0,5.0,0.0,2027-02-12 08:00,2027-02-17 08:00,0.0,1,YES
CON-B02-3RD-1080,Dismantling Formwork (B02) (3rd),ROYA-BIG PROJECT PHASE01 (B1-4) > Construction > Part 02 > B02 > Superstructure > 3rd   Floor,TK_NotStart,2026-03-17 00:00,2027-02-24 08:00,2027-02-24 16:00,1.0,1.0,0.0,2027-02-24 08:00,2027-02-25 08:00,0.0,1,YES
CON-B02-4TH-1000,"Scaffolding works for Walls, Col. & Cores (B02) (4th)",ROYA-BIG PROJECT PHASE01 (B1-4) > Construction > Part 02 > B02 > Superstructure > 4th   Floor,TK_NotStart,2026-03-17 00:00,2027-02-25 08:00,2027-03-02 16:00,5.0,5.0,0.0,2027-02-25 08:00,2027-03-02 08:00,0.0,1,YES
CON-B02-4TH-1010,"RFT for Walls, Col. & Cores (B02) (4th)",ROYA-BIG PROJECT PHASE01 (B1-4) > Construction > Part 02 > B02 > Superstructure > 4th   Floor,TK_NotStart,2026-03-17 00:00,2027-02-28 08:00,2027-03-16 16:00,12.0,12.0,0.0,2027-02-28 08:00,2027-03-12 08:00,0.0,1,YES
CON-B02-4TH-1020,"Shuttering for Walls, Col. & Cores (B02) (4th)",ROYA-BIG PROJECT PHASE01 (B1-4) > Construction > Part 02 > B02 > Superstructure > 4th   Floor,TK_NotStart,2026-03-17 00:00,2027-03-03 08:00,2027-03-20 16:00,12.0,12.0,0.0,2027-03-03 08:00,2027-03-15 08:00,0.0,1,YES
CON-B02-4TH-1030,"Pouring for Walls, Col. & Cores (B02) (4th)",ROYA-BIG PROJECT PHASE01 (B1-4) > Construction > Part 02 > B02 > Superstructure > 4th   Floor,TK_NotStart,2026-03-17 00:00,2027-03-21 08:00,2027-03-22 16:00,2.0,2.0,0.0,2027-03-21 08:00,2027-03-23 08:00,0.0,1,YES
CON-B02-4TH-1040,"Shuttering for Slabs, Beams & Stairs (B02) (4th)",ROYA-BIG PROJECT PHASE01 (B1-4) > Construction > Part 02 > B02 > Superstructure > 4th   Floor,TK_NotStart,2026-03-17 00:00,2027-03-23 08:00,2027-04-08 16:00,15.0,15.0,0.0,2027-03-23 08:00,2027-04-07 08:00,0.0,1,YES
CON-B02-4TH-1050,"RFT for Slabs, Beams & Stairs (B02) (4th)",ROYA-BIG PROJECT PHASE01 (B1-4) > Construction > Part 02 > B02 > Superstructure > 4th   Floor,TK_NotStart,2026-03-17 00:00,2027-03-27 08:00,2027-04-12 16:00,15.0,15.0,0.0,2027-03-27 08:00,2027-04-11 08:00,0.0,1,YES
CON-B02-4TH-1060,"Pouring for Slabs, Beams & Stairs (B02) (4th)",ROYA-BIG PROJECT PHASE01 (B1-4) > Construction > Part 02 > B02 > Superstructure > 4th   Floor,TK_NotStart,2026-03-17 00:00,2027-04-13 08:00,2027-04-15 16:00,3.0,3.0,0.0,2027-04-13 08:00,2027-04-16 08:00,0.0,1,YES
CON-B02-4TH-1070,"Curing for Slabs, Beams & Stairs (B02) (4th)",ROYA-BIG PROJECT PHASE01 (B1-4) > Construction > Part 02 > B02 > Superstructure > 4th   Floor,TK_NotStart,2026-03-17 00:00,2027-04-16 08:00,2027-04-20 16:00,5.0,5.0,0.0,2027-04-16 08:00,2027-04-21 08:00,0.0,1,YES
CON-B02-4TH-1080,Dismantling Formwork (B02) (4th),ROYA-BIG PROJECT PHASE01 (B1-4) > Construction > Part 02 > B02 > Superstructure > 4th   Floor,TK_NotStart,2026-03-17 00:00,2027-04-28 08:00,2027-04-28 16:00,1.0,1.0,0.0,2027-04-28 08:00,2027-04-29 08:00,0.0,1,YES
CON-B02-RF-1000,"Scaffolding works for Walls, Col. & Cores (B02) (RF)",ROYA-BIG PROJECT PHASE01 (B1-4) > Construction > Part 02 > B02 > Superstructure > Roof Floor,TK_NotStart,2026-03-17 00:00,2027-04-29 08:00,2027-05-01 16:00,2.0,2.0,0.0,2027-04-29 08:00,2027-05-01 08:00,0.0,1,YES
CON-B02-RF-1010,"RFT for Walls, Col. & Cores (B02) (RF)",ROYA-BIG PROJECT PHASE01 (B1-4) > Construction > Part 02 > B02 > Superstructure > Roof Floor,TK_NotStart,2026-03-17 00:00,2027-05-02 08:00,2027-05-04 16:00,3.0,3.0,0.0,2027-05-02 08:00,2027-05-05 08:00,0.0,1,YES
CON-B02-RF-1020,"Shuttering for Walls, Col. & Cores (B02) (RF)",ROYA-BIG PROJECT PHASE01 (B1-4) > Construction > Part 02 > B02 > Superstructure > Roof Floor,TK_NotStart,2026-03-17 00:00,2027-05-05 08:00,2027-05-08 16:00,3.0,3.0,0.0,2027-05-05 08:00,2027-05-08 08:00,0.0,1,YES
CON-B02-RF-1030,"Pouring for Walls, Col. & Cores (B02) (RF)",ROYA-BIG PROJECT PHASE01 (B1-4) > Construction > Part 02 > B02 > Superstructure > Roof Floor,TK_NotStart,2026-03-17 00:00,2027-05-09 08:00,2027-05-10 16:00,2.0,2.0,0.0,2027-05-09 08:00,2027-05-11 08:00,0.0,1,YES
CON-B02-RF-1040,"Shuttering for Slabs, Beams  (B02) (RF)",ROYA-BIG PROJECT PHASE01 (B1-4) > Construction > Part 02 > B02 > Superstructure > Roof Floor,TK_NotStart,2026-03-17 00:00,2027-05-11 08:00,2027-05-15 16:00,4.0,4.0,0.0,2027-05-11 08:00,2027-05-15 08:00,0.0,1,YES
CON-B02-RF-1050,"RFT for Slabs, Beams  (B02) (RF)",ROYA-BIG PROJECT PHASE01 (B1-4) > Construction > Part 02 > B02 > Superstructure > Roof Floor,TK_NotStart,2026-03-17 00:00,2027-05-16 08:00,2027-05-19 16:00,4.0,4.0,0.0,2027-05-16 08:00,2027-05-20 08:00,0.0,1,YES
CON-B02-RF-1060,"Pouring for Slabs, Beams  (B02) (RF)",ROYA-BIG PROJECT PHASE01 (B1-4) > Construction > Part 02 > B02 > Superstructure > Roof Floor,TK_NotStart,2026-03-17 00:00,2027-05-20 08:00,2027-05-22 16:00,2.0,2.0,0.0,2027-05-20 08:00,2027-05-22 08:00,0.0,1,YES
CON-B02-RF-1070,"Curing for Slabs, Beams  (B02) (RF)",ROYA-BIG PROJECT PHASE01 (B1-4) > Construction > Part 02 > B02 > Superstructure > Roof Floor,TK_NotStart,2026-03-17 00:00,2027-05-23 08:00,2027-05-27 16:00,5.0,5.0,0.0,2027-05-23 08:00,2027-05-28 08:00,0.0,1,YES
CON-B02-RF-1080,Dismantling Formwork (B02) (RF),ROYA-BIG PROJECT PHASE01 (B1-4) > Construction > Part 02 > B02 > Superstructure > Roof Floor,TK_NotStart,2026-03-17 00:00,2027-06-03 08:00,2027-06-03 16:00,1.0,1.0,0.0,2027-06-03 08:00,2027-06-04 08:00,0.0,1,YES
CON-B03-1ST-1000,"Scaffolding works for Walls, Col. & Cores (B03) (1st)",ROYA-BIG PROJECT PHASE01 (B1-4) > Construction > Part 01 > B03 > Superstructure > 1st  Floor,TK_NotStart,2026-03-17 00:00,2026-09-02 08:00,2026-09-07 16:00,5.0,5.0,0.0,2026-09-02 08:00,2026-09-07 08:00,0.0,1,YES
CON-B03-1ST-1010,"RFT for Walls, Col. & Cores (B03) (1st)",ROYA-BIG PROJECT PHASE01 (B1-4) > Construction > Part 01 > B03 > Superstructure > 1st  Floor,TK_NotStart,2026-03-17 00:00,2026-09-06 08:00,2026-09-19 16:00,12.0,12.0,0.0,2026-09-06 08:00,2026-09-18 08:00,0.0,1,YES
CON-B03-1ST-1020,"Shuttering for Walls, Col. & Cores (B03) (1st)",ROYA-BIG PROJECT PHASE01 (B1-4) > Construction > Part 01 > B03 > Superstructure > 1st  Floor,TK_NotStart,2026-03-17 00:00,2026-09-10 08:00,2026-09-23 16:00,12.0,12.0,0.0,2026-09-10 08:00,2026-09-22 08:00,0.0,1,YES
CON-B03-1ST-1030,"Pouring for Walls, Col. & Cores (B03) (1st)",ROYA-BIG PROJECT PHASE01 (B1-4) > Construction > Part 01 > B03 > Superstructure > 1st  Floor,TK_NotStart,2026-03-17 00:00,2026-09-24 08:00,2026-09-26 16:00,2.0,2.0,0.0,2026-09-24 08:00,2026-09-26 08:00,0.0,1,YES
CON-B03-1ST-1040,"Shuttering for Slabs, Beams & Stairs (B03) (1st)",ROYA-BIG PROJECT PHASE01 (B1-4) > Construction > Part 01 > B03 > Superstructure > 1st  Floor,TK_NotStart,2026-03-17 00:00,2026-09-27 08:00,2026-10-14 16:00,15.0,15.0,0.0,2026-09-27 08:00,2026-10-12 08:00,0.0,1,YES
CON-B03-1ST-1050,"RFT for Slabs, Beams & Stairs (B03) (1st)",ROYA-BIG PROJECT PHASE01 (B1-4) > Construction > Part 01 > B03 > Superstructure > 1st  Floor,TK_NotStart,2026-03-17 00:00,2026-10-01 08:00,2026-10-19 16:00,15.0,15.0,0.0,2026-10-01 08:00,2026-10-16 08:00,0.0,1,YES
CON-B03-1ST-1060,"Pouring for Slabs, Beams & Stairs (B03) (1st)",ROYA-BIG PROJECT PHASE01 (B1-4) > Construction > Part 01 > B03 > Superstructure > 1st  Floor,TK_NotStart,2026-03-17 00:00,2026-10-20 08:00,2026-10-22 16:00,3.0,3.0,0.0,2026-10-20 08:00,2026-10-23 08:00,0.0,1,YES
CON-B03-1ST-1070,"Curing for Slabs, Beams & Stairs (B03) (1st)",ROYA-BIG PROJECT PHASE01 (B1-4) > Construction > Part 01 > B03 > Superstructure > 1st  Floor,TK_NotStart,2026-03-17 00:00,2026-10-23 08:00,2026-10-27 16:00,5.0,5.0,0.0,2026-10-23 08:00,2026-10-28 08:00,0.0,1,YES
CON-B03-1ST-1080,Dismantling Formwork (B03) (1st),ROYA-BIG PROJECT PHASE01 (B1-4) > Construction > Part 01 > B03 > Superstructure > 1st  Floor,TK_NotStart,2026-03-17 00:00,2026-11-04 08:00,2026-11-04 16:00,1.0,1.0,0.0,2026-11-04 08:00,2026-11-05 08:00,0.0,1,YES
CON-B03-2ND-1000,"Scaffolding works for Walls, Col. & Cores (B03) (2nd)",ROYA-BIG PROJECT PHASE01 (B1-4) > Construction > Part 01 > B03 > Superstructure > 2nd   Floor,TK_NotStart,2026-03-17 00:00,2026-11-07 08:00,2026-11-11 16:00,5.0,5.0,0.0,2026-11-07 08:00,2026-11-12 08:00,0.0,1,YES
CON-B03-2ND-1010,"RFT for Walls, Col. & Cores (B03) (2nd)",ROYA-BIG PROJECT PHASE01 (B1-4) > Construction > Part 01 > B03 > Superstructure > 2nd   Floor,TK_NotStart,2026-03-17 00:00,2026-11-10 08:00,2026-11-23 16:00,12.0,12.0,0.0,2026-11-10 08:00,2026-11-22 08:00,0.0,1,YES
CON-B03-2ND-1020,"Shuttering for Walls, Col. & Cores (B03) (2nd)",ROYA-BIG PROJECT PHASE01 (B1-4) > Construction > Part 01 > B03 > Superstructure > 2nd   Floor,TK_NotStart,2026-03-17 00:00,2026-11-15 08:00,2026-11-28 16:00,12.0,12.0,0.0,2026-11-15 08:00,2026-11-27 08:00,0.0,1,YES
CON-B03-2ND-1030,"Pouring for Walls, Col. & Cores (B03) (2nd)",ROYA-BIG PROJECT PHASE01 (B1-4) > Construction > Part 01 > B03 > Superstructure > 2nd   Floor,TK_NotStart,2026-03-17 00:00,2026-11-29 08:00,2026-11-30 16:00,2.0,2.0,0.0,2026-11-29 08:00,2026-12-01 08:00,0.0,1,YES
CON-B03-2ND-1040,"Shuttering for Slabs, Beams & Stairs (B03) (2nd)",ROYA-BIG PROJECT PHASE01 (B1-4) > Construction > Part 01 > B03 > Superstructure > 2nd   Floor,TK_NotStart,2026-03-17 00:00,2026-12-01 08:00,2026-12-17 16:00,15.0,15.0,0.0,2026-12-01 08:00,2026-12-16 08:00,0.0,1,YES
CON-B03-2ND-1050,"RFT for Slabs, Beams & Stairs(B03) (2nd)",ROYA-BIG PROJECT PHASE01 (B1-4) > Construction > Part 01 > B03 > Superstructure > 2nd   Floor,TK_NotStart,2026-03-17 00:00,2026-12-06 08:00,2026-12-22 16:00,15.0,15.0,0.0,2026-12-06 08:00,2026-12-21 08:00,0.0,1,YES
CON-B03-2ND-1060,"Pouring for Slabs, Beams & Stairs (B03) (2nd)",ROYA-BIG PROJECT PHASE01 (B1-4) > Construction > Part 01 > B03 > Superstructure > 2nd   Floor,TK_NotStart,2026-03-17 00:00,2026-12-23 08:00,2026-12-26 16:00,3.0,3.0,0.0,2026-12-23 08:00,2026-12-26 08:00,0.0,1,YES
CON-B03-2ND-1070,"Curing for Slabs, Beams & Stairs (B03) (2nd)",ROYA-BIG PROJECT PHASE01 (B1-4) > Construction > Part 01 > B03 > Superstructure > 2nd   Floor,TK_NotStart,2026-03-17 00:00,2026-12-27 08:00,2026-12-29 16:00,3.0,3.0,0.0,2026-12-27 08:00,2026-12-30 08:00,0.0,1,YES
CON-B03-2ND-1080,Dismantling Formwork (B03) (2nd),ROYA-BIG PROJECT PHASE01 (B1-4) > Construction > Part 01 > B03 > Superstructure > 2nd   Floor,TK_NotStart,2026-03-17 00:00,2027-01-07 08:00,2027-01-07 16:00,1.0,1.0,0.0,2027-01-07 08:00,2027-01-08 08:00,0.0,1,YES
CON-B03-3RD-1000,"Scaffolding works for Walls, Col. & Cores (B03) (3rd)",ROYA-BIG PROJECT PHASE01 (B1-4) > Construction > Part 01 > B03 > Superstructure > 3rd   Floor,TK_NotStart,2026-03-17 00:00,2027-01-09 08:00,2027-01-13 16:00,5.0,5.0,0.0,2027-01-09 08:00,2027-01-14 08:00,0.0,1,YES
CON-B03-3RD-1010,"RFT for Walls, Col. & Cores (B03) (3rd)",ROYA-BIG PROJECT PHASE01 (B1-4) > Construction > Part 01 > B03 > Superstructure > 3rd   Floor,TK_NotStart,2026-03-17 00:00,2027-01-12 08:00,2027-01-26 16:00,12.0,12.0,0.0,2027-01-12 08:00,2027-01-24 08:00,0.0,1,YES
CON-B03-3RD-1020,"Shuttering for Walls, Col. & Cores (B03) (3rd)",ROYA-BIG PROJECT PHASE01 (B1-4) > Construction > Part 01 > B03 > Superstructure > 3rd   Floor,TK_NotStart,2026-03-17 00:00,2027-01-17 08:00,2027-01-31 16:00,12.0,12.0,0.0,2027-01-17 08:00,2027-01-29 08:00,0.0,1,YES
CON-B03-3RD-1030,"Pouring for Walls, Col. & Cores (B03) (3rd)",ROYA-BIG PROJECT PHASE01 (B1-4) > Construction > Part 01 > B03 > Superstructure > 3rd   Floor,TK_NotStart,2026-03-17 00:00,2027-02-01 08:00,2027-02-02 16:00,2.0,2.0,0.0,2027-02-01 08:00,2027-02-03 08:00,0.0,1,YES
CON-B03-3RD-1040,"Shuttering for Slabs, Beams & Stairs (B03) (3rd)",ROYA-BIG PROJECT PHASE01 (B1-4) > Construction > Part 01 > B03 > Superstructure > 3rd   Floor,TK_NotStart,2026-03-17 00:00,2027-02-03 08:00,2027-02-20 16:00,15.0,15.0,0.0,2027-02-03 08:00,2027-02-18 08:00,0.0,1,YES
CON-B03-3RD-1050,"RFT for Slabs, Beams & Stairs (B03) (3rd)",ROYA-BIG PROJECT PHASE01 (B1-4) > Construction > Part 01 > B03 > Superstructure > 3rd   Floor,TK_NotStart,2026-03-17 00:00,2027-02-08 08:00,2027-02-24 16:00,15.0,15.0,0.0,2027-02-08 08:00,2027-02-23 08:00,0.0,1,YES
CON-B03-3RD-1060,"Pouring for Slabs, Beams & Stairs (B03) (3rd)",ROYA-BIG PROJECT PHASE01 (B1-4) > Construction > Part 01 > B03 > Superstructure > 3rd   Floor,TK_NotStart,2026-03-17 00:00,2027-02-25 08:00,2027-02-28 16:00,3.0,3.0,0.0,2027-02-25 08:00,2027-02-28 08:00,0.0,1,YES
CON-B03-3RD-1070,"Curing for Slabs, Beams & Stairs (B03) (3rd)",ROYA-BIG PROJECT PHASE01 (B1-4) > Construction > Part 01 > B03 > Superstructure > 3rd   Floor,TK_NotStart,2026-03-17 00:00,2027-03-01 08:00,2027-03-03 16:00,3.0,3.0,0.0,2027-03-01 08:00,2027-03-04 08:00,0.0,1,YES
CON-B03-3RD-1080,Dismantling Formwork (B03) (3rd),ROYA-BIG PROJECT PHASE01 (B1-4) > Construction > Part 01 > B03 > Superstructure > 3rd   Floor,TK_NotStart,2026-03-17 00:00,2027-03-16 08:00,2027-03-16 16:00,1.0,1.0,0.0,2027-03-16 08:00,2027-03-17 08:00,0.0,1,YES
CON-B03-4TH-1000,"Scaffolding works for Walls, Col. & Cores (B03) (4th)",ROYA-BIG PROJECT PHASE01 (B1-4) > Construction > Part 01 > B03 > Superstructure > 4th   Floor,TK_NotStart,2026-03-17 00:00,2027-03-14 08:00,2027-03-18 16:00,5.0,5.0,0.0,2027-03-14 08:00,2027-03-19 08:00,0.0,1,YES
CON-B03-4TH-1010,"RFT for Walls, Col. & Cores (B03) (4th)",ROYA-BIG PROJECT PHASE01 (B1-4) > Construction > Part 01 > B03 > Superstructure > 4th   Floor,TK_NotStart,2026-03-17 00:00,2027-03-17 08:00,2027-03-30 16:00,12.0,12.0,0.0,2027-03-17 08:00,2027-03-29 08:00,0.0,1,YES
CON-B03-4TH-1020,"Shuttering for Walls, Col. & Cores (B03) (4th)",ROYA-BIG PROJECT PHASE01 (B1-4) > Construction > Part 01 > B03 > Superstructure > 4th   Floor,TK_NotStart,2026-03-17 00:00,2027-03-22 08:00,2027-04-04 16:00,12.0,12.0,0.0,2027-03-22 08:00,2027-04-03 08:00,0.0,1,YES
CON-B03-4TH-1030,"Pouring for Walls, Col. & Cores (B03) (4th)",ROYA-BIG PROJECT PHASE01 (B1-4) > Construction > Part 01 > B03 > Superstructure > 4th   Floor,TK_NotStart,2026-03-17 00:00,2027-04-05 08:00,2027-04-06 16:00,2.0,2.0,0.0,2027-04-05 08:00,2027-04-07 08:00,0.0,1,YES
CON-B03-4TH-1040,"Shuttering for Slabs, Beams & Stairs (B03) (4th)",ROYA-BIG PROJECT PHASE01 (B1-4) > Construction > Part 01 > B03 > Superstructure > 4th   Floor,TK_NotStart,2026-03-17 00:00,2027-04-07 08:00,2027-04-20 16:00,12.0,12.0,0.0,2027-04-07 08:00,2027-04-19 08:00,0.0,1,YES
CON-B03-4TH-1050,"RFT for Slabs, Beams & Stairs (B03) (4th)",ROYA-BIG PROJECT PHASE01 (B1-4) > Construction > Part 01 > B03 > Superstructure > 4th   Floor,TK_NotStart,2026-03-17 00:00,2027-04-12 08:00,2027-04-25 16:00,12.0,12.0,0.0,2027-04-12 08:00,2027-04-24 08:00,0.0,1,YES
CON-B03-4TH-1060,"Pouring for Slabs, Beams & Stairs (B03) (4th)",ROYA-BIG PROJECT PHASE01 (B1-4) > Construction > Part 01 > B03 > Superstructure > 4th   Floor,TK_NotStart,2026-03-17 00:00,2027-04-26 08:00,2027-04-28 16:00,3.0,3.0,0.0,2027-04-26 08:00,2027-04-29 08:00,0.0,1,YES
CON-B03-4TH-1070,"Curing for Slabs, Beams & Stairs (B03) (4th)",ROYA-BIG PROJECT PHASE01 (B1-4) > Construction > Part 01 > B03 > Superstructure > 4th   Floor,TK_NotStart,2026-03-17 00:00,2027-04-29 08:00,2027-05-01 16:00,3.0,3.0,0.0,2027-04-29 08:00,2027-05-02 08:00,0.0,1,YES
CON-B03-4TH-1080,Dismantling Formwork (B03) (4th),ROYA-BIG PROJECT PHASE01 (B1-4) > Construction > Part 01 > B03 > Superstructure > 4th   Floor,TK_NotStart,2026-03-17 00:00,2027-05-11 08:00,2027-05-11 16:00,1.0,1.0,0.0,2027-05-11 08:00,2027-05-12 08:00,0.0,1,YES
CON-B04-1ST-1000,"Scaffolding works for Walls, Col. & Cores (B04) (1st)",ROYA-BIG PROJECT PHASE01 (B1-4) > Construction > Part 01 > B04 > Superstructure > 1st  Floor,TK_NotStart,2026-03-17 00:00,2026-10-15 08:00,2026-10-20 16:00,5.0,5.0,0.0,2026-10-11 08:00,2026-10-16 08:00,-4.0,1,YES
CON-B04-1ST-1010,"RFT for Walls, Col. & Cores (B04) (1st)",ROYA-BIG PROJECT PHASE01 (B1-4) > Construction > Part 01 > B04 > Superstructure > 1st  Floor,TK_NotStart,2026-03-17 00:00,2026-10-19 08:00,2026-10-26 16:00,7.0,7.0,0.0,2026-10-15 08:00,2026-10-22 08:00,-4.0,1,YES
CON-B04-1ST-1020,"Shuttering for Walls, Col. & Cores (B04) (1st)",ROYA-BIG PROJECT PHASE01 (B1-4) > Construction > Part 01 > B04 > Superstructure > 1st  Floor,TK_NotStart,2026-03-17 00:00,2026-10-21 08:00,2026-10-27 16:00,6.0,6.0,0.0,2026-10-17 08:00,2026-10-23 08:00,-4.0,1,YES
CON-B04-1ST-1030,"Pouring for Walls, Col. & Cores (B04) (1st)",ROYA-BIG PROJECT PHASE01 (B1-4) > Construction > Part 01 > B04 > Superstructure > 1st  Floor,TK_NotStart,2026-03-17 00:00,2026-10-28 08:00,2026-10-29 16:00,2.0,2.0,0.0,2026-10-24 08:00,2026-10-26 08:00,-4.0,1,YES
CON-B04-1ST-1040,"Shuttering for Slabs, Beams & Stairs (B04) (1st)",ROYA-BIG PROJECT PHASE01 (B1-4) > Construction > Part 01 > B04 > Superstructure > 1st  Floor,TK_NotStart,2026-03-17 00:00,2026-10-31 08:00,2026-11-10 16:00,10.0,10.0,0.0,2026-10-27 08:00,2026-11-06 08:00,-4.0,1,YES
CON-B04-1ST-1050,"RFT for Slabs, Beams & Stairs (B04) (1st)",ROYA-BIG PROJECT PHASE01 (B1-4) > Construction > Part 01 > B04 > Superstructure > 1st  Floor,TK_NotStart,2026-03-17 00:00,2026-11-04 08:00,2026-11-15 16:00,10.0,10.0,0.0,2026-10-31 08:00,2026-11-10 08:00,-4.0,1,YES
CON-B04-1ST-1060,"Pouring for Slabs, Beams & Stairs (B04) (1st)",ROYA-BIG PROJECT PHASE01 (B1-4) > Construction > Part 01 > B04 > Superstructure > 1st  Floor,TK_NotStart,2026-03-17 00:00,2026-11-16 08:00,2026-11-18 16:00,3.0,3.0,0.0,2026-11-12 08:00,2026-11-15 08:00,-4.0,1,YES
CON-B04-1ST-1070,"Curing for Slabs, Beams & Stairs (B04) (1st)",ROYA-BIG PROJECT PHASE01 (B1-4) > Construction > Part 01 > B04 > Superstructure > 1st  Floor,TK_NotStart,2026-03-17 00:00,2026-11-19 08:00,2026-11-21 16:00,3.0,2.25,-0.75,2026-11-15 08:00,2026-11-17 14:00,-4.0,1,YES
CON-B04-1ST-1080,Dismantling Formwork (B04) (1st),ROYA-BIG PROJECT PHASE01 (B1-4) > Construction > Part 01 > B04 > Superstructure > 1st  Floor,TK_NotStart,2026-03-17 00:00,2026-12-01 08:00,2026-12-01 16:00,1.0,1.0,0.0,2026-11-27 08:00,2026-11-28 08:00,-4.0,1,YES
CON-B04-2ND-1000,"Scaffolding works for Walls, Col. & Cores (B04) (2nd)",ROYA-BIG PROJECT PHASE01 (B1-4) > Construction > Part 01 > B04 > Superstructure > 2nd   Floor,TK_NotStart,2026-03-17 00:00,2026-11-22 08:00,2026-11-26 16:00,5.0,5.0,0.0,2026-11-17 14:00,2026-11-22 14:00,-4.75,1,YES
CON-B04-2ND-1010,"RFT for Walls, Col. & Cores (B04) (2nd)",ROYA-BIG PROJECT PHASE01 (B1-4) > Construction > Part 01 > B04 > Superstructure > 2nd   Floor,TK_NotStart,2026-03-17 00:00,2026-11-25 08:00,2026-12-03 16:00,8.0,8.0,0.0,2026-11-20 14:00,2026-11-28 14:00,-4.75,1,YES
CON-B04-2ND-1020,"Shuttering for Walls, Col. & Cores (B04) (2nd)",ROYA-BIG PROJECT PHASE01 (B1-4) > Construction > Part 01 > B04 > Superstructure > 2nd   Floor,TK_NotStart,2026-03-17 00:00,2026-11-29 08:00,2026-12-07 16:00,8.0,8.0,0.0,2026-11-24 14:00,2026-12-02 14:00,-4.75,1,YES
CON-B04-2ND-1030,"Pouring for Walls, Col. & Cores (B04) (2nd)",ROYA-BIG PROJECT PHASE01 (B1-4) > Construction > Part 01 > B04 > Superstructure > 2nd   Floor,TK_NotStart,2026-03-17 00:00,2026-12-08 08:00,2026-12-08 16:00,1.0,1.0,0.0,2026-12-03 14:00,2026-12-04 14:00,-4.75,1,YES
CON-B04-2ND-1040,"Shuttering for Slabs, Beams & Stairs (B04) (2nd)",ROYA-BIG PROJECT PHASE01 (B1-4) > Construction > Part 01 > B04 > Superstructure > 2nd   Floor,TK_NotStart,2026-03-17 00:00,2026-12-09 08:00,2026-12-20 16:00,10.0,10.0,0.0,2026-12-04 14:00,2026-12-14 14:00,-4.75,1,YES
CON-B04-2ND-1050,"RFT for Slabs, Beams & Stairs (B04) (2nd)",ROYA-BIG PROJECT PHASE01 (B1-4) > Construction > Part 01 > B04 > Superstructure > 2nd   Floor,TK_NotStart,2026-03-17 00:00,2026-12-14 08:00,2026-12-24 16:00,10.0,10.0,0.0,2026-12-09 14:00,2026-12-19 14:00,-4.75,1,YES
CON-B04-2ND-1060,"Pouring for Slabs, Beams & Stairs (B04) (2nd)",ROYA-BIG PROJECT PHASE01 (B1-4) > Construction > Part 01 > B04 > Superstructure > 2nd   Floor,TK_NotStart,2026-03-17 00:00,2026-12-26 08:00,2026-12-28 16:00,3.0,3.0,0.0,2026-12-21 14:00,2026-12-24 14:00,-4.75,1,YES
CON-B04-2ND-1070,"Curing for Slabs, Beams & Stairs (B04) (2nd)",ROYA-BIG PROJECT PHASE01 (B1-4) > Construction > Part 01 > B04 > Superstructure > 2nd   Floor,TK_NotStart,2026-03-17 00:00,2026-12-29 08:00,2026-12-31 16:00,3.0,2.25,-0.75,2026-12-24 14:00,2026-12-26 20:00,-4.75,1,YES
CON-B04-2ND-1080,Dismantling Formwork (B04) (2nd),ROYA-BIG PROJECT PHASE01 (B1-4) > Construction > Part 01 > B04 > Superstructure > 2nd   Floor,TK_NotStart,2026-03-17 00:00,2027-01-11 08:00,2027-01-11 16:00,1.0,1.0,0.0,2027-01-06 14:00,2027-01-07 14:00,-4.75,1,YES
CON-B04-3RD-1000,"Scaffolding works for Walls, Col. & Cores (B04) (3rd)",ROYA-BIG PROJECT PHASE01 (B1-4) > Construction > Part 01 > B04 > Superstructure > 3rd   Floor,TK_NotStart,2026-03-17 00:00,2027-01-02 08:00,2027-01-06 16:00,5.0,5.0,0.0,2026-12-27 20:00,2027-01-01 20:00,-5.5,1,YES
CON-B04-3RD-1010,"RFT for Walls, Col. & Cores (B04) (3rd)",ROYA-BIG PROJECT PHASE01 (B1-4) > Construction > Part 01 > B04 > Superstructure > 3rd   Floor,TK_NotStart,2026-03-17 00:00,2027-01-05 08:00,2027-01-14 16:00,8.0,8.0,0.0,2026-12-30 20:00,2027-01-07 20:00,-5.5,1,YES
CON-B04-3RD-1020,"Shuttering for Walls, Col. & Cores (B04) (3rd)",ROYA-BIG PROJECT PHASE01 (B1-4) > Construction > Part 01 > B04 > Superstructure > 3rd   Floor,TK_NotStart,2026-03-17 00:00,2027-01-10 08:00,2027-01-18 16:00,8.0,8.0,0.0,2027-01-04 20:00,2027-01-12 20:00,-5.5,1,YES
CON-B04-3RD-1030,"Pouring for Walls, Col. & Cores (B04) (3rd)",ROYA-BIG PROJECT PHASE01 (B1-4) > Construction > Part 01 > B04 > Superstructure > 3rd   Floor,TK_NotStart,2026-03-17 00:00,2027-01-19 08:00,2027-01-19 16:00,1.0,1.0,0.0,2027-01-13 20:00,2027-01-14 20:00,-5.5,1,YES
CON-B04-3RD-1040,"Shuttering for Slabs, Beams & Stairs (B04) (3rd)",ROYA-BIG PROJECT PHASE01 (B1-4) > Construction > Part 01 > B04 > Superstructure > 3rd   Floor,TK_NotStart,2026-03-17 00:00,2027-01-20 08:00,2027-02-01 16:00,10.0,10.0,0.0,2027-01-14 20:00,2027-01-24 20:00,-5.5,1,YES
CON-B04-3RD-1050,"RFT for Slabs, Beams & Stairs (B04) (3rd)",ROYA-BIG PROJECT PHASE01 (B1-4) > Construction > Part 01 > B04 > Superstructure > 3rd   Floor,TK_NotStart,2026-03-17 00:00,2027-01-26 08:00,2027-02-06 16:00,10.0,10.0,0.0,2027-01-20 20:00,2027-01-30 20:00,-5.5,1,YES
CON-B04-3RD-1060,"Pouring for Slabs, Beams & Stairs (B04) (3rd)",ROYA-BIG PROJECT PHASE01 (B1-4) > Construction > Part 01 > B04 > Superstructure > 3rd   Floor,TK_NotStart,2026-03-17 00:00,2027-02-07 08:00,2027-02-09 16:00,3.0,3.0,0.0,2027-02-01 20:00,2027-02-04 20:00,-5.5,1,YES
CON-B04-3RD-1070,"Curing for Slabs, Beams & Stairs (B04) (3rd)",ROYA-BIG PROJECT PHASE01 (B1-4) > Construction > Part 01 > B04 > Superstructure > 3rd   Floor,TK_NotStart,2026-03-17 00:00,2027-02-10 08:00,2027-02-12 16:00,3.0,3.0,0.0,2027-02-04 20:00,2027-02-07 20:00,-5.5,1,YES
CON-B04-3RD-1080,Dismantling Formwork (B04) (3rd),ROYA-BIG PROJECT PHASE01 (B1-4) > Construction > Part 01 > B04 > Superstructure > 3rd   Floor,TK_NotStart,2026-03-17 00:00,2027-02-22 08:00,2027-02-22 16:00,1.0,1.0,0.0,2027-02-16 20:00,2027-02-17 20:00,-5.5,1,YES
CON-B04-4TH-1000,"Scaffolding works for Walls, Col. & Cores (B04) (4th)",ROYA-BIG PROJECT PHASE01 (B1-4) > Construction > Part 01 > B04 > Superstructure > 4th   Floor,TK_NotStart,2026-03-17 00:00,2027-02-10 08:00,2027-02-15 16:00,5.0,5.0,0.0,2027-02-04 20:00,2027-02-09 20:00,-5.5,1,YES
CON-B04-4TH-1010,"RFT for Walls, Col. & Cores (B04) (4th)",ROYA-BIG PROJECT PHASE01 (B1-4) > Construction > Part 01 > B04 > Superstructure > 4th   Floor,TK_NotStart,2026-03-17 00:00,2027-02-14 08:00,2027-02-22 16:00,8.0,8.0,0.0,2027-02-08 20:00,2027-02-16 20:00,-5.5,1,YES
CON-B04-4TH-1020,"Shuttering for Walls, Col. & Cores (B04) (4th)",ROYA-BIG PROJECT PHASE01 (B1-4) > Construction > Part 01 > B04 > Superstructure > 4th   Floor,TK_NotStart,2026-03-17 00:00,2027-02-17 08:00,2027-02-25 16:00,8.0,8.0,0.0,2027-02-11 20:00,2027-02-19 20:00,-5.5,1,YES
CON-B04-4TH-1030,"Pouring for Walls, Col. & Cores (B04) (4th)",ROYA-BIG PROJECT PHASE01 (B1-4) > Construction > Part 01 > B04 > Superstructure > 4th   Floor,TK_NotStart,2026-03-17 00:00,2027-02-27 08:00,2027-02-27 16:00,1.0,1.0,0.0,2027-02-21 20:00,2027-02-22 20:00,-5.5,1,YES
CON-B04-4TH-1040,"Shuttering for Slabs, Beams & Stairs (B04) (4th)",ROYA-BIG PROJECT PHASE01 (B1-4) > Construction > Part 01 > B04 > Superstructure > 4th   Floor,TK_NotStart,2026-03-17 00:00,2027-02-28 08:00,2027-03-14 16:00,10.0,10.0,0.0,2027-02-22 20:00,2027-03-04 20:00,-5.5,1,YES
CON-B04-4TH-1050,"RFT for Slabs, Beams & Stairs (B04) (4th)",ROYA-BIG PROJECT PHASE01 (B1-4) > Construction > Part 01 > B04 > Superstructure > 4th   Floor,TK_NotStart,2026-03-17 00:00,2027-03-04 08:00,2027-03-18 16:00,10.0,10.0,0.0,2027-02-26 20:00,2027-03-08 20:00,-5.5,1,YES
CON-B04-4TH-1060,"Pouring for Slabs, Beams & Stairs (B04) (4th)",ROYA-BIG PROJECT PHASE01 (B1-4) > Construction > Part 01 > B04 > Superstructure > 4th   Floor,TK_NotStart,2026-03-17 00:00,2027-03-20 08:00,2027-03-21 16:00,2.0,2.0,0.0,2027-03-14 20:00,2027-03-16 20:00,-5.5,1,YES
CON-B04-4TH-1070,"Curing for Slabs, Beams & Stairs (B04) (4th)",ROYA-BIG PROJECT PHASE01 (B1-4) > Construction > Part 01 > B04 > Superstructure > 4th   Floor,TK_NotStart,2026-03-17 00:00,2027-03-22 08:00,2027-03-24 16:00,3.0,2.25,-0.75,2027-03-16 20:00,2027-03-19 02:00,-5.5,1,YES
CON-B04-4TH-1080,Dismantling Formwork (B04) (4th),ROYA-BIG PROJECT PHASE01 (B1-4) > Construction > Part 01 > B04 > Superstructure > 4th   Floor,TK_NotStart,2026-03-17 00:00,2027-04-02 08:00,2027-04-02 16:00,1.0,1.0,0.0,2027-03-27 20:00,2027-03-28 20:00,-5.5,1,YES
CON-B04-5TH-1000,"Scaffolding works for Walls, Col. & Cores (B04) (5th)",ROYA-BIG PROJECT PHASE01 (B1-4) > Construction > Part 01 > B04 > Superstructure > 5th  Floor,TK_NotStart,2026-03-17 00:00,2027-03-25 08:00,2027-03-30 16:00,5.0,5.0,0.0,2027-03-19 02:00,2027-03-24 02:00,-6.25,1,YES
CON-B04-5TH-1010,"RFT for Walls, Col. & Cores (B04) (5th)",ROYA-BIG PROJECT PHASE01 (B1-4) > Construction > Part 01 > B04 > Superstructure > 5th  Floor,TK_NotStart,2026-03-17 00:00,2027-03-29 08:00,2027-04-06 16:00,8.0,8.0,0.0,2027-03-23 02:00,2027-03-31 02:00,-6.25,1,YES
CON-B04-5TH-1020,"Shuttering for Walls, Col. & Cores (B04) (5th)",ROYA-BIG PROJECT PHASE01 (B1-4) > Construction > Part 01 > B04 > Superstructure > 5th  Floor,TK_NotStart,2026-03-17 00:00,2027-03-31 08:00,2027-04-08 16:00,8.0,8.0,0.0,2027-03-25 02:00,2027-04-02 02:00,-6.25,1,YES
CON-B04-5TH-1030,"Pouring for Walls, Col. & Cores (B04) (5th)",ROYA-BIG PROJECT PHASE01 (B1-4) > Construction > Part 01 > B04 > Superstructure > 5th  Floor,TK_NotStart,2026-03-17 00:00,2027-04-10 08:00,2027-04-10 16:00,1.0,1.0,0.0,2027-04-04 02:00,2027-04-05 02:00,-6.25,1,YES
CON-B04-5TH-1040,"Shuttering for Slabs, Beams & Stairs (B04) (5th)",ROYA-BIG PROJECT PHASE01 (B1-4) > Construction > Part 01 > B04 > Superstructure > 5th  Floor,TK_NotStart,2026-03-17 00:00,2027-04-11 08:00,2027-04-21 16:00,10.0,10.0,0.0,2027-04-05 02:00,2027-04-15 02:00,-6.25,1,YES
CON-B04-5TH-1050,"RFT for Slabs, Beams & Stairs (B04) (5th)",ROYA-BIG PROJECT PHASE01 (B1-4) > Construction > Part 01 > B04 > Superstructure > 5th  Floor,TK_NotStart,2026-03-17 00:00,2027-04-14 08:00,2027-04-25 16:00,10.0,10.0,0.0,2027-04-08 02:00,2027-04-18 02:00,-6.25,1,YES
CON-B04-5TH-1060,"Pouring for Slabs, Beams & Stairs (B04) (5th)",ROYA-BIG PROJECT PHASE01 (B1-4) > Construction > Part 01 > B04 > Superstructure > 5th  Floor,TK_NotStart,2026-03-17 00:00,2027-04-26 08:00,2027-04-26 16:00,1.0,1.0,0.0,2027-04-20 02:00,2027-04-21 02:00,-6.25,1,YES
CON-B04-5TH-1070,"Curing for Slabs, Beams & Stairs (B04) (5th)",ROYA-BIG PROJECT PHASE01 (B1-4) > Construction > Part 01 > B04 > Superstructure > 5th  Floor,TK_NotStart,2026-03-17 00:00,2027-04-27 08:00,2027-04-29 16:00,3.0,2.25,-0.75,2027-04-21 02:00,2027-04-23 08:00,-6.25,1,YES
CON-B04-5TH-1080,Dismantling Formwork (B04) (5th),ROYA-BIG PROJECT PHASE01 (B1-4) > Construction > Part 01 > B04 > Superstructure > 5th  Floor,TK_NotStart,2026-03-17 00:00,2027-05-09 08:00,2027-05-09 16:00,1.0,1.0,0.0,2027-05-03 02:00,2027-05-04 02:00,-6.25,1,YES
CON-B04-6TH-1000,"Scaffolding works for Walls, Col. & Cores (B04) (6th)",ROYA-BIG PROJECT PHASE01 (B1-4) > Construction > Part 01 > B04 > Superstructure > 6th   Floor,TK_NotStart,2026-03-17 00:00,2027-05-01 08:00,2027-05-03 16:00,3.0,3.0,0.0,2027-04-24 08:00,2027-04-27 08:00,-7.0,1,YES
CON-B04-6TH-1010,"RFT for Walls, Col. & Cores (B04) (6th)",ROYA-BIG PROJECT PHASE01 (B1-4) > Construction > Part 01 > B04 > Superstructure > 6th   Floor,TK_NotStart,2026-03-17 00:00,2027-05-04 08:00,2027-05-09 16:00,5.0,5.0,0.0,2027-04-27 08:00,2027-05-02 08:00,-7.0,1,YES
CON-B04-6TH-1020,"Shuttering for Walls, Col. & Cores (B04) (6th)",ROYA-BIG PROJECT PHASE01 (B1-4) > Construction > Part 01 > B04 > Superstructure > 6th   Floor,TK_NotStart,2026-03-17 00:00,2027-05-06 08:00,2027-05-11 16:00,5.0,5.0,0.0,2027-04-29 08:00,2027-05-04 08:00,-7.0,1,YES
CON-B04-6TH-1030,"Pouring for Walls, Col. & Cores (B04) (6th)",ROYA-BIG PROJECT PHASE01 (B1-4) > Construction > Part 01 > B04 > Superstructure > 6th   Floor,TK_NotStart,2026-03-17 00:00,2027-05-12 08:00,2027-05-12 16:00,1.0,1.0,0.0,2027-05-05 08:00,2027-05-06 08:00,-7.0,1,YES
CON-B04-6TH-1040,"Shuttering for Slabs, Beams & Stairs (B04) (6th)",ROYA-BIG PROJECT PHASE01 (B1-4) > Construction > Part 01 > B04 > Superstructure > 6th   Floor,TK_NotStart,2026-03-17 00:00,2027-05-13 08:00,2027-05-22 16:00,8.0,8.0,0.0,2027-05-06 08:00,2027-05-14 08:00,-7.0,1,YES
CON-B04-6TH-1050,"RFT for Slabs, Beams & Stairs (B04) (6th)",ROYA-BIG PROJECT PHASE01 (B1-4) > Construction > Part 01 > B04 > Superstructure > 6th   Floor,TK_NotStart,2026-03-17 00:00,2027-05-17 08:00,2027-05-25 16:00,8.0,8.0,0.0,2027-05-10 08:00,2027-05-18 08:00,-7.0,1,YES
CON-B04-6TH-1060,"Pouring for Slabs, Beams & Stairs (B04) (6th)",ROYA-BIG PROJECT PHASE01 (B1-4) > Construction > Part 01 > B04 > Superstructure > 6th   Floor,TK_NotStart,2026-03-17 00:00,2027-05-26 08:00,2027-05-26 16:00,1.0,1.0,0.0,2027-05-19 08:00,2027-05-20 08:00,-7.0,1,YES
CON-B04-6TH-1070,"Curing for Slabs, Beams & Stairs (B04) (6th)",ROYA-BIG PROJECT PHASE01 (B1-4) > Construction > Part 01 > B04 > Superstructure > 6th   Floor,TK_NotStart,2026-03-17 00:00,2027-05-27 08:00,2027-05-29 16:00,3.0,2.25,-0.75,2027-05-20 08:00,2027-05-22 14:00,-7.0,1,YES
CON-B04-6TH-1080,Dismantling Formwork (B04) (6th),ROYA-BIG PROJECT PHASE01 (B1-4) > Construction > Part 01 > B04 > Superstructure > 6th   Floor,TK_NotStart,2026-03-17 00:00,2027-06-08 08:00,2027-06-08 16:00,1.0,1.0,0.0,2027-06-01 08:00,2027-06-02 08:00,-7.0,1,YES
CON-B04-7TH-1000,"Scaffolding works for Walls, Col. & Cores (B04) (7th)",ROYA-BIG PROJECT PHASE01 (B1-4) > Construction > Part 01 > B04 > Superstructure > 7th   Floor,TK_NotStart,2026-03-17 00:00,2027-05-30 08:00,2027-06-02 16:00,4.0,4.0,0.0,2027-05-22 14:00,2027-05-26 14:00,-7.75,1,YES
CON-B04-7TH-1010,"RFT for Walls, Col. & Cores (B04) (7th)",ROYA-BIG PROJECT PHASE01 (B1-4) > Construction > Part 01 > B04 > Superstructure > 7th   Floor,TK_NotStart,2026-03-17 00:00,2027-06-02 08:00,2027-06-07 16:00,5.0,5.0,0.0,2027-05-25 14:00,2027-05-30 14:00,-7.75,1,YES
CON-B04-7TH-1020,"Shuttering for Walls, Col. & Cores (B04) (7th)",ROYA-BIG PROJECT PHASE01 (B1-4) > Construction > Part 01 > B04 > Superstructure > 7th   Floor,TK_NotStart,2026-03-17 00:00,2027-06-05 08:00,2027-06-09 16:00,5.0,5.0,0.0,2027-05-28 14:00,2027-06-02 14:00,-7.75,1,YES
CON-B04-7TH-1030,"Pouring for Walls, Col. & Cores (B04) (7th)",ROYA-BIG PROJECT PHASE01 (B1-4) > Construction > Part 01 > B04 > Superstructure > 7th   Floor,TK_NotStart,2026-03-17 00:00,2027-06-10 08:00,2027-06-10 16:00,1.0,1.0,0.0,2027-06-02 14:00,2027-06-03 14:00,-7.75,1,YES
CON-B04-7TH-1040,"Shuttering for Slabs, Beams & Stairs (B04) (7th)",ROYA-BIG PROJECT PHASE01 (B1-4) > Construction > Part 01 > B04 > Superstructure > 7th   Floor,TK_NotStart,2026-03-17 00:00,2027-06-12 08:00,2027-06-20 16:00,8.0,8.0,0.0,2027-06-04 14:00,2027-06-12 14:00,-7.75,1,YES
CON-B04-7TH-1050,"RFT for Slabs, Beams & Stairs (B04) (7th)",ROYA-BIG PROJECT PHASE01 (B1-4) > Construction > Part 01 > B04 > Superstructure > 7th   Floor,TK_NotStart,2026-03-17 00:00,2027-06-14 08:00,2027-06-22 16:00,8.0,8.0,0.0,2027-06-06 14:00,2027-06-14 14:00,-7.75,1,YES
CON-B04-7TH-1060,"Pouring for Slabs, Beams & Stairs (B04) (7th)",ROYA-BIG PROJECT PHASE01 (B1-4) > Construction > Part 01 > B04 > Superstructure > 7th   Floor,TK_NotStart,2026-03-17 00:00,2027-06-23 08:00,2027-06-23 16:00,1.0,1.0,0.0,2027-06-15 14:00,2027-06-16 14:00,-7.75,1,YES
CON-B04-7TH-1070,"Curing for Slabs, Beams & Stairs (B04) (7th)",ROYA-BIG PROJECT PHASE01 (B1-4) > Construction > Part 01 > B04 > Superstructure > 7th   Floor,TK_NotStart,2026-03-17 00:00,2027-06-24 08:00,2027-06-26 16:00,3.0,2.25,-0.75,2027-06-16 14:00,2027-06-18 20:00,-7.75,1,YES
CON-B04-7TH-1080,Dismantling Formwork (B04) (7th),ROYA-BIG PROJECT PHASE01 (B1-4) > Construction > Part 01 > B04 > Superstructure > 7th   Floor,TK_NotStart,2026-03-17 00:00,2027-07-06 08:00,2027-07-06 16:00,1.0,1.0,0.0,2027-06-28 14:00,2027-06-29 14:00,-7.75,1,YES
CON-B04-8TH-1000,"Scaffolding works for Walls, Col. & Cores (B04) (8th)",ROYA-BIG PROJECT PHASE01 (B1-4) > Construction > Part 01 > B04 > Superstructure > 8th   Floor,TK_NotStart,2026-03-17 00:00,2027-06-27 08:00,2027-06-30 16:00,4.0,4.0,0.0,2027-06-18 20:00,2027-06-22 20:00,-8.5,1,YES
CON-B04-8TH-1010,"RFT for Walls, Col. & Cores (B04) (8th)",ROYA-BIG PROJECT PHASE01 (B1-4) > Construction > Part 01 > B04 > Superstructure > 8th   Floor,TK_NotStart,2026-03-17 00:00,2027-06-29 08:00,2027-07-05 16:00,6.0,6.0,0.0,2027-06-20 20:00,2027-06-26 20:00,-8.5,1,YES
CON-B04-8TH-1020,"Shuttering for Walls, Col. & Cores (B04) (8th)",ROYA-BIG PROJECT PHASE01 (B1-4) > Construction > Part 01 > B04 > Superstructure > 8th   Floor,TK_NotStart,2026-03-17 00:00,2027-07-01 08:00,2027-07-07 16:00,6.0,6.0,0.0,2027-06-22 20:00,2027-06-28 20:00,-8.5,1,YES
CON-B04-8TH-1030,"Pouring for Walls, Col. & Cores (B04) (8th)",ROYA-BIG PROJECT PHASE01 (B1-4) > Construction > Part 01 > B04 > Superstructure > 8th   Floor,TK_NotStart,2026-03-17 00:00,2027-07-08 08:00,2027-07-08 16:00,1.0,1.0,0.0,2027-06-29 20:00,2027-06-30 20:00,-8.5,1,YES
CON-B04-8TH-1040,"Shuttering for Slabs, Beams & Stairs (B04) (8th)",ROYA-BIG PROJECT PHASE01 (B1-4) > Construction > Part 01 > B04 > Superstructure > 8th   Floor,TK_NotStart,2026-03-17 00:00,2027-07-10 08:00,2027-07-13 16:00,4.0,4.0,0.0,2027-07-01 20:00,2027-07-05 20:00,-8.5,1,YES
CON-B04-8TH-1050,"RFT for Slabs, Beams & Stairs (B04) (8th)",ROYA-BIG PROJECT PHASE01 (B1-4) > Construction > Part 01 > B04 > Superstructure > 8th   Floor,TK_NotStart,2026-03-17 00:00,2027-07-12 08:00,2027-07-18 16:00,6.0,6.0,0.0,2027-07-03 20:00,2027-07-09 20:00,-8.5,1,YES
CON-B04-8TH-1060,"Pouring for Slabs, Beams & Stairs (B04) (8th)",ROYA-BIG PROJECT PHASE01 (B1-4) > Construction > Part 01 > B04 > Superstructure > 8th   Floor,TK_NotStart,2026-03-17 00:00,2027-07-19 08:00,2027-07-19 16:00,1.0,1.0,0.0,2027-07-10 20:00,2027-07-11 20:00,-8.5,1,YES
CON-B04-8TH-1070,"Curing for Slabs, Beams & Stairs (B04) (8th)",ROYA-BIG PROJECT PHASE01 (B1-4) > Construction > Part 01 > B04 > Superstructure > 8th   Floor,TK_NotStart,2026-03-17 00:00,2027-07-20 08:00,2027-07-22 16:00,3.0,2.25,-0.75,2027-07-11 20:00,2027-07-14 02:00,-8.5,1,YES
CON-B04-8TH-1080,Dismantling Formwork (B04) (8th),ROYA-BIG PROJECT PHASE01 (B1-4) > Construction > Part 01 > B04 > Superstructure > 8th   Floor,TK_NotStart,2026-03-17 00:00,2027-08-01 08:00,2027-08-01 16:00,1.0,1.0,0.0,2027-07-23 20:00,2027-07-24 20:00,-8.5,1,YES
CON-B04-RF-1000,"Scaffolding works for Walls, Col. & Cores (B04) (RF)",ROYA-BIG PROJECT PHASE01 (B1-4) > Construction > Part 01 > B04 > Superstructure > Roof Floor,TK_NotStart,2026-03-17 00:00,2027-07-24 08:00,2027-07-24 16:00,1.0,1.0,0.0,2027-07-15 02:00,2027-07-16 02:00,-9.25,1,YES
CON-B04-RF-1010,"RFT for Walls, Col. & Cores (B04) (RF)",ROYA-BIG PROJECT PHASE01 (B1-4) > Construction > Part 01 > B04 > Superstructure > Roof Floor,TK_NotStart,2026-03-17 00:00,2027-07-25 08:00,2027-07-25 16:00,1.0,1.0,0.0,2027-07-16 02:00,2027-07-17 02:00,-9.25,1,YES
CON-B04-RF-1020,"Shuttering for Walls, Col. & Cores (B04) (RF)",ROYA-BIG PROJECT PHASE01 (B1-4) > Construction > Part 01 > B04 > Superstructure > Roof Floor,TK_NotStart,2026-03-17 00:00,2027-07-26 08:00,2027-07-26 16:00,1.0,1.0,0.0,2027-07-17 02:00,2027-07-18 02:00,-9.25,1,YES
CON-B04-RF-1030,"Pouring for Walls, Col. & Cores (B04) (RF)",ROYA-BIG PROJECT PHASE01 (B1-4) > Construction > Part 01 > B04 > Superstructure > Roof Floor,TK_NotStart,2026-03-17 00:00,2027-07-27 08:00,2027-07-27 16:00,1.0,1.0,0.0,2027-07-18 02:00,2027-07-19 02:00,-9.25,1,YES
CON-B04-RF-1040,"Shuttering for Slabs, Beams (B04) (RF)",ROYA-BIG PROJECT PHASE01 (B1-4) > Construction > Part 01 > B04 > Superstructure > Roof Floor,TK_NotStart,2026-03-17 00:00,2027-07-28 08:00,2027-07-29 16:00,2.0,2.0,0.0,2027-07-19 02:00,2027-07-21 02:00,-9.25,1,YES
CON-B04-RF-1050,"RFT for Slabs, Beams  (B04) (RF)",ROYA-BIG PROJECT PHASE01 (B1-4) > Construction > Part 01 > B04 > Superstructure > Roof Floor,TK_NotStart,2026-03-17 00:00,2027-07-31 08:00,2027-08-01 16:00,2.0,2.0,0.0,2027-07-22 02:00,2027-07-24 02:00,-9.25,1,YES
CON-B04-RF-1060,"Pouring for Slabs, Beams  (B04) (RF)",ROYA-BIG PROJECT PHASE01 (B1-4) > Construction > Part 01 > B04 > Superstructure > Roof Floor,TK_NotStart,2026-03-17 00:00,2027-08-02 08:00,2027-08-02 16:00,1.0,1.0,0.0,2027-07-24 20:00,2027-07-25 20:00,-8.5,1,YES
CON-B04-RF-1070,"Curing for Slabs, Beams  (B04) (RF)",ROYA-BIG PROJECT PHASE01 (B1-4) > Construction > Part 01 > B04 > Superstructure > Roof Floor,TK_NotStart,2026-03-17 00:00,2027-08-03 08:00,2027-08-05 16:00,3.0,2.25,-0.75,2027-07-25 20:00,2027-07-28 02:00,-8.5,1,YES
CON-B04-RF-1080,Dismantling Formwork (B04) (RF),ROYA-BIG PROJECT PHASE01 (B1-4) > Construction > Part 01 > B04 > Superstructure > Roof Floor,TK_NotStart,2026-03-17 00:00,2027-08-11 08:00,2027-08-11 16:00,1.0,1.0,0.0,2027-08-02 02:00,2027-08-03 02:00,-9.25,1,YES
CON-B03-RF-1000,"Scaffolding works for Walls, Col. & Cores (B03) (RF)",ROYA-BIG PROJECT PHASE01 (B1-4) > Construction > Part 01 > B03 > Superstructure > Roof Floor,TK_NotStart,2026-03-17 00:00,2027-05-12 08:00,2027-05-13 16:00,2.0,2.0,0.0,2027-05-12 08:00,2027-05-14 08:00,0.0,1,YES
CON-B03-RF-1010,"RFT for Walls, Col. & Cores (B03) (RF)",ROYA-BIG PROJECT PHASE01 (B1-4) > Construction > Part 01 > B03 > Superstructure > Roof Floor,TK_NotStart,2026-03-17 00:00,2027-05-15 08:00,2027-05-16 16:00,2.0,2.0,0.0,2027-05-15 08:00,2027-05-17 08:00,0.0,1,YES
CON-B03-RF-1020,"Shuttering for Walls, Col. & Cores (B03) (RF)",ROYA-BIG PROJECT PHASE01 (B1-4) > Construction > Part 01 > B03 > Superstructure > Roof Floor,TK_NotStart,2026-03-17 00:00,2027-05-17 08:00,2027-05-18 16:00,2.0,2.0,0.0,2027-05-17 08:00,2027-05-19 08:00,0.0,1,YES
CON-B03-RF-1030,"Pouring for Walls, Col. & Cores (B03) (RF)",ROYA-BIG PROJECT PHASE01 (B1-4) > Construction > Part 01 > B03 > Superstructure > Roof Floor,TK_NotStart,2026-03-17 00:00,2027-05-19 08:00,2027-05-20 16:00,2.0,2.0,0.0,2027-05-19 08:00,2027-05-21 08:00,0.0,1,YES
CON-B03-RF-1040,"Shuttering for Slabs, Beams  (B03) (RF)",ROYA-BIG PROJECT PHASE01 (B1-4) > Construction > Part 01 > B03 > Superstructure > Roof Floor,TK_NotStart,2026-03-17 00:00,2027-05-22 08:00,2027-05-24 16:00,3.0,3.0,0.0,2027-05-22 08:00,2027-05-25 08:00,0.0,1,YES
CON-B03-RF-1050,"RFT for Slabs, Beams  (B03) (RF)",ROYA-BIG PROJECT PHASE01 (B1-4) > Construction > Part 01 > B03 > Superstructure > Roof Floor,TK_NotStart,2026-03-17 00:00,2027-05-25 08:00,2027-05-27 16:00,3.0,3.0,0.0,2027-05-25 08:00,2027-05-28 08:00,0.0,1,YES
CON-B03-RF-1060,"Pouring for Slabs, Beams  (B03) (RF)",ROYA-BIG PROJECT PHASE01 (B1-4) > Construction > Part 01 > B03 > Superstructure > Roof Floor,TK_NotStart,2026-03-17 00:00,2027-05-29 08:00,2027-05-30 16:00,2.0,2.0,0.0,2027-05-29 08:00,2027-05-31 08:00,0.0,1,YES
CON-B03-RF-1070,"Curing for Slabs, Beams  (B03) (RF)",ROYA-BIG PROJECT PHASE01 (B1-4) > Construction > Part 01 > B03 > Superstructure > Roof Floor,TK_NotStart,2026-03-17 00:00,2027-05-31 08:00,2027-06-04 16:00,5.0,5.0,0.0,2027-05-31 08:00,2027-06-05 08:00,0.0,1,YES
CON-B03-RF-1080,Dismantling Formwork (B03) (RF),ROYA-BIG PROJECT PHASE01 (B1-4) > Construction > Part 01 > B03 > Superstructure > Roof Floor,TK_NotStart,2026-03-17 00:00,2027-06-10 08:00,2027-06-10 16:00,1.0,1.0,0.0,2027-06-10 08:00,2027-06-11 08:00,0.0,1,YES
E-APP-B01-FOOT-1000,Approval for PC Raft Conc. Dim. DWGs (B01) (footing),ROYA-BIG PROJECT PHASE01 (B1-4) > Engineering > Shop Drawing > Approval > Part 02 > B01 > Substructre > Footing,TK_Complete,2026-03-17 00:00,2026-03-17 00:00,2026-03-17 00:00,0.0,0.0,0.0,2026-03-17 00:00,2026-03-17 00:00,0.0,0,YES
E-APP-B01-FOOT-1010,Approval for RC Raft & Footings Conc. Dim. DWGs (B01),ROYA-BIG PROJECT PHASE01 (B1-4) > Engineering > Shop Drawing > Approval > Part 02 > B01 > Substructre > Footing,TK_Complete,2026-03-17 00:00,2026-03-17 00:00,2026-03-17 00:00,0.0,0.0,0.0,2026-03-17 00:00,2026-03-17 00:00,0.0,0,YES
E-APP-B01-FOOT-1020,Approval for RC Raft & Footings RFT DWGs (B01),ROYA-BIG PROJECT PHASE01 (B1-4) > Engineering > Shop Drawing > Approval > Part 02 > B01 > Substructre > Footing,TK_Complete,2026-03-17 00:00,2026-03-17 00:00,2026-03-17 00:00,0.0,0.0,0.0,2026-03-17 00:00,2026-03-17 00:00,0.0,0,YES
E-APP-B02-FOOT-1000,Approval for PC Raft Conc. Dim. DWGs (B02) (footing),ROYA-BIG PROJECT PHASE01 (B1-4) > Engineering > Shop Drawing > Approval > Part 02 > B02 > Substructre > Footing,TK_Complete,2026-03-17 00:00,2026-03-17 00:00,2026-03-17 00:00,0.0,0.0,0.0,2026-03-17 00:00,2026-03-17 00:00,0.0,0,YES
E-APP-B02-FOOT-1010,Approval for RC Raft & Footings Conc. Dim. DWGs (B02) (footing),ROYA-BIG PROJECT PHASE01 (B1-4) > Engineering > Shop Drawing > Approval > Part 02 > B02 > Substructre > Footing,TK_Complete,2026-03-17 00:00,2026-03-17 00:00,2026-03-17 00:00,0.0,0.0,0.0,2026-03-17 00:00,2026-03-17 00:00,0.0,0,YES
E-APP-B02-FOOT-1020,Approval for RC Raft & Footings RFT DWGs (B02) (footing),ROYA-BIG PROJECT PHASE01 (B1-4) > Engineering > Shop Drawing > Approval > Part 02 > B02 > Substructre > Footing,TK_Complete,2026-03-17 00:00,2026-03-17 00:00,2026-03-17 00:00,0.0,0.0,0.0,2026-03-17 00:00,2026-03-17 00:00,0.0,0,YES
E-APP-B02-BAS02-1000,Approval for Col. & Walls Conc. Dim.  & RFT DWGs (B02) (Bas 02),ROYA-BIG PROJECT PHASE01 (B1-4) > Engineering > Shop Drawing > Approval > Part 02 > B02 > Substructre > Basement 2,TK_Complete,2026-03-17 00:00,2026-03-17 00:00,2026-03-17 00:00,0.0,0.0,0.0,2026-03-17 00:00,2026-03-17 00:00,0.0,0,YES
E-APP-B02-BAS02-1030,Approval for Slabs Conc. Dim.  & RFT DWGs (B02) (Bas 02),ROYA-BIG PROJECT PHASE01 (B1-4) > Engineering > Shop Drawing > Approval > Part 02 > B02 > Substructre > Basement 2,TK_Complete,2026-03-17 00:00,2026-04-26 16:00,2026-04-26 16:00,0.0,0.0,0.0,2026-04-26 16:00,2026-04-26 16:00,0.0,0,YES
E-APP-B02-BAS02-1020,Approval for Beams Conc. Dim.  & RFT DWGs (B02) (Bas 02),ROYA-BIG PROJECT PHASE01 (B1-4) > Engineering > Shop Drawing > Approval > Part 02 > B02 > Substructre > Basement 2,TK_Complete,2026-03-17 00:00,2026-04-22 16:00,2026-04-22 16:00,0.0,0.0,0.0,2026-04-22 16:00,2026-04-22 16:00,0.0,0,YES
E-APP-B02-BAS02-1010,Approval for Stairs Conc. Dim.  & RFT DWGs (B02) (Bas 02),ROYA-BIG PROJECT PHASE01 (B1-4) > Engineering > Shop Drawing > Approval > Part 02 > B02 > Substructre > Basement 2,TK_Complete,2026-03-17 00:00,2026-03-17 00:00,2026-03-17 00:00,0.0,0.0,0.0,2026-03-17 00:00,2026-03-17 00:00,0.0,0,YES
E-APP-B01-BAS02-1000,Approval for Col. & Walls Conc. Dim.  & RFT DWGs (B01) (Bas 02),ROYA-BIG PROJECT PHASE01 (B1-4) > Engineering > Shop Drawing > Approval > Part 02 > B01 > Substructre > Basement 2,TK_Complete,2026-03-17 00:00,2026-03-17 00:00,2026-03-17 00:00,0.0,0.0,0.0,2026-03-17 00:00,2026-03-17 00:00,0.0,0,YES
E-APP-B01-BAS02-1040,Approval for Slabs Conc. Dim.  & RFT DWGs (B01) (Bas 02),ROYA-BIG PROJECT PHASE01 (B1-4) > Engineering > Shop Drawing > Approval > Part 02 > B01 > Substructre > Basement 2,TK_Complete,2026-03-17 00:00,2026-07-09 16:00,2026-07-09 16:00,0.0,0.0,0.0,2026-06-20 10:00,2026-06-20 10:00,-19.25,0,YES
E-APP-B01-BAS02-1030,Approval for Beams Conc. Dim.  & RFT DWGs (B01) (Bas 02),ROYA-BIG PROJECT PHASE01 (B1-4) > Engineering > Shop Drawing > Approval > Part 02 > B01 > Substructre > Basement 2,TK_Complete,2026-03-17 00:00,2026-07-06 16:00,2026-07-06 16:00,0.0,0.0,0.0,2026-06-17 10:00,2026-06-17 10:00,-19.25,0,YES
E-APP-B01-BAS02-1010,Approval for Stairs Conc. Dim.  & RFT DWGs (B01) (Bas 02),ROYA-BIG PROJECT PHASE01 (B1-4) > Engineering > Shop Drawing > Approval > Part 02 > B01 > Substructre > Basement 2,TK_Complete,2026-03-17 00:00,2026-03-17 00:00,2026-03-17 00:00,0.0,0.0,0.0,2026-03-17 00:00,2026-03-17 00:00,0.0,0,YES
E-APP-B01-BAS02-1020,Approval for Ramps Conc. Dim.  & RFT DWGs (B01) (Bas 02),ROYA-BIG PROJECT PHASE01 (B1-4) > Engineering > Shop Drawing > Approval > Part 02 > B01 > Substructre > Basement 2,TK_Complete,2026-03-17 00:00,2026-03-17 00:00,2026-03-17 00:00,0.0,0.0,0.0,2026-03-17 00:00,2026-03-17 00:00,0.0,0,YES
E-APP-B02-BAS01-1000,Approval for Col. & Walls Conc. Dim.  & RFT DWGs (B02) (Bas 01),ROYA-BIG PROJECT PHASE01 (B1-4) > Engineering > Shop Drawing > Approval > Part 02 > B02 > Substructre > Basement 1,TK_Complete,2026-03-17 00:00,2026-03-17 00:00,2026-03-17 00:00,0.0,0.0,0.0,2026-03-17 00:00,2026-03-17 00:00,0.0,0,YES
E-APP-B02-BAS01-1030,Approval for Slabs Conc. Dim.  & RFT DWGs (B02) (Bas 01),ROYA-BIG PROJECT PHASE01 (B1-4) > Engineering > Shop Drawing > Approval > Part 02 > B02 > Substructre > Basement 1,TK_Complete,2026-03-17 00:00,2026-04-26 16:00,2026-04-26 16:00,0.0,0.0,0.0,2026-04-26 16:00,2026-04-26 16:00,0.0,0,YES
E-APP-B02-BAS01-1020,Approval for Beams Conc. Dim.  & RFT DWGs (B02) (Bas 01),ROYA-BIG PROJECT PHASE01 (B1-4) > Engineering > Shop Drawing > Approval > Part 02 > B02 > Substructre > Basement 1,TK_Complete,2026-03-17 00:00,2026-04-22 16:00,2026-04-22 16:00,0.0,0.0,0.0,2026-04-22 16:00,2026-04-22 16:00,0.0,0,YES
E-APP-B02-BAS01-1010,Approval for Stairs Conc. Dim.  & RFT DWGs (B02) (Bas 01),ROYA-BIG PROJECT PHASE01 (B1-4) > Engineering > Shop Drawing > Approval > Part 02 > B02 > Substructre > Basement 1,TK_Complete,2026-03-17 00:00,2026-03-17 00:00,2026-03-17 00:00,0.0,0.0,0.0,2026-03-17 00:00,2026-03-17 00:00,0.0,0,YES
E-APP-B01-BAS01-1000,Approval for Col. & Walls Conc. Dim.  & RFT DWGs (B01) (Bas 01),ROYA-BIG PROJECT PHASE01 (B1-4) > Engineering > Shop Drawing > Approval > Part 02 > B01 > Substructre > Basement 1,TK_Complete,2026-03-17 00:00,2026-03-17 00:00,2026-03-17 00:00,0.0,0.0,0.0,2026-03-17 00:00,2026-03-17 00:00,0.0,0,YES
E-APP-B01-BAS01-1040,Approval for Slabs Conc. Dim.  & RFT DWGs (B01) (Bas 01),ROYA-BIG PROJECT PHASE01 (B1-4) > Engineering > Shop Drawing > Approval > Part 02 > B01 > Substructre > Basement 1,TK_Active,2026-03-17 00:00,2026-04-25 12:00,2026-04-26 16:00,1.5,1.5,0.0,2026-04-25 12:00,2026-04-27 00:00,0.0,0,YES
E-APP-B01-BAS01-1030,Approval for Beams Conc. Dim.  & RFT DWGs (B01) (Bas 01),ROYA-BIG PROJECT PHASE01 (B1-4) > Engineering > Shop Drawing > Approval > Part 02 > B01 > Substructre > Basement 1,TK_Complete,2026-03-17 00:00,2026-04-22 16:00,2026-04-22 16:00,0.0,0.0,0.0,2026-04-22 16:00,2026-04-22 16:00,0.0,0,YES
E-APP-B01-BAS01-1010,Approval for Stairs Conc. Dim.  & RFT DWGs (B01) (Bas 01),ROYA-BIG PROJECT PHASE01 (B1-4) > Engineering > Shop Drawing > Approval > Part 02 > B01 > Substructre > Basement 1,TK_Complete,2026-03-17 00:00,2026-03-17 00:00,2026-03-17 00:00,0.0,0.0,0.0,2026-03-17 00:00,2026-03-17 00:00,0.0,0,YES
E-APP-B01-BAS01-1020,Approval for Ramps Conc. Dim.  & RFT DWGs (B01) (Bas 01),ROYA-BIG PROJECT PHASE01 (B1-4) > Engineering > Shop Drawing > Approval > Part 02 > B01 > Substructre > Basement 1,TK_Complete,2026-03-17 00:00,2026-03-17 00:00,2026-03-17 00:00,0.0,0.0,0.0,2026-03-17 00:00,2026-03-17 00:00,0.0,0,YES
E-APP-B02-GR-1000,Approval for Col. & Walls Conc. Dim.  & RFT DWGs (B02) (GF),ROYA-BIG PROJECT PHASE01 (B1-4) > Engineering > Shop Drawing > Approval > Part 02 > B02 > Superstructure > Ground Floor,TK_Complete,2026-03-17 00:00,2026-03-17 00:00,2026-03-17 00:00,0.0,0.0,0.0,2026-03-17 00:00,2026-03-17 00:00,0.0,0,YES
E-APP-B02-GR-1030,Approval for Slabs Conc. Dim.  & RFT DWGs (B02) (GF),ROYA-BIG PROJECT PHASE01 (B1-4) > Engineering > Shop Drawing > Approval > Part 02 > B02 > Superstructure > Ground Floor,TK_NotStart,2026-03-17 00:00,2026-04-15 08:00,2026-04-26 16:00,10.0,10.0,0.0,2026-04-15 08:00,2026-04-25 08:00,0.0,0,YES
E-APP-B02-GR-1020,Approval for Beams Conc. Dim.  & RFT DWGs (B02) (GF),ROYA-BIG PROJECT PHASE01 (B1-4) > Engineering > Shop Drawing > Approval > Part 02 > B02 > Superstructure > Ground Floor,TK_NotStart,2026-03-17 00:00,2026-04-11 08:00,2026-04-22 16:00,10.0,10.0,0.0,2026-04-11 08:00,2026-04-21 08:00,0.0,0,YES
E-APP-B02-GR-1010,Approval for Stairs Conc. Dim.  & RFT DWGs (B02) (GF),ROYA-BIG PROJECT PHASE01 (B1-4) > Engineering > Shop Drawing > Approval > Part 02 > B02 > Superstructure > Ground Floor,TK_Complete,2026-03-17 00:00,2026-03-17 00:00,2026-03-17 00:00,0.0,0.0,0.0,2026-03-17 00:00,2026-03-17 00:00,0.0,0,YES
E-APP-B01-GR-1000,Approval for Col. & Walls Conc. Dim.  & RFT DWGs (B01)  (GF),ROYA-BIG PROJECT PHASE01 (B1-4) > Engineering > Shop Drawing > Approval > Part 02 > B01 > Superstructure > Ground Floor,TK_Complete,2026-03-17 00:00,2026-03-17 00:00,2026-03-17 00:00,0.0,0.0,0.0,2026-03-17 00:00,2026-03-17 00:00,0.0,0,YES
E-APP-B01-GR-1030,Approval for Slabs Conc. Dim.  & RFT DWGs (B01)  (GF),ROYA-BIG PROJECT PHASE01 (B1-4) > Engineering > Shop Drawing > Approval > Part 02 > B01 > Superstructure > Ground Floor,TK_NotStart,2026-03-17 00:00,2026-04-15 08:00,2026-04-26 16:00,10.0,10.0,0.0,2026-04-15 08:00,2026-04-25 08:00,0.0,0,YES
E-APP-B01-GR-1020,Approval for Beams Conc. Dim.  & RFT DWGs (B01)  (GF),ROYA-BIG PROJECT PHASE01 (B1-4) > Engineering > Shop Drawing > Approval > Part 02 > B01 > Superstructure > Ground Floor,TK_NotStart,2026-03-17 00:00,2026-04-11 08:00,2026-04-22 16:00,10.0,10.0,0.0,2026-04-11 08:00,2026-04-21 08:00,0.0,0,YES
E-APP-B01-GR-1010,Approval for Stairs Conc. Dim.  & RFT DWGs (B01)  (GF),ROYA-BIG PROJECT PHASE01 (B1-4) > Engineering > Shop Drawing > Approval > Part 02 > B01 > Superstructure > Ground Floor,TK_Complete,2026-03-17 00:00,2026-03-17 00:00,2026-03-17 00:00,0.0,0.0,0.0,2026-03-17 00:00,2026-03-17 00:00,0.0,0,YES
E-APP-B02-1ST-1000,Approval for Col. & Walls Conc. Dim.  & RFT DWGs (B02) (1st),ROYA-BIG PROJECT PHASE01 (B1-4) > Engineering > Shop Drawing > Approval > Part 02 > B02 > Superstructure > 1st Floor,TK_Complete,2026-03-17 00:00,2026-03-17 00:00,2026-03-17 00:00,0.0,0.0,0.0,2026-03-17 00:00,2026-03-17 00:00,0.0,0,YES
E-APP-B02-1ST-1030,Approval for Slabs Conc. Dim.  & RFT DWGs (B02) (1st),ROYA-BIG PROJECT PHASE01 (B1-4) > Engineering > Shop Drawing > Approval > Part 02 > B02 > Superstructure > 1st Floor,TK_NotStart,2026-03-17 00:00,2026-04-15 08:00,2026-04-26 16:00,10.0,10.0,0.0,2026-04-15 08:00,2026-04-25 08:00,0.0,0,YES
E-APP-B02-1ST-1020,Approval for Beams Conc. Dim.  & RFT DWGs (B02) (1st),ROYA-BIG PROJECT PHASE01 (B1-4) > Engineering > Shop Drawing > Approval > Part 02 > B02 > Superstructure > 1st Floor,TK_NotStart,2026-03-17 00:00,2026-04-11 08:00,2026-04-22 16:00,10.0,10.0,0.0,2026-04-11 08:00,2026-04-21 08:00,0.0,0,YES
E-APP-B02-1ST-1010,Approval for Stairs Conc. Dim.  & RFT DWGs (B02) (1st),ROYA-BIG PROJECT PHASE01 (B1-4) > Engineering > Shop Drawing > Approval > Part 02 > B02 > Superstructure > 1st Floor,TK_Complete,2026-03-17 00:00,2026-03-17 00:00,2026-03-17 00:00,0.0,0.0,0.0,2026-03-17 00:00,2026-03-17 00:00,0.0,0,YES
E-APP-B02-2ND-1000,Approval for Col. & Walls Conc. Dim.  & RFT DWGs (B02) (2nd),ROYA-BIG PROJECT PHASE01 (B1-4) > Engineering > Shop Drawing > Approval > Part 02 > B02 > Superstructure > 2nd Floor,TK_Complete,2026-03-17 00:00,2026-03-17 00:00,2026-03-17 00:00,0.0,0.0,0.0,2026-03-17 00:00,2026-03-17 00:00,0.0,0,YES
E-APP-B02-2ND-1030,Approval for Slabs Conc. Dim.  & RFT DWGs (B02) (2nd),ROYA-BIG PROJECT PHASE01 (B1-4) > Engineering > Shop Drawing > Approval > Part 02 > B02 > Superstructure > 2nd Floor,TK_NotStart,2026-03-17 00:00,2026-04-15 08:00,2026-04-26 16:00,10.0,10.0,0.0,2026-04-15 08:00,2026-04-25 08:00,0.0,0,YES
E-APP-B02-2ND-1020,Approval for Beams Conc. Dim.  & RFT DWGs (B02) (2nd),ROYA-BIG PROJECT PHASE01 (B1-4) > Engineering > Shop Drawing > Approval > Part 02 > B02 > Superstructure > 2nd Floor,TK_NotStart,2026-03-17 00:00,2026-04-11 08:00,2026-04-22 16:00,10.0,10.0,0.0,2026-04-11 08:00,2026-04-21 08:00,0.0,0,YES
E-APP-B02-2ND-1010,Approval for Stairs Conc. Dim.  & RFT DWGs (B02) (2nd),ROYA-BIG PROJECT PHASE01 (B1-4) > Engineering > Shop Drawing > Approval > Part 02 > B02 > Superstructure > 2nd Floor,TK_Complete,2026-03-17 00:00,2026-03-17 00:00,2026-03-17 00:00,0.0,0.0,0.0,2026-03-17 00:00,2026-03-17 00:00,0.0,0,YES
E-APP-B02-3RD-1000,Approval for Col. & Walls Conc. Dim.  & RFT DWGs (B02) (3rd),ROYA-BIG PROJECT PHASE01 (B1-4) > Engineering > Shop Drawing > Approval > Part 02 > B02 > Superstructure > 3rd Floor,TK_Complete,2026-03-17 00:00,2026-03-17 00:00,2026-03-17 00:00,0.0,0.0,0.0,2026-03-17 00:00,2026-03-17 00:00,0.0,0,YES
E-APP-B02-3RD-1030,Approval for Slabs Conc. Dim.  & RFT DWGs (B02) (3rd),ROYA-BIG PROJECT PHASE01 (B1-4) > Engineering > Shop Drawing > Approval > Part 02 > B02 > Superstructure > 3rd Floor,TK_NotStart,2026-03-17 00:00,2026-04-15 08:00,2026-04-26 16:00,10.0,10.0,0.0,2026-04-15 08:00,2026-04-25 08:00,0.0,0,YES
E-APP-B02-3RD-1020,Approval for Beams Conc. Dim.  & RFT DWGs (B02) (3rd),ROYA-BIG PROJECT PHASE01 (B1-4) > Engineering > Shop Drawing > Approval > Part 02 > B02 > Superstructure > 3rd Floor,TK_NotStart,2026-03-17 00:00,2026-04-11 08:00,2026-04-22 16:00,10.0,10.0,0.0,2026-04-11 08:00,2026-04-21 08:00,0.0,0,YES
E-APP-B02-3RD-1010,Approval for Stairs Conc. Dim.  & RFT DWGs (B02) (3rd),ROYA-BIG PROJECT PHASE01 (B1-4) > Engineering > Shop Drawing > Approval > Part 02 > B02 > Superstructure > 3rd Floor,TK_Complete,2026-03-17 00:00,2026-03-17 00:00,2026-03-17 00:00,0.0,0.0,0.0,2026-03-17 00:00,2026-03-17 00:00,0.0,0,YES
E-APP-B02-4TH-1000,Approval for Col. & Walls Conc. Dim.  & RFT DWGs (B02) (4th),ROYA-BIG PROJECT PHASE01 (B1-4) > Engineering > Shop Drawing > Approval > Part 02 > B02 > Superstructure > 4th Floor,TK_Complete,2026-03-17 00:00,2026-03-17 00:00,2026-03-17 00:00,0.0,0.0,0.0,2026-03-17 00:00,2026-03-17 00:00,0.0,0,YES
E-APP-B02-4TH-1030,Approval for Slabs Conc. Dim.  & RFT DWGs (B02) (4th),ROYA-BIG PROJECT PHASE01 (B1-4) > Engineering > Shop Drawing > Approval > Part 02 > B02 > Superstructure > 4th Floor,TK_NotStart,2026-03-17 00:00,2026-04-15 08:00,2026-04-26 16:00,10.0,10.0,0.0,2026-04-15 08:00,2026-04-25 08:00,0.0,0,YES
E-APP-B02-4TH-1020,Approval for Beams Conc. Dim.  & RFT DWGs (B02) (4th),ROYA-BIG PROJECT PHASE01 (B1-4) > Engineering > Shop Drawing > Approval > Part 02 > B02 > Superstructure > 4th Floor,TK_NotStart,2026-03-17 00:00,2026-04-11 08:00,2026-04-22 16:00,10.0,10.0,0.0,2026-04-11 08:00,2026-04-21 08:00,0.0,0,YES
E-APP-B02-4TH-1010,Approval for Stairs Conc. Dim.  & RFT DWGs (B02) (4th),ROYA-BIG PROJECT PHASE01 (B1-4) > Engineering > Shop Drawing > Approval > Part 02 > B02 > Superstructure > 4th Floor,TK_Complete,2026-03-17 00:00,2026-03-17 00:00,2026-03-17 00:00,0.0,0.0,0.0,2026-03-17 00:00,2026-03-17 00:00,0.0,0,YES
E-APP-B01-1ST-1000,Approval for Col. & Walls Conc. Dim.  & RFT DWGs (B01) (1st),ROYA-BIG PROJECT PHASE01 (B1-4) > Engineering > Shop Drawing > Approval > Part 02 > B01 > Superstructure > 1st Floor,TK_Complete,2026-03-17 00:00,2026-03-17 00:00,2026-03-17 00:00,0.0,0.0,0.0,2026-03-17 00:00,2026-03-17 00:00,0.0,0,YES
E-APP-B01-1ST-1030,Approval for Slabs Conc. Dim.  & RFT DWGs (B01) (1st),ROYA-BIG PROJECT PHASE01 (B1-4) > Engineering > Shop Drawing > Approval > Part 02 > B01 > Superstructure > 1st Floor,TK_NotStart,2026-03-17 00:00,2026-04-14 08:00,2026-04-25 16:00,10.0,10.0,0.0,2026-04-14 08:00,2026-04-24 08:00,0.0,0,YES
E-APP-B01-1ST-1020,Approval for Beams Conc. Dim.  & RFT DWGs (B01) (1st),ROYA-BIG PROJECT PHASE01 (B1-4) > Engineering > Shop Drawing > Approval > Part 02 > B01 > Superstructure > 1st Floor,TK_NotStart,2026-03-17 00:00,2026-04-11 08:00,2026-04-22 16:00,10.0,10.0,0.0,2026-04-11 08:00,2026-04-21 08:00,0.0,0,YES
E-APP-B01-1ST-1010,Approval for Stairs Conc. Dim.  & RFT DWGs (B01) (1st),ROYA-BIG PROJECT PHASE01 (B1-4) > Engineering > Shop Drawing > Approval > Part 02 > B01 > Superstructure > 1st Floor,TK_Complete,2026-03-17 00:00,2026-03-17 00:00,2026-03-17 00:00,0.0,0.0,0.0,2026-03-17 00:00,2026-03-17 00:00,0.0,0,YES
E-APP-B01-2ND-1000,Approval for Col. & Walls Conc. Dim.  & RFT DWGs (B01) (2nd),ROYA-BIG PROJECT PHASE01 (B1-4) > Engineering > Shop Drawing > Approval > Part 02 > B01 > Superstructure > 2nd Floor,TK_Complete,2026-03-17 00:00,2026-03-17 00:00,2026-03-17 00:00,0.0,0.0,0.0,2026-03-17 00:00,2026-03-17 00:00,0.0,0,YES
E-APP-B01-2ND-1030,Approval for Slabs Conc. Dim.  & RFT DWGs (B01) (2nd),ROYA-BIG PROJECT PHASE01 (B1-4) > Engineering > Shop Drawing > Approval > Part 02 > B01 > Superstructure > 2nd Floor,TK_NotStart,2026-03-17 00:00,2026-04-15 08:00,2026-04-26 16:00,10.0,10.0,0.0,2026-04-15 08:00,2026-04-25 08:00,0.0,0,YES
E-APP-B01-2ND-1020,Approval for Beams Conc. Dim.  & RFT DWGs (B01) (2nd),ROYA-BIG PROJECT PHASE01 (B1-4) > Engineering > Shop Drawing > Approval > Part 02 > B01 > Superstructure > 2nd Floor,TK_NotStart,2026-03-17 00:00,2026-04-11 08:00,2026-04-22 16:00,10.0,10.0,0.0,2026-04-11 08:00,2026-04-21 08:00,0.0,0,YES
E-APP-B01-2ND-1010,Approval for Stairs Conc. Dim.  & RFT DWGs (B01) (2nd),ROYA-BIG PROJECT PHASE01 (B1-4) > Engineering > Shop Drawing > Approval > Part 02 > B01 > Superstructure > 2nd Floor,TK_Complete,2026-03-17 00:00,2026-03-17 00:00,2026-03-17 00:00,0.0,0.0,0.0,2026-03-17 00:00,2026-03-17 00:00,0.0,0,YES
E-APP-B01-3ED-1000,Approval for Col. & Walls Conc. Dim.  & RFT DWGs (B01) (3rd),ROYA-BIG PROJECT PHASE01 (B1-4) > Engineering > Shop Drawing > Approval > Part 02 > B01 > Superstructure > 3rd Floor,TK_Complete,2026-03-17 00:00,2026-03-17 00:00,2026-03-17 00:00,0.0,0.0,0.0,2026-03-17 00:00,2026-03-17 00:00,0.0,0,YES
E-APP-B01-3ED-1030,Approval for Slabs Conc. Dim.  & RFT DWGs (B01) (3rd),ROYA-BIG PROJECT PHASE01 (B1-4) > Engineering > Shop Drawing > Approval > Part 02 > B01 > Superstructure > 3rd Floor,TK_NotStart,2026-03-17 00:00,2026-04-15 08:00,2026-04-26 16:00,10.0,10.0,0.0,2026-04-15 08:00,2026-04-25 08:00,0.0,0,YES
E-APP-B01-3ED-1020,Approval for Beams Conc. Dim.  & RFT DWGs (B01) (3rd),ROYA-BIG PROJECT PHASE01 (B1-4) > Engineering > Shop Drawing > Approval > Part 02 > B01 > Superstructure > 3rd Floor,TK_NotStart,2026-03-17 00:00,2026-04-11 08:00,2026-04-22 16:00,10.0,10.0,0.0,2026-04-11 08:00,2026-04-21 08:00,0.0,0,YES
E-APP-B01-3ED-1010,Approval for Stairs Conc. Dim.  & RFT DWGs (B01) (3rd),ROYA-BIG PROJECT PHASE01 (B1-4) > Engineering > Shop Drawing > Approval > Part 02 > B01 > Superstructure > 3rd Floor,TK_Complete,2026-03-17 00:00,2026-03-17 00:00,2026-03-17 00:00,0.0,0.0,0.0,2026-03-17 00:00,2026-03-17 00:00,0.0,0,YES
E-APP-B01-4TH-1000,Approval for Col. & Walls Conc. Dim.  & RFT DWGs (B01) (4th),ROYA-BIG PROJECT PHASE01 (B1-4) > Engineering > Shop Drawing > Approval > Part 02 > B01 > Superstructure > 4th Floor,TK_Complete,2026-03-17 00:00,2026-03-17 00:00,2026-03-17 00:00,0.0,0.0,0.0,2026-03-17 00:00,2026-03-17 00:00,0.0,0,YES
E-APP-B01-4TH-1030,Approval for Slabs Conc. Dim.  & RFT DWGs (B01) (4th),ROYA-BIG PROJECT PHASE01 (B1-4) > Engineering > Shop Drawing > Approval > Part 02 > B01 > Superstructure > 4th Floor,TK_NotStart,2026-03-17 00:00,2026-04-15 08:00,2026-04-26 16:00,10.0,10.0,0.0,2026-04-15 08:00,2026-04-25 08:00,0.0,0,YES
E-APP-B01-4TH-1020,Approval for Beams Conc. Dim.  & RFT DWGs (B01) (4th),ROYA-BIG PROJECT PHASE01 (B1-4) > Engineering > Shop Drawing > Approval > Part 02 > B01 > Superstructure > 4th Floor,TK_NotStart,2026-03-17 00:00,2026-04-11 08:00,2026-04-22 16:00,10.0,10.0,0.0,2026-04-11 08:00,2026-04-21 08:00,0.0,0,YES
E-APP-B01-4TH-1010,Approval for Stairs Conc. Dim.  & RFT DWGs (B01) (4th),ROYA-BIG PROJECT PHASE01 (B1-4) > Engineering > Shop Drawing > Approval > Part 02 > B01 > Superstructure > 4th Floor,TK_Complete,2026-03-17 00:00,2026-03-17 00:00,2026-03-17 00:00,0.0,0.0,0.0,2026-03-17 00:00,2026-03-17 00:00,0.0,0,YES
E-APP-B01-5TH-1000,Approval for Col. & Walls Conc. Dim.  & RFT DWGs (B01) (5th),ROYA-BIG PROJECT PHASE01 (B1-4) > Engineering > Shop Drawing > Approval > Part 02 > B01 > Superstructure > 5th Floor,TK_Complete,2026-03-17 00:00,2026-03-17 00:00,2026-03-17 00:00,0.0,0.0,0.0,2026-03-17 00:00,2026-03-17 00:00,0.0,0,YES
E-APP-B01-5TH-1030,Approval for Slabs Conc. Dim.  & RFT DWGs (B01) (5th),ROYA-BIG PROJECT PHASE01 (B1-4) > Engineering > Shop Drawing > Approval > Part 02 > B01 > Superstructure > 5th Floor,TK_NotStart,2026-03-17 00:00,2026-04-15 08:00,2026-04-26 16:00,10.0,10.0,0.0,2026-04-15 08:00,2026-04-25 08:00,0.0,0,YES
E-APP-B01-5TH-1020,Approval for Beams Conc. Dim.  & RFT DWGs (B01) (5th),ROYA-BIG PROJECT PHASE01 (B1-4) > Engineering > Shop Drawing > Approval > Part 02 > B01 > Superstructure > 5th Floor,TK_NotStart,2026-03-17 00:00,2026-04-11 08:00,2026-04-22 16:00,10.0,10.0,0.0,2026-04-11 08:00,2026-04-21 08:00,0.0,0,YES
E-APP-B01-5TH-1010,Approval for Stairs Conc. Dim.  & RFT DWGs (B01) (5th),ROYA-BIG PROJECT PHASE01 (B1-4) > Engineering > Shop Drawing > Approval > Part 02 > B01 > Superstructure > 5th Floor,TK_Complete,2026-03-17 00:00,2026-03-17 00:00,2026-03-17 00:00,0.0,0.0,0.0,2026-03-17 00:00,2026-03-17 00:00,0.0,0,YES
E-APP-B01-6TH-1000,Approval for Col. & Walls Conc. Dim.  & RFT DWGs (B01) (6th),ROYA-BIG PROJECT PHASE01 (B1-4) > Engineering > Shop Drawing > Approval > Part 02 > B01 > Superstructure > 6th Floor,TK_Complete,2026-03-17 00:00,2026-03-17 00:00,2026-03-17 00:00,0.0,0.0,0.0,2026-03-17 00:00,2026-03-17 00:00,0.0,0,YES
E-APP-B01-6TH-1030,Approval for Slabs Conc. Dim.  & RFT DWGs (B01) (6th),ROYA-BIG PROJECT PHASE01 (B1-4) > Engineering > Shop Drawing > Approval > Part 02 > B01 > Superstructure > 6th Floor,TK_NotStart,2026-03-17 00:00,2026-04-15 08:00,2026-04-26 16:00,10.0,10.0,0.0,2026-04-15 08:00,2026-04-25 08:00,0.0,0,YES
E-APP-B01-6TH-1020,Approval for Beams Conc. Dim.  & RFT DWGs (B01) (6th),ROYA-BIG PROJECT PHASE01 (B1-4) > Engineering > Shop Drawing > Approval > Part 02 > B01 > Superstructure > 6th Floor,TK_NotStart,2026-03-17 00:00,2026-04-11 08:00,2026-04-22 16:00,10.0,10.0,0.0,2026-04-11 08:00,2026-04-21 08:00,0.0,0,YES
E-APP-B01-6TH-1010,Approval for Stairs Conc. Dim.  & RFT DWGs (B01) (6th),ROYA-BIG PROJECT PHASE01 (B1-4) > Engineering > Shop Drawing > Approval > Part 02 > B01 > Superstructure > 6th Floor,TK_Complete,2026-03-17 00:00,2026-03-17 00:00,2026-03-17 00:00,0.0,0.0,0.0,2026-03-17 00:00,2026-03-17 00:00,0.0,0,YES
E-APP-B01-7TH-1000,Approval for Col. & Walls Conc. Dim.  & RFT DWGs (B01) (7th),ROYA-BIG PROJECT PHASE01 (B1-4) > Engineering > Shop Drawing > Approval > Part 02 > B01 > Superstructure > 7th Floor,TK_Complete,2026-03-17 00:00,2026-03-17 00:00,2026-03-17 00:00,0.0,0.0,0.0,2026-03-17 00:00,2026-03-17 00:00,0.0,0,YES
E-APP-B01-7TH-1030,Approval for Slabs Conc. Dim.  & RFT DWGs (B01) (7th),ROYA-BIG PROJECT PHASE01 (B1-4) > Engineering > Shop Drawing > Approval > Part 02 > B01 > Superstructure > 7th Floor,TK_NotStart,2026-03-17 00:00,2026-04-15 08:00,2026-04-26 16:00,10.0,10.0,0.0,2026-04-15 08:00,2026-04-25 08:00,0.0,0,YES
E-APP-B01-7TH-1020,Approval for Beams Conc. Dim.  & RFT DWGs (B01) (7th),ROYA-BIG PROJECT PHASE01 (B1-4) > Engineering > Shop Drawing > Approval > Part 02 > B01 > Superstructure > 7th Floor,TK_NotStart,2026-03-17 00:00,2026-04-11 08:00,2026-04-22 16:00,10.0,10.0,0.0,2026-04-11 08:00,2026-04-21 08:00,0.0,0,YES
E-APP-B01-7TH-1010,Approval for Stairs Conc. Dim.  & RFT DWGs (B01) (7th),ROYA-BIG PROJECT PHASE01 (B1-4) > Engineering > Shop Drawing > Approval > Part 02 > B01 > Superstructure > 7th Floor,TK_Complete,2026-03-17 00:00,2026-03-17 00:00,2026-03-17 00:00,0.0,0.0,0.0,2026-03-17 00:00,2026-03-17 00:00,0.0,0,YES
E-APP-B01-8TH-1000,Approval for Col. & Walls Conc. Dim.  & RFT DWGs (B01) (8th),ROYA-BIG PROJECT PHASE01 (B1-4) > Engineering > Shop Drawing > Approval > Part 02 > B01 > Superstructure > 8th Floor,TK_Complete,2026-03-17 00:00,2026-03-17 00:00,2026-03-17 00:00,0.0,0.0,0.0,2026-03-17 00:00,2026-03-17 00:00,0.0,0,YES
E-APP-B01-8TH-1030,Approval for Slabs Conc. Dim.  & RFT DWGs (B01) (8th),ROYA-BIG PROJECT PHASE01 (B1-4) > Engineering > Shop Drawing > Approval > Part 02 > B01 > Superstructure > 8th Floor,TK_NotStart,2026-03-17 00:00,2026-04-15 08:00,2026-04-26 16:00,10.0,10.0,0.0,2026-04-15 08:00,2026-04-25 08:00,0.0,0,YES
E-APP-B01-8TH-1020,Approval for Beams Conc. Dim.  & RFT DWGs (B01) (8th),ROYA-BIG PROJECT PHASE01 (B1-4) > Engineering > Shop Drawing > Approval > Part 02 > B01 > Superstructure > 8th Floor,TK_NotStart,2026-03-17 00:00,2026-04-11 08:00,2026-04-22 16:00,10.0,10.0,0.0,2026-04-11 08:00,2026-04-21 08:00,0.0,0,YES
E-APP-B01-8TH-1010,Approval for Stairs Conc. Dim.  & RFT DWGs (B01) (8th),ROYA-BIG PROJECT PHASE01 (B1-4) > Engineering > Shop Drawing > Approval > Part 02 > B01 > Superstructure > 8th Floor,TK_Complete,2026-03-17 00:00,2026-03-17 00:00,2026-03-17 00:00,0.0,0.0,0.0,2026-03-17 00:00,2026-03-17 00:00,0.0,0,YES
E-APP-B02-RF-1000,Approval for Col. & Walls Conc. Dim.  & RFT DWGs (B02) (RF),ROYA-BIG PROJECT PHASE01 (B1-4) > Engineering > Shop Drawing > Approval > Part 02 > B02 > Superstructure > Roof Floor,TK_Complete,2026-03-17 00:00,2026-03-17 00:00,2026-03-17 00:00,0.0,0.0,0.0,2026-03-17 00:00,2026-03-17 00:00,0.0,0,YES
E-APP-B02-RF-1020,Approval for Slabs Conc. Dim.  & RFT DWGs (B02) (RF),ROYA-BIG PROJECT PHASE01 (B1-4) > Engineering > Shop Drawing > Approval > Part 02 > B02 > Superstructure > Roof Floor,TK_NotStart,2026-03-17 00:00,2026-04-15 08:00,2026-04-26 16:00,10.0,10.0,0.0,2026-04-15 08:00,2026-04-25 08:00,0.0,0,YES
E-APP-B02-RF-1010,Approval for Beams Conc. Dim.  & RFT DWGs (B02) (RF),ROYA-BIG PROJECT PHASE01 (B1-4) > Engineering > Shop Drawing > Approval > Part 02 > B02 > Superstructure > Roof Floor,TK_NotStart,2026-03-17 00:00,2026-04-11 08:00,2026-04-22 16:00,10.0,10.0,0.0,2026-04-11 08:00,2026-04-21 08:00,0.0,0,YES
E-APP-B01-RF-1000,Approval for Col. & Walls Conc. Dim.  & RFT DWGs (B01) (RF),ROYA-BIG PROJECT PHASE01 (B1-4) > Engineering > Shop Drawing > Approval > Part 02 > B01 > Superstructure > Roof Floor,TK_Complete,2026-03-17 00:00,2026-03-17 00:00,2026-03-17 00:00,0.0,0.0,0.0,2026-03-17 00:00,2026-03-17 00:00,0.0,0,YES
E-APP-B01-RF-1010,Approval for Slabs Conc. Dim.  & RFT DWGs (B01) (RF),ROYA-BIG PROJECT PHASE01 (B1-4) > Engineering > Shop Drawing > Approval > Part 02 > B01 > Superstructure > Roof Floor,TK_NotStart,2026-03-17 00:00,2026-04-14 08:00,2026-04-25 16:00,10.0,10.0,0.0,2026-04-14 08:00,2026-04-24 08:00,0.0,0,YES
E-APP-B01-RF-1020,Approval for Beams Conc. Dim.  & RFT DWGs (B01) (RF),ROYA-BIG PROJECT PHASE01 (B1-4) > Engineering > Shop Drawing > Approval > Part 02 > B01 > Superstructure > Roof Floor,TK_NotStart,2026-03-17 00:00,2026-03-21 08:00,2026-03-31 16:00,10.0,10.0,0.0,2026-03-21 08:00,2026-03-31 08:00,0.0,0,YES
E-APP-B03-FOOT-1010,Approval for PC Raft Conc. Dim. DWGs (B03) (footing),ROYA-BIG PROJECT PHASE01 (B1-4) > Engineering > Shop Drawing > Approval > Part 01 > B03 > Substructre > Footing,TK_Complete,2026-03-17 00:00,2026-03-17 00:00,2026-03-17 00:00,0.0,0.0,0.0,2026-03-17 00:00,2026-03-17 00:00,0.0,0,YES
E-APP-B03-FOOT-1020,Approval for RC Raft & Footings Conc. Dim. DWGs  (B03) (footing),ROYA-BIG PROJECT PHASE01 (B1-4) > Engineering > Shop Drawing > Approval > Part 01 > B03 > Substructre > Footing,TK_Complete,2026-03-17 00:00,2026-03-17 00:00,2026-03-17 00:00,0.0,0.0,0.0,2026-03-17 00:00,2026-03-17 00:00,0.0,0,YES
E-APP-B03-FOOT-1030,Approval for RC Raft & Footings RFT DWGs  (B03) (footing),ROYA-BIG PROJECT PHASE01 (B1-4) > Engineering > Shop Drawing > Approval > Part 01 > B03 > Substructre > Footing,TK_Complete,2026-03-17 00:00,2026-03-17 00:00,2026-03-17 00:00,0.0,0.0,0.0,2026-03-17 00:00,2026-03-17 00:00,0.0,0,YES
E-APP-B04-FOOT-1010,Approval for PC Raft Conc. Dim. DWGs (B04) (footing),ROYA-BIG PROJECT PHASE01 (B1-4) > Engineering > Shop Drawing > Approval > Part 01 > B04 > Substructre > Footing,TK_Complete,2026-03-17 00:00,2026-03-17 00:00,2026-03-17 00:00,0.0,0.0,0.0,2026-03-17 00:00,2026-03-17 00:00,0.0,0,YES
E-APP-B04-FOOT-1020,Approval for RC Raft & Footings Conc. Dim. DWGs (B04) (footing),ROYA-BIG PROJECT PHASE01 (B1-4) > Engineering > Shop Drawing > Approval > Part 01 > B04 > Substructre > Footing,TK_Complete,2026-03-17 00:00,2026-03-17 00:00,2026-03-17 00:00,0.0,0.0,0.0,2026-03-17 00:00,2026-03-17 00:00,0.0,0,YES
E-APP-B04-FOOT-1030,Approval for RC Raft & Footings RFT DWGs (B04) (footing),ROYA-BIG PROJECT PHASE01 (B1-4) > Engineering > Shop Drawing > Approval > Part 01 > B04 > Substructre > Footing,TK_Complete,2026-03-17 00:00,2026-03-17 00:00,2026-03-17 00:00,0.0,0.0,0.0,2026-03-17 00:00,2026-03-17 00:00,0.0,0,YES
E-APP-B03-BAS02-1000,Approval for Col. & Walls Conc. Dim.  & RFT DWGs  (B03) (Bas 02),ROYA-BIG PROJECT PHASE01 (B1-4) > Engineering > Shop Drawing > Approval > Part 01 > B03 > Substructre > Basement 2,TK_Complete,2026-03-17 00:00,2026-03-17 00:00,2026-03-17 00:00,0.0,0.0,0.0,2026-03-17 00:00,2026-03-17 00:00,0.0,0,YES
E-APP-B03-BAS02-1030,Approval for Slabs Conc. Dim.  & RFT DWGs  (B03) (Bas 02),ROYA-BIG PROJECT PHASE01 (B1-4) > Engineering > Shop Drawing > Approval > Part 01 > B03 > Substructre > Basement 2,TK_Complete,2026-03-17 00:00,2026-04-26 16:00,2026-04-26 16:00,0.0,0.0,0.0,2026-04-26 16:00,2026-04-26 16:00,0.0,0,YES
E-APP-B03-BAS02-1020,Approval for Beams Conc. Dim.  & RFT DWGs  (B03) (Bas 02),ROYA-BIG PROJECT PHASE01 (B1-4) > Engineering > Shop Drawing > Approval > Part 01 > B03 > Substructre > Basement 2,TK_Complete,2026-03-17 00:00,2026-04-22 16:00,2026-04-22 16:00,0.0,0.0,0.0,2026-04-22 16:00,2026-04-22 16:00,0.0,0,YES
E-APP-B03-BAS02-1010,Approval for Stairs Conc. Dim.  & RFT DWGs  (B03) (Bas 02),ROYA-BIG PROJECT PHASE01 (B1-4) > Engineering > Shop Drawing > Approval > Part 01 > B03 > Substructre > Basement 2,TK_Complete,2026-03-17 00:00,2026-03-17 00:00,2026-03-17 00:00,0.0,0.0,0.0,2026-03-17 00:00,2026-03-17 00:00,0.0,0,YES
E-APP-B04-BAS02-1000,Approval for Col. & Walls Conc. Dim.  & RFT DWGs (B04) (Bas 02),ROYA-BIG PROJECT PHASE01 (B1-4) > Engineering > Shop Drawing > Approval > Part 01 > B04 > Substructre > Basement 2,TK_Complete,2026-03-17 00:00,2026-03-17 00:00,2026-03-17 00:00,0.0,0.0,0.0,2026-03-17 00:00,2026-03-17 00:00,0.0,0,YES
E-APP-B04-BAS02-1040,Approval for Slabs Conc. Dim.  & RFT DWGs (B04) (Bas 02),ROYA-BIG PROJECT PHASE01 (B1-4) > Engineering > Shop Drawing > Approval > Part 01 > B04 > Substructre > Basement 2,TK_Complete,2026-03-17 00:00,2026-04-26 16:00,2026-04-26 16:00,0.0,0.0,0.0,2026-04-26 16:00,2026-04-26 16:00,0.0,0,YES
E-APP-B04-BAS02-1030,Approval for Beams Conc. Dim.  & RFT DWGs (B04) (Bas 02),ROYA-BIG PROJECT PHASE01 (B1-4) > Engineering > Shop Drawing > Approval > Part 01 > B04 > Substructre > Basement 2,TK_Complete,2026-03-17 00:00,2026-04-22 16:00,2026-04-22 16:00,0.0,0.0,0.0,2026-04-22 16:00,2026-04-22 16:00,0.0,0,YES
E-APP-B04-BAS02-1010,Approval for Stairs Conc. Dim.  & RFT DWGs (B04) (Bas 02),ROYA-BIG PROJECT PHASE01 (B1-4) > Engineering > Shop Drawing > Approval > Part 01 > B04 > Substructre > Basement 2,TK_Complete,2026-03-17 00:00,2026-03-17 00:00,2026-03-17 00:00,0.0,0.0,0.0,2026-03-17 00:00,2026-03-17 00:00,0.0,0,YES
E-APP-B04-BAS02-1020,Approval for Ramps Conc. Dim.  & RFT DWGs (B04) (Bas 02),ROYA-BIG PROJECT PHASE01 (B1-4) > Engineering > Shop Drawing > Approval > Part 01 > B04 > Substructre > Basement 2,TK_Complete,2026-03-17 00:00,2026-03-17 00:00,2026-03-17 00:00,0.0,0.0,0.0,2026-03-17 00:00,2026-03-17 00:00,0.0,0,YES
E-APP-B03-BAS01-1000,Approval for Col. & Walls Conc. Dim.  & RFT DWGs  (B03) (Bas 01),ROYA-BIG PROJECT PHASE01 (B1-4) > Engineering > Shop Drawing > Approval > Part 01 > B03 > Substructre > Basement 1,TK_Complete,2026-03-17 00:00,2026-03-17 00:00,2026-03-17 00:00,0.0,0.0,0.0,2026-03-17 00:00,2026-03-17 00:00,0.0,0,YES
E-APP-B03-BAS01-1030,Approval for Slabs Conc. Dim.  & RFT DWGs  (B03) (Bas 01),ROYA-BIG PROJECT PHASE01 (B1-4) > Engineering > Shop Drawing > Approval > Part 01 > B03 > Substructre > Basement 1,TK_Complete,2026-03-17 00:00,2026-04-16 16:00,2026-04-16 16:00,0.0,0.0,0.0,2026-04-16 16:00,2026-04-16 16:00,0.0,0,YES
E-APP-B03-BAS01-1020,Approval for Beams Conc. Dim.  & RFT DWGs  (B03) (Bas 01),ROYA-BIG PROJECT PHASE01 (B1-4) > Engineering > Shop Drawing > Approval > Part 01 > B03 > Substructre > Basement 1,TK_Complete,2026-03-17 00:00,2026-04-22 16:00,2026-04-22 16:00,0.0,0.0,0.0,2026-04-22 16:00,2026-04-22 16:00,0.0,0,YES
E-APP-B03-BAS01-1010,Approval for Stairs Conc. Dim.  & RFT DWGs  (B03) (Bas 01),ROYA-BIG PROJECT PHASE01 (B1-4) > Engineering > Shop Drawing > Approval > Part 01 > B03 > Substructre > Basement 1,TK_Complete,2026-03-17 00:00,2026-03-17 00:00,2026-03-17 00:00,0.0,0.0,0.0,2026-03-17 00:00,2026-03-17 00:00,0.0,0,YES
E-APP-B04-BAS01-1000,Approval for Col. & Walls Conc. Dim.  & RFT DWGs (B04) (Bas 01),ROYA-BIG PROJECT PHASE01 (B1-4) > Engineering > Shop Drawing > Approval > Part 01 > B04 > Substructre > Basement 1,TK_Complete,2026-03-17 00:00,2026-03-17 00:00,2026-03-17 00:00,0.0,0.0,0.0,2026-03-17 00:00,2026-03-17 00:00,0.0,0,YES
E-APP-B04-BAS01-1040,Approval for Slabs Conc. Dim.  & RFT DWGs (B04) (Bas 01),ROYA-BIG PROJECT PHASE01 (B1-4) > Engineering > Shop Drawing > Approval > Part 01 > B04 > Substructre > Basement 1,TK_Complete,2026-03-17 00:00,2026-04-26 16:00,2026-04-26 16:00,0.0,0.0,0.0,2026-04-26 16:00,2026-04-26 16:00,0.0,0,YES
E-APP-B04-BAS01-1030,Approval for Beams Conc. Dim.  & RFT DWGs (B04) (Bas 01),ROYA-BIG PROJECT PHASE01 (B1-4) > Engineering > Shop Drawing > Approval > Part 01 > B04 > Substructre > Basement 1,TK_Complete,2026-03-17 00:00,2026-04-22 16:00,2026-04-22 16:00,0.0,0.0,0.0,2026-04-22 16:00,2026-04-22 16:00,0.0,0,YES
E-APP-B04-BAS01-1010,Approval for Stairs Conc. Dim.  & RFT DWGs (B04) (Bas 01),ROYA-BIG PROJECT PHASE01 (B1-4) > Engineering > Shop Drawing > Approval > Part 01 > B04 > Substructre > Basement 1,TK_Complete,2026-03-17 00:00,2026-03-17 00:00,2026-03-17 00:00,0.0,0.0,0.0,2026-03-17 00:00,2026-03-17 00:00,0.0,0,YES
E-APP-B04-BAS01-1020,Approval for Ramps Conc. Dim.  & RFT DWGs (B04) (Bas 01),ROYA-BIG PROJECT PHASE01 (B1-4) > Engineering > Shop Drawing > Approval > Part 01 > B04 > Substructre > Basement 1,TK_Complete,2026-03-17 00:00,2026-03-17 00:00,2026-03-17 00:00,0.0,0.0,0.0,2026-03-17 00:00,2026-03-17 00:00,0.0,0,YES
E-APP-B04-GR-1000,Approval for Col. & Walls Conc. Dim.  & RFT DWGs (B04) (GF),ROYA-BIG PROJECT PHASE01 (B1-4) > Engineering > Shop Drawing > Approval > Part 01 > B04 > Superstructure > Ground Floor,TK_Complete,2026-03-17 00:00,2026-03-17 00:00,2026-03-17 00:00,0.0,0.0,0.0,2026-03-17 00:00,2026-03-17 00:00,0.0,0,YES
E-APP-B04-GR-1030,Approval for Slabs Conc. Dim.  & RFT DWGs (B04) (GF),ROYA-BIG PROJECT PHASE01 (B1-4) > Engineering > Shop Drawing > Approval > Part 01 > B04 > Superstructure > Ground Floor,TK_NotStart,2026-03-17 00:00,2026-04-15 08:00,2026-04-26 16:00,10.0,10.0,0.0,2026-04-15 08:00,2026-04-25 08:00,0.0,0,YES
E-APP-B04-GR-1020,Approval for Beams Conc. Dim.  & RFT DWGs (B04) (GF),ROYA-BIG PROJECT PHASE01 (B1-4) > Engineering > Shop Drawing > Approval > Part 01 > B04 > Superstructure > Ground Floor,TK_NotStart,2026-03-17 00:00,2026-04-11 08:00,2026-04-22 16:00,10.0,10.0,0.0,2026-04-11 08:00,2026-04-21 08:00,0.0,0,YES
E-APP-B04-GR-1010,Approval for Stairs Conc. Dim.  & RFT DWGs (B04) (GF),ROYA-BIG PROJECT PHASE01 (B1-4) > Engineering > Shop Drawing > Approval > Part 01 > B04 > Superstructure > Ground Floor,TK_Complete,2026-03-17 00:00,2026-03-17 00:00,2026-03-17 00:00,0.0,0.0,0.0,2026-03-17 00:00,2026-03-17 00:00,0.0,0,YES
E-APP-B03-GR-1000,Approval for Col. & Walls Conc. Dim.  & RFT DWGs  (B03) (GF),ROYA-BIG PROJECT PHASE01 (B1-4) > Engineering > Shop Drawing > Approval > Part 01 > B03 > Superstructure > Ground Floor,TK_Complete,2026-03-17 00:00,2026-03-17 00:00,2026-03-17 00:00,0.0,0.0,0.0,2026-03-17 00:00,2026-03-17 00:00,0.0,0,YES
E-APP-B03-GR-1030,Approval for Slabs Conc. Dim.  & RFT DWGs  (B03) (GF),ROYA-BIG PROJECT PHASE01 (B1-4) > Engineering > Shop Drawing > Approval > Part 01 > B03 > Superstructure > Ground Floor,TK_NotStart,2026-03-17 00:00,2026-04-15 08:00,2026-04-26 16:00,10.0,10.0,0.0,2026-04-15 08:00,2026-04-25 08:00,0.0,0,YES
E-APP-B03-GR-1020,Approval for Beams Conc. Dim.  & RFT DWGs  (B03) (GF),ROYA-BIG PROJECT PHASE01 (B1-4) > Engineering > Shop Drawing > Approval > Part 01 > B03 > Superstructure > Ground Floor,TK_NotStart,2026-03-17 00:00,2026-04-11 08:00,2026-04-22 16:00,10.0,10.0,0.0,2026-04-11 08:00,2026-04-21 08:00,0.0,0,YES
E-APP-B03-GR-1010,Approval for Stairs Conc. Dim.  & RFT DWGs  (B03) (GF),ROYA-BIG PROJECT PHASE01 (B1-4) > Engineering > Shop Drawing > Approval > Part 01 > B03 > Superstructure > Ground Floor,TK_Complete,2026-03-17 00:00,2026-03-17 00:00,2026-03-17 00:00,0.0,0.0,0.0,2026-03-17 00:00,2026-03-17 00:00,0.0,0,YES
E-APP-B04-1ST-1000,Approval for Col. & Walls Conc. Dim.  & RFT DWGs (B04) (1st),ROYA-BIG PROJECT PHASE01 (B1-4) > Engineering > Shop Drawing > Approval > Part 01 > B04 > Superstructure > 1st Floor,TK_Complete,2026-03-17 00:00,2026-03-17 00:00,2026-03-17 00:00,0.0,0.0,0.0,2026-03-17 00:00,2026-03-17 00:00,0.0,0,YES
E-APP-B04-1ST-1030,Approval for Slabs Conc. Dim.  & RFT DWGs (B04) (1st),ROYA-BIG PROJECT PHASE01 (B1-4) > Engineering > Shop Drawing > Approval > Part 01 > B04 > Superstructure > 1st Floor,TK_NotStart,2026-03-17 00:00,2026-04-15 08:00,2026-04-26 16:00,10.0,10.0,0.0,2026-04-15 08:00,2026-04-25 08:00,0.0,0,YES
E-APP-B04-1ST-1020,Approval for Beams Conc. Dim.  & RFT DWGs (B04) (1st),ROYA-BIG PROJECT PHASE01 (B1-4) > Engineering > Shop Drawing > Approval > Part 01 > B04 > Superstructure > 1st Floor,TK_NotStart,2026-03-17 00:00,2026-04-11 08:00,2026-04-22 16:00,10.0,10.0,0.0,2026-04-11 08:00,2026-04-21 08:00,0.0,0,YES
E-APP-B04-1ST-1010,Approval for Stairs Conc. Dim.  & RFT DWGs (B04) (1st),ROYA-BIG PROJECT PHASE01 (B1-4) > Engineering > Shop Drawing > Approval > Part 01 > B04 > Superstructure > 1st Floor,TK_Complete,2026-03-17 00:00,2026-03-17 00:00,2026-03-17 00:00,0.0,0.0,0.0,2026-03-17 00:00,2026-03-17 00:00,0.0,0,YES
E-APP-B04-2ND-1000,Approval for Col. & Walls Conc. Dim.  & RFT DWGs (B04) (2nd),ROYA-BIG PROJECT PHASE01 (B1-4) > Engineering > Shop Drawing > Approval > Part 01 > B04 > Superstructure > 2nd Floor,TK_Complete,2026-03-17 00:00,2026-03-17 00:00,2026-03-17 00:00,0.0,0.0,0.0,2026-03-17 00:00,2026-03-17 00:00,0.0,0,YES
E-APP-B04-2ND-1030,Approval for Slabs Conc. Dim.  & RFT DWGs (B04) (2nd),ROYA-BIG PROJECT PHASE01 (B1-4) > Engineering > Shop Drawing > Approval > Part 01 > B04 > Superstructure > 2nd Floor,TK_NotStart,2026-03-17 00:00,2026-04-15 08:00,2026-04-26 16:00,10.0,10.0,0.0,2026-04-15 08:00,2026-04-25 08:00,0.0,0,YES
E-APP-B04-2ND-1020,Approval for Beams Conc. Dim.  & RFT DWGs (B04) (2nd),ROYA-BIG PROJECT PHASE01 (B1-4) > Engineering > Shop Drawing > Approval > Part 01 > B04 > Superstructure > 2nd Floor,TK_NotStart,2026-03-17 00:00,2026-04-11 08:00,2026-04-22 16:00,10.0,10.0,0.0,2026-04-11 08:00,2026-04-21 08:00,0.0,0,YES
E-APP-B04-2ND-1010,Approval for Stairs Conc. Dim.  & RFT DWGs (B04) (2nd),ROYA-BIG PROJECT PHASE01 (B1-4) > Engineering > Shop Drawing > Approval > Part 01 > B04 > Superstructure > 2nd Floor,TK_Complete,2026-03-17 00:00,2026-03-17 00:00,2026-03-17 00:00,0.0,0.0,0.0,2026-03-17 00:00,2026-03-17 00:00,0.0,0,YES
E-APP-B04-2RD-1000,Approval for Col. & Walls Conc. Dim.  & RFT DWGs (B04) (3rd),ROYA-BIG PROJECT PHASE01 (B1-4) > Engineering > Shop Drawing > Approval > Part 01 > B04 > Superstructure > 3rd Floor,TK_Complete,2026-03-17 00:00,2026-03-17 00:00,2026-03-17 00:00,0.0,0.0,0.0,2026-03-17 00:00,2026-03-17 00:00,0.0,0,YES
E-APP-B04-2RD-1030,Approval for Slabs Conc. Dim.  & RFT DWGs (B04) (3rd),ROYA-BIG PROJECT PHASE01 (B1-4) > Engineering > Shop Drawing > Approval > Part 01 > B04 > Superstructure > 3rd Floor,TK_NotStart,2026-03-17 00:00,2026-04-15 08:00,2026-04-26 16:00,10.0,10.0,0.0,2026-04-15 08:00,2026-04-25 08:00,0.0,0,YES
E-APP-B04-2RD-1020,Approval for Beams Conc. Dim.  & RFT DWGs (B04) (3rd),ROYA-BIG PROJECT PHASE01 (B1-4) > Engineering > Shop Drawing > Approval > Part 01 > B04 > Superstructure > 3rd Floor,TK_NotStart,2026-03-17 00:00,2026-04-11 08:00,2026-04-22 16:00,10.0,10.0,0.0,2026-04-11 08:00,2026-04-21 08:00,0.0,0,YES
E-APP-B04-2RD-1010,Approval for Stairs Conc. Dim.  & RFT DWGs (B04) (3rd),ROYA-BIG PROJECT PHASE01 (B1-4) > Engineering > Shop Drawing > Approval > Part 01 > B04 > Superstructure > 3rd Floor,TK_Complete,2026-03-17 00:00,2026-03-17 00:00,2026-03-17 00:00,0.0,0.0,0.0,2026-03-17 00:00,2026-03-17 00:00,0.0,0,YES
E-APP-B04-4TH-1000,Approval for Col. & Walls Conc. Dim.  & RFT DWGs (B04) (4th),ROYA-BIG PROJECT PHASE01 (B1-4) > Engineering > Shop Drawing > Approval > Part 01 > B04 > Superstructure > 4th Floor,TK_Complete,2026-03-17 00:00,2026-03-17 00:00,2026-03-17 00:00,0.0,0.0,0.0,2026-03-17 00:00,2026-03-17 00:00,0.0,0,YES
E-APP-B04-4TH-1030,Approval for Slabs Conc. Dim.  & RFT DWGs (B04) (4th),ROYA-BIG PROJECT PHASE01 (B1-4) > Engineering > Shop Drawing > Approval > Part 01 > B04 > Superstructure > 4th Floor,TK_NotStart,2026-03-17 00:00,2026-04-15 08:00,2026-04-26 16:00,10.0,10.0,0.0,2026-04-15 08:00,2026-04-25 08:00,0.0,0,YES
E-APP-B04-4TH-1020,Approval for Beams Conc. Dim.  & RFT DWGs (B04) (4th),ROYA-BIG PROJECT PHASE01 (B1-4) > Engineering > Shop Drawing > Approval > Part 01 > B04 > Superstructure > 4th Floor,TK_NotStart,2026-03-17 00:00,2026-04-11 08:00,2026-04-22 16:00,10.0,10.0,0.0,2026-04-11 08:00,2026-04-21 08:00,0.0,0,YES
E-APP-B04-4TH-1010,Approval for Stairs Conc. Dim.  & RFT DWGs (B04) (4th),ROYA-BIG PROJECT PHASE01 (B1-4) > Engineering > Shop Drawing > Approval > Part 01 > B04 > Superstructure > 4th Floor,TK_Complete,2026-03-17 00:00,2026-03-17 00:00,2026-03-17 00:00,0.0,0.0,0.0,2026-03-17 00:00,2026-03-17 00:00,0.0,0,YES
E-APP-B04-5TH-1000,Approval for Col. & Walls Conc. Dim.  & RFT DWGs (B04) (5th),ROYA-BIG PROJECT PHASE01 (B1-4) > Engineering > Shop Drawing > Approval > Part 01 > B04 > Superstructure > 5th Floor,TK_Complete,2026-03-17 00:00,2026-03-17 00:00,2026-03-17 00:00,0.0,0.0,0.0,2026-03-17 00:00,2026-03-17 00:00,0.0,0,YES
E-APP-B04-5TH-1030,Approval for Slabs Conc. Dim.  & RFT DWGs (B04) (5th),ROYA-BIG PROJECT PHASE01 (B1-4) > Engineering > Shop Drawing > Approval > Part 01 > B04 > Superstructure > 5th Floor,TK_NotStart,2026-03-17 00:00,2026-04-15 08:00,2026-04-26 16:00,10.0,10.0,0.0,2026-04-15 08:00,2026-04-25 08:00,0.0,0,YES
E-APP-B04-5TH-1020,Approval for Beams Conc. Dim.  & RFT DWGs (B04) (5th),ROYA-BIG PROJECT PHASE01 (B1-4) > Engineering > Shop Drawing > Approval > Part 01 > B04 > Superstructure > 5th Floor,TK_NotStart,2026-03-17 00:00,2026-04-11 08:00,2026-04-22 16:00,10.0,10.0,0.0,2026-04-11 08:00,2026-04-21 08:00,0.0,0,YES
E-APP-B04-5TH-1010,Approval for Stairs Conc. Dim.  & RFT DWGs (B04) (5th),ROYA-BIG PROJECT PHASE01 (B1-4) > Engineering > Shop Drawing > Approval > Part 01 > B04 > Superstructure > 5th Floor,TK_Complete,2026-03-17 00:00,2026-03-17 00:00,2026-03-17 00:00,0.0,0.0,0.0,2026-03-17 00:00,2026-03-17 00:00,0.0,0,YES
E-APP-B04-6TH-1000,Approval for Col. & Walls Conc. Dim.  & RFT DWGs (B04) (6th),ROYA-BIG PROJECT PHASE01 (B1-4) > Engineering > Shop Drawing > Approval > Part 01 > B04 > Superstructure > 6th Floor,TK_Complete,2026-03-17 00:00,2026-03-17 00:00,2026-03-17 00:00,0.0,0.0,0.0,2026-03-17 00:00,2026-03-17 00:00,0.0,0,YES
E-APP-B04-6TH-1030,Approval for Slabs Conc. Dim.  & RFT DWGs (B04) (6th),ROYA-BIG PROJECT PHASE01 (B1-4) > Engineering > Shop Drawing > Approval > Part 01 > B04 > Superstructure > 6th Floor,TK_NotStart,2026-03-17 00:00,2026-04-21 08:00,2026-05-02 16:00,10.0,10.0,0.0,2026-04-21 08:00,2026-05-01 08:00,0.0,0,YES
E-APP-B04-6TH-1020,Approval for Beams Conc. Dim.  & RFT DWGs (B04) (6th),ROYA-BIG PROJECT PHASE01 (B1-4) > Engineering > Shop Drawing > Approval > Part 01 > B04 > Superstructure > 6th Floor,TK_NotStart,2026-03-17 00:00,2026-04-18 08:00,2026-04-28 16:00,10.0,10.0,0.0,2026-04-18 08:00,2026-04-28 08:00,0.0,0,YES
E-APP-B04-6TH-1010,Approval for Stairs Conc. Dim.  & RFT DWGs (B04) (6th),ROYA-BIG PROJECT PHASE01 (B1-4) > Engineering > Shop Drawing > Approval > Part 01 > B04 > Superstructure > 6th Floor,TK_Complete,2026-03-17 00:00,2026-03-17 00:00,2026-03-17 00:00,0.0,0.0,0.0,2026-03-17 00:00,2026-03-17 00:00,0.0,0,YES
E-APP-B04-7TH-1000,Approval for Col. & Walls Conc. Dim.  & RFT DWGs (B04) (7th),ROYA-BIG PROJECT PHASE01 (B1-4) > Engineering > Shop Drawing > Approval > Part 01 > B04 > Superstructure > 7th Floor,TK_Complete,2026-03-17 00:00,2026-03-17 00:00,2026-03-17 00:00,0.0,0.0,0.0,2026-03-17 00:00,2026-03-17 00:00,0.0,0,YES
E-APP-B04-7TH-1030,Approval for Slabs Conc. Dim.  & RFT DWGs (B04) (7th),ROYA-BIG PROJECT PHASE01 (B1-4) > Engineering > Shop Drawing > Approval > Part 01 > B04 > Superstructure > 7th Floor,TK_NotStart,2026-03-17 00:00,2026-05-06 08:00,2026-05-17 16:00,10.0,10.0,0.0,2026-05-06 08:00,2026-05-16 08:00,0.0,0,YES
E-APP-B04-7TH-1020,Approval for Beams Conc. Dim.  & RFT DWGs (B04) (7th),ROYA-BIG PROJECT PHASE01 (B1-4) > Engineering > Shop Drawing > Approval > Part 01 > B04 > Superstructure > 7th Floor,TK_NotStart,2026-03-17 00:00,2026-05-03 08:00,2026-05-13 16:00,10.0,10.0,0.0,2026-05-03 08:00,2026-05-13 08:00,0.0,0,YES
E-APP-B04-7TH-1010,Approval for Stairs Conc. Dim.  & RFT DWGs (B04) (7th),ROYA-BIG PROJECT PHASE01 (B1-4) > Engineering > Shop Drawing > Approval > Part 01 > B04 > Superstructure > 7th Floor,TK_Complete,2026-03-17 00:00,2026-03-17 00:00,2026-03-17 00:00,0.0,0.0,0.0,2026-03-17 00:00,2026-03-17 00:00,0.0,0,YES
E-APP-B04-8TH-1000,Approval for Col. & Walls Conc. Dim.  & RFT DWGs (B04) (8th),ROYA-BIG PROJECT PHASE01 (B1-4) > Engineering > Shop Drawing > Approval > Part 01 > B04 > Superstructure > 8th Floor,TK_Complete,2026-03-17 00:00,2026-03-17 00:00,2026-03-17 00:00,0.0,0.0,0.0,2026-03-17 00:00,2026-03-17 00:00,0.0,0,YES
E-APP-B04-8TH-1030,Approval for Slabs Conc. Dim.  & RFT DWGs (B04) (8th),ROYA-BIG PROJECT PHASE01 (B1-4) > Engineering > Shop Drawing > Approval > Part 01 > B04 > Superstructure > 8th Floor,TK_NotStart,2026-03-17 00:00,2026-05-20 08:00,2026-06-04 16:00,10.0,10.0,0.0,2026-05-20 08:00,2026-05-30 08:00,0.0,0,YES
E-APP-B04-8TH-1020,Approval for Beams Conc. Dim.  & RFT DWGs (B04) (8th),ROYA-BIG PROJECT PHASE01 (B1-4) > Engineering > Shop Drawing > Approval > Part 01 > B04 > Superstructure > 8th Floor,TK_NotStart,2026-03-17 00:00,2026-05-17 08:00,2026-06-01 16:00,10.0,10.0,0.0,2026-05-17 08:00,2026-05-27 08:00,0.0,0,YES
E-APP-B04-8TH-1010,Approval for Stairs Conc. Dim.  & RFT DWGs (B04) (8th),ROYA-BIG PROJECT PHASE01 (B1-4) > Engineering > Shop Drawing > Approval > Part 01 > B04 > Superstructure > 8th Floor,TK_Complete,2026-03-17 00:00,2026-03-17 00:00,2026-03-17 00:00,0.0,0.0,0.0,2026-03-17 00:00,2026-03-17 00:00,0.0,0,YES
E-APP-B03-1ST-1000,Approval for Col. & Walls Conc. Dim.  & RFT DWGs  (B03) (1st),ROYA-BIG PROJECT PHASE01 (B1-4) > Engineering > Shop Drawing > Approval > Part 01 > B03 > Superstructure > 1st Floor,TK_Complete,2026-03-17 00:00,2026-03-17 00:00,2026-03-17 00:00,0.0,0.0,0.0,2026-03-17 00:00,2026-03-17 00:00,0.0,0,YES
E-APP-B03-1ST-1030,Approval for Slabs Conc. Dim.  & RFT DWGs  (B03) (1st),ROYA-BIG PROJECT PHASE01 (B1-4) > Engineering > Shop Drawing > Approval > Part 01 > B03 > Superstructure > 1st Floor,TK_NotStart,2026-03-17 00:00,2026-04-15 08:00,2026-04-26 16:00,10.0,10.0,0.0,2026-04-15 08:00,2026-04-25 08:00,0.0,0,YES
E-APP-B03-1ST-1020,Approval for Beams Conc. Dim.  & RFT DWGs  (B03) (1st),ROYA-BIG PROJECT PHASE01 (B1-4) > Engineering > Shop Drawing > Approval > Part 01 > B03 > Superstructure > 1st Floor,TK_NotStart,2026-03-17 00:00,2026-04-11 08:00,2026-04-22 16:00,10.0,10.0,0.0,2026-04-11 08:00,2026-04-21 08:00,0.0,0,YES
E-APP-B03-1ST-1010,Approval for Stairs Conc. Dim.  & RFT DWGs  (B03) (1st),ROYA-BIG PROJECT PHASE01 (B1-4) > Engineering > Shop Drawing > Approval > Part 01 > B03 > Superstructure > 1st Floor,TK_Complete,2026-03-17 00:00,2026-03-17 00:00,2026-03-17 00:00,0.0,0.0,0.0,2026-03-17 00:00,2026-03-17 00:00,0.0,0,YES
E-APP-B03-2ND-1000,Approval for Col. & Walls Conc. Dim.  & RFT DWGs  (B03) (2nd),ROYA-BIG PROJECT PHASE01 (B1-4) > Engineering > Shop Drawing > Approval > Part 01 > B03 > Superstructure > 2nd Floor,TK_Complete,2026-03-17 00:00,2026-03-17 00:00,2026-03-17 00:00,0.0,0.0,0.0,2026-03-17 00:00,2026-03-17 00:00,0.0,0,YES
E-APP-B03-2ND-1030,Approval for Slabs Conc. Dim.  & RFT DWGs  (B03) (2nd),ROYA-BIG PROJECT PHASE01 (B1-4) > Engineering > Shop Drawing > Approval > Part 01 > B03 > Superstructure > 2nd Floor,TK_NotStart,2026-03-17 00:00,2026-04-15 08:00,2026-04-26 16:00,10.0,10.0,0.0,2026-04-15 08:00,2026-04-25 08:00,0.0,0,YES
E-APP-B03-2ND-1020,Approval for Beams Conc. Dim.  & RFT DWGs  (B03) (2nd),ROYA-BIG PROJECT PHASE01 (B1-4) > Engineering > Shop Drawing > Approval > Part 01 > B03 > Superstructure > 2nd Floor,TK_NotStart,2026-03-17 00:00,2026-04-11 08:00,2026-04-22 16:00,10.0,10.0,0.0,2026-04-11 08:00,2026-04-21 08:00,0.0,0,YES
E-APP-B03-2ND-1010,Approval for Stairs Conc. Dim.  & RFT DWGs  (B03) (2nd),ROYA-BIG PROJECT PHASE01 (B1-4) > Engineering > Shop Drawing > Approval > Part 01 > B03 > Superstructure > 2nd Floor,TK_Complete,2026-03-17 00:00,2026-03-17 00:00,2026-03-17 00:00,0.0,0.0,0.0,2026-03-17 00:00,2026-03-17 00:00,0.0,0,YES
E-APP-B03-3RD-1000,Approval for Col. & Walls Conc. Dim.  & RFT DWGs  (B03) (3rd),ROYA-BIG PROJECT PHASE01 (B1-4) > Engineering > Shop Drawing > Approval > Part 01 > B03 > Superstructure > 3rd Floor,TK_Complete,2026-03-17 00:00,2026-03-17 00:00,2026-03-17 00:00,0.0,0.0,0.0,2026-03-17 00:00,2026-03-17 00:00,0.0,0,YES
E-APP-B03-3RD-1030,Approval for Slabs Conc. Dim.  & RFT DWGs  (B03) (3rd),ROYA-BIG PROJECT PHASE01 (B1-4) > Engineering > Shop Drawing > Approval > Part 01 > B03 > Superstructure > 3rd Floor,TK_NotStart,2026-03-17 00:00,2026-04-15 08:00,2026-04-26 16:00,10.0,10.0,0.0,2026-04-15 08:00,2026-04-25 08:00,0.0,0,YES
E-APP-B03-3RD-1020,Approval for Beams Conc. Dim.  & RFT DWGs  (B03) (3rd),ROYA-BIG PROJECT PHASE01 (B1-4) > Engineering > Shop Drawing > Approval > Part 01 > B03 > Superstructure > 3rd Floor,TK_NotStart,2026-03-17 00:00,2026-04-11 08:00,2026-04-22 16:00,10.0,10.0,0.0,2026-04-11 08:00,2026-04-21 08:00,0.0,0,YES
E-APP-B03-3RD-1010,Approval for Stairs Conc. Dim.  & RFT DWGs  (B03) (3rd),ROYA-BIG PROJECT PHASE01 (B1-4) > Engineering > Shop Drawing > Approval > Part 01 > B03 > Superstructure > 3rd Floor,TK_Complete,2026-03-17 00:00,2026-03-17 00:00,2026-03-17 00:00,0.0,0.0,0.0,2026-03-17 00:00,2026-03-17 00:00,0.0,0,YES
E-APP-B03-4TH-1000,Approval for Col. & Walls Conc. Dim.  & RFT DWGs  (B03) (4th),ROYA-BIG PROJECT PHASE01 (B1-4) > Engineering > Shop Drawing > Approval > Part 01 > B03 > Superstructure > 4th Floor,TK_Complete,2026-03-17 00:00,2026-03-17 00:00,2026-03-17 00:00,0.0,0.0,0.0,2026-03-17 00:00,2026-03-17 00:00,0.0,0,YES
E-APP-B03-4TH-1030,Approval for Slabs Conc. Dim.  & RFT DWGs  (B03) (4th),ROYA-BIG PROJECT PHASE01 (B1-4) > Engineering > Shop Drawing > Approval > Part 01 > B03 > Superstructure > 4th Floor,TK_NotStart,2026-03-17 00:00,2026-04-15 08:00,2026-04-26 16:00,10.0,10.0,0.0,2026-04-15 08:00,2026-04-25 08:00,0.0,0,YES
E-APP-B03-4TH-1020,Approval for Beams Conc. Dim.  & RFT DWGs  (B03) (4th),ROYA-BIG PROJECT PHASE01 (B1-4) > Engineering > Shop Drawing > Approval > Part 01 > B03 > Superstructure > 4th Floor,TK_NotStart,2026-03-17 00:00,2026-04-11 08:00,2026-04-22 16:00,10.0,10.0,0.0,2026-04-11 08:00,2026-04-21 08:00,0.0,0,YES
E-APP-B03-4TH-1010,Approval for Stairs Conc. Dim.  & RFT DWGs  (B03) (4th),ROYA-BIG PROJECT PHASE01 (B1-4) > Engineering > Shop Drawing > Approval > Part 01 > B03 > Superstructure > 4th Floor,TK_Complete,2026-03-17 00:00,2026-03-17 00:00,2026-03-17 00:00,0.0,0.0,0.0,2026-03-17 00:00,2026-03-17 00:00,0.0,0,YES
E-APP-B04-RF-1000,Approval for Col. & Walls Conc. Dim.  & RFT DWGs (B04) (RF),ROYA-BIG PROJECT PHASE01 (B1-4) > Engineering > Shop Drawing > Approval > Part 01 > B04 > Superstructure > Roof Floor,TK_Complete,2026-03-17 00:00,2026-03-17 00:00,2026-03-17 00:00,0.0,0.0,0.0,2026-03-17 00:00,2026-03-17 00:00,0.0,0,YES
E-APP-B04-RF-1020,Approval for Slabs Conc. Dim.  & RFT DWGs (B04) (RF),ROYA-BIG PROJECT PHASE01 (B1-4) > Engineering > Shop Drawing > Approval > Part 01 > B04 > Superstructure > Roof Floor,TK_NotStart,2026-03-17 00:00,2026-05-23 08:00,2026-06-07 16:00,10.0,10.0,0.0,2026-05-23 08:00,2026-06-02 08:00,0.0,0,YES
E-APP-B04-RF-1010,Approval for  Beams Conc. Dim.  & RFT DWGs (B04) (RF),ROYA-BIG PROJECT PHASE01 (B1-4) > Engineering > Shop Drawing > Approval > Part 01 > B04 > Superstructure > Roof Floor,TK_NotStart,2026-03-17 00:00,2026-05-19 08:00,2026-06-03 16:00,10.0,10.0,0.0,2026-05-19 08:00,2026-05-29 08:00,0.0,0,YES
E-APP-B03-RF-1000,Approval for Col. & Walls Conc. Dim.  & RFT DWGs  (B03) (RF),ROYA-BIG PROJECT PHASE01 (B1-4) > Engineering > Shop Drawing > Approval > Part 01 > B03 > Superstructure > Roof Floor,TK_Complete,2026-03-17 00:00,2026-03-17 00:00,2026-03-17 00:00,0.0,0.0,0.0,2026-03-17 00:00,2026-03-17 00:00,0.0,0,YES
E-APP-B03-RF-1020,Approval for Slabs Conc. Dim.  & RFT DWGs  (B03) (RF),ROYA-BIG PROJECT PHASE01 (B1-4) > Engineering > Shop Drawing > Approval > Part 01 > B03 > Superstructure > Roof Floor,TK_NotStart,2026-03-17 00:00,2026-04-15 08:00,2026-04-26 16:00,10.0,10.0,0.0,2026-04-15 08:00,2026-04-25 08:00,0.0,0,YES
E-APP-B03-RF-1010,Approval for Beams Conc. Dim.  & RFT DWGs  (B03) (RF),ROYA-BIG PROJECT PHASE01 (B1-4) > Engineering > Shop Drawing > Approval > Part 01 > B03 > Superstructure > Roof Floor,TK_NotStart,2026-03-17 00:00,2026-04-11 08:00,2026-04-22 16:00,10.0,10.0,0.0,2026-04-11 08:00,2026-04-21 08:00,0.0,0,YES
CON-B04-BAS02-1000,"Scaffolding works for Walls, Col. & Cores (B04) (Bas 02)",ROYA-BIG PROJECT PHASE01 (B1-4) > Construction > Part 01 > B04 > Substructure > Basement 2,TK_NotStart,2026-03-17 00:00,2026-03-29 13:36,2026-04-06 13:36,7.0,7.0,0.0,2026-03-29 13:36,2026-04-05 13:36,0.0,1,YES
CON-B04-BAS02-1010,"RFT for Walls, Col. & Cores (B04) (Bas 02)",ROYA-BIG PROJECT PHASE01 (B1-4) > Construction > Part 01 > B04 > Substructure > Basement 2,TK_NotStart,2026-03-17 00:00,2026-03-29 13:36,2026-04-09 13:36,10.0,10.0,0.0,2026-03-29 13:36,2026-04-08 13:36,0.0,1,YES
CON-B04-BAS02-1020,"Shuttering for Walls, Col. & Cores (B04) (Bas 02)",ROYA-BIG PROJECT PHASE01 (B1-4) > Construction > Part 01 > B04 > Substructure > Basement 2,TK_NotStart,2026-03-17 00:00,2026-04-05 13:36,2026-04-18 13:36,10.0,10.0,0.0,2026-04-05 13:36,2026-04-15 13:36,0.0,1,YES
CON-B04-BAS02-1030,"Pouring for Walls, Col. & Cores (B04) (Bas 02)",ROYA-BIG PROJECT PHASE01 (B1-4) > Construction > Part 01 > B04 > Substructure > Basement 2,TK_NotStart,2026-03-17 00:00,2026-04-18 13:36,2026-04-20 13:36,2.0,2.0,0.0,2026-04-18 13:36,2026-04-20 13:36,0.0,1,YES
CON-B04-BAS02-1040,Shuttering for Slabs & Beams (B04) (Bas 02),ROYA-BIG PROJECT PHASE01 (B1-4) > Construction > Part 01 > B04 > Substructure > Basement 2,TK_NotStart,2026-03-17 00:00,2026-04-27 08:00,2026-05-05 16:00,8.0,8.0,0.0,2026-04-27 08:00,2026-05-05 08:00,0.0,1,YES
CON-B04-BAS02-1050,Shuttering for Stairs  (B04) (Bas 02),ROYA-BIG PROJECT PHASE01 (B1-4) > Construction > Part 01 > B04 > Substructure > Basement 2,TK_NotStart,2026-03-17 00:00,2026-04-21 13:36,2026-04-28 13:36,6.0,6.0,0.0,2026-04-21 13:36,2026-04-27 13:36,0.0,1,YES
CON-B04-BAS02-1060,RFT for Slabs & Beams (B04) (Bas 02),ROYA-BIG PROJECT PHASE01 (B1-4) > Construction > Part 01 > B04 > Substructure > Basement 2,TK_NotStart,2026-03-17 00:00,2026-04-29 08:00,2026-05-10 16:00,10.0,10.0,0.0,2026-04-29 08:00,2026-05-09 08:00,0.0,1,YES
CON-B04-BAS02-1080,RFT for Stairs  (B04) (Bas 02),ROYA-BIG PROJECT PHASE01 (B1-4) > Construction > Part 01 > B04 > Substructure > Basement 2,TK_NotStart,2026-03-17 00:00,2026-04-23 13:36,2026-04-29 13:36,5.0,5.0,0.0,2026-04-23 13:36,2026-04-28 13:36,0.0,1,YES
CON-B04-BAS02-1130,Pouring for Slabs & Beams (B04) (Bas 02),ROYA-BIG PROJECT PHASE01 (B1-4) > Construction > Part 01 > B04 > Substructure > Basement 2,TK_NotStart,2026-03-17 00:00,2026-05-11 08:00,2026-05-12 16:00,2.0,2.0,0.0,2026-05-11 08:00,2026-05-13 08:00,0.0,1,YES
CON-B04-BAS02-1100,Pouring for Stairs  (B04) (Bas 02),ROYA-BIG PROJECT PHASE01 (B1-4) > Construction > Part 01 > B04 > Substructure > Basement 2,TK_NotStart,2026-03-17 00:00,2026-04-29 13:36,2026-05-02 13:36,2.0,2.0,0.0,2026-04-29 13:36,2026-05-01 13:36,0.0,1,YES
CON-B04-BAS02-1120,"Curing for Slabs, Beams (B04) (Bas 02)",ROYA-BIG PROJECT PHASE01 (B1-4) > Construction > Part 01 > B04 > Substructure > Basement 2,TK_NotStart,2026-03-17 00:00,2026-05-13 08:00,2026-05-15 16:00,3.0,3.0,0.0,2026-05-13 08:00,2026-05-16 08:00,0.0,1,YES
CON-B04-BAS02-1140,Dismantling Formwork (B04) (Bas 02),ROYA-BIG PROJECT PHASE01 (B1-4) > Construction > Part 01 > B04 > Substructure > Basement 2,TK_NotStart,2026-03-17 00:00,2026-05-25 08:00,2026-05-25 16:00,1.0,1.0,0.0,2026-05-25 08:00,2026-05-26 08:00,0.0,1,YES
E-SUB-B04-WT-1000,Submittal for PC Raft Conc. Dim. DWGs (B04) (Water Tank),ROYA-BIG PROJECT PHASE01 (B1-4) > Engineering > Shop Drawing > Submittal > Part 01 > B04 > Substructre > Basement 2 > Water Tank,TK_Complete,2026-03-17 00:00,2026-03-17 00:00,2026-03-17 00:00,0.0,0.0,0.0,2026-03-17 00:00,2026-03-17 00:00,0.0,0,YES
E-SUB-B04-WT-1010,Submittal for RC Raft Conc. Dim. DWGs (B04) (Water Tank),ROYA-BIG PROJECT PHASE01 (B1-4) > Engineering > Shop Drawing > Submittal > Part 01 > B04 > Substructre > Basement 2 > Water Tank,TK_Complete,2026-03-17 00:00,2026-03-17 00:00,2026-03-17 00:00,0.0,0.0,0.0,2026-03-17 00:00,2026-03-17 00:00,0.0,0,YES
E-SUB-B04-WT-1030,Submittal for Col. & Walls DWGs (B04) (Water Tank),ROYA-BIG PROJECT PHASE01 (B1-4) > Engineering > Shop Drawing > Submittal > Part 01 > B04 > Substructre > Basement 2 > Water Tank,TK_Complete,2026-03-17 00:00,2026-03-17 00:00,2026-03-17 00:00,0.0,0.0,0.0,2026-03-17 00:00,2026-03-17 00:00,0.0,0,YES
E-SUB-B04-WT-1040,Submittal for Slabs DWGs (B04) (Water Tank),ROYA-BIG PROJECT PHASE01 (B1-4) > Engineering > Shop Drawing > Submittal > Part 01 > B04 > Substructre > Basement 2 > Water Tank,TK_Complete,2026-03-17 00:00,2026-03-17 00:00,2026-03-17 00:00,0.0,0.0,0.0,2026-03-17 00:00,2026-03-17 00:00,0.0,0,YES
E-SUB-B04-SOG-1000,Submittal for S.O.G Conc. Dim. DWGs (B04) (Sog),ROYA-BIG PROJECT PHASE01 (B1-4) > Engineering > Shop Drawing > Submittal > Part 01 > B04 > Substructre > Basement 2 > S.O.G,TK_NotStart,2026-03-17 00:00,2026-03-25 08:00,2026-04-15 16:00,18.0,18.0,0.0,2026-03-25 08:00,2026-04-12 08:00,0.0,0,YES
E-SUB-B04-SOG-1010,Submittal for S.O.G RFT DWGs (B04) (Sog),ROYA-BIG PROJECT PHASE01 (B1-4) > Engineering > Shop Drawing > Submittal > Part 01 > B04 > Substructre > Basement 2 > S.O.G,TK_NotStart,2026-03-17 00:00,2026-03-29 08:00,2026-04-19 16:00,18.0,18.0,0.0,2026-03-29 08:00,2026-04-16 08:00,0.0,0,YES
E-SUB-B04-WT-1020,Submittal for RC Raft RFT DWGs (B04) (Water Tank),ROYA-BIG PROJECT PHASE01 (B1-4) > Engineering > Shop Drawing > Submittal > Part 01 > B04 > Substructre > Basement 2 > Water Tank,TK_Complete,2026-03-17 00:00,2026-03-17 00:00,2026-03-17 00:00,0.0,0.0,0.0,2026-03-17 00:00,2026-03-17 00:00,0.0,0,YES
E-SUB-B03-SOG-1000,Submittal for S.O.G Conc. Dim. DWGs (B03) (Sog),ROYA-BIG PROJECT PHASE01 (B1-4) > Engineering > Shop Drawing > Submittal > Part 01 > B03 > Substructre > Basement 2 > S.O.G,TK_NotStart,2026-03-17 00:00,2026-03-21 08:00,2026-04-09 16:00,18.0,18.0,0.0,2026-03-21 08:00,2026-04-08 08:00,0.0,0,YES
E-SUB-B03-SOG-1010,Submittal for S.O.G RFT DWGs (B03) (Sog),ROYA-BIG PROJECT PHASE01 (B1-4) > Engineering > Shop Drawing > Submittal > Part 01 > B03 > Substructre > Basement 2 > S.O.G,TK_NotStart,2026-03-17 00:00,2026-03-24 08:00,2026-04-14 16:00,18.0,18.0,0.0,2026-03-24 08:00,2026-04-11 08:00,0.0,0,YES
E-SUB-B01-SOG-1000,Submittal for S.O.G Conc. Dim. DWGs (B01) (Sog),ROYA-BIG PROJECT PHASE01 (B1-4) > Engineering > Shop Drawing > Submittal > Part 02 > B01 > Substructre > Basement 2 > S.O.G,TK_Complete,2026-03-17 00:00,2026-03-17 00:00,2026-03-17 00:00,0.0,0.0,0.0,2026-03-17 00:00,2026-03-17 00:00,0.0,0,YES
E-SUB-B01-SOG-1010,Submittal for S.O.G RFT DWGs (B01) (Sog),ROYA-BIG PROJECT PHASE01 (B1-4) > Engineering > Shop Drawing > Submittal > Part 02 > B01 > Substructre > Basement 2 > S.O.G,TK_Complete,2026-03-17 00:00,2026-03-17 00:00,2026-03-17 00:00,0.0,0.0,0.0,2026-03-17 00:00,2026-03-17 00:00,0.0,0,YES
E-SUB-B02-SOG-1000,Submittal for S.O.G Conc. Dim. DWGs (B02) (Sog),ROYA-BIG PROJECT PHASE01 (B1-4) > Engineering > Shop Drawing > Submittal > Part 02 > B02 > Substructre > Basement 2 > S.O.G,TK_NotStart,2026-03-17 00:00,2026-03-21 08:00,2026-04-09 16:00,18.0,18.0,0.0,2026-03-21 08:00,2026-04-08 08:00,0.0,0,YES
E-SUB-B02-SOG-1010,Submittal for S.O.G RFT DWGs (B02) (Sog),ROYA-BIG PROJECT PHASE01 (B1-4) > Engineering > Shop Drawing > Submittal > Part 02 > B02 > Substructre > Basement 2 > S.O.G,TK_NotStart,2026-03-17 00:00,2026-03-24 08:00,2026-04-14 16:00,18.0,18.0,0.0,2026-03-24 08:00,2026-04-11 08:00,0.0,0,YES
E-APP-B01-SOG-1000,Approval for S.O.G Conc. Dim.DWGs (B01) (Sog),ROYA-BIG PROJECT PHASE01 (B1-4) > Engineering > Shop Drawing > Approval > Part 02 > B01 > Substructre > Basement 2 > S.O.G,TK_NotStart,2026-03-17 00:00,2026-03-21 08:00,2026-03-31 16:00,10.0,10.0,0.0,2026-03-21 08:00,2026-03-31 08:00,0.0,0,YES
E-APP-B01-SOG-1010,Approval for S.O.G RFT DWGs (B01) (Sog),ROYA-BIG PROJECT PHASE01 (B1-4) > Engineering > Shop Drawing > Approval > Part 02 > B01 > Substructre > Basement 2 > S.O.G,TK_NotStart,2026-03-17 00:00,2026-03-21 08:00,2026-03-31 16:00,10.0,10.0,0.0,2026-03-21 08:00,2026-03-31 08:00,0.0,0,YES
E-APP-B02-SOG-1000,Approval for S.O.G Conc. Dim. DWGs (B02) (Sog),ROYA-BIG PROJECT PHASE01 (B1-4) > Engineering > Shop Drawing > Approval > Part 02 > B02 > Substructre > Basement 2 > S.O.G,TK_NotStart,2026-03-17 00:00,2026-04-11 08:00,2026-04-22 16:00,10.0,10.0,0.0,2026-04-11 08:00,2026-04-21 08:00,0.0,0,YES
E-APP-B02-SOG-1010,Approval for S.O.G RFT DWGs (B02) (Sog),ROYA-BIG PROJECT PHASE01 (B1-4) > Engineering > Shop Drawing > Approval > Part 02 > B02 > Substructre > Basement 2 > S.O.G,TK_NotStart,2026-03-17 00:00,2026-04-15 08:00,2026-04-26 16:00,10.0,10.0,0.0,2026-04-15 08:00,2026-04-25 08:00,0.0,0,YES
E-APP-B03-SOG-1000,Approval for S.O.G Conc. Dim. DWGs  (B03) (Sog),ROYA-BIG PROJECT PHASE01 (B1-4) > Engineering > Shop Drawing > Approval > Part 01 > B03 > Substructre > Basement 2 > S.O.G,TK_NotStart,2026-03-17 00:00,2026-04-11 08:00,2026-04-22 16:00,10.0,10.0,0.0,2026-04-11 08:00,2026-04-21 08:00,0.0,0,YES
E-APP-B03-SOG-1010,Approval for S.O.G RFT DWGs  (B03) (Sog),ROYA-BIG PROJECT PHASE01 (B1-4) > Engineering > Shop Drawing > Approval > Part 01 > B03 > Substructre > Basement 2 > S.O.G,TK_NotStart,2026-03-17 00:00,2026-04-15 08:00,2026-04-26 16:00,10.0,10.0,0.0,2026-04-15 08:00,2026-04-25 08:00,0.0,0,YES
E-APP-B04-SOG-1000,Approval for S.O.G Conc. Dim. DWGs (B04) (Sog),ROYA-BIG PROJECT PHASE01 (B1-4) > Engineering > Shop Drawing > Approval > Part 01 > B04 > Substructre > Basement 2 > S.O.G,TK_NotStart,2026-03-17 00:00,2026-04-04 08:00,2026-04-15 16:00,10.0,10.0,0.0,2026-04-04 08:00,2026-04-14 08:00,0.0,0,YES
E-APP-B04-SOG-1010,Approval for S.O.G RFT DWGs (B04) (Sog),ROYA-BIG PROJECT PHASE01 (B1-4) > Engineering > Shop Drawing > Approval > Part 01 > B04 > Substructre > Basement 2 > S.O.G,TK_NotStart,2026-03-17 00:00,2026-04-07 08:00,2026-04-19 16:00,10.0,10.0,0.0,2026-04-07 08:00,2026-04-17 08:00,0.0,0,YES
E-APP-B04-WT-1000,Approval for PC Raft Conc. Dim. DWGs (B04) (Water Tank),ROYA-BIG PROJECT PHASE01 (B1-4) > Engineering > Shop Drawing > Approval > Part 01 > B04 > Substructre > Basement 2 > Water Tank,TK_Complete,2026-03-17 00:00,2026-03-17 00:00,2026-03-17 00:00,0.0,0.0,0.0,2026-03-17 00:00,2026-03-17 00:00,0.0,0,YES
E-APP-B04-WT-1010,Approval for RC Raft Conc. Dim. DWGs (B04) (Water Tank),ROYA-BIG PROJECT PHASE01 (B1-4) > Engineering > Shop Drawing > Approval > Part 01 > B04 > Substructre > Basement 2 > Water Tank,TK_Complete,2026-03-17 00:00,2026-03-17 00:00,2026-03-17 00:00,0.0,0.0,0.0,2026-03-17 00:00,2026-03-17 00:00,0.0,0,YES
E-APP-B04-WT-1030,Approval for Col. & Walls DWGs (B04) (Water Tank),ROYA-BIG PROJECT PHASE01 (B1-4) > Engineering > Shop Drawing > Approval > Part 01 > B04 > Substructre > Basement 2 > Water Tank,TK_Complete,2026-03-17 00:00,2026-03-17 00:00,2026-03-17 00:00,0.0,0.0,0.0,2026-03-17 00:00,2026-03-17 00:00,0.0,0,YES
E-APP-B04-WT-1040,Approval for Slabs DWGs (B04) (Water Tank),ROYA-BIG PROJECT PHASE01 (B1-4) > Engineering > Shop Drawing > Approval > Part 01 > B04 > Substructre > Basement 2 > Water Tank,TK_Complete,2026-03-17 00:00,2026-03-17 00:00,2026-03-17 00:00,0.0,0.0,0.0,2026-03-17 00:00,2026-03-17 00:00,0.0,0,YES
E-APP-B04-WT-1020,Approval for RC Raft RFT DWGs (B04) (Water Tank),ROYA-BIG PROJECT PHASE01 (B1-4) > Engineering > Shop Drawing > Approval > Part 01 > B04 > Substructre > Basement 2 > Water Tank,TK_Complete,2026-03-17 00:00,2026-03-17 00:00,2026-03-17 00:00,0.0,0.0,0.0,2026-03-17 00:00,2026-03-17 00:00,0.0,0,YES
CON-EW-B02-1000,Soil Replacement & Leveling & Compaction (B02),ROYA-BIG PROJECT PHASE01 (B1-4) > Construction > Earth Works > B02,TK_Complete,2026-03-17 00:00,2026-03-17 00:00,2026-03-17 00:00,0.0,0.0,0.0,2026-03-17 00:00,2026-03-17 00:00,0.0,1,YES
CON-EW-B02-1010,Soil Compaction Test (B02),ROYA-BIG PROJECT PHASE01 (B1-4) > Construction > Earth Works > B02,TK_Complete,2026-03-17 00:00,2026-03-17 00:00,2026-03-17 00:00,0.0,0.0,0.0,2026-03-17 00:00,2026-03-17 00:00,0.0,1,YES
CON-EW-B03-1000,Soil Replacement & Leveling & Compaction (B03),ROYA-BIG PROJECT PHASE01 (B1-4) > Construction > Earth Works > B03,TK_Complete,2026-03-17 00:00,2026-03-17 00:00,2026-03-17 00:00,0.0,0.0,0.0,2026-03-17 00:00,2026-03-17 00:00,0.0,1,YES
CON-EW-B03-1010,Soil Compaction Test (B03),ROYA-BIG PROJECT PHASE01 (B1-4) > Construction > Earth Works > B03,TK_Complete,2026-03-17 00:00,2026-03-17 00:00,2026-03-17 00:00,0.0,0.0,0.0,2026-03-17 00:00,2026-03-17 00:00,0.0,1,YES
CON-EW-B04-1000,Soil Replacement & Leveling & Compaction (B04),ROYA-BIG PROJECT PHASE01 (B1-4) > Construction > Earth Works > B04,TK_Complete,2026-03-17 00:00,2026-03-17 00:00,2026-03-17 00:00,0.0,0.0,0.0,2026-03-17 00:00,2026-03-17 00:00,0.0,1,YES
CON-EW-B04-1010,Soil Compaction Test (B04),ROYA-BIG PROJECT PHASE01 (B1-4) > Construction > Earth Works > B04,TK_Complete,2026-03-17 00:00,2026-03-17 00:00,2026-03-17 00:00,0.0,0.0,0.0,2026-03-17 00:00,2026-03-17 00:00,0.0,1,YES
CON-B04-WT-1210,Backfilling works (B04) (Water Tank),ROYA-BIG PROJECT PHASE01 (B1-4) > Construction > Part 01 > B04 > Substructure > Basement 2 > Water Tank,TK_NotStart,2026-03-17 00:00,2026-04-20 08:00,2026-04-22 16:00,3.0,3.0,0.0,2026-04-20 08:00,2026-04-23 08:00,0.0,1,YES
HO-1000,Demobilization,ROYA-BIG PROJECT PHASE01 (B1-4) > Handover > Handover Works,TK_NotStart,2026-03-17 00:00,2027-09-19 08:00,2027-09-20 16:00,2.0,2.0,0.0,2027-09-01 08:00,2027-09-03 08:00,-18.0,0,YES
CON-B01-GR-1040,Shuttering for Slabs & Beams (B01) (GR),ROYA-BIG PROJECT PHASE01 (B1-4) > Construction > Part 02 > B01 > Superstructure > GR Floor,TK_NotStart,2026-03-17 00:00,2026-09-28 08:00,2026-10-07 16:00,8.0,6.0,-2.0,2026-09-18 20:00,2026-09-24 20:00,-9.5,1,YES
E-DR-1000,Design Review,ROYA-BIG PROJECT PHASE01 (B1-4) > Engineering > Design Reviewing,TK_Complete,2026-03-17 00:00,2026-03-17 00:00,2026-03-17 00:00,0.0,0.0,0.0,2026-03-17 00:00,2026-03-17 00:00,0.0,0,YES
P-MS-1020,Submittal for Soil Replacement,ROYA-BIG PROJECT PHASE01 (B1-4) > Procurement > Material Submittal > Sample Submittal,TK_Complete,2026-03-17 00:00,2026-03-17 00:00,2026-03-17 00:00,0.0,0.0,0.0,2026-03-17 00:00,2026-03-17 00:00,0.0,0,YES
P-MS-1010,Submittal for Plain Concrete,ROYA-BIG PROJECT PHASE01 (B1-4) > Procurement > Material Submittal > Sample Submittal,TK_Complete,2026-03-17 00:00,2026-03-17 00:00,2026-03-17 00:00,0.0,0.0,0.0,2026-03-17 00:00,2026-03-17 00:00,0.0,0,YES
P-MS-1030,Submittal for Rc Concrete,ROYA-BIG PROJECT PHASE01 (B1-4) > Procurement > Material Submittal > Sample Submittal,TK_Complete,2026-03-17 00:00,2026-03-17 00:00,2026-03-17 00:00,0.0,0.0,0.0,2026-03-17 00:00,2026-03-17 00:00,0.0,0,YES
P-MS-1040,Submittal for Waterproofing,ROYA-BIG PROJECT PHASE01 (B1-4) > Procurement > Material Submittal > Sample Submittal,TK_Complete,2026-03-17 00:00,2026-03-17 00:00,2026-03-17 00:00,0.0,0.0,0.0,2026-03-17 00:00,2026-03-17 00:00,0.0,0,YES
P-MS-1050,Submittal for cold applied damp-proofing,ROYA-BIG PROJECT PHASE01 (B1-4) > Procurement > Material Submittal > Sample Submittal,TK_Complete,2026-03-17 00:00,2026-03-17 00:00,2026-03-17 00:00,0.0,0.0,0.0,2026-03-17 00:00,2026-03-17 00:00,0.0,0,YES
P-MA-1010,Approval for Soil Replacement,ROYA-BIG PROJECT PHASE01 (B1-4) > Procurement > Material Submittal > Sample Approval,TK_Complete,2026-03-17 00:00,2026-03-17 00:00,2026-03-17 00:00,0.0,0.0,0.0,2026-03-17 00:00,2026-03-17 00:00,0.0,0,YES
P-MA-1020,Approval for Plain Concrete,ROYA-BIG PROJECT PHASE01 (B1-4) > Procurement > Material Submittal > Sample Approval,TK_Complete,2026-03-17 00:00,2026-03-17 00:00,2026-03-17 00:00,0.0,0.0,0.0,2026-03-17 00:00,2026-03-17 00:00,0.0,0,YES
P-MA-1030,Approval for Rc Concrete,ROYA-BIG PROJECT PHASE01 (B1-4) > Procurement > Material Submittal > Sample Approval,TK_Complete,2026-03-17 00:00,2026-03-17 00:00,2026-03-17 00:00,0.0,0.0,0.0,2026-03-17 00:00,2026-03-17 00:00,0.0,0,YES
P-MA-1040,Approval for Waterproofing,ROYA-BIG PROJECT PHASE01 (B1-4) > Procurement > Material Submittal > Sample Approval,TK_Complete,2026-03-17 00:00,2026-03-17 00:00,2026-03-17 00:00,0.0,0.0,0.0,2026-03-17 00:00,2026-03-17 00:00,0.0,0,YES
P-MA-1050,Approval for cold applied damp-proofing,ROYA-BIG PROJECT PHASE01 (B1-4) > Procurement > Material Submittal > Sample Approval,TK_Complete,2026-03-17 00:00,2026-03-17 00:00,2026-03-17 00:00,0.0,0.0,0.0,2026-03-17 00:00,2026-03-17 00:00,0.0,0,YES
P-MPOS-1010,P.O for  Soil Replacement,ROYA-BIG PROJECT PHASE01 (B1-4) > Procurement > Procurement Cycle > Create POs,TK_Complete,2026-03-17 00:00,2026-03-17 00:00,2026-03-17 00:00,0.0,0.0,0.0,2026-03-17 00:00,2026-03-17 00:00,0.0,0,YES
P-MPOS-1020,P.O for  Plain Concrete,ROYA-BIG PROJECT PHASE01 (B1-4) > Procurement > Procurement Cycle > Create POs,TK_Complete,2026-03-17 00:00,2026-03-17 00:00,2026-03-17 00:00,0.0,0.0,0.0,2026-03-17 00:00,2026-03-17 00:00,0.0,0,YES
P-MPOS-1030,P.O for  Rc Concrete,ROYA-BIG PROJECT PHASE01 (B1-4) > Procurement > Procurement Cycle > Create POs,TK_Complete,2026-03-17 00:00,2026-03-17 00:00,2026-03-17 00:00,0.0,0.0,0.0,2026-03-17 00:00,2026-03-17 00:00,0.0,0,YES
P-MPOS-1040,P.O for  Waterproofing,ROYA-BIG PROJECT PHASE01 (B1-4) > Procurement > Procurement Cycle > Create POs,TK_Complete,2026-03-17 00:00,2026-03-17 00:00,2026-03-17 00:00,0.0,0.0,0.0,2026-03-17 00:00,2026-03-17 00:00,0.0,0,YES
P-MPOS-1050,P.O for cold applied damp-proofing,ROYA-BIG PROJECT PHASE01 (B1-4) > Procurement > Procurement Cycle > Create POs,TK_Complete,2026-03-17 00:00,2026-03-17 00:00,2026-03-17 00:00,0.0,0.0,0.0,2026-03-17 00:00,2026-03-17 00:00,0.0,0,YES
P-MDEL-1010,Delivery for Soil Replacement,ROYA-BIG PROJECT PHASE01 (B1-4) > Procurement > Procurement Cycle > Delivery to Site,TK_Complete,2026-03-17 00:00,2026-03-17 00:00,2026-03-17 00:00,0.0,0.0,0.0,2026-03-17 00:00,2026-03-17 00:00,0.0,1,YES
P-MDEL-1020,Delivery for Plain Concrete,ROYA-BIG PROJECT PHASE01 (B1-4) > Procurement > Procurement Cycle > Delivery to Site,TK_Complete,2026-03-17 00:00,2026-03-17 00:00,2026-03-17 00:00,0.0,0.0,0.0,2026-03-17 00:00,2026-03-17 00:00,0.0,1,YES
P-MDEL-1030,Delivery for Rc Concrete,ROYA-BIG PROJECT PHASE01 (B1-4) > Procurement > Procurement Cycle > Delivery to Site,TK_Complete,2026-03-17 00:00,2026-03-17 00:00,2026-03-17 00:00,0.0,0.0,0.0,2026-03-17 00:00,2026-03-17 00:00,0.0,1,YES
P-MDEL-1040,Delivery for Waterproofing,ROYA-BIG PROJECT PHASE01 (B1-4) > Procurement > Procurement Cycle > Delivery to Site,TK_Complete,2026-03-17 00:00,2026-03-17 00:00,2026-03-17 00:00,0.0,0.0,0.0,2026-03-17 00:00,2026-03-17 00:00,0.0,1,YES
P-MDEL-1050,Delivery for cold applied damp-proofing,ROYA-BIG PROJECT PHASE01 (B1-4) > Procurement > Procurement Cycle > Delivery to Site,TK_NotStart,2026-03-17 00:00,2026-03-17 08:00,2026-05-04 16:00,49.0,49.0,0.0,2026-03-17 08:00,2026-05-05 08:00,0.0,1,YES
CON-B01-BAS02-1060,Shuttering for  Ramps (B01) (Bas 02),ROYA-BIG PROJECT PHASE01 (B1-4) > Construction > Part 02 > B01 > Substructure > Basement 2,TK_NotStart,2026-03-17 00:00,2026-04-22 08:00,2026-05-03 16:00,10.0,10.0,0.0,2026-04-22 08:00,2026-05-02 08:00,0.0,1,YES
CON-B01-BAS01-1070,Shuttering for  Ramps (B01) (Bas 01),ROYA-BIG PROJECT PHASE01 (B1-4) > Construction > Part 02 > B01 > Substructure > Basement 1,TK_NotStart,2026-03-17 00:00,2026-08-24 08:00,2026-09-02 16:00,8.0,8.0,0.0,2026-08-12 14:00,2026-08-20 14:00,-11.75,1,YES
CON-B04-BAS02-1070,Shuttering for  Ramps (B04) (Bas 02),ROYA-BIG PROJECT PHASE01 (B1-4) > Construction > Part 01 > B04 > Substructure > Basement 2,TK_NotStart,2026-03-17 00:00,2026-04-22 13:36,2026-04-29 13:36,6.0,6.0,0.0,2026-04-22 13:36,2026-04-28 13:36,0.0,1,YES
CON-B04-BAS01-1050,Shuttering for Ramps (B04) (Bas 01),ROYA-BIG PROJECT PHASE01 (B1-4) > Construction > Part 01 > B04 > Substructure > Basement 1,TK_NotStart,2026-03-17 00:00,2026-06-01 08:00,2026-06-08 16:00,7.0,7.0,0.0,2026-06-01 08:00,2026-06-08 08:00,0.0,1,YES
CON-B01-BAS02-1090,RFT for Ramps (B01) (Bas 02),ROYA-BIG PROJECT PHASE01 (B1-4) > Construction > Part 02 > B01 > Substructure > Basement 2,TK_NotStart,2026-03-17 00:00,2026-04-25 08:00,2026-05-03 16:00,8.0,8.0,0.0,2026-04-25 08:00,2026-05-03 08:00,0.0,1,YES
CON-B01-BAS01-1090,RFT for  Ramps (B01) (Bas 01),ROYA-BIG PROJECT PHASE01 (B1-4) > Construction > Part 02 > B01 > Substructure > Basement 1,TK_NotStart,2026-03-17 00:00,2026-08-26 08:00,2026-09-05 16:00,8.0,8.0,0.0,2026-08-14 14:00,2026-08-22 14:00,-11.75,1,YES
CON-B04-BAS02-1090,RFT for Ramps (B04) (Bas 02),ROYA-BIG PROJECT PHASE01 (B1-4) > Construction > Part 01 > B04 > Substructure > Basement 2,TK_NotStart,2026-03-17 00:00,2026-04-25 13:36,2026-04-30 13:36,5.0,5.0,0.0,2026-04-25 13:36,2026-04-30 13:36,0.0,1,YES
CON-B04-BAS01-1080,RFT for  Ramps (B04) (Bas 01),ROYA-BIG PROJECT PHASE01 (B1-4) > Construction > Part 01 > B04 > Substructure > Basement 1,TK_NotStart,2026-03-17 00:00,2026-06-07 08:00,2026-06-14 16:00,7.0,7.0,0.0,2026-06-07 08:00,2026-06-14 08:00,0.0,1,YES
CON-B04-BAS02-1110,Pouring for Ramps (B04) (Bas 02),ROYA-BIG PROJECT PHASE01 (B1-4) > Construction > Part 01 > B04 > Substructure > Basement 2,TK_NotStart,2026-03-17 00:00,2026-04-30 13:36,2026-05-03 13:36,2.0,2.0,0.0,2026-04-30 13:36,2026-05-02 13:36,0.0,1,YES
CON-B04-BAS01-1110,Pouring for  Ramps (B04) (Bas 01),ROYA-BIG PROJECT PHASE01 (B1-4) > Construction > Part 01 > B04 > Substructure > Basement 1,TK_NotStart,2026-03-17 00:00,2026-06-15 08:00,2026-06-16 16:00,2.0,2.0,0.0,2026-06-15 08:00,2026-06-17 08:00,0.0,1,YES
CON-B01-BAS02-1110,Pouring for  Ramps (B01) (Bas 02),ROYA-BIG PROJECT PHASE01 (B1-4) > Construction > Part 02 > B01 > Substructure > Basement 2,TK_NotStart,2026-03-17 00:00,2026-05-04 08:00,2026-05-05 16:00,2.0,2.0,0.0,2026-05-04 08:00,2026-05-06 08:00,0.0,1,YES
CON-B01-BAS01-1130,Pouring for  Ramps (B01) (Bas 01),ROYA-BIG PROJECT PHASE01 (B1-4) > Construction > Part 02 > B01 > Substructure > Basement 1,TK_NotStart,2026-03-17 00:00,2026-09-06 08:00,2026-09-07 16:00,2.0,2.0,0.0,2026-08-25 14:00,2026-08-27 14:00,-11.75,1,YES
P-MS-1060,Submittal for cold Crystalline waterproofing for Water tank,ROYA-BIG PROJECT PHASE01 (B1-4) > Procurement > Material Submittal > Sample Submittal,TK_Complete,2026-03-17 00:00,2026-03-17 00:00,2026-03-17 00:00,0.0,0.0,0.0,2026-03-17 00:00,2026-03-17 00:00,0.0,0,YES
P-MA-1060,Approval for cold Crystalline waterproofing for Water tank,ROYA-BIG PROJECT PHASE01 (B1-4) > Procurement > Material Submittal > Sample Approval,TK_Complete,2026-03-17 00:00,2026-03-17 00:00,2026-03-17 00:00,0.0,0.0,0.0,2026-03-17 00:00,2026-03-17 00:00,0.0,0,YES
P-MPOS-1060,P.O for cold Crystalline waterproofing for Water tank,ROYA-BIG PROJECT PHASE01 (B1-4) > Procurement > Procurement Cycle > Create POs,TK_NotStart,2026-03-17 00:00,2026-03-21 08:00,2026-03-22 16:00,2.0,2.0,0.0,2026-03-21 08:00,2026-03-23 08:00,0.0,0,YES
P-MDEL-1060,Delivery for cold Crystalline waterproofing for Water tank,ROYA-BIG PROJECT PHASE01 (B1-4) > Procurement > Procurement Cycle > Delivery to Site,TK_NotStart,2026-03-17 00:00,2026-04-28 08:00,2026-07-03 16:00,67.0,67.0,0.0,2026-04-28 08:00,2026-07-04 08:00,0.0,1,YES
E-SUB-B01-REP-1000,Submittal for General Replacement Plan & Typical Sections for Replacement / Backfilling DWGs  (B01),ROYA-BIG PROJECT PHASE01 (B1-4) > Engineering > Shop Drawing > Submittal > Part 02 > B01 > Substructre > Replacement,TK_Complete,2026-03-17 00:00,2026-03-17 00:00,2026-03-17 00:00,0.0,0.0,0.0,2026-03-17 00:00,2026-03-17 00:00,0.0,0,YES
E-SUB-B02-REP-1000,Submittal for General Replacement Plan & Typical Sections for Replacement / Backfilling DWGs (B02),ROYA-BIG PROJECT PHASE01 (B1-4) > Engineering > Shop Drawing > Submittal > Part 02 > B02 > Substructre > Replacement,TK_Complete,2026-03-17 00:00,2026-03-17 00:00,2026-03-17 00:00,0.0,0.0,0.0,2026-03-17 00:00,2026-03-17 00:00,0.0,0,YES
E-SUB-B03-REP-1000,Submittal for General Replacement Plan & Typical Sections for Replacement / Backfilling DWGs (B03),ROYA-BIG PROJECT PHASE01 (B1-4) > Engineering > Shop Drawing > Submittal > Part 01 > B03 > Substructre > Replacement,TK_Complete,2026-03-17 00:00,2026-03-17 00:00,2026-03-17 00:00,0.0,0.0,0.0,2026-03-17 00:00,2026-03-17 00:00,0.0,0,YES
E-SUB-B04-REP-1000,Submittal for General Replacement Plan & Typical Sections for Replacement / Backfilling DWGs (B04),ROYA-BIG PROJECT PHASE01 (B1-4) > Engineering > Shop Drawing > Submittal > Part 01 > B04 > Substructre > Replacement,TK_Complete,2026-03-17 00:00,2026-03-17 00:00,2026-03-17 00:00,0.0,0.0,0.0,2026-03-17 00:00,2026-03-17 00:00,0.0,0,YES
E-APP-B01-REP-1000,Approval for General Replacement Plan & Typical Sections for Replacement / Backfilling DWGs (B01),ROYA-BIG PROJECT PHASE01 (B1-4) > Engineering > Shop Drawing > Approval > Part 02 > B01 > Substructre > Replacement,TK_Complete,2026-03-17 00:00,2026-03-17 00:00,2026-03-17 00:00,0.0,0.0,0.0,2026-03-17 00:00,2026-03-17 00:00,0.0,0,YES
E-APP-B02-REP-1000,Approval for General Replacement Plan & Typical Sections for Replacement / Backfilling DWGs (B02),ROYA-BIG PROJECT PHASE01 (B1-4) > Engineering > Shop Drawing > Approval > Part 02 > B02 > Substructre > Replacement,TK_Complete,2026-03-17 00:00,2026-03-17 00:00,2026-03-17 00:00,0.0,0.0,0.0,2026-03-17 00:00,2026-03-17 00:00,0.0,0,YES
E-APP-B03-REP-1000,Approval for General Replacement Plan & Typical Sections for Replacement / Backfilling DWGs (B03),ROYA-BIG PROJECT PHASE01 (B1-4) > Engineering > Shop Drawing > Approval > Part 01 > B03 > Substructre > Replacement,TK_Complete,2026-03-17 00:00,2026-03-17 00:00,2026-03-17 00:00,0.0,0.0,0.0,2026-03-17 00:00,2026-03-17 00:00,0.0,0,YES
E-APP-B04-REP-1000,Approval for General Replacement Plan & Typical Sections for Replacement / Backfilling DWGs (B04),ROYA-BIG PROJECT PHASE01 (B1-4) > Engineering > Shop Drawing > Approval > Part 01 > B04 > Substructre > Replacement,TK_Complete,2026-03-17 00:00,2026-03-17 00:00,2026-03-17 00:00,0.0,0.0,0.0,2026-03-17 00:00,2026-03-17 00:00,0.0,0,YES
E-SUB-B01-FOOT-1030,Submittal for  Waterproofing Layout Plan (B01),ROYA-BIG PROJECT PHASE01 (B1-4) > Engineering > Shop Drawing > Submittal > Part 02 > B01 > Substructre > Footing,TK_Complete,2026-03-17 00:00,2026-03-17 00:00,2026-03-17 00:00,0.0,0.0,0.0,2026-03-17 00:00,2026-03-17 00:00,0.0,0,YES
E-SUB-B02-FOOT-1030,Submittal for  Waterproofing Layout Plan (B02),ROYA-BIG PROJECT PHASE01 (B1-4) > Engineering > Shop Drawing > Submittal > Part 02 > B02 > Substructre > Footing,TK_Complete,2026-03-17 00:00,2026-03-17 00:00,2026-03-17 00:00,0.0,0.0,0.0,2026-03-17 00:00,2026-03-17 00:00,0.0,0,YES
E-SUB-B03-FOOT-1000,Submittal for  Waterproofing Layout Plan (B03),ROYA-BIG PROJECT PHASE01 (B1-4) > Engineering > Shop Drawing > Submittal > Part 01 > B03 > Substructre > Footing,TK_Complete,2026-03-17 00:00,2026-03-17 00:00,2026-03-17 00:00,0.0,0.0,0.0,2026-03-17 00:00,2026-03-17 00:00,0.0,0,YES
E-SUB-B04-FOOT-1000,Submittal for  Waterproofing Layout Plan (B04),ROYA-BIG PROJECT PHASE01 (B1-4) > Engineering > Shop Drawing > Submittal > Part 01 > B04 > Substructre > Footing,TK_Complete,2026-03-17 00:00,2026-03-17 00:00,2026-03-17 00:00,0.0,0.0,0.0,2026-03-17 00:00,2026-03-17 00:00,0.0,0,YES
E-APP-B03-FOOT-1000,Approval for  Waterproofing Layout Plan (B03),ROYA-BIG PROJECT PHASE01 (B1-4) > Engineering > Shop Drawing > Approval > Part 01 > B03 > Substructre > Footing,TK_Complete,2026-03-17 00:00,2026-03-17 00:00,2026-03-17 00:00,0.0,0.0,0.0,2026-03-17 00:00,2026-03-17 00:00,0.0,0,YES
E-APP-B04-FOOT-1000,Approval for  Waterproofing Layout Plan (B04),ROYA-BIG PROJECT PHASE01 (B1-4) > Engineering > Shop Drawing > Approval > Part 01 > B04 > Substructre > Footing,TK_Complete,2026-03-17 00:00,2026-03-17 00:00,2026-03-17 00:00,0.0,0.0,0.0,2026-03-17 00:00,2026-03-17 00:00,0.0,0,YES
E-APP-B01-FOOT-1030,Approval for  Waterproofing Layout Plan (B01),ROYA-BIG PROJECT PHASE01 (B1-4) > Engineering > Shop Drawing > Approval > Part 02 > B01 > Substructre > Footing,TK_Complete,2026-03-17 00:00,2026-03-17 00:00,2026-03-17 00:00,0.0,0.0,0.0,2026-03-17 00:00,2026-03-17 00:00,0.0,0,YES
E-APP-B02-FOOT-1030,Approval for  Waterproofing Layout Plan (B02),ROYA-BIG PROJECT PHASE01 (B1-4) > Engineering > Shop Drawing > Approval > Part 02 > B02 > Substructre > Footing,TK_Complete,2026-03-17 00:00,2026-03-17 00:00,2026-03-17 00:00,0.0,0.0,0.0,2026-03-17 00:00,2026-03-17 00:00,0.0,0,YES
AB-SUB-B01-FOOT-1000,Submittal for PC Raft Conc. Dim. DWGs As-Built Drawing (B01) (footing),ROYA-BIG PROJECT PHASE01 (B1-4) > Handover > As-built > Submittal > Part 02 > B01 > Substructre > Footing,TK_NotStart,2026-03-17 00:00,2026-03-21 08:00,2026-04-09 16:00,18.0,18.0,0.0,2026-03-21 08:00,2026-04-08 08:00,0.0,0,YES
AB-SUB-B01-FOOT-1020,Submittal for RC Raft & Footings Conc. Dim. DWGs As-Built Drawing (B01) (footing),ROYA-BIG PROJECT PHASE01 (B1-4) > Handover > As-built > Submittal > Part 02 > B01 > Substructre > Footing,TK_NotStart,2026-03-17 00:00,2026-03-21 14:24,2026-04-11 14:24,18.0,18.0,0.0,2026-03-21 14:24,2026-04-08 14:24,0.0,0,YES
AB-SUB-B01-FOOT-1030,Submittal for RC Raft & Footings RFT DWGs As-Built Drawing (B01) (footing),ROYA-BIG PROJECT PHASE01 (B1-4) > Handover > As-built > Submittal > Part 02 > B01 > Substructre > Footing,TK_NotStart,2026-03-17 00:00,2026-03-21 14:24,2026-04-11 14:24,18.0,18.0,0.0,2026-03-21 14:24,2026-04-08 14:24,0.0,0,YES
AB-SUB-B02-FOOT-1000,Submittal for PC Raft Conc. Dim. DWGs As-Built Drawing (B02) (footing),ROYA-BIG PROJECT PHASE01 (B1-4) > Handover > As-built > Submittal > Part 02 > B02 > Substructre > Footing,TK_NotStart,2026-03-17 00:00,2026-03-21 08:00,2026-04-09 16:00,18.0,18.0,0.0,2026-03-21 08:00,2026-04-08 08:00,0.0,0,YES
AB-SUB-B02-FOOT-1010,Submittal for RC Raft & Footings Conc. Dim. DWGs As-Built Drawing  (B02) (footing),ROYA-BIG PROJECT PHASE01 (B1-4) > Handover > As-built > Submittal > Part 02 > B02 > Substructre > Footing,TK_NotStart,2026-03-17 00:00,2026-03-21 08:00,2026-04-09 16:00,18.0,18.0,0.0,2026-03-21 08:00,2026-04-08 08:00,0.0,0,YES
AB-SUB-B02-FOOT-1020,Submittal for RC Raft & Footings RFT DWGs As-Built Drawing (B02) (footing),ROYA-BIG PROJECT PHASE01 (B1-4) > Handover > As-built > Submittal > Part 02 > B02 > Substructre > Footing,TK_NotStart,2026-03-17 00:00,2026-03-21 08:00,2026-04-09 16:00,18.0,18.0,0.0,2026-03-21 08:00,2026-04-08 08:00,0.0,0,YES
AB-SUB-B03-FOOT-1000,Submittal for PC Raft Conc. Dim. DWGs As-Built Drawing (B03) (footing),ROYA-BIG PROJECT PHASE01 (B1-4) > Handover > As-built > Submittal > Part 01 > B03 > Substructre > Footing,TK_NotStart,2026-03-17 00:00,2026-03-21 08:00,2026-04-09 16:00,18.0,18.0,0.0,2026-03-21 08:00,2026-04-08 08:00,0.0,0,YES
AB-SUB-B03-FOOT-1010,Submittal for RC Raft & Footings Conc. Dim. DWGs As-Built Drawing (B03) (footing),ROYA-BIG PROJECT PHASE01 (B1-4) > Handover > As-built > Submittal > Part 01 > B03 > Substructre > Footing,TK_NotStart,2026-03-17 00:00,2026-03-21 08:00,2026-04-09 16:00,18.0,18.0,0.0,2026-03-21 08:00,2026-04-08 08:00,0.0,0,YES
AB-SUB-B03-FOOT-1020,Submittal for RC Raft & Footings RFT DWGs As-Built Drawing (B03) (footing),ROYA-BIG PROJECT PHASE01 (B1-4) > Handover > As-built > Submittal > Part 01 > B03 > Substructre > Footing,TK_NotStart,2026-03-17 00:00,2026-03-21 08:00,2026-04-09 16:00,18.0,18.0,0.0,2026-03-21 08:00,2026-04-08 08:00,0.0,0,YES
AB-SUB-B04-FOOT-1000,Submittal for PC Raft Conc. Dim. DWGs As-Built Drawing (B04) (footing),ROYA-BIG PROJECT PHASE01 (B1-4) > Handover > As-built > Submittal > Part 01 > B04 > Substructre > Footing,TK_NotStart,2026-03-17 00:00,2026-03-21 08:00,2026-04-09 16:00,18.0,18.0,0.0,2026-03-21 08:00,2026-04-08 08:00,0.0,0,YES
AB-SUB-B04-FOOT-1010,Submittal for RC Raft & Footings Conc. Dim. DWGs As-Built Drawing (B04) (footing),ROYA-BIG PROJECT PHASE01 (B1-4) > Handover > As-built > Submittal > Part 01 > B04 > Substructre > Footing,TK_NotStart,2026-03-17 00:00,2026-03-23 14:24,2026-04-14 14:24,18.0,18.0,0.0,2026-03-23 14:24,2026-04-10 14:24,0.0,0,YES
AB-SUB-B04-FOOT-1020,Submittal for RC Raft & Footings RFT DWGs As-Built Drawing (B04) (footing),ROYA-BIG PROJECT PHASE01 (B1-4) > Handover > As-built > Submittal > Part 01 > B04 > Substructre > Footing,TK_NotStart,2026-03-17 00:00,2026-03-26 13:36,2026-04-18 13:36,18.0,18.0,0.0,2026-03-26 13:36,2026-04-13 13:36,0.0,0,YES
AB-SUB-B03-BAS2-1000,Submittal for Col. & Walls Conc. Dim.  & RFT DWGs As-Built Drawing (B03) (Bas 02),ROYA-BIG PROJECT PHASE01 (B1-4) > Handover > As-built > Submittal > Part 01 > B03 > Substructre > Basement 2,TK_NotStart,2026-03-17 00:00,2026-04-25 08:00,2026-05-14 16:00,18.0,18.0,0.0,2026-04-25 08:00,2026-05-13 08:00,0.0,0,YES
AB-SUB-B03-BAS2-1020,Submittal for Slabs Conc. Dim.  & RFT DWGs As-Built Drawing (B03) (Bas 02),ROYA-BIG PROJECT PHASE01 (B1-4) > Handover > As-built > Submittal > Part 01 > B03 > Substructre > Basement 2,TK_NotStart,2026-03-17 00:00,2026-05-16 08:00,2026-06-09 16:00,18.0,18.0,0.0,2026-05-16 08:00,2026-06-03 08:00,0.0,0,YES
AB-SUB-B03-BAS2-1030,Submittal for Beams Conc. Dim.  & RFT DWGs As-Built Drawing (B03) (Bas 02),ROYA-BIG PROJECT PHASE01 (B1-4) > Handover > As-built > Submittal > Part 01 > B03 > Substructre > Basement 2,TK_NotStart,2026-03-17 00:00,2026-05-16 08:00,2026-06-09 16:00,18.0,18.0,0.0,2026-05-16 08:00,2026-06-03 08:00,0.0,0,YES
AB-SUB-B03-BAS2-1010,Submittal for Stairs Conc. Dim.  & RFT DWGs As-Built Drawing (B03) (Bas 02),ROYA-BIG PROJECT PHASE01 (B1-4) > Handover > As-built > Submittal > Part 01 > B03 > Substructre > Basement 2,TK_NotStart,2026-03-17 00:00,2026-05-18 08:00,2026-06-11 16:00,18.0,18.0,0.0,2026-05-18 08:00,2026-06-05 08:00,0.0,0,YES
AB-SUB-B04-BAS2-1000,Submittal for Col. & Walls Conc. Dim.  & RFT DWGs As-Built Drawing (B04) (Bas 02),ROYA-BIG PROJECT PHASE01 (B1-4) > Handover > As-built > Submittal > Part 01 > B04 > Substructre > Basement 2,TK_NotStart,2026-03-17 00:00,2026-04-09 13:36,2026-05-02 13:36,18.0,18.0,0.0,2026-04-09 13:36,2026-04-27 13:36,0.0,0,YES
AB-SUB-B04-BAS2-1030,Submittal for Slabs Conc. Dim.  & RFT DWGs As-Built Drawing (B04) (Bas 02),ROYA-BIG PROJECT PHASE01 (B1-4) > Handover > As-built > Submittal > Part 01 > B04 > Substructre > Basement 2,TK_NotStart,2026-03-17 00:00,2026-05-13 08:00,2026-06-07 16:00,18.0,18.0,0.0,2026-05-13 08:00,2026-05-31 08:00,0.0,0,YES
AB-SUB-B04-BAS2-1040,Submittal for Beams Conc. Dim.  & RFT DWGs As-Built Drawing (B04) (Bas 02),ROYA-BIG PROJECT PHASE01 (B1-4) > Handover > As-built > Submittal > Part 01 > B04 > Substructre > Basement 2,TK_NotStart,2026-03-17 00:00,2026-05-13 08:00,2026-06-07 16:00,18.0,18.0,0.0,2026-05-13 08:00,2026-05-31 08:00,0.0,0,YES
AB-SUB-B04-BAS2-1010,Submittal for Stairs Conc. Dim.  & RFT DWGs As-Built Drawing (B04) (Bas 02),ROYA-BIG PROJECT PHASE01 (B1-4) > Handover > As-built > Submittal > Part 01 > B04 > Substructre > Basement 2,TK_NotStart,2026-03-17 00:00,2026-05-02 13:36,2026-05-23 13:36,18.0,18.0,0.0,2026-05-02 13:36,2026-05-20 13:36,0.0,0,YES
AB-SUB-B04-BAS2-1020,Submittal for Ramps Conc. Dim.  & RFT DWGs As-Built Drawing (B04) (Bas 02),ROYA-BIG PROJECT PHASE01 (B1-4) > Handover > As-built > Submittal > Part 01 > B04 > Substructre > Basement 2,TK_NotStart,2026-03-17 00:00,2026-05-03 13:36,2026-05-24 13:36,18.0,18.0,0.0,2026-05-03 13:36,2026-05-21 13:36,0.0,0,YES
AB-SUB-B02-BAS2-1000,Submittal for Col. & Walls Conc. Dim.& RFT DWGs As-Built Drawing (B02) (Bas 02),ROYA-BIG PROJECT PHASE01 (B1-4) > Handover > As-built > Submittal > Part 02 > B02 > Substructre > Basement 2,TK_NotStart,2026-03-17 00:00,2026-04-09 08:00,2026-04-30 16:00,18.0,18.0,0.0,2026-04-09 08:00,2026-04-27 08:00,0.0,0,YES
AB-SUB-B02-BAS2-1020,Submittal for Slabs Conc. Dim.& RFT DWGs As-Built Drawing (B02) (Bas 02),ROYA-BIG PROJECT PHASE01 (B1-4) > Handover > As-built > Submittal > Part 02 > B02 > Substructre > Basement 2,TK_NotStart,2026-03-17 00:00,2026-05-13 08:00,2026-06-07 16:00,18.0,18.0,0.0,2026-05-13 08:00,2026-05-31 08:00,0.0,0,YES
AB-SUB-B02-BAS2-1030,Submittal for Beams Conc. Dim.& RFT DWGs As-Built Drawing (B02) (Bas 02),ROYA-BIG PROJECT PHASE01 (B1-4) > Handover > As-built > Submittal > Part 02 > B02 > Substructre > Basement 2,TK_NotStart,2026-03-17 00:00,2026-05-13 08:00,2026-06-07 16:00,18.0,18.0,0.0,2026-05-13 08:00,2026-05-31 08:00,0.0,0,YES
AB-SUB-B02-BAS2-1010,Submittal for Stairs Conc. Dim.& RFT DWGs As-Built Drawing (B02) (Bas 02),ROYA-BIG PROJECT PHASE01 (B1-4) > Handover > As-built > Submittal > Part 02 > B02 > Substructre > Basement 2,TK_NotStart,2026-03-17 00:00,2026-05-09 08:00,2026-06-02 16:00,18.0,18.0,0.0,2026-05-09 08:00,2026-05-27 08:00,0.0,0,YES
AB-SUB-B01-BAS2-1000,Submittal for Col. & Walls Conc. Dim.  & RFT DWGs As-Built Drawing (B01) (Bas 02),ROYA-BIG PROJECT PHASE01 (B1-4) > Handover > As-built > Submittal > Part 02 > B01 > Substructre > Basement 2,TK_NotStart,2026-03-17 00:00,2026-04-20 08:00,2026-05-10 16:00,18.0,18.0,0.0,2026-04-20 08:00,2026-05-08 08:00,0.0,0,YES
AB-SUB-B01-BAS2-1030,Submittal for Slabs Conc. Dim.  & RFT DWGs As-Built Drawing (B01) (Bas 02),ROYA-BIG PROJECT PHASE01 (B1-4) > Handover > As-built > Submittal > Part 02 > B01 > Substructre > Basement 2,TK_NotStart,2026-03-17 00:00,2026-07-29 08:00,2026-08-18 16:00,18.0,18.0,0.0,2026-07-19 20:00,2026-08-06 20:00,-9.5,0,YES
AB-SUB-B01-BAS2-1040,Submittal for Beams Conc. Dim.  & RFT DWGs As-Built Drawing (B01) (Bas 02),ROYA-BIG PROJECT PHASE01 (B1-4) > Handover > As-built > Submittal > Part 02 > B01 > Substructre > Basement 2,TK_NotStart,2026-03-17 00:00,2026-07-29 08:00,2026-08-18 16:00,18.0,18.0,0.0,2026-07-19 20:00,2026-08-06 20:00,-9.5,0,YES
AB-SUB-B01-BAS2-1010,Submittal for Stairs Conc. Dim.  & RFT DWGs As-Built Drawing (B01) (Bas 02),ROYA-BIG PROJECT PHASE01 (B1-4) > Handover > As-built > Submittal > Part 02 > B01 > Substructre > Basement 2,TK_NotStart,2026-03-17 00:00,2026-07-26 08:00,2026-08-15 16:00,18.0,18.0,0.0,2026-07-19 08:00,2026-08-06 08:00,-7.0,0,YES
AB-SUB-B01-BAS2-1020,Submittal for Ramps Conc. Dim.  & RFT DWGs As-Built Drawing (B01) (Bas 02),ROYA-BIG PROJECT PHASE01 (B1-4) > Handover > As-built > Submittal > Part 02 > B01 > Substructre > Basement 2,TK_NotStart,2026-03-17 00:00,2026-05-06 08:00,2026-05-26 16:00,18.0,18.0,0.0,2026-05-06 08:00,2026-05-24 08:00,0.0,0,YES
AB-SUB-B03-BAS1-1000,Submittal for Col. & Walls Conc. Dim.  & RFT DWGs As-Built Drawing (B03) (Bas 01),ROYA-BIG PROJECT PHASE01 (B1-4) > Handover > As-built > Submittal > Part 01 > B03 > Substructre > Basement 1,TK_NotStart,2026-03-17 00:00,2026-06-23 08:00,2026-07-14 16:00,18.0,18.0,0.0,2026-06-23 08:00,2026-07-11 08:00,0.0,0,YES
AB-SUB-B03-BAS1-1020,Submittal for Slabs Conc. Dim.  & RFT DWGs As-Built Drawing (B03) (Bas 01),ROYA-BIG PROJECT PHASE01 (B1-4) > Handover > As-built > Submittal > Part 01 > B03 > Substructre > Basement 1,TK_NotStart,2026-03-17 00:00,2026-07-11 08:00,2026-08-01 16:00,18.0,18.0,0.0,2026-07-11 08:00,2026-07-29 08:00,0.0,0,YES
AB-SUB-B03-BAS1-1030,Submittal for Beams Conc. Dim.  & RFT DWGs As-Built Drawing (B03) (Bas 01),ROYA-BIG PROJECT PHASE01 (B1-4) > Handover > As-built > Submittal > Part 01 > B03 > Substructre > Basement 1,TK_NotStart,2026-03-17 00:00,2026-07-11 08:00,2026-08-01 16:00,18.0,18.0,0.0,2026-07-11 08:00,2026-07-29 08:00,0.0,0,YES
AB-SUB-B03-BAS1-1010,Submittal for Stairs Conc. Dim.  & RFT DWGs As-Built Drawing (B03) (Bas 01),ROYA-BIG PROJECT PHASE01 (B1-4) > Handover > As-built > Submittal > Part 01 > B03 > Substructre > Basement 1,TK_NotStart,2026-03-17 00:00,2026-07-09 08:00,2026-07-30 16:00,18.0,18.0,0.0,2026-07-09 08:00,2026-07-27 08:00,0.0,0,YES
AB-SUB-B02-BAS1-1000,Submittal for Col. & Walls Conc. Dim.  & RFT DWGs As-Built Drawing (B02) (Bas 01),ROYA-BIG PROJECT PHASE01 (B1-4) > Handover > As-built > Submittal > Part 02 > B02 > Substructre > Basement 1,TK_NotStart,2026-03-17 00:00,2026-06-08 08:00,2026-06-28 16:00,18.0,18.0,0.0,2026-06-08 08:00,2026-06-26 08:00,0.0,0,YES
AB-SUB-B02-BAS1-1020,Submittal for Slabs Conc. Dim.  & RFT DWGs As-Built Drawing (B02) (Bas 01),ROYA-BIG PROJECT PHASE01 (B1-4) > Handover > As-built > Submittal > Part 02 > B02 > Substructre > Basement 1,TK_NotStart,2026-03-17 00:00,2026-06-24 08:00,2026-07-15 16:00,18.0,18.0,0.0,2026-06-24 08:00,2026-07-12 08:00,0.0,0,YES
AB-SUB-B02-BAS1-1030,Submittal for Beams Conc. Dim.  & RFT DWGs As-Built Drawing (B02) (Bas 01),ROYA-BIG PROJECT PHASE01 (B1-4) > Handover > As-built > Submittal > Part 02 > B02 > Substructre > Basement 1,TK_NotStart,2026-03-17 00:00,2026-06-24 08:00,2026-07-15 16:00,18.0,18.0,0.0,2026-06-24 08:00,2026-07-12 08:00,0.0,0,YES
AB-SUB-B02-BAS1-1010,Submittal for Stairs Conc. Dim.  & RFT DWGs As-Built Drawing (B02) (Bas 01),ROYA-BIG PROJECT PHASE01 (B1-4) > Handover > As-built > Submittal > Part 02 > B02 > Substructre > Basement 1,TK_NotStart,2026-03-17 00:00,2026-06-22 08:00,2026-07-13 16:00,18.0,18.0,0.0,2026-06-22 08:00,2026-07-10 08:00,0.0,0,YES
AB-SUB-B01-BAS1-1000,Submittal for Col. & Walls Conc. Dim.  & RFT DWGs As-Built Drawing (B01) (Bas 01),ROYA-BIG PROJECT PHASE01 (B1-4) > Handover > As-built > Submittal > Part 02 > B01 > Substructre > Basement 1,TK_NotStart,2026-03-17 00:00,2026-08-20 08:00,2026-09-10 16:00,18.0,18.0,0.0,2026-08-08 14:00,2026-08-26 14:00,-11.75,0,YES
AB-SUB-B01-BAS1-1020,Submittal for Slabs Conc. Dim.  & RFT DWGs As-Built Drawing (B01) (Bas 01),ROYA-BIG PROJECT PHASE01 (B1-4) > Handover > As-built > Submittal > Part 02 > B01 > Substructre > Basement 1,TK_NotStart,2026-03-17 00:00,2026-09-07 08:00,2026-09-27 16:00,18.0,18.0,0.0,2026-08-24 02:00,2026-09-11 02:00,-14.25,0,YES
AB-SUB-B01-BAS1-1030,Submittal for Beams Conc. Dim.  & RFT DWGs As-Built Drawing (B01) (Bas 01),ROYA-BIG PROJECT PHASE01 (B1-4) > Handover > As-built > Submittal > Part 02 > B01 > Substructre > Basement 1,TK_NotStart,2026-03-17 00:00,2026-09-07 08:00,2026-09-27 16:00,18.0,18.0,0.0,2026-08-24 02:00,2026-09-11 02:00,-14.25,0,YES
AB-SUB-B01-BAS1-1010,Submittal for Stairs Conc. Dim.  & RFT DWGs As-Built Drawing (B01) (Bas 01),ROYA-BIG PROJECT PHASE01 (B1-4) > Handover > As-built > Submittal > Part 02 > B01 > Substructre > Basement 1,TK_NotStart,2026-03-17 00:00,2026-09-06 08:00,2026-09-26 16:00,18.0,18.0,0.0,2026-08-25 14:00,2026-09-12 14:00,-11.75,0,YES
AB-SUB-B01-BAS1-1040,Submittal for Ramps Conc. Dim.  & RFT DWGs As-Built Drawing (B01) (Bas 01),ROYA-BIG PROJECT PHASE01 (B1-4) > Handover > As-built > Submittal > Part 02 > B01 > Substructre > Basement 1,TK_NotStart,2026-03-17 00:00,2026-09-08 08:00,2026-09-28 16:00,18.0,18.0,0.0,2026-08-27 14:00,2026-09-14 14:00,-11.75,0,YES
AB-SUB-B04-BAS1-1000,Submittal for Col. & Walls Conc. Dim.  & RFT DWGs As-Built Drawing (B04) (Bas 01),ROYA-BIG PROJECT PHASE01 (B1-4) > Handover > As-built > Submittal > Part 01 > B04 > Substructre > Basement 1,TK_NotStart,2026-03-17 00:00,2026-06-01 08:00,2026-06-21 16:00,18.0,18.0,0.0,2026-06-01 08:00,2026-06-19 08:00,0.0,0,YES
AB-SUB-B04-BAS1-1030,Submittal for Slabs Conc. Dim.  & RFT DWGs As-Built Drawing (B04) (Bas 01),ROYA-BIG PROJECT PHASE01 (B1-4) > Handover > As-built > Submittal > Part 01 > B04 > Substructre > Basement 1,TK_NotStart,2026-03-17 00:00,2026-06-17 08:00,2026-07-08 16:00,18.0,18.0,0.0,2026-06-17 08:00,2026-07-05 08:00,0.0,0,YES
AB-SUB-B04-BAS1-1040,Submittal for Beams Conc. Dim.  & RFT DWGs As-Built Drawing (B04) (Bas 01),ROYA-BIG PROJECT PHASE01 (B1-4) > Handover > As-built > Submittal > Part 01 > B04 > Substructre > Basement 1,TK_NotStart,2026-03-17 00:00,2026-06-17 08:00,2026-07-08 16:00,18.0,18.0,0.0,2026-06-17 08:00,2026-07-05 08:00,0.0,0,YES
AB-SUB-B04-BAS1-1010,Submittal for Stairs Conc. Dim.  & RFT DWGs As-Built Drawing (B04) (Bas 01),ROYA-BIG PROJECT PHASE01 (B1-4) > Handover > As-built > Submittal > Part 01 > B04 > Substructre > Basement 1,TK_NotStart,2026-03-17 00:00,2026-06-17 08:00,2026-07-08 16:00,18.0,18.0,0.0,2026-06-17 08:00,2026-07-05 08:00,0.0,0,YES
AB-SUB-B04-BAS1-1020,Submittal for Ramps Conc. Dim.  & RFT DWGs As-Built Drawing (B04) (Bas 01),ROYA-BIG PROJECT PHASE01 (B1-4) > Handover > As-built > Submittal > Part 01 > B04 > Substructre > Basement 1,TK_NotStart,2026-03-17 00:00,2026-06-17 08:00,2026-07-08 16:00,18.0,18.0,0.0,2026-06-17 08:00,2026-07-05 08:00,0.0,0,YES
AB-SUB-B04-GR-1000,Submittal for Col. & Walls Conc. Dim.  & RFT DWGs As-Built Drawing (B04) (GF),ROYA-BIG PROJECT PHASE01 (B1-4) > Handover > As-built > Submittal > Part 01 > B04 > Superstructure > Ground Floor,TK_NotStart,2026-03-17 00:00,2026-07-04 08:00,2026-07-25 16:00,18.0,18.0,0.0,2026-07-04 08:00,2026-07-22 08:00,0.0,0,YES
AB-SUB-B04-GR-1010,Submittal for Slabs Conc. Dim.  & RFT DWGs As-Built Drawing (B04) (GF),ROYA-BIG PROJECT PHASE01 (B1-4) > Handover > As-built > Submittal > Part 01 > B04 > Superstructure > Ground Floor,TK_NotStart,2026-03-17 00:00,2026-07-15 08:00,2026-08-05 16:00,18.0,18.0,0.0,2026-07-15 08:00,2026-08-02 08:00,0.0,0,YES
AB-SUB-B04-GR-1020,Submittal for Beams Conc. Dim.  & RFT DWGs As-Built Drawing (B04) (GF),ROYA-BIG PROJECT PHASE01 (B1-4) > Handover > As-built > Submittal > Part 01 > B04 > Superstructure > Ground Floor,TK_NotStart,2026-03-17 00:00,2026-07-15 08:00,2026-08-05 16:00,18.0,18.0,0.0,2026-07-15 08:00,2026-08-02 08:00,0.0,0,YES
AB-SUB-B04-GR-1030,Submittal for Stairs Conc. Dim.  & RFT DWGs As-Built Drawing (B04) (GF),ROYA-BIG PROJECT PHASE01 (B1-4) > Handover > As-built > Submittal > Part 01 > B04 > Superstructure > Ground Floor,TK_NotStart,2026-03-17 00:00,2026-07-15 08:00,2026-08-05 16:00,18.0,18.0,0.0,2026-07-15 08:00,2026-08-02 08:00,0.0,0,YES
AB-SUB-B03-GR-1000,Submittal for Col. & Walls Conc. Dim.  & RFT DWGs As-Built Drawing (B03) (GF),ROYA-BIG PROJECT PHASE01 (B1-4) > Handover > As-built > Submittal > Part 01 > B03 > Superstructure > Ground Floor,TK_NotStart,2026-03-17 00:00,2026-07-29 08:00,2026-08-18 16:00,18.0,18.0,0.0,2026-07-29 08:00,2026-08-16 08:00,0.0,0,YES
AB-SUB-B03-GR-1010,Submittal for Slabs Conc. Dim.  & RFT DWGs As-Built Drawing (B03) (GF),ROYA-BIG PROJECT PHASE01 (B1-4) > Handover > As-built > Submittal > Part 01 > B03 > Superstructure > Ground Floor,TK_NotStart,2026-03-17 00:00,2026-08-10 08:00,2026-08-31 16:00,18.0,18.0,0.0,2026-08-10 08:00,2026-08-28 08:00,0.0,0,YES
AB-SUB-B03-GR-1020,Submittal for Beams Conc. Dim.  & RFT DWGs As-Built Drawing (B03) (GF),ROYA-BIG PROJECT PHASE01 (B1-4) > Handover > As-built > Submittal > Part 01 > B03 > Superstructure > Ground Floor,TK_NotStart,2026-03-17 00:00,2026-08-10 08:00,2026-08-31 16:00,18.0,18.0,0.0,2026-08-10 08:00,2026-08-28 08:00,0.0,0,YES
AB-SUB-B03-GR-1030,Submittal for Stairs Conc. Dim.  & RFT DWGs As-Built Drawing (B03) (GF),ROYA-BIG PROJECT PHASE01 (B1-4) > Handover > As-built > Submittal > Part 01 > B03 > Superstructure > Ground Floor,TK_NotStart,2026-03-17 00:00,2026-08-10 08:00,2026-08-31 16:00,18.0,18.0,0.0,2026-08-10 08:00,2026-08-28 08:00,0.0,0,YES
AB-SUB-B02-GR-1000,Submittal for Col. & Walls Conc. Dim.  & RFT DWGs As-Built Drawing (B02) (GF),ROYA-BIG PROJECT PHASE01 (B1-4) > Handover > As-built > Submittal > Part 02 > B02 > Superstructure > Ground Floor,TK_NotStart,2026-03-17 00:00,2026-07-18 08:00,2026-08-08 16:00,18.0,18.0,0.0,2026-07-18 08:00,2026-08-05 08:00,0.0,0,YES
AB-SUB-B02-GR-1020,Submittal for Slabs Conc. Dim.  & RFT DWGs As-Built Drawing (B02) (GF),ROYA-BIG PROJECT PHASE01 (B1-4) > Handover > As-built > Submittal > Part 02 > B02 > Superstructure > Ground Floor,TK_NotStart,2026-03-17 00:00,2026-08-12 08:00,2026-09-02 16:00,18.0,18.0,0.0,2026-08-12 08:00,2026-08-30 08:00,0.0,0,YES
AB-SUB-B02-GR-1030,Submittal for Beams Conc. Dim.  & RFT DWGs As-Built Drawing (B02) (GF),ROYA-BIG PROJECT PHASE01 (B1-4) > Handover > As-built > Submittal > Part 02 > B02 > Superstructure > Ground Floor,TK_NotStart,2026-03-17 00:00,2026-08-12 08:00,2026-09-02 16:00,18.0,18.0,0.0,2026-08-12 08:00,2026-08-30 08:00,0.0,0,YES
AB-SUB-B02-GR-1010,Submittal for Stairs Conc. Dim.  & RFT DWGs As-Built Drawing (B02) (GF),ROYA-BIG PROJECT PHASE01 (B1-4) > Handover > As-built > Submittal > Part 02 > B02 > Superstructure > Ground Floor,TK_NotStart,2026-03-17 00:00,2026-08-03 08:00,2026-08-23 16:00,18.0,18.0,0.0,2026-08-03 08:00,2026-08-21 08:00,0.0,0,YES
AB-SUB-B01-GR-1000,Submittal for Col. & Walls Conc. Dim.  & RFT DWGs As-Built Drawing (B01),ROYA-BIG PROJECT PHASE01 (B1-4) > Handover > As-built > Submittal > Part 02 > B01 > Superstructure > Ground Floor,TK_NotStart,2026-03-17 00:00,2026-09-23 08:00,2026-10-14 16:00,18.0,18.0,0.0,2026-09-17 20:00,2026-10-05 20:00,-5.5,0,YES
AB-SUB-B01-GR-1020,Submittal for Slabs Conc. Dim.  & RFT DWGs As-Built Drawing (B01),ROYA-BIG PROJECT PHASE01 (B1-4) > Handover > As-built > Submittal > Part 02 > B01 > Superstructure > Ground Floor,TK_NotStart,2026-03-17 00:00,2026-10-15 08:00,2026-11-04 16:00,18.0,18.0,0.0,2026-10-03 08:00,2026-10-21 08:00,-12.0,0,YES
AB-SUB-B01-GR-1030,Submittal for Beams Conc. Dim.  & RFT DWGs As-Built Drawing (B01),ROYA-BIG PROJECT PHASE01 (B1-4) > Handover > As-built > Submittal > Part 02 > B01 > Superstructure > Ground Floor,TK_NotStart,2026-03-17 00:00,2026-10-15 08:00,2026-11-04 16:00,18.0,18.0,0.0,2026-10-03 08:00,2026-10-21 08:00,-12.0,0,YES
AB-SUB-B01-GR-1010,Submittal for Stairs Conc. Dim.  & RFT DWGs As-Built Drawing (B01),ROYA-BIG PROJECT PHASE01 (B1-4) > Handover > As-built > Submittal > Part 02 > B01 > Superstructure > Ground Floor,TK_NotStart,2026-03-17 00:00,2026-10-11 08:00,2026-10-31 16:00,18.0,18.0,0.0,2026-10-03 20:00,2026-10-21 20:00,-7.5,0,YES
AB-SUB-B04-1ST-1000,Submittal for Col. & Walls Conc. Dim.  & RFT DWGs As-Built Drawing (B04) (1st),ROYA-BIG PROJECT PHASE01 (B1-4) > Handover > As-built > Submittal > Part 01 > B04 > Superstructure > 1st Floor,TK_NotStart,2026-03-17 00:00,2026-10-31 08:00,2026-11-19 16:00,18.0,18.0,0.0,2026-10-27 08:00,2026-11-14 08:00,-4.0,0,YES
AB-SUB-B04-1ST-1010,Submittal for Slabs Conc. Dim.  & RFT DWGs As-Built Drawing (B04) (1st),ROYA-BIG PROJECT PHASE01 (B1-4) > Handover > As-built > Submittal > Part 01 > B04 > Superstructure > 1st Floor,TK_NotStart,2026-03-17 00:00,2026-11-19 08:00,2026-12-09 16:00,18.0,18.0,0.0,2026-11-15 08:00,2026-12-03 08:00,-4.0,0,YES
AB-SUB-B04-1ST-1020,Submittal for Beams Conc. Dim.  & RFT DWGs As-Built Drawing (B04) (1st),ROYA-BIG PROJECT PHASE01 (B1-4) > Handover > As-built > Submittal > Part 01 > B04 > Superstructure > 1st Floor,TK_NotStart,2026-03-17 00:00,2026-11-19 08:00,2026-12-09 16:00,18.0,18.0,0.0,2026-11-15 08:00,2026-12-03 08:00,-4.0,0,YES
AB-SUB-B04-1ST-1030,Submittal for Stairs Conc. Dim.  & RFT DWGs As-Built Drawing (B04) (1st),ROYA-BIG PROJECT PHASE01 (B1-4) > Handover > As-built > Submittal > Part 01 > B04 > Superstructure > 1st Floor,TK_NotStart,2026-03-17 00:00,2026-11-19 08:00,2026-12-09 16:00,18.0,18.0,0.0,2026-11-15 08:00,2026-12-03 08:00,-4.0,0,YES
AB-SUB-B04-2ND-1000,Submittal for Col. & Walls Conc. Dim.  & RFT DWGs As-Built Drawing (B04) (2nd),ROYA-BIG PROJECT PHASE01 (B1-4) > Handover > As-built > Submittal > Part 01 > B04 > Superstructure > 2nd Floor,TK_NotStart,2026-03-17 00:00,2026-12-09 08:00,2026-12-29 16:00,18.0,18.0,0.0,2026-12-04 14:00,2026-12-22 14:00,-4.75,0,YES
AB-SUB-B04-2ND-1010,Submittal for Slabs Conc. Dim.  & RFT DWGs As-Built Drawing (B04) (2nd),ROYA-BIG PROJECT PHASE01 (B1-4) > Handover > As-built > Submittal > Part 01 > B04 > Superstructure > 2nd Floor,TK_NotStart,2026-03-17 00:00,2026-12-29 08:00,2027-01-19 16:00,18.0,18.0,0.0,2026-12-24 14:00,2027-01-11 14:00,-4.75,0,YES
AB-SUB-B04-2ND-1020,Submittal for Beams Conc. Dim.  & RFT DWGs As-Built Drawing (B04) (2nd),ROYA-BIG PROJECT PHASE01 (B1-4) > Handover > As-built > Submittal > Part 01 > B04 > Superstructure > 2nd Floor,TK_NotStart,2026-03-17 00:00,2026-12-29 08:00,2027-01-19 16:00,18.0,18.0,0.0,2026-12-24 14:00,2027-01-11 14:00,-4.75,0,YES
AB-SUB-B04-2ND-1030,Submittal for Stairs Conc. Dim.  & RFT DWGs As-Built Drawing (B04) (2nd),ROYA-BIG PROJECT PHASE01 (B1-4) > Handover > As-built > Submittal > Part 01 > B04 > Superstructure > 2nd Floor,TK_NotStart,2026-03-17 00:00,2026-12-29 08:00,2027-01-19 16:00,18.0,18.0,0.0,2026-12-24 14:00,2027-01-11 14:00,-4.75,0,YES
AB-SUB-B04-3RD-1000,Submittal for Col. & Walls Conc. Dim.  & RFT DWGs As-Built Drawing (B04) (3rd),ROYA-BIG PROJECT PHASE01 (B1-4) > Handover > As-built > Submittal > Part 01 > B04 > Superstructure > 3rd Floor,TK_NotStart,2026-03-17 00:00,2027-01-20 08:00,2027-02-10 16:00,18.0,18.0,0.0,2027-01-14 20:00,2027-02-01 20:00,-5.5,0,YES
AB-SUB-B04-3RD-1010,Submittal for Slabs Conc. Dim.  & RFT DWGs As-Built Drawing (B04) (3rd),ROYA-BIG PROJECT PHASE01 (B1-4) > Handover > As-built > Submittal > Part 01 > B04 > Superstructure > 3rd Floor,TK_NotStart,2026-03-17 00:00,2027-02-10 08:00,2027-03-02 16:00,18.0,18.0,0.0,2027-02-04 20:00,2027-02-22 20:00,-5.5,0,YES
AB-SUB-B04-3RD-1020,Submittal for Beams Conc. Dim.  & RFT DWGs As-Built Drawing (B04) (3rd),ROYA-BIG PROJECT PHASE01 (B1-4) > Handover > As-built > Submittal > Part 01 > B04 > Superstructure > 3rd Floor,TK_NotStart,2026-03-17 00:00,2027-02-10 08:00,2027-03-02 16:00,18.0,18.0,0.0,2027-02-04 20:00,2027-02-22 20:00,-5.5,0,YES
AB-SUB-B04-3RD-1030,Submittal for Stairs Conc. Dim.  & RFT DWGs As-Built Drawing (B04) (3rd),ROYA-BIG PROJECT PHASE01 (B1-4) > Handover > As-built > Submittal > Part 01 > B04 > Superstructure > 3rd Floor,TK_NotStart,2026-03-17 00:00,2027-02-10 08:00,2027-03-02 16:00,18.0,18.0,0.0,2027-02-04 20:00,2027-02-22 20:00,-5.5,0,YES
AB-SUB-B04-4TH-1000,Submittal for Col. & Walls Conc. Dim.  & RFT DWGs As-Built Drawing (B04) (4th),ROYA-BIG PROJECT PHASE01 (B1-4) > Handover > As-built > Submittal > Part 01 > B04 > Superstructure > 4th Floor,TK_NotStart,2026-03-17 00:00,2027-02-28 08:00,2027-03-23 16:00,18.0,18.0,0.0,2027-02-22 20:00,2027-03-12 20:00,-5.5,0,YES
AB-SUB-B04-4TH-1010,Submittal for Slabs Conc. Dim.  & RFT DWGs As-Built Drawing (B04) (4th),ROYA-BIG PROJECT PHASE01 (B1-4) > Handover > As-built > Submittal > Part 01 > B04 > Superstructure > 4th Floor,TK_NotStart,2026-03-17 00:00,2027-03-22 08:00,2027-04-11 16:00,18.0,18.0,0.0,2027-03-16 20:00,2027-04-03 20:00,-5.5,0,YES
AB-SUB-B04-4TH-1020,Submittal for Beams Conc. Dim.  & RFT DWGs As-Built Drawing (B04) (4th),ROYA-BIG PROJECT PHASE01 (B1-4) > Handover > As-built > Submittal > Part 01 > B04 > Superstructure > 4th Floor,TK_NotStart,2026-03-17 00:00,2027-03-22 08:00,2027-04-11 16:00,18.0,18.0,0.0,2027-03-16 20:00,2027-04-03 20:00,-5.5,0,YES
AB-SUB-B04-4TH-1030,Submittal for Stairs Conc. Dim.  & RFT DWGs As-Built Drawing (B04) (4th),ROYA-BIG PROJECT PHASE01 (B1-4) > Handover > As-built > Submittal > Part 01 > B04 > Superstructure > 4th Floor,TK_NotStart,2026-03-17 00:00,2027-03-22 08:00,2027-04-11 16:00,18.0,18.0,0.0,2027-03-16 20:00,2027-04-03 20:00,-5.5,0,YES
AB-SUB-B04-5TH-1000,Submittal for Col. & Walls Conc. Dim.  & RFT DWGs As-Built Drawing (B04) (5th),ROYA-BIG PROJECT PHASE01 (B1-4) > Handover > As-built > Submittal > Part 01 > B04 > Superstructure > 5th Floor,TK_NotStart,2026-03-17 00:00,2027-04-11 08:00,2027-05-01 16:00,18.0,18.0,0.0,2027-04-05 02:00,2027-04-23 02:00,-6.25,0,YES
AB-SUB-B04-5TH-1010,Submittal for Slabs Conc. Dim.  & RFT DWGs As-Built Drawing (B04) (5th),ROYA-BIG PROJECT PHASE01 (B1-4) > Handover > As-built > Submittal > Part 01 > B04 > Superstructure > 5th Floor,TK_NotStart,2026-03-17 00:00,2027-04-27 08:00,2027-05-17 16:00,18.0,18.0,0.0,2027-04-21 02:00,2027-05-09 02:00,-6.25,0,YES
AB-SUB-B04-5TH-1020,Submittal for Beams Conc. Dim.  & RFT DWGs As-Built Drawing (B04) (5th),ROYA-BIG PROJECT PHASE01 (B1-4) > Handover > As-built > Submittal > Part 01 > B04 > Superstructure > 5th Floor,TK_NotStart,2026-03-17 00:00,2027-04-27 08:00,2027-05-17 16:00,18.0,18.0,0.0,2027-04-21 02:00,2027-05-09 02:00,-6.25,0,YES
AB-SUB-B04-5TH-1030,Submittal for Stairs Conc. Dim.  & RFT DWGs As-Built Drawing (B04) (5th),ROYA-BIG PROJECT PHASE01 (B1-4) > Handover > As-built > Submittal > Part 01 > B04 > Superstructure > 5th Floor,TK_NotStart,2026-03-17 00:00,2027-04-27 08:00,2027-05-17 16:00,18.0,18.0,0.0,2027-04-21 02:00,2027-05-09 02:00,-6.25,0,YES
AB-SUB-B04-6TH-1000,Submittal for Col. & Walls Conc. Dim.  & RFT DWGs As-Built Drawing (B04) (6th),ROYA-BIG PROJECT PHASE01 (B1-4) > Handover > As-built > Submittal > Part 01 > B04 > Superstructure > 6th Floor,TK_NotStart,2026-03-17 00:00,2027-05-13 08:00,2027-06-02 16:00,18.0,18.0,0.0,2027-05-06 08:00,2027-05-24 08:00,-7.0,0,YES
AB-SUB-B04-6TH-1010,Submittal for Slabs Conc. Dim.  & RFT DWGs As-Built Drawing (B04) (6th),ROYA-BIG PROJECT PHASE01 (B1-4) > Handover > As-built > Submittal > Part 01 > B04 > Superstructure > 6th Floor,TK_NotStart,2026-03-17 00:00,2027-05-27 08:00,2027-06-16 16:00,18.0,18.0,0.0,2027-05-20 08:00,2027-06-07 08:00,-7.0,0,YES
AB-SUB-B04-6TH-1020,Submittal for Beams Conc. Dim.  & RFT DWGs As-Built Drawing (B04) (6th),ROYA-BIG PROJECT PHASE01 (B1-4) > Handover > As-built > Submittal > Part 01 > B04 > Superstructure > 6th Floor,TK_NotStart,2026-03-17 00:00,2027-05-27 08:00,2027-06-16 16:00,18.0,18.0,0.0,2027-05-20 08:00,2027-06-07 08:00,-7.0,0,YES
AB-SUB-B04-6TH-1030,Submittal for Stairs Conc. Dim.  & RFT DWGs As-Built Drawing (B04) (6th),ROYA-BIG PROJECT PHASE01 (B1-4) > Handover > As-built > Submittal > Part 01 > B04 > Superstructure > 6th Floor,TK_NotStart,2026-03-17 00:00,2027-05-27 08:00,2027-06-16 16:00,18.0,18.0,0.0,2027-05-20 08:00,2027-06-07 08:00,-7.0,0,YES
AB-SUB-B04-7TH-1000,Submittal for Col. & Walls Conc. Dim.  & RFT DWGs As-Built Drawing (B04) (7th),ROYA-BIG PROJECT PHASE01 (B1-4) > Handover > As-built > Submittal > Part 01 > B04 > Superstructure > 7th Floor,TK_NotStart,2026-03-17 00:00,2027-06-12 08:00,2027-07-01 16:00,18.0,18.0,0.0,2027-06-04 14:00,2027-06-22 14:00,-7.75,0,YES
AB-SUB-B04-7TH-1010,Submittal for Slabs Conc. Dim.  & RFT DWGs As-Built Drawing  (B04) (7th),ROYA-BIG PROJECT PHASE01 (B1-4) > Handover > As-built > Submittal > Part 01 > B04 > Superstructure > 7th Floor,TK_NotStart,2026-03-17 00:00,2027-06-24 08:00,2027-07-14 16:00,18.0,18.0,0.0,2027-06-16 14:00,2027-07-04 14:00,-7.75,0,YES
AB-SUB-B04-7TH-1020,Submittal for Beams Conc. Dim.  & RFT DWGs As-Built Drawing (B04) (7th),ROYA-BIG PROJECT PHASE01 (B1-4) > Handover > As-built > Submittal > Part 01 > B04 > Superstructure > 7th Floor,TK_NotStart,2026-03-17 00:00,2027-06-24 08:00,2027-07-14 16:00,18.0,18.0,0.0,2027-06-16 14:00,2027-07-04 14:00,-7.75,0,YES
AB-SUB-B04-7TH-1030,Submittal for Stairs Conc. Dim.  & RFT DWGs As-Built Drawing (B04) (7th),ROYA-BIG PROJECT PHASE01 (B1-4) > Handover > As-built > Submittal > Part 01 > B04 > Superstructure > 7th Floor,TK_NotStart,2026-03-17 00:00,2027-06-24 08:00,2027-07-14 16:00,18.0,18.0,0.0,2027-06-16 14:00,2027-07-04 14:00,-7.75,0,YES
AB-SUB-B04-8TH-1000,Submittal for Col. & Walls Conc. Dim.  & RFT DWGs As-Built Drawing (B04) (8th),ROYA-BIG PROJECT PHASE01 (B1-4) > Handover > As-built > Submittal > Part 01 > B04 > Superstructure > 8th Floor,TK_NotStart,2026-03-17 00:00,2027-07-10 08:00,2027-07-29 16:00,18.0,18.0,0.0,2027-07-01 20:00,2027-07-19 20:00,-8.5,0,YES
AB-SUB-B04-8TH-1010,Submittal for Slabs Conc. Dim.  & RFT DWGs As-Built Drawing (B04) (8th),ROYA-BIG PROJECT PHASE01 (B1-4) > Handover > As-built > Submittal > Part 01 > B04 > Superstructure > 8th Floor,TK_NotStart,2026-03-17 00:00,2027-07-20 08:00,2027-08-09 16:00,18.0,18.0,0.0,2027-07-11 20:00,2027-07-29 20:00,-8.5,0,YES
AB-SUB-B04-8TH-1020,Submittal for Beams Conc. Dim.  & RFT DWGs As-Built Drawing (B04) (8th),ROYA-BIG PROJECT PHASE01 (B1-4) > Handover > As-built > Submittal > Part 01 > B04 > Superstructure > 8th Floor,TK_NotStart,2026-03-17 00:00,2027-07-20 08:00,2027-08-09 16:00,18.0,18.0,0.0,2027-07-11 20:00,2027-07-29 20:00,-8.5,0,YES
AB-SUB-B04-8TH-1030,Submittal for Stairs Conc. Dim.  & RFT DWGs As-Built Drawing (B04) (8th),ROYA-BIG PROJECT PHASE01 (B1-4) > Handover > As-built > Submittal > Part 01 > B04 > Superstructure > 8th Floor,TK_NotStart,2026-03-17 00:00,2027-07-20 08:00,2027-08-09 16:00,18.0,18.0,0.0,2027-07-11 20:00,2027-07-29 20:00,-8.5,0,YES
AB-SUB-B03-1ST-1000,Submittal for Col. & Walls Conc. Dim.  & RFT DWGs As-Built Drawing (B03) (1st),ROYA-BIG PROJECT PHASE01 (B1-4) > Handover > As-built > Submittal > Part 01 > B03 > Superstructure > 1st Floor,TK_NotStart,2026-03-17 00:00,2026-09-27 08:00,2026-10-18 16:00,18.0,18.0,0.0,2026-09-27 08:00,2026-10-15 08:00,0.0,0,YES
AB-SUB-B03-1ST-1010,Submittal for Slabs Conc. Dim.  & RFT DWGs As-Built Drawing (B03) (1st),ROYA-BIG PROJECT PHASE01 (B1-4) > Handover > As-built > Submittal > Part 01 > B03 > Superstructure > 1st Floor,TK_NotStart,2026-03-17 00:00,2026-10-24 08:00,2026-11-12 16:00,18.0,18.0,0.0,2026-10-24 08:00,2026-11-11 08:00,0.0,0,YES
AB-SUB-B03-1ST-1020,Submittal for Beams Conc. Dim.  & RFT DWGs As-Built Drawing (B03) (1st),ROYA-BIG PROJECT PHASE01 (B1-4) > Handover > As-built > Submittal > Part 01 > B03 > Superstructure > 1st Floor,TK_NotStart,2026-03-17 00:00,2026-10-24 08:00,2026-11-12 16:00,18.0,18.0,0.0,2026-10-24 08:00,2026-11-11 08:00,0.0,0,YES
AB-SUB-B03-1ST-1030,Submittal for Stairs Conc. Dim.  & RFT DWGs As-Built Drawing (B03) (1st),ROYA-BIG PROJECT PHASE01 (B1-4) > Handover > As-built > Submittal > Part 01 > B03 > Superstructure > 1st Floor,TK_NotStart,2026-03-17 00:00,2026-10-24 08:00,2026-11-12 16:00,18.0,18.0,0.0,2026-10-24 08:00,2026-11-11 08:00,0.0,0,YES
AB-SUB-B03-2ND-1000,Submittal for Col. & Walls Conc. Dim.  & RFT DWGs As-Built Drawing (B03) (2nd),ROYA-BIG PROJECT PHASE01 (B1-4) > Handover > As-built > Submittal > Part 01 > B03 > Superstructure > 2nd Floor,TK_NotStart,2026-03-17 00:00,2026-12-01 08:00,2026-12-21 16:00,18.0,18.0,0.0,2026-12-01 08:00,2026-12-19 08:00,0.0,0,YES
AB-SUB-B03-2ND-1010,Submittal for Slabs Conc. Dim.  & RFT DWGs As-Built Drawing (B03) (2nd),ROYA-BIG PROJECT PHASE01 (B1-4) > Handover > As-built > Submittal > Part 01 > B03 > Superstructure > 2nd Floor,TK_NotStart,2026-03-17 00:00,2026-12-27 08:00,2027-01-17 16:00,18.0,18.0,0.0,2026-12-27 08:00,2027-01-14 08:00,0.0,0,YES
AB-SUB-B03-2ND-1020,Submittal for Beams Conc. Dim.  & RFT DWGs As-Built Drawing (B03) (2nd),ROYA-BIG PROJECT PHASE01 (B1-4) > Handover > As-built > Submittal > Part 01 > B03 > Superstructure > 2nd Floor,TK_NotStart,2026-03-17 00:00,2026-12-27 08:00,2027-01-17 16:00,18.0,18.0,0.0,2026-12-27 08:00,2027-01-14 08:00,0.0,0,YES
AB-SUB-B03-2ND-1030,Submittal for Stairs Conc. Dim.  & RFT DWGs As-Built Drawing (B03) (2nd),ROYA-BIG PROJECT PHASE01 (B1-4) > Handover > As-built > Submittal > Part 01 > B03 > Superstructure > 2nd Floor,TK_NotStart,2026-03-17 00:00,2026-12-27 08:00,2027-01-17 16:00,18.0,18.0,0.0,2026-12-27 08:00,2027-01-14 08:00,0.0,0,YES
AB-SUB-B03-3RD-1000,Submittal for Col. & Walls Conc. Dim.  & RFT DWGs As-Built Drawing (B03) (3rd),ROYA-BIG PROJECT PHASE01 (B1-4) > Handover > As-built > Submittal > Part 01 > B03 > Superstructure > 3rd Floor,TK_NotStart,2026-03-17 00:00,2027-02-03 08:00,2027-02-23 16:00,18.0,18.0,0.0,2027-02-03 08:00,2027-02-21 08:00,0.0,0,YES
AB-SUB-B03-3RD-1010,Submittal for Slabs Conc. Dim.  & RFT DWGs As-Built Drawing (B03) (3rd),ROYA-BIG PROJECT PHASE01 (B1-4) > Handover > As-built > Submittal > Part 01 > B03 > Superstructure > 3rd Floor,TK_NotStart,2026-03-17 00:00,2027-03-01 08:00,2027-03-24 16:00,18.0,18.0,0.0,2027-03-01 08:00,2027-03-19 08:00,0.0,0,YES
AB-SUB-B03-3RD-1020,Submittal for Beams Conc. Dim.  & RFT DWGs As-Built Drawing (B03) (3rd),ROYA-BIG PROJECT PHASE01 (B1-4) > Handover > As-built > Submittal > Part 01 > B03 > Superstructure > 3rd Floor,TK_NotStart,2026-03-17 00:00,2027-03-01 08:00,2027-03-24 16:00,18.0,18.0,0.0,2027-03-01 08:00,2027-03-19 08:00,0.0,0,YES
AB-SUB-B03-3RD-1030,Submittal for Stairs Conc. Dim.  & RFT DWGs As-Built Drawing (B03) (3rd),ROYA-BIG PROJECT PHASE01 (B1-4) > Handover > As-built > Submittal > Part 01 > B03 > Superstructure > 3rd Floor,TK_NotStart,2026-03-17 00:00,2027-03-01 08:00,2027-03-24 16:00,18.0,18.0,0.0,2027-03-01 08:00,2027-03-19 08:00,0.0,0,YES
AB-SUB-B03-4TH-1000,Submittal for Col. & Walls Conc. Dim.  & RFT DWGs As-Built Drawing (B03) (4th),ROYA-BIG PROJECT PHASE01 (B1-4) > Handover > As-built > Submittal > Part 01 > B03 > Superstructure > 4th Floor,TK_NotStart,2026-03-17 00:00,2027-04-07 08:00,2027-04-27 16:00,18.0,18.0,0.0,2027-04-07 08:00,2027-04-25 08:00,0.0,0,YES
AB-SUB-B03-4TH-1010,Submittal for Slabs Conc. Dim.  & RFT DWGs As-Built Drawing (B03) (4th),ROYA-BIG PROJECT PHASE01 (B1-4) > Handover > As-built > Submittal > Part 01 > B03 > Superstructure > 4th Floor,TK_NotStart,2026-03-17 00:00,2027-04-29 08:00,2027-05-19 16:00,18.0,18.0,0.0,2027-04-29 08:00,2027-05-17 08:00,0.0,0,YES
AB-SUB-B03-4TH-1020,Submittal for Beams Conc. Dim.  & RFT DWGs As-Built Drawing (B03) (4th),ROYA-BIG PROJECT PHASE01 (B1-4) > Handover > As-built > Submittal > Part 01 > B03 > Superstructure > 4th Floor,TK_NotStart,2026-03-17 00:00,2027-04-29 08:00,2027-05-19 16:00,18.0,18.0,0.0,2027-04-29 08:00,2027-05-17 08:00,0.0,0,YES
AB-SUB-B03-4TH-1030,Submittal for Stairs Conc. Dim.  & RFT DWGs As-Built Drawing (B03) (4th),ROYA-BIG PROJECT PHASE01 (B1-4) > Handover > As-built > Submittal > Part 01 > B03 > Superstructure > 4th Floor,TK_NotStart,2026-03-17 00:00,2027-04-29 08:00,2027-05-19 16:00,18.0,18.0,0.0,2027-04-29 08:00,2027-05-17 08:00,0.0,0,YES
AB-SUB-B02-1ST-1000,Submittal for Col. & Walls Conc. Dim.  & RFT DWGs As-Built Drawing (B02) (1st),ROYA-BIG PROJECT PHASE01 (B1-4) > Handover > As-built > Submittal > Part 02 > B02 > Superstructure > 1st Floor,TK_NotStart,2026-03-17 00:00,2026-09-19 08:00,2026-10-10 16:00,18.0,18.0,0.0,2026-09-19 08:00,2026-10-07 08:00,0.0,0,YES
AB-SUB-B02-1ST-1010,Submittal for Slabs Conc. Dim.  & RFT DWGs As-Built Drawing (B02) (1st),ROYA-BIG PROJECT PHASE01 (B1-4) > Handover > As-built > Submittal > Part 02 > B02 > Superstructure > 1st Floor,TK_NotStart,2026-03-17 00:00,2026-10-12 08:00,2026-11-01 16:00,18.0,18.0,0.0,2026-10-12 08:00,2026-10-30 08:00,0.0,0,YES
AB-SUB-B02-1ST-1020,Submittal for Beams Conc. Dim.  & RFT DWGs As-Built Drawing (B02) (1st),ROYA-BIG PROJECT PHASE01 (B1-4) > Handover > As-built > Submittal > Part 02 > B02 > Superstructure > 1st Floor,TK_NotStart,2026-03-17 00:00,2026-10-12 08:00,2026-11-01 16:00,18.0,18.0,0.0,2026-10-12 08:00,2026-10-30 08:00,0.0,0,YES
AB-SUB-B02-1ST-1030,Submittal for Stairs Conc. Dim.  & RFT DWGs As-Built Drawing (B02) (1st),ROYA-BIG PROJECT PHASE01 (B1-4) > Handover > As-built > Submittal > Part 02 > B02 > Superstructure > 1st Floor,TK_NotStart,2026-03-17 00:00,2026-10-12 08:00,2026-11-01 16:00,18.0,18.0,0.0,2026-10-12 08:00,2026-10-30 08:00,0.0,0,YES
AB-SUB-B02-2ND-1000,Submittal for Col. & Walls Conc. Dim.  & RFT DWGs As-Built Drawing (B02) (2nd),ROYA-BIG PROJECT PHASE01 (B1-4) > Handover > As-built > Submittal > Part 02 > B02 > Superstructure > 2nd Floor,TK_NotStart,2026-03-17 00:00,2026-11-16 08:00,2026-12-06 16:00,18.0,18.0,0.0,2026-11-16 08:00,2026-12-04 08:00,0.0,0,YES
AB-SUB-B02-2ND-1010,Submittal for Slabs Conc. Dim.  & RFT DWGs As-Built Drawing (B02) (2nd),ROYA-BIG PROJECT PHASE01 (B1-4) > Handover > As-built > Submittal > Part 02 > B02 > Superstructure > 2nd Floor,TK_NotStart,2026-03-17 00:00,2026-12-12 08:00,2026-12-31 16:00,18.0,18.0,0.0,2026-12-12 08:00,2026-12-30 08:00,0.0,0,YES
AB-SUB-B02-2ND-1020,Submittal for Beams Conc. Dim.  & RFT DWGs As-Built Drawing (B02) (2nd),ROYA-BIG PROJECT PHASE01 (B1-4) > Handover > As-built > Submittal > Part 02 > B02 > Superstructure > 2nd Floor,TK_NotStart,2026-03-17 00:00,2026-12-12 08:00,2026-12-31 16:00,18.0,18.0,0.0,2026-12-12 08:00,2026-12-30 08:00,0.0,0,YES
AB-SUB-B02-2ND-1030,Submittal for Stairs Conc. Dim.  & RFT DWGs As-Built Drawing (B02) (2nd),ROYA-BIG PROJECT PHASE01 (B1-4) > Handover > As-built > Submittal > Part 02 > B02 > Superstructure > 2nd Floor,TK_NotStart,2026-03-17 00:00,2026-12-12 08:00,2026-12-31 16:00,18.0,18.0,0.0,2026-12-12 08:00,2026-12-30 08:00,0.0,0,YES
AB-SUB-B02-3RD-1000,Submittal for Col. & Walls Conc. Dim.  & RFT DWGs As-Built Drawing (B02) (3rd),ROYA-BIG PROJECT PHASE01 (B1-4) > Handover > As-built > Submittal > Part 02 > B02 > Superstructure > 3rd Floor,TK_NotStart,2026-03-17 00:00,2027-01-17 08:00,2027-02-07 16:00,18.0,18.0,0.0,2027-01-17 08:00,2027-02-04 08:00,0.0,0,YES
AB-SUB-B02-3RD-1010,Submittal for Slabs Conc. Dim.  & RFT DWGs As-Built Drawing (B02) (3rd),ROYA-BIG PROJECT PHASE01 (B1-4) > Handover > As-built > Submittal > Part 02 > B02 > Superstructure > 3rd Floor,TK_NotStart,2026-03-17 00:00,2027-02-13 08:00,2027-03-04 16:00,18.0,18.0,0.0,2027-02-13 08:00,2027-03-03 08:00,0.0,0,YES
AB-SUB-B02-3RD-1020,Submittal for Beams Conc. Dim.  & RFT DWGs As-Built Drawing (B02) (3rd),ROYA-BIG PROJECT PHASE01 (B1-4) > Handover > As-built > Submittal > Part 02 > B02 > Superstructure > 3rd Floor,TK_NotStart,2026-03-17 00:00,2027-02-13 08:00,2027-03-04 16:00,18.0,18.0,0.0,2027-02-13 08:00,2027-03-03 08:00,0.0,0,YES
AB-SUB-B02-3RD-1030,Submittal for Stairs Conc. Dim.  & RFT DWGs As-Built Drawing (B02) (3rd),ROYA-BIG PROJECT PHASE01 (B1-4) > Handover > As-built > Submittal > Part 02 > B02 > Superstructure > 3rd Floor,TK_NotStart,2026-03-17 00:00,2027-02-13 08:00,2027-03-04 16:00,18.0,18.0,0.0,2027-02-13 08:00,2027-03-03 08:00,0.0,0,YES
AB-SUB-B02-4TH-1000,Submittal for Col. & Walls Conc. Dim.  & RFT DWGs As-Built Drawing (B02) (4th),ROYA-BIG PROJECT PHASE01 (B1-4) > Handover > As-built > Submittal > Part 02 > B02 > Superstructure > 4th Floor,TK_NotStart,2026-03-17 00:00,2027-03-23 08:00,2027-04-12 16:00,18.0,18.0,0.0,2027-03-23 08:00,2027-04-10 08:00,0.0,0,YES
AB-SUB-B02-4TH-1010,Submittal for Slabs Conc. Dim.  & RFT DWGs As-Built Drawing (B02) (4th),ROYA-BIG PROJECT PHASE01 (B1-4) > Handover > As-built > Submittal > Part 02 > B02 > Superstructure > 4th Floor,TK_NotStart,2026-03-17 00:00,2027-04-17 08:00,2027-05-06 16:00,18.0,18.0,0.0,2027-04-17 08:00,2027-05-05 08:00,0.0,0,YES
AB-SUB-B02-4TH-1020,Submittal for Beams Conc. Dim.  & RFT DWGs As-Built Drawing (B02) (4th),ROYA-BIG PROJECT PHASE01 (B1-4) > Handover > As-built > Submittal > Part 02 > B02 > Superstructure > 4th Floor,TK_NotStart,2026-03-17 00:00,2027-04-17 08:00,2027-05-06 16:00,18.0,18.0,0.0,2027-04-17 08:00,2027-05-05 08:00,0.0,0,YES
AB-SUB-B02-4TH-1030,Submittal for Stairs Conc. Dim.  & RFT DWGs As-Built Drawing (B02) (4th),ROYA-BIG PROJECT PHASE01 (B1-4) > Handover > As-built > Submittal > Part 02 > B02 > Superstructure > 4th Floor,TK_NotStart,2026-03-17 00:00,2027-04-17 08:00,2027-05-06 16:00,18.0,18.0,0.0,2027-04-17 08:00,2027-05-05 08:00,0.0,0,YES
AB-SUB-B01-1ST-1000,Submittal for Col. & Walls Conc. Dim.  & RFT DWGs As-Built Drawing (B01) (1st),ROYA-BIG PROJECT PHASE01 (B1-4) > Handover > As-built > Submittal > Part 02 > B01 > Superstructure > 1st Floor,TK_NotStart,2026-03-17 00:00,2026-11-03 08:00,2026-11-23 16:00,18.0,18.0,0.0,2026-10-23 20:00,2026-11-10 20:00,-10.5,0,YES
AB-SUB-B01-1ST-1010,Submittal for Slabs Conc. Dim.  & RFT DWGs As-Built Drawing (B01) (1st),ROYA-BIG PROJECT PHASE01 (B1-4) > Handover > As-built > Submittal > Part 02 > B01 > Superstructure > 1st Floor,TK_NotStart,2026-03-17 00:00,2026-11-25 08:00,2026-12-15 16:00,18.0,18.0,0.0,2026-11-11 02:00,2026-11-29 02:00,-14.25,0,YES
AB-SUB-B01-1ST-1020,Submittal for Beams Conc. Dim.  & RFT DWGs As-Built Drawing (B01) (1st),ROYA-BIG PROJECT PHASE01 (B1-4) > Handover > As-built > Submittal > Part 02 > B01 > Superstructure > 1st Floor,TK_NotStart,2026-03-17 00:00,2026-11-25 08:00,2026-12-15 16:00,18.0,18.0,0.0,2026-11-11 02:00,2026-11-29 02:00,-14.25,0,YES
AB-SUB-B01-1ST-1030,Submittal for Stairs Conc. Dim.  & RFT DWGs As-Built Drawing (B01) (1st),ROYA-BIG PROJECT PHASE01 (B1-4) > Handover > As-built > Submittal > Part 02 > B01 > Superstructure > 1st Floor,TK_NotStart,2026-03-17 00:00,2026-11-25 08:00,2026-12-15 16:00,18.0,18.0,0.0,2026-11-11 02:00,2026-11-29 02:00,-14.25,0,YES
AB-SUB-B01-2ND-1000,Submittal for Col. & Walls Conc. Dim.  & RFT DWGs As-Built Drawing (B01) (2nd),ROYA-BIG PROJECT PHASE01 (B1-4) > Handover > As-built > Submittal > Part 02 > B01 > Superstructure > 2nd Floor,TK_NotStart,2026-03-17 00:00,2026-12-13 08:00,2027-01-02 16:00,18.0,18.0,0.0,2026-11-27 08:00,2026-12-15 08:00,-16.0,0,YES
AB-SUB-B01-2ND-1010,Submittal for Slabs Conc. Dim.  & RFT DWGs As-Built Drawing (B01) (2nd),ROYA-BIG PROJECT PHASE01 (B1-4) > Handover > As-built > Submittal > Part 02 > B01 > Superstructure > 2nd Floor,TK_NotStart,2026-03-17 00:00,2026-12-30 08:00,2027-01-20 16:00,18.0,18.0,0.0,2026-12-11 14:00,2026-12-29 14:00,-18.75,0,YES
AB-SUB-B01-2ND-1020,Submittal for Beams Conc. Dim.  & RFT DWGs As-Built Drawing (B01) (2nd),ROYA-BIG PROJECT PHASE01 (B1-4) > Handover > As-built > Submittal > Part 02 > B01 > Superstructure > 2nd Floor,TK_NotStart,2026-03-17 00:00,2026-12-30 08:00,2027-01-20 16:00,18.0,18.0,0.0,2026-12-11 14:00,2026-12-29 14:00,-18.75,0,YES
AB-SUB-B01-2ND-1030,Submittal for Stairs Conc. Dim.  & RFT DWGs As-Built Drawing (B01) (2nd),ROYA-BIG PROJECT PHASE01 (B1-4) > Handover > As-built > Submittal > Part 02 > B01 > Superstructure > 2nd Floor,TK_NotStart,2026-03-17 00:00,2026-12-30 08:00,2027-01-20 16:00,18.0,18.0,0.0,2026-12-11 14:00,2026-12-29 14:00,-18.75,0,YES
AB-SUB-B01-3RD-1000,Submittal for Col. & Walls Conc. Dim.  & RFT DWGs As-Built Drawing (B01) (3rd),ROYA-BIG PROJECT PHASE01 (B1-4) > Handover > As-built > Submittal > Part 02 > B01 > Superstructure > 3rd Floor,TK_NotStart,2026-03-17 00:00,2027-01-19 08:00,2027-02-09 16:00,18.0,18.0,0.0,2026-12-30 14:00,2027-01-17 14:00,-19.75,0,YES
AB-SUB-B01-3RD-1010,Submittal for Slabs Conc. Dim.  & RFT DWGs As-Built Drawing (B01) (3rd),ROYA-BIG PROJECT PHASE01 (B1-4) > Handover > As-built > Submittal > Part 02 > B01 > Superstructure > 3rd Floor,TK_NotStart,2026-03-17 00:00,2027-02-09 08:00,2027-03-01 16:00,18.0,18.0,0.0,2027-01-17 08:00,2027-02-04 08:00,-23.0,0,YES
AB-SUB-B01-3RD-1020,Submittal for Beams Conc. Dim.  & RFT DWGs As-Built Drawing (B01) (3rd),ROYA-BIG PROJECT PHASE01 (B1-4) > Handover > As-built > Submittal > Part 02 > B01 > Superstructure > 3rd Floor,TK_NotStart,2026-03-17 00:00,2027-02-09 08:00,2027-03-01 16:00,18.0,18.0,0.0,2027-01-17 08:00,2027-02-04 08:00,-23.0,0,YES
AB-SUB-B01-3RD-1030,Submittal for Stairs Conc. Dim.  & RFT DWGs As-Built Drawing (B01) (3rd),ROYA-BIG PROJECT PHASE01 (B1-4) > Handover > As-built > Submittal > Part 02 > B01 > Superstructure > 3rd Floor,TK_NotStart,2026-03-17 00:00,2027-02-09 08:00,2027-03-01 16:00,18.0,18.0,0.0,2027-01-17 08:00,2027-02-04 08:00,-23.0,0,YES
AB-SUB-B01-4TH-1000,Submittal for Col. & Walls Conc. Dim.  & RFT DWGs As-Built Drawing (B01) (4th),ROYA-BIG PROJECT PHASE01 (B1-4) > Handover > As-built > Submittal > Part 02 > B01 > Superstructure > 4th Floor,TK_NotStart,2026-03-17 00:00,2027-02-28 08:00,2027-03-23 16:00,18.0,18.0,0.0,2027-02-06 14:00,2027-02-24 14:00,-21.75,0,YES
AB-SUB-B01-4TH-1010,Submittal for Slabs Conc. Dim.  & RFT DWGs As-Built Drawing (B01) (4th),ROYA-BIG PROJECT PHASE01 (B1-4) > Handover > As-built > Submittal > Part 02 > B01 > Superstructure > 4th Floor,TK_NotStart,2026-03-17 00:00,2027-03-25 08:00,2027-04-14 16:00,18.0,18.0,0.0,2027-02-27 20:00,2027-03-17 20:00,-25.5,0,YES
AB-SUB-B01-4TH-1020,Submittal for Beams Conc. Dim.  & RFT DWGs As-Built Drawing (B01) (4th),ROYA-BIG PROJECT PHASE01 (B1-4) > Handover > As-built > Submittal > Part 02 > B01 > Superstructure > 4th Floor,TK_NotStart,2026-03-17 00:00,2027-03-25 08:00,2027-04-14 16:00,18.0,18.0,0.0,2027-02-27 20:00,2027-03-17 20:00,-25.5,0,YES
AB-SUB-B01-4TH-1030,Submittal for Stairs Conc. Dim.  & RFT DWGs As-Built Drawing (B01) (4th),ROYA-BIG PROJECT PHASE01 (B1-4) > Handover > As-built > Submittal > Part 02 > B01 > Superstructure > 4th Floor,TK_NotStart,2026-03-17 00:00,2027-03-25 08:00,2027-04-14 16:00,18.0,18.0,0.0,2027-02-27 20:00,2027-03-17 20:00,-25.5,0,YES
AB-SUB-B01-5TH-1000,Submittal for Col. & Walls Conc. Dim.  & RFT DWGs As-Built Drawing (B01) (5th),ROYA-BIG PROJECT PHASE01 (B1-4) > Handover > As-built > Submittal > Part 02 > B01 > Superstructure > 5th Floor,TK_NotStart,2026-03-17 00:00,2027-04-12 08:00,2027-05-02 16:00,18.0,18.0,0.0,2027-03-21 20:00,2027-04-08 20:00,-21.5,0,YES
AB-SUB-B01-5TH-1010,Submittal for Slabs Conc. Dim.  & RFT DWGs As-Built Drawing (B01) (5th),ROYA-BIG PROJECT PHASE01 (B1-4) > Handover > As-built > Submittal > Part 02 > B01 > Superstructure > 5th Floor,TK_NotStart,2026-03-17 00:00,2027-04-29 08:00,2027-05-19 16:00,18.0,18.0,0.0,2027-04-05 14:00,2027-04-23 14:00,-23.75,0,YES
AB-SUB-B01-5TH-1020,Submittal for Beams Conc. Dim.  & RFT DWGs As-Built Drawing (B01) (5th),ROYA-BIG PROJECT PHASE01 (B1-4) > Handover > As-built > Submittal > Part 02 > B01 > Superstructure > 5th Floor,TK_NotStart,2026-03-17 00:00,2027-04-29 08:00,2027-05-19 16:00,18.0,18.0,0.0,2027-04-05 14:00,2027-04-23 14:00,-23.75,0,YES
AB-SUB-B01-5TH-1030,Submittal for Stairs Conc. Dim.  & RFT DWGs As-Built Drawing (B01) (5th),ROYA-BIG PROJECT PHASE01 (B1-4) > Handover > As-built > Submittal > Part 02 > B01 > Superstructure > 5th Floor,TK_NotStart,2026-03-17 00:00,2027-04-29 08:00,2027-05-19 16:00,18.0,18.0,0.0,2027-04-05 14:00,2027-04-23 14:00,-23.75,0,YES
AB-SUB-B01-6TH-1000,Submittal for Col. & Walls Conc. Dim.  & RFT DWGs As-Built Drawing (B01) (6th),ROYA-BIG PROJECT PHASE01 (B1-4) > Handover > As-built > Submittal > Part 02 > B01 > Superstructure > 6th Floor,TK_NotStart,2026-03-17 00:00,2027-05-17 08:00,2027-06-06 16:00,18.0,18.0,0.0,2027-04-24 20:00,2027-05-12 20:00,-22.5,0,YES
AB-SUB-B01-6TH-1010,Submittal for Slabs Conc. Dim.  & RFT DWGs As-Built Drawing (B01) (6th),ROYA-BIG PROJECT PHASE01 (B1-4) > Handover > As-built > Submittal > Part 02 > B01 > Superstructure > 6th Floor,TK_NotStart,2026-03-17 00:00,2027-06-03 08:00,2027-06-23 16:00,18.0,18.0,0.0,2027-05-09 14:00,2027-05-27 14:00,-24.75,0,YES
AB-SUB-B01-6TH-1020,Submittal for Beams Conc. Dim.  & RFT DWGs As-Built Drawing (B01) (6th),ROYA-BIG PROJECT PHASE01 (B1-4) > Handover > As-built > Submittal > Part 02 > B01 > Superstructure > 6th Floor,TK_NotStart,2026-03-17 00:00,2027-06-03 08:00,2027-06-23 16:00,18.0,18.0,0.0,2027-05-09 14:00,2027-05-27 14:00,-24.75,0,YES
AB-SUB-B01-6TH-1030,Submittal for Stairs Conc. Dim.  & RFT DWGs As-Built Drawing (B01) (6th),ROYA-BIG PROJECT PHASE01 (B1-4) > Handover > As-built > Submittal > Part 02 > B01 > Superstructure > 6th Floor,TK_NotStart,2026-03-17 00:00,2027-06-03 08:00,2027-06-23 16:00,18.0,18.0,0.0,2027-05-09 14:00,2027-05-27 14:00,-24.75,0,YES
AB-SUB-B01-7TH-1000,Submittal for Col. & Walls Conc. Dim.  & RFT DWGs As-Built Drawing (B01) (7th),ROYA-BIG PROJECT PHASE01 (B1-4) > Handover > As-built > Submittal > Part 02 > B01 > Superstructure > 7th Floor,TK_NotStart,2026-03-17 00:00,2027-06-19 08:00,2027-07-08 16:00,18.0,18.0,0.0,2027-05-28 02:00,2027-06-15 02:00,-22.25,0,YES
AB-SUB-B01-7TH-1010,Submittal for Slabs Conc. Dim.  & RFT DWGs As-Built Drawing (B01) (7th),ROYA-BIG PROJECT PHASE01 (B1-4) > Handover > As-built > Submittal > Part 02 > B01 > Superstructure > 7th Floor,TK_NotStart,2026-03-17 00:00,2027-07-05 08:00,2027-07-25 16:00,18.0,18.0,0.0,2027-06-09 20:00,2027-06-27 20:00,-25.5,0,YES
AB-SUB-B01-7TH-1020,Submittal for Beams Conc. Dim.  & RFT DWGs As-Built Drawing (B01) (7th),ROYA-BIG PROJECT PHASE01 (B1-4) > Handover > As-built > Submittal > Part 02 > B01 > Superstructure > 7th Floor,TK_NotStart,2026-03-17 00:00,2027-07-05 08:00,2027-07-25 16:00,18.0,18.0,0.0,2027-06-09 20:00,2027-06-27 20:00,-25.5,0,YES
AB-SUB-B01-7TH-1030,Submittal for Stairs Conc. Dim.  & RFT DWGs As-Built Drawing (B01) (7th),ROYA-BIG PROJECT PHASE01 (B1-4) > Handover > As-built > Submittal > Part 02 > B01 > Superstructure > 7th Floor,TK_NotStart,2026-03-17 00:00,2027-07-05 08:00,2027-07-25 16:00,18.0,18.0,0.0,2027-06-09 20:00,2027-06-27 20:00,-25.5,0,YES
AB-SUB-B01-8TH-1000,Submittal for Col. & Walls Conc. Dim.  & RFT DWGs As-Built Drawing (B01) (8th),ROYA-BIG PROJECT PHASE01 (B1-4) > Handover > As-built > Submittal > Part 02 > B01 > Superstructure > 8th Floor,TK_NotStart,2026-03-17 00:00,2027-07-19 08:00,2027-08-08 16:00,18.0,18.0,0.0,2027-06-28 02:00,2027-07-16 02:00,-21.25,0,YES
AB-SUB-B01-8TH-1010,Submittal for Slabs Conc. Dim.  & RFT DWGs As-Built Drawing (B01) (8th),ROYA-BIG PROJECT PHASE01 (B1-4) > Handover > As-built > Submittal > Part 02 > B01 > Superstructure > 8th Floor,TK_NotStart,2026-03-17 00:00,2027-08-02 08:00,2027-08-22 16:00,18.0,18.0,0.0,2027-07-08 02:00,2027-07-26 02:00,-25.25,0,YES
AB-SUB-B01-8TH-1020,Submittal for Beams Conc. Dim.  & RFT DWGs As-Built Drawing (B01) (8th),ROYA-BIG PROJECT PHASE01 (B1-4) > Handover > As-built > Submittal > Part 02 > B01 > Superstructure > 8th Floor,TK_NotStart,2026-03-17 00:00,2027-08-02 08:00,2027-08-22 16:00,18.0,18.0,0.0,2027-07-08 02:00,2027-07-26 02:00,-25.25,0,YES
AB-SUB-B01-8TH-1030,Submittal for Stairs Conc. Dim.  & RFT DWGs As-Built Drawing (B01) (8th),ROYA-BIG PROJECT PHASE01 (B1-4) > Handover > As-built > Submittal > Part 02 > B01 > Superstructure > 8th Floor,TK_NotStart,2026-03-17 00:00,2027-08-02 08:00,2027-08-22 16:00,18.0,18.0,0.0,2027-07-08 02:00,2027-07-26 02:00,-25.25,0,YES
AB-SUB-B04-RF-1000,Submittal for Col. & Walls Conc. Dim.  & RFT DWGs As-Built Drawing (B04) (RF),ROYA-BIG PROJECT PHASE01 (B1-4) > Handover > As-built > Submittal > Part 01 > B04 > Superstructure > Roof Floor,TK_NotStart,2026-03-17 00:00,2027-07-28 08:00,2027-08-05 16:00,8.0,8.0,0.0,2027-07-19 02:00,2027-07-27 02:00,-9.25,0,YES
AB-SUB-B04-RF-1010,Submittal for Slabs Conc. Dim.  & RFT DWGs As-Built Drawing (B04) (RF),ROYA-BIG PROJECT PHASE01 (B1-4) > Handover > As-built > Submittal > Part 01 > B04 > Superstructure > Roof Floor,TK_NotStart,2026-03-17 00:00,2027-08-03 08:00,2027-08-15 16:00,11.0,11.0,0.0,2027-07-25 20:00,2027-08-05 20:00,-8.5,0,YES
AB-SUB-B04-RF-1020,Submittal for Beams Conc. Dim.  & RFT DWGs As-Built Drawing (B04) (RF),ROYA-BIG PROJECT PHASE01 (B1-4) > Handover > As-built > Submittal > Part 01 > B04 > Superstructure > Roof Floor,TK_NotStart,2026-03-17 00:00,2027-08-03 08:00,2027-08-15 16:00,11.0,11.0,0.0,2027-07-25 20:00,2027-08-05 20:00,-8.5,0,YES
AB-SUB-B03-RF-1000,Submittal for Col. & Walls Conc. Dim.  & RFT DWGs As-Built Drawing (B03) (RF),ROYA-BIG PROJECT PHASE01 (B1-4) > Handover > As-built > Submittal > Part 01 > B03 > Superstructure > Roof Floor,TK_NotStart,2026-03-17 00:00,2027-05-22 08:00,2027-06-10 16:00,18.0,18.0,0.0,2027-05-22 08:00,2027-06-09 08:00,0.0,0,YES
AB-SUB-B03-RF-1010,Submittal for Slabs Conc. Dim.  & RFT DWGs As-Built Drawing (B03) (RF),ROYA-BIG PROJECT PHASE01 (B1-4) > Handover > As-built > Submittal > Part 01 > B03 > Superstructure > Roof Floor,TK_NotStart,2026-03-17 00:00,2027-05-31 08:00,2027-06-20 16:00,18.0,18.0,0.0,2027-05-31 08:00,2027-06-18 08:00,0.0,0,YES
AB-SUB-B03-RF-1020,Submittal for Beams Conc. Dim.  & RFT DWGs As-Built Drawing (B03) (RF),ROYA-BIG PROJECT PHASE01 (B1-4) > Handover > As-built > Submittal > Part 01 > B03 > Superstructure > Roof Floor,TK_NotStart,2026-03-17 00:00,2027-05-31 08:00,2027-06-20 16:00,18.0,18.0,0.0,2027-05-31 08:00,2027-06-18 08:00,0.0,0,YES
AB-SUB-B02-RF-1000,Submittal for Col. & Walls Conc. Dim.  & RFT DWGs As-Built Drawing (B02) (RF),ROYA-BIG PROJECT PHASE01 (B1-4) > Handover > As-built > Submittal > Part 02 > B02 > Superstructure > Roof Floor,TK_NotStart,2026-03-17 00:00,2027-05-11 08:00,2027-05-31 16:00,18.0,18.0,0.0,2027-05-11 08:00,2027-05-29 08:00,0.0,0,YES
AB-SUB-B02-RF-1010,Submittal for Slabs Conc. Dim.  & RFT DWGs As-Built Drawing (B02) (RF),ROYA-BIG PROJECT PHASE01 (B1-4) > Handover > As-built > Submittal > Part 02 > B02 > Superstructure > Roof Floor,TK_NotStart,2026-03-17 00:00,2027-05-23 08:00,2027-06-12 16:00,18.0,18.0,0.0,2027-05-23 08:00,2027-06-10 08:00,0.0,0,YES
AB-SUB-B02-RF-1020,Submittal for Beams Conc. Dim.  & RFT DWGs As-Built Drawing (B02) (RF),ROYA-BIG PROJECT PHASE01 (B1-4) > Handover > As-built > Submittal > Part 02 > B02 > Superstructure > Roof Floor,TK_NotStart,2026-03-17 00:00,2027-05-23 08:00,2027-06-12 16:00,18.0,18.0,0.0,2027-05-23 08:00,2027-06-10 08:00,0.0,0,YES
AB-SUB-B01-RF-1000,Submittal for Col. & Walls Conc. Dim.  & RFT DWGs As-Built Drawing (B01) (RF),ROYA-BIG PROJECT PHASE01 (B1-4) > Handover > As-built > Submittal > Part 02 > B01 > Superstructure > Roof Floor,TK_NotStart,2026-03-17 00:00,2027-08-11 08:00,2027-08-31 16:00,18.0,18.0,0.0,2027-07-16 08:00,2027-08-03 08:00,-26.0,0,YES
AB-SUB-B01-RF-1010,Submittal for Slabs Conc. Dim.  & RFT DWGs As-Built Drawing (B01) (RF),ROYA-BIG PROJECT PHASE01 (B1-4) > Handover > As-built > Submittal > Part 02 > B01 > Superstructure > Roof Floor,TK_NotStart,2026-03-17 00:00,2027-08-17 08:00,2027-09-05 16:00,18.0,13.5,-4.5,2027-07-22 08:00,2027-08-04 20:00,-26.0,0,YES
AB-SUB-B01-RF-1020,Submittal for Beams Conc. Dim.  & RFT DWGs As-Built Drawing (B01) (RF),ROYA-BIG PROJECT PHASE01 (B1-4) > Handover > As-built > Submittal > Part 02 > B01 > Superstructure > Roof Floor,TK_NotStart,2026-03-17 00:00,2027-08-17 08:00,2027-09-05 16:00,18.0,13.5,-4.5,2027-07-22 08:00,2027-08-04 20:00,-26.0,0,YES
AB-APP-B01-FOOT-1000,Approval for PC Raft Conc. Dim. DWGs As-Built Drawing (B01) (footing),ROYA-BIG PROJECT PHASE01 (B1-4) > Handover > As-built > Approval > Part 02 > B01 > Substructre > Footing,TK_NotStart,2026-03-17 00:00,2026-04-04 08:00,2026-04-18 16:00,12.0,12.0,0.0,2026-04-04 08:00,2026-04-16 08:00,0.0,0,YES
AB-APP-B01-FOOT-1020,Approval for RC Raft & Footings Conc. Dim. DWGs As-Built Drawing (B01),ROYA-BIG PROJECT PHASE01 (B1-4) > Handover > As-built > Approval > Part 02 > B01 > Substructre > Footing,TK_NotStart,2026-03-17 00:00,2026-04-04 14:24,2026-04-19 14:24,12.0,12.0,0.0,2026-04-04 14:24,2026-04-16 14:24,0.0,0,YES
AB-APP-B01-FOOT-1030,Approval for RC Raft & Footings RFT DWGs As-Built Drawing (B01),ROYA-BIG PROJECT PHASE01 (B1-4) > Handover > As-built > Approval > Part 02 > B01 > Substructre > Footing,TK_NotStart,2026-03-17 00:00,2026-04-04 14:24,2026-04-19 14:24,12.0,12.0,0.0,2026-04-04 14:24,2026-04-16 14:24,0.0,0,YES
AB-APP-B02-FOOT-1000,Approval for PC Raft Conc. Dim. DWGs As-Built Drawing (B02) (footing),ROYA-BIG PROJECT PHASE01 (B1-4) > Handover > As-built > Approval > Part 02 > B02 > Substructre > Footing,TK_NotStart,2026-03-17 00:00,2026-04-04 08:00,2026-04-18 16:00,12.0,12.0,0.0,2026-04-04 08:00,2026-04-16 08:00,0.0,0,YES
AB-APP-B02-FOOT-1010,Approval for RC Raft & Footings Conc. Dim. DWGs As-Built Drawing (B02) (footing),ROYA-BIG PROJECT PHASE01 (B1-4) > Handover > As-built > Approval > Part 02 > B02 > Substructre > Footing,TK_NotStart,2026-03-17 00:00,2026-04-04 08:00,2026-04-18 16:00,12.0,12.0,0.0,2026-04-04 08:00,2026-04-16 08:00,0.0,0,YES
AB-APP-B02-FOOT-1020,Approval for RC Raft & Footings RFT DWGs As-Built Drawing (B02) (footing),ROYA-BIG PROJECT PHASE01 (B1-4) > Handover > As-built > Approval > Part 02 > B02 > Substructre > Footing,TK_NotStart,2026-03-17 00:00,2026-04-04 08:00,2026-04-18 16:00,12.0,12.0,0.0,2026-04-04 08:00,2026-04-16 08:00,0.0,0,YES
AB-APP-B02-BAS2-1000,Approval for Col. & Walls Conc. Dim.  & RFT DWGs As-Built Drawing (B02) (Bas 02),ROYA-BIG PROJECT PHASE01 (B1-4) > Handover > As-built > Approval > Part 02 > B02 > Substructre > Basement 2,TK_NotStart,2026-03-17 00:00,2026-04-25 08:00,2026-05-07 16:00,12.0,12.0,0.0,2026-04-25 08:00,2026-05-07 08:00,0.0,0,YES
AB-APP-B02-BAS2-1020,Approval for Slabs Conc. Dim.  & RFT DWGs As-Built Drawing (B02) (Bas 02),ROYA-BIG PROJECT PHASE01 (B1-4) > Handover > As-built > Approval > Part 02 > B02 > Substructre > Basement 2,TK_NotStart,2026-03-17 00:00,2026-06-01 08:00,2026-06-14 16:00,12.0,12.0,0.0,2026-06-01 08:00,2026-06-13 08:00,0.0,0,YES
AB-APP-B02-BAS2-1030,Approval for Beams Conc. Dim.  & RFT DWGs As-Built Drawing (B02) (Bas 02),ROYA-BIG PROJECT PHASE01 (B1-4) > Handover > As-built > Approval > Part 02 > B02 > Substructre > Basement 2,TK_NotStart,2026-03-17 00:00,2026-06-01 08:00,2026-06-14 16:00,12.0,12.0,0.0,2026-06-01 08:00,2026-06-13 08:00,0.0,0,YES
AB-APP-B02-BAS2-1010,Approval for Stairs Conc. Dim.  & RFT DWGs As-Built Drawing (B02) (Bas 02),ROYA-BIG PROJECT PHASE01 (B1-4) > Handover > As-built > Approval > Part 02 > B02 > Substructre > Basement 2,TK_NotStart,2026-03-17 00:00,2026-05-23 08:00,2026-06-09 16:00,12.0,12.0,0.0,2026-05-23 08:00,2026-06-04 08:00,0.0,0,YES
AB-APP-B01-BAS2-1000,Approval for Col. & Walls Conc. Dim.  & RFT DWGs As-Built Drawing (B01) (Bas 02),ROYA-BIG PROJECT PHASE01 (B1-4) > Handover > As-built > Approval > Part 02 > B01 > Substructre > Basement 2,TK_NotStart,2026-03-17 00:00,2026-05-04 08:00,2026-05-17 16:00,12.0,12.0,0.0,2026-05-04 08:00,2026-05-16 08:00,0.0,0,YES
AB-APP-B01-BAS2-1030,Approval for Slabs Conc. Dim.  & RFT DWGs As-Built Drawing (B01) (Bas 02),ROYA-BIG PROJECT PHASE01 (B1-4) > Handover > As-built > Approval > Part 02 > B01 > Substructre > Basement 2,TK_NotStart,2026-03-17 00:00,2026-08-12 08:00,2026-08-25 16:00,12.0,12.0,0.0,2026-08-02 20:00,2026-08-14 20:00,-9.5,0,YES
AB-APP-B01-BAS2-1040,Approval for Beams Conc. Dim.  & RFT DWGs As-Built Drawing (B01) (Bas 02),ROYA-BIG PROJECT PHASE01 (B1-4) > Handover > As-built > Approval > Part 02 > B01 > Substructre > Basement 2,TK_NotStart,2026-03-17 00:00,2026-08-12 08:00,2026-08-25 16:00,12.0,12.0,0.0,2026-08-02 20:00,2026-08-14 20:00,-9.5,0,YES
AB-APP-B01-BAS2-1010,Approval for Stairs Conc. Dim.  & RFT DWGs As-Built Drawing (B01) (Bas 02),ROYA-BIG PROJECT PHASE01 (B1-4) > Handover > As-built > Approval > Part 02 > B01 > Substructre > Basement 2,TK_NotStart,2026-03-17 00:00,2026-08-09 08:00,2026-08-22 16:00,12.0,12.0,0.0,2026-08-02 08:00,2026-08-14 08:00,-7.0,0,YES
AB-APP-B01-BAS2-1020,Approval for Ramps Conc. Dim.  & RFT DWGs As-Built Drawing (B01) (Bas 02),ROYA-BIG PROJECT PHASE01 (B1-4) > Handover > As-built > Approval > Part 02 > B01 > Substructre > Basement 2,TK_NotStart,2026-03-17 00:00,2026-05-20 08:00,2026-06-07 16:00,12.0,12.0,0.0,2026-05-20 08:00,2026-06-01 08:00,0.0,0,YES
AB-APP-B02-BAS1-1000,Approval for Col. & Walls Conc. Dim.  & RFT DWGs As-Built Drawing (B02) (Bas 01),ROYA-BIG PROJECT PHASE01 (B1-4) > Handover > As-built > Approval > Part 02 > B02 > Substructre > Basement 1,TK_NotStart,2026-03-17 00:00,2026-06-22 08:00,2026-07-06 16:00,12.0,12.0,0.0,2026-06-22 08:00,2026-07-04 08:00,0.0,0,YES
AB-APP-B02-BAS1-1020,Approval for Slabs Conc. Dim.  & RFT DWGs As-Built Drawing (B02) (Bas 01),ROYA-BIG PROJECT PHASE01 (B1-4) > Handover > As-built > Approval > Part 02 > B02 > Substructre > Basement 1,TK_NotStart,2026-03-17 00:00,2026-07-09 08:00,2026-07-22 16:00,12.0,12.0,0.0,2026-07-09 08:00,2026-07-21 08:00,0.0,0,YES
AB-APP-B02-BAS1-1030,Approval for Beams Conc. Dim.  & RFT DWGs As-Built Drawing (B02) (Bas 01),ROYA-BIG PROJECT PHASE01 (B1-4) > Handover > As-built > Approval > Part 02 > B02 > Substructre > Basement 1,TK_NotStart,2026-03-17 00:00,2026-07-09 08:00,2026-07-22 16:00,12.0,12.0,0.0,2026-07-09 08:00,2026-07-21 08:00,0.0,0,YES
AB-APP-B02-BAS1-1010,Approval for Stairs Conc. Dim.  & RFT DWGs As-Built Drawing (B02) (Bas 01),ROYA-BIG PROJECT PHASE01 (B1-4) > Handover > As-built > Approval > Part 02 > B02 > Substructre > Basement 1,TK_NotStart,2026-03-17 00:00,2026-07-07 08:00,2026-07-20 16:00,12.0,12.0,0.0,2026-07-07 08:00,2026-07-19 08:00,0.0,0,YES
AB-APP-B01-BAS1-1000,Approval for Col. & Walls Conc. Dim.  & RFT DWGs As-Built Drawing (B01) (Bas 01),ROYA-BIG PROJECT PHASE01 (B1-4) > Handover > As-built > Approval > Part 02 > B01 > Substructre > Basement 1,TK_NotStart,2026-03-17 00:00,2026-09-05 08:00,2026-09-17 16:00,12.0,12.0,0.0,2026-08-24 14:00,2026-09-05 14:00,-11.75,0,YES
AB-APP-B01-BAS1-1020,Approval for Slabs Conc. Dim.  & RFT DWGs As-Built Drawing (B01) (Bas 01),ROYA-BIG PROJECT PHASE01 (B1-4) > Handover > As-built > Approval > Part 02 > B01 > Substructre > Basement 1,TK_NotStart,2026-03-17 00:00,2026-09-21 08:00,2026-10-04 16:00,12.0,12.0,0.0,2026-09-07 02:00,2026-09-19 02:00,-14.25,0,YES
AB-APP-B01-BAS1-1030,Approval for Beams Conc. Dim.  & RFT DWGs As-Built Drawing (B01) (Bas 01),ROYA-BIG PROJECT PHASE01 (B1-4) > Handover > As-built > Approval > Part 02 > B01 > Substructre > Basement 1,TK_NotStart,2026-03-17 00:00,2026-09-21 08:00,2026-10-04 16:00,12.0,12.0,0.0,2026-09-07 02:00,2026-09-19 02:00,-14.25,0,YES
AB-APP-B01-BAS1-1010,Approval for Stairs Conc. Dim.  & RFT DWGs As-Built Drawing (B01) (Bas 01),ROYA-BIG PROJECT PHASE01 (B1-4) > Handover > As-built > Approval > Part 02 > B01 > Substructre > Basement 1,TK_NotStart,2026-03-17 00:00,2026-09-20 08:00,2026-10-03 16:00,12.0,12.0,0.0,2026-09-08 14:00,2026-09-20 14:00,-11.75,0,YES
AB-APP-B01-BAS1-1040,Approval for Ramps Conc. Dim.  & RFT DWGs As-Built Drawing (B01) (Bas 01),ROYA-BIG PROJECT PHASE01 (B1-4) > Handover > As-built > Approval > Part 02 > B01 > Substructre > Basement 1,TK_NotStart,2026-03-17 00:00,2026-09-22 08:00,2026-10-05 16:00,12.0,12.0,0.0,2026-09-10 14:00,2026-09-22 14:00,-11.75,0,YES
AB-APP-B02-GR-1000,Approval for Col. & Walls Conc. Dim.  & RFT DWGs As-Built Drawing (B02) (GF),ROYA-BIG PROJECT PHASE01 (B1-4) > Handover > As-built > Approval > Part 02 > B02 > Superstructure > Ground Floor,TK_NotStart,2026-03-17 00:00,2026-08-02 08:00,2026-08-15 16:00,12.0,12.0,0.0,2026-08-02 08:00,2026-08-14 08:00,0.0,0,YES
AB-APP-B02-GR-1020,Approval for Slabs Conc. Dim.  & RFT DWGs As-Built Drawing (B02) (GF),ROYA-BIG PROJECT PHASE01 (B1-4) > Handover > As-built > Approval > Part 02 > B02 > Superstructure > Ground Floor,TK_NotStart,2026-03-17 00:00,2026-08-26 08:00,2026-09-09 16:00,12.0,12.0,0.0,2026-08-26 08:00,2026-09-07 08:00,0.0,0,YES
AB-APP-B02-GR-1030,Approval for Beams Conc. Dim.  & RFT DWGs As-Built Drawing (B02) (GF),ROYA-BIG PROJECT PHASE01 (B1-4) > Handover > As-built > Approval > Part 02 > B02 > Superstructure > Ground Floor,TK_NotStart,2026-03-17 00:00,2026-08-26 08:00,2026-09-09 16:00,12.0,12.0,0.0,2026-08-26 08:00,2026-09-07 08:00,0.0,0,YES
AB-APP-B02-GR-1010,Approval for Stairs Conc. Dim.  & RFT DWGs As-Built Drawing (B02) (GF),ROYA-BIG PROJECT PHASE01 (B1-4) > Handover > As-built > Approval > Part 02 > B02 > Superstructure > Ground Floor,TK_NotStart,2026-03-17 00:00,2026-08-17 08:00,2026-08-31 16:00,12.0,12.0,0.0,2026-08-17 08:00,2026-08-29 08:00,0.0,0,YES
AB-APP-B01-GR-1000,Approval for Col. & Walls Conc. Dim.  & RFT DWGs As-Built Drawing (B01)  (GF),ROYA-BIG PROJECT PHASE01 (B1-4) > Handover > As-built > Approval > Part 02 > B01 > Superstructure > Ground Floor,TK_NotStart,2026-03-17 00:00,2026-10-08 08:00,2026-10-21 16:00,12.0,12.0,0.0,2026-10-02 20:00,2026-10-14 20:00,-5.5,0,YES
AB-APP-B01-GR-1020,Approval for Slabs Conc. Dim.  & RFT DWGs As-Built Drawing (B01)  (GF),ROYA-BIG PROJECT PHASE01 (B1-4) > Handover > As-built > Approval > Part 02 > B01 > Superstructure > Ground Floor,TK_NotStart,2026-03-17 00:00,2026-10-29 08:00,2026-11-11 16:00,12.0,12.0,0.0,2026-10-17 08:00,2026-10-29 08:00,-12.0,0,YES
AB-APP-B01-GR-1030,Approval for Beams Conc. Dim.  & RFT DWGs As-Built Drawing (B01)  (GF),ROYA-BIG PROJECT PHASE01 (B1-4) > Handover > As-built > Approval > Part 02 > B01 > Superstructure > Ground Floor,TK_NotStart,2026-03-17 00:00,2026-10-29 08:00,2026-11-11 16:00,12.0,12.0,0.0,2026-10-17 08:00,2026-10-29 08:00,-12.0,0,YES
AB-APP-B01-GR-1010,Approval for Stairs Conc. Dim.  & RFT DWGs As-Built Drawing (B01)  (GF),ROYA-BIG PROJECT PHASE01 (B1-4) > Handover > As-built > Approval > Part 02 > B01 > Superstructure > Ground Floor,TK_NotStart,2026-03-17 00:00,2026-10-25 08:00,2026-11-07 16:00,12.0,12.0,0.0,2026-10-17 20:00,2026-10-29 20:00,-7.5,0,YES
AB-APP-B02-1ST-1000,Approval for Col. & Walls Conc. Dim.  & RFT DWGs As-Built Drawing (B02) (1st),ROYA-BIG PROJECT PHASE01 (B1-4) > Handover > As-built > Approval > Part 02 > B02 > Superstructure > 1st Floor,TK_NotStart,2026-03-17 00:00,2026-10-03 08:00,2026-10-17 16:00,12.0,12.0,0.0,2026-10-03 08:00,2026-10-15 08:00,0.0,0,YES
AB-APP-B02-1ST-1010,Approval for Slabs Conc. Dim.  & RFT DWGs As-Built Drawing (B02) (1st),ROYA-BIG PROJECT PHASE01 (B1-4) > Handover > As-built > Approval > Part 02 > B02 > Superstructure > 1st Floor,TK_NotStart,2026-03-17 00:00,2026-10-26 08:00,2026-11-08 16:00,12.0,12.0,0.0,2026-10-26 08:00,2026-11-07 08:00,0.0,0,YES
AB-APP-B02-1ST-1020,Approval for Beams Conc. Dim.  & RFT DWGs As-Built Drawing (B02) (1st),ROYA-BIG PROJECT PHASE01 (B1-4) > Handover > As-built > Approval > Part 02 > B02 > Superstructure > 1st Floor,TK_NotStart,2026-03-17 00:00,2026-10-26 08:00,2026-11-08 16:00,12.0,12.0,0.0,2026-10-26 08:00,2026-11-07 08:00,0.0,0,YES
AB-APP-B02-1ST-1030,Approval for Stairs Conc. Dim.  & RFT DWGs As-Built Drawing (B02) (1st),ROYA-BIG PROJECT PHASE01 (B1-4) > Handover > As-built > Approval > Part 02 > B02 > Superstructure > 1st Floor,TK_NotStart,2026-03-17 00:00,2026-10-26 08:00,2026-11-08 16:00,12.0,12.0,0.0,2026-10-26 08:00,2026-11-07 08:00,0.0,0,YES
AB-APP-B02-2ND-1000,Approval for Col. & Walls Conc. Dim.  & RFT DWGs As-Built Drawing (B02) (2nd),ROYA-BIG PROJECT PHASE01 (B1-4) > Handover > As-built > Approval > Part 02 > B02 > Superstructure > 2nd Floor,TK_NotStart,2026-03-17 00:00,2026-11-30 08:00,2026-12-13 16:00,12.0,12.0,0.0,2026-11-30 08:00,2026-12-12 08:00,0.0,0,YES
AB-APP-B02-2ND-1010,Approval for Slabs Conc. Dim.  & RFT DWGs As-Built Drawing (B02) (2nd),ROYA-BIG PROJECT PHASE01 (B1-4) > Handover > As-built > Approval > Part 02 > B02 > Superstructure > 2nd Floor,TK_NotStart,2026-03-17 00:00,2026-12-26 08:00,2027-01-09 16:00,12.0,12.0,0.0,2026-12-26 08:00,2027-01-07 08:00,0.0,0,YES
AB-APP-B02-2ND-1020,Approval for Beams Conc. Dim.  & RFT DWGs As-Built Drawing (B02) (2nd),ROYA-BIG PROJECT PHASE01 (B1-4) > Handover > As-built > Approval > Part 02 > B02 > Superstructure > 2nd Floor,TK_NotStart,2026-03-17 00:00,2026-12-26 08:00,2027-01-09 16:00,12.0,12.0,0.0,2026-12-26 08:00,2027-01-07 08:00,0.0,0,YES
AB-APP-B02-2ND-1030,Approval for Stairs Conc. Dim.  & RFT DWGs As-Built Drawing (B02) (2nd),ROYA-BIG PROJECT PHASE01 (B1-4) > Handover > As-built > Approval > Part 02 > B02 > Superstructure > 2nd Floor,TK_NotStart,2026-03-17 00:00,2026-12-26 08:00,2027-01-09 16:00,12.0,12.0,0.0,2026-12-26 08:00,2027-01-07 08:00,0.0,0,YES
AB-APP-B02-3RD-1000,Approval for Col. & Walls Conc. Dim.  & RFT DWGs As-Built Drawing (B02) (3rd),ROYA-BIG PROJECT PHASE01 (B1-4) > Handover > As-built > Approval > Part 02 > B02 > Superstructure > 3rd Floor,TK_NotStart,2026-03-17 00:00,2027-02-01 08:00,2027-02-14 16:00,12.0,12.0,0.0,2027-02-01 08:00,2027-02-13 08:00,0.0,0,YES
AB-APP-B02-3RD-1010,Approval for Slabs Conc. Dim.  & RFT DWGs As-Built Drawing (B02) (3rd),ROYA-BIG PROJECT PHASE01 (B1-4) > Handover > As-built > Approval > Part 02 > B02 > Superstructure > 3rd Floor,TK_NotStart,2026-03-17 00:00,2027-02-27 08:00,2027-03-15 16:00,12.0,12.0,0.0,2027-02-27 08:00,2027-03-11 08:00,0.0,0,YES
AB-APP-B02-3RD-1020,Approval for Beams Conc. Dim.  & RFT DWGs As-Built Drawing (B02) (3rd),ROYA-BIG PROJECT PHASE01 (B1-4) > Handover > As-built > Approval > Part 02 > B02 > Superstructure > 3rd Floor,TK_NotStart,2026-03-17 00:00,2027-02-27 08:00,2027-03-15 16:00,12.0,12.0,0.0,2027-02-27 08:00,2027-03-11 08:00,0.0,0,YES
AB-APP-B02-3RD-1030,Approval for Stairs Conc. Dim.  & RFT DWGs As-Built Drawing (B02) (3rd),ROYA-BIG PROJECT PHASE01 (B1-4) > Handover > As-built > Approval > Part 02 > B02 > Superstructure > 3rd Floor,TK_NotStart,2026-03-17 00:00,2027-02-27 08:00,2027-03-15 16:00,12.0,12.0,0.0,2027-02-27 08:00,2027-03-11 08:00,0.0,0,YES
AB-APP-B02-4TH-1000,Approval for Col. & Walls Conc. Dim.  & RFT DWGs As-Built Drawing (B02) (4th),ROYA-BIG PROJECT PHASE01 (B1-4) > Handover > As-built > Approval > Part 02 > B02 > Superstructure > 4th Floor,TK_NotStart,2026-03-17 00:00,2027-04-06 08:00,2027-04-19 16:00,12.0,12.0,0.0,2027-04-06 08:00,2027-04-18 08:00,0.0,0,YES
AB-APP-B02-4TH-1010,Approval for Slabs Conc. Dim.  & RFT DWGs As-Built Drawing (B02) (4th),ROYA-BIG PROJECT PHASE01 (B1-4) > Handover > As-built > Approval > Part 02 > B02 > Superstructure > 4th Floor,TK_NotStart,2026-03-17 00:00,2027-05-01 08:00,2027-05-13 16:00,12.0,12.0,0.0,2027-05-01 08:00,2027-05-13 08:00,0.0,0,YES
AB-APP-B02-4TH-1020,Approval for Beams Conc. Dim.  & RFT DWGs As-Built Drawing (B02) (4th),ROYA-BIG PROJECT PHASE01 (B1-4) > Handover > As-built > Approval > Part 02 > B02 > Superstructure > 4th Floor,TK_NotStart,2026-03-17 00:00,2027-05-01 08:00,2027-05-13 16:00,12.0,12.0,0.0,2027-05-01 08:00,2027-05-13 08:00,0.0,0,YES
AB-APP-B02-4TH-1030,Approval for Stairs Conc. Dim.  & RFT DWGs As-Built Drawing (B02) (4th),ROYA-BIG PROJECT PHASE01 (B1-4) > Handover > As-built > Approval > Part 02 > B02 > Superstructure > 4th Floor,TK_NotStart,2026-03-17 00:00,2027-05-01 08:00,2027-05-13 16:00,12.0,12.0,0.0,2027-05-01 08:00,2027-05-13 08:00,0.0,0,YES
AB-APP-B01-1ST-1000,Approval for Col. & Walls Conc. Dim.  & RFT DWGs As-Built Drawing (B01) (1st),ROYA-BIG PROJECT PHASE01 (B1-4) > Handover > As-built > Approval > Part 02 > B01 > Superstructure > 1st Floor,TK_NotStart,2026-03-17 00:00,2026-11-17 08:00,2026-11-30 16:00,12.0,12.0,0.0,2026-11-06 20:00,2026-11-18 20:00,-10.5,0,YES
AB-APP-B01-1ST-1010,Approval for Slabs Conc. Dim.  & RFT DWGs As-Built Drawing (B01) (1st),ROYA-BIG PROJECT PHASE01 (B1-4) > Handover > As-built > Approval > Part 02 > B01 > Superstructure > 1st Floor,TK_NotStart,2026-03-17 00:00,2026-12-09 08:00,2026-12-22 16:00,12.0,12.0,0.0,2026-11-25 02:00,2026-12-07 02:00,-14.25,0,YES
AB-APP-B01-1ST-1020,Approval for Beams Conc. Dim.  & RFT DWGs As-Built Drawing (B01) (1st),ROYA-BIG PROJECT PHASE01 (B1-4) > Handover > As-built > Approval > Part 02 > B01 > Superstructure > 1st Floor,TK_NotStart,2026-03-17 00:00,2026-12-09 08:00,2026-12-22 16:00,12.0,12.0,0.0,2026-11-25 02:00,2026-12-07 02:00,-14.25,0,YES
AB-APP-B01-1ST-1030,Approval for Stairs Conc. Dim.  & RFT DWGs As-Built Drawing (B01) (1st),ROYA-BIG PROJECT PHASE01 (B1-4) > Handover > As-built > Approval > Part 02 > B01 > Superstructure > 1st Floor,TK_NotStart,2026-03-17 00:00,2026-12-09 08:00,2026-12-22 16:00,12.0,12.0,0.0,2026-11-25 02:00,2026-12-07 02:00,-14.25,0,YES
AB-APP-B01-2ND-1000,Approval for Col. & Walls Conc. Dim.  & RFT DWGs As-Built Drawing (B01) (2nd),ROYA-BIG PROJECT PHASE01 (B1-4) > Handover > As-built > Approval > Part 02 > B01 > Superstructure > 2nd Floor,TK_NotStart,2026-03-17 00:00,2026-12-27 08:00,2027-01-10 16:00,12.0,12.0,0.0,2026-12-11 08:00,2026-12-23 08:00,-16.0,0,YES
AB-APP-B01-2ND-1010,Approval for Slabs Conc. Dim.  & RFT DWGs As-Built Drawing (B01) (2nd),ROYA-BIG PROJECT PHASE01 (B1-4) > Handover > As-built > Approval > Part 02 > B01 > Superstructure > 2nd Floor,TK_NotStart,2026-03-17 00:00,2027-01-14 08:00,2027-01-28 16:00,12.0,12.0,0.0,2026-12-26 14:00,2027-01-07 14:00,-18.75,0,YES
AB-APP-B01-2ND-1020,Approval for Beams Conc. Dim.  & RFT DWGs As-Built Drawing (B01) (2nd),ROYA-BIG PROJECT PHASE01 (B1-4) > Handover > As-built > Approval > Part 02 > B01 > Superstructure > 2nd Floor,TK_NotStart,2026-03-17 00:00,2027-01-14 08:00,2027-01-28 16:00,12.0,12.0,0.0,2026-12-26 14:00,2027-01-07 14:00,-18.75,0,YES
AB-APP-B01-2ND-1030,Approval for Stairs Conc. Dim.  & RFT DWGs As-Built Drawing (B01) (2nd),ROYA-BIG PROJECT PHASE01 (B1-4) > Handover > As-built > Approval > Part 02 > B01 > Superstructure > 2nd Floor,TK_NotStart,2026-03-17 00:00,2027-01-14 08:00,2027-01-28 16:00,12.0,12.0,0.0,2026-12-26 14:00,2027-01-07 14:00,-18.75,0,YES
AB-APP-B01-3RD-1000,Approval for Col. & Walls Conc. Dim.  & RFT DWGs As-Built Drawing (B01) (3rd),ROYA-BIG PROJECT PHASE01 (B1-4) > Handover > As-built > Approval > Part 02 > B01 > Superstructure > 3rd Floor,TK_NotStart,2026-03-17 00:00,2027-02-03 08:00,2027-02-16 16:00,12.0,12.0,0.0,2027-01-14 14:00,2027-01-26 14:00,-19.75,0,YES
AB-APP-B01-3RD-1010,Approval for Slabs Conc. Dim.  & RFT DWGs As-Built Drawing (B01) (3rd),ROYA-BIG PROJECT PHASE01 (B1-4) > Handover > As-built > Approval > Part 02 > B01 > Superstructure > 3rd Floor,TK_NotStart,2026-03-17 00:00,2027-02-23 08:00,2027-03-08 16:00,12.0,12.0,0.0,2027-01-31 08:00,2027-02-12 08:00,-23.0,0,YES
AB-APP-B01-3RD-1020,Approval for Beams Conc. Dim.  & RFT DWGs As-Built Drawing (B01) (3rd),ROYA-BIG PROJECT PHASE01 (B1-4) > Handover > As-built > Approval > Part 02 > B01 > Superstructure > 3rd Floor,TK_NotStart,2026-03-17 00:00,2027-02-23 08:00,2027-03-08 16:00,12.0,12.0,0.0,2027-01-31 08:00,2027-02-12 08:00,-23.0,0,YES
AB-APP-B01-3RD-1030,Approval for Stairs Conc. Dim.  & RFT DWGs As-Built Drawing (B01) (3rd),ROYA-BIG PROJECT PHASE01 (B1-4) > Handover > As-built > Approval > Part 02 > B01 > Superstructure > 3rd Floor,TK_NotStart,2026-03-17 00:00,2027-02-23 08:00,2027-03-08 16:00,12.0,12.0,0.0,2027-01-31 08:00,2027-02-12 08:00,-23.0,0,YES
AB-APP-B01-4TH-1000,Approval for Col. & Walls Conc. Dim.  & RFT DWGs As-Built Drawing (B01) (4th),ROYA-BIG PROJECT PHASE01 (B1-4) > Handover > As-built > Approval > Part 02 > B01 > Superstructure > 4th Floor,TK_NotStart,2026-03-17 00:00,2027-03-17 08:00,2027-03-30 16:00,12.0,12.0,0.0,2027-02-23 14:00,2027-03-07 14:00,-21.75,0,YES
AB-APP-B01-4TH-1010,Approval for Slabs Conc. Dim.  & RFT DWGs As-Built Drawing (B01) (4th),ROYA-BIG PROJECT PHASE01 (B1-4) > Handover > As-built > Approval > Part 02 > B01 > Superstructure > 4th Floor,TK_NotStart,2026-03-17 00:00,2027-04-08 08:00,2027-04-21 16:00,12.0,12.0,0.0,2027-03-13 20:00,2027-03-25 20:00,-25.5,0,YES
AB-APP-B01-4TH-1020,Approval for Beams Conc. Dim.  & RFT DWGs As-Built Drawing (B01) (4th),ROYA-BIG PROJECT PHASE01 (B1-4) > Handover > As-built > Approval > Part 02 > B01 > Superstructure > 4th Floor,TK_NotStart,2026-03-17 00:00,2027-04-08 08:00,2027-04-21 16:00,12.0,12.0,0.0,2027-03-13 20:00,2027-03-25 20:00,-25.5,0,YES
AB-APP-B01-4TH-1030,Approval for Stairs Conc. Dim.  & RFT DWGs As-Built Drawing (B01) (4th),ROYA-BIG PROJECT PHASE01 (B1-4) > Handover > As-built > Approval > Part 02 > B01 > Superstructure > 4th Floor,TK_NotStart,2026-03-17 00:00,2027-04-08 08:00,2027-04-21 16:00,12.0,12.0,0.0,2027-03-13 20:00,2027-03-25 20:00,-25.5,0,YES
AB-APP-B01-5TH-1000,Approval for Col. & Walls Conc. Dim.  & RFT DWGs As-Built Drawing (B01) (5th),ROYA-BIG PROJECT PHASE01 (B1-4) > Handover > As-built > Approval > Part 02 > B01 > Superstructure > 5th Floor,TK_NotStart,2026-03-17 00:00,2027-04-26 08:00,2027-05-09 16:00,12.0,12.0,0.0,2027-04-04 20:00,2027-04-16 20:00,-21.5,0,YES
AB-APP-B01-5TH-1010,Approval for Slabs Conc. Dim.  & RFT DWGs As-Built Drawing (B01) (5th),ROYA-BIG PROJECT PHASE01 (B1-4) > Handover > As-built > Approval > Part 02 > B01 > Superstructure > 5th Floor,TK_NotStart,2026-03-17 00:00,2027-05-13 08:00,2027-05-26 16:00,12.0,12.0,0.0,2027-04-19 14:00,2027-05-01 14:00,-23.75,0,YES
AB-APP-B01-5TH-1020,Approval for Beams Conc. Dim.  & RFT DWGs As-Built Drawing (B01) (5th),ROYA-BIG PROJECT PHASE01 (B1-4) > Handover > As-built > Approval > Part 02 > B01 > Superstructure > 5th Floor,TK_NotStart,2026-03-17 00:00,2027-05-13 08:00,2027-05-26 16:00,12.0,12.0,0.0,2027-04-19 14:00,2027-05-01 14:00,-23.75,0,YES
AB-APP-B01-5TH-1030,Approval for Stairs Conc. Dim.  & RFT DWGs As-Built Drawing (B01) (5th),ROYA-BIG PROJECT PHASE01 (B1-4) > Handover > As-built > Approval > Part 02 > B01 > Superstructure > 5th Floor,TK_NotStart,2026-03-17 00:00,2027-05-13 08:00,2027-05-26 16:00,12.0,12.0,0.0,2027-04-19 14:00,2027-05-01 14:00,-23.75,0,YES
AB-APP-B01-6TH-1000,Approval for Col. & Walls Conc. Dim.  & RFT DWGs As-Built Drawing (B01) (6th),ROYA-BIG PROJECT PHASE01 (B1-4) > Handover > As-built > Approval > Part 02 > B01 > Superstructure > 6th Floor,TK_NotStart,2026-03-17 00:00,2027-05-31 08:00,2027-06-13 16:00,12.0,12.0,0.0,2027-05-08 20:00,2027-05-20 20:00,-22.5,0,YES
AB-APP-B01-6TH-1010,Approval for Slabs Conc. Dim.  & RFT DWGs As-Built Drawing (B01) (6th),ROYA-BIG PROJECT PHASE01 (B1-4) > Handover > As-built > Approval > Part 02 > B01 > Superstructure > 6th Floor,TK_NotStart,2026-03-17 00:00,2027-06-17 08:00,2027-06-30 16:00,12.0,12.0,0.0,2027-05-23 14:00,2027-06-04 14:00,-24.75,0,YES
AB-APP-B01-6TH-1020,Approval for Beams Conc. Dim.  & RFT DWGs As-Built Drawing (B01) (6th),ROYA-BIG PROJECT PHASE01 (B1-4) > Handover > As-built > Approval > Part 02 > B01 > Superstructure > 6th Floor,TK_NotStart,2026-03-17 00:00,2027-06-17 08:00,2027-06-30 16:00,12.0,12.0,0.0,2027-05-23 14:00,2027-06-04 14:00,-24.75,0,YES
AB-APP-B01-6TH-1030,Approval for Stairs Conc. Dim.  & RFT DWGs As-Built Drawing (B01) (6th),ROYA-BIG PROJECT PHASE01 (B1-4) > Handover > As-built > Approval > Part 02 > B01 > Superstructure > 6th Floor,TK_NotStart,2026-03-17 00:00,2027-06-17 08:00,2027-06-30 16:00,12.0,12.0,0.0,2027-05-23 14:00,2027-06-04 14:00,-24.75,0,YES
AB-APP-B01-7TH-1000,Approval for Col. & Walls Conc. Dim.  & RFT DWGs As-Built Drawing (B01) (7th),ROYA-BIG PROJECT PHASE01 (B1-4) > Handover > As-built > Approval > Part 02 > B01 > Superstructure > 7th Floor,TK_NotStart,2026-03-17 00:00,2027-07-03 08:00,2027-07-15 16:00,12.0,12.0,0.0,2027-06-11 02:00,2027-06-23 02:00,-22.25,0,YES
AB-APP-B01-7TH-1010,Approval for Slabs Conc. Dim.  & RFT DWGs As-Built Drawing (B01) (7th),ROYA-BIG PROJECT PHASE01 (B1-4) > Handover > As-built > Approval > Part 02 > B01 > Superstructure > 7th Floor,TK_NotStart,2026-03-17 00:00,2027-07-19 08:00,2027-08-01 16:00,12.0,12.0,0.0,2027-06-23 20:00,2027-07-05 20:00,-25.5,0,YES
AB-APP-B01-7TH-1020,Approval for Beams Conc. Dim.  & RFT DWGs As-Built Drawing (B01) (7th),ROYA-BIG PROJECT PHASE01 (B1-4) > Handover > As-built > Approval > Part 02 > B01 > Superstructure > 7th Floor,TK_NotStart,2026-03-17 00:00,2027-07-19 08:00,2027-08-01 16:00,12.0,12.0,0.0,2027-06-23 20:00,2027-07-05 20:00,-25.5,0,YES
AB-APP-B01-7TH-1030,Approval for Stairs Conc. Dim.  & RFT DWGs As-Built Drawing (B01) (7th),ROYA-BIG PROJECT PHASE01 (B1-4) > Handover > As-built > Approval > Part 02 > B01 > Superstructure > 7th Floor,TK_NotStart,2026-03-17 00:00,2027-07-19 08:00,2027-08-01 16:00,12.0,12.0,0.0,2027-06-23 20:00,2027-07-05 20:00,-25.5,0,YES
AB-APP-B01-8TH-1000,Approval for Col. & Walls Conc. Dim.  & RFT DWGs As-Built Drawing (B01) (8th),ROYA-BIG PROJECT PHASE01 (B1-4) > Handover > As-built > Approval > Part 02 > B01 > Superstructure > 8th Floor,TK_NotStart,2026-03-17 00:00,2027-08-02 08:00,2027-08-15 16:00,12.0,12.0,0.0,2027-07-12 02:00,2027-07-24 02:00,-21.25,0,YES
AB-APP-B01-8TH-1010,Approval for Slabs Conc. Dim.  & RFT DWGs As-Built Drawing (B01) (8th),ROYA-BIG PROJECT PHASE01 (B1-4) > Handover > As-built > Approval > Part 02 > B01 > Superstructure > 8th Floor,TK_NotStart,2026-03-17 00:00,2027-08-16 08:00,2027-08-29 16:00,12.0,12.0,0.0,2027-07-22 02:00,2027-08-03 02:00,-25.25,0,YES
AB-APP-B01-8TH-1020,Approval for Beams Conc. Dim.  & RFT DWGs As-Built Drawing (B01) (8th),ROYA-BIG PROJECT PHASE01 (B1-4) > Handover > As-built > Approval > Part 02 > B01 > Superstructure > 8th Floor,TK_NotStart,2026-03-17 00:00,2027-08-16 08:00,2027-08-29 16:00,12.0,12.0,0.0,2027-07-22 02:00,2027-08-03 02:00,-25.25,0,YES
AB-APP-B01-8TH-1030,Approval for Stairs Conc. Dim.  & RFT DWGs As-Built Drawing (B01) (8th),ROYA-BIG PROJECT PHASE01 (B1-4) > Handover > As-built > Approval > Part 02 > B01 > Superstructure > 8th Floor,TK_NotStart,2026-03-17 00:00,2027-08-16 08:00,2027-08-29 16:00,12.0,12.0,0.0,2027-07-22 02:00,2027-08-03 02:00,-25.25,0,YES
AB-APP-B02-RF-1000,Approval for Col. & Walls Conc. Dim.  & RFT DWGs As-Built Drawing (B02) (RF),ROYA-BIG PROJECT PHASE01 (B1-4) > Handover > As-built > Approval > Part 02 > B02 > Superstructure > Roof Floor,TK_NotStart,2026-03-17 00:00,2027-05-25 08:00,2027-06-07 16:00,12.0,12.0,0.0,2027-05-25 08:00,2027-06-06 08:00,0.0,0,YES
AB-APP-B02-RF-1010,Approval for Slabs Conc. Dim.  & RFT DWGs As-Built Drawing (B02) (RF),ROYA-BIG PROJECT PHASE01 (B1-4) > Handover > As-built > Approval > Part 02 > B02 > Superstructure > Roof Floor,TK_NotStart,2026-03-17 00:00,2027-06-06 08:00,2027-06-19 16:00,12.0,12.0,0.0,2027-06-06 08:00,2027-06-18 08:00,0.0,0,YES
AB-APP-B02-RF-1020,Approval for Beams Conc. Dim.  & RFT DWGs As-Built Drawing (B02) (RF),ROYA-BIG PROJECT PHASE01 (B1-4) > Handover > As-built > Approval > Part 02 > B02 > Superstructure > Roof Floor,TK_NotStart,2026-03-17 00:00,2027-06-06 08:00,2027-06-19 16:00,12.0,12.0,0.0,2027-06-06 08:00,2027-06-18 08:00,0.0,0,YES
AB-APP-B01-RF-1000,Approval for Col. & Walls Conc. Dim.  & RFT DWGs As-Built Drawing (B01) (RF),ROYA-BIG PROJECT PHASE01 (B1-4) > Handover > As-built > Approval > Part 02 > B01 > Superstructure > Roof Floor,TK_NotStart,2026-03-17 00:00,2027-08-25 08:00,2027-09-06 16:00,12.0,12.0,0.0,2027-07-30 08:00,2027-08-11 08:00,-26.0,0,YES
AB-APP-B01-RF-1010,Approval for Slabs Conc. Dim.  & RFT DWGs As-Built Drawing (B01) (RF),ROYA-BIG PROJECT PHASE01 (B1-4) > Handover > As-built > Approval > Part 02 > B01 > Superstructure > Roof Floor,TK_NotStart,2026-03-17 00:00,2027-08-31 08:00,2027-09-11 16:00,12.0,10.0,-2.0,2027-08-05 08:00,2027-08-15 08:00,-26.0,0,YES
AB-APP-B01-RF-1020,Approval for Beams Conc. Dim.  & RFT DWGs As-Built Drawing (B01) (RF),ROYA-BIG PROJECT PHASE01 (B1-4) > Handover > As-built > Approval > Part 02 > B01 > Superstructure > Roof Floor,TK_NotStart,2026-03-17 00:00,2027-08-31 08:00,2027-09-11 16:00,12.0,10.0,-2.0,2027-08-05 08:00,2027-08-15 08:00,-26.0,0,YES
AB-APP-B03-FOOT-1000,Approval for PC Raft Conc. Dim. DWGs As-Built Drawing (B03) (footing),ROYA-BIG PROJECT PHASE01 (B1-4) > Handover > As-built > Approval > Part 01 > B03 > Substructre > Footing,TK_NotStart,2026-03-17 00:00,2026-04-04 08:00,2026-04-18 16:00,12.0,12.0,0.0,2026-04-04 08:00,2026-04-16 08:00,0.0,0,YES
AB-APP-B03-FOOT-1010,Approval for RC Raft & Footings Conc. Dim. DWGs  (B03) (footing),ROYA-BIG PROJECT PHASE01 (B1-4) > Handover > As-built > Approval > Part 01 > B03 > Substructre > Footing,TK_NotStart,2026-03-17 00:00,2026-04-04 08:00,2026-04-18 16:00,12.0,12.0,0.0,2026-04-04 08:00,2026-04-16 08:00,0.0,0,YES
AB-APP-B03-FOOT-1020,Approval for RC Raft & Footings RFT DWGs As-Built Drawing  (B03) (footing),ROYA-BIG PROJECT PHASE01 (B1-4) > Handover > As-built > Approval > Part 01 > B03 > Substructre > Footing,TK_NotStart,2026-03-17 00:00,2026-04-04 08:00,2026-04-18 16:00,12.0,12.0,0.0,2026-04-04 08:00,2026-04-16 08:00,0.0,0,YES
AB-APP-B04-FOOT-1000,Approval for PC Raft Conc. Dim. Conc. Dim.  & RFT DWGs As-Built Drawing  (B04) (footing),ROYA-BIG PROJECT PHASE01 (B1-4) > Handover > As-built > Approval > Part 01 > B04 > Substructre > Footing,TK_NotStart,2026-03-17 00:00,2026-04-04 08:00,2026-04-18 16:00,12.0,12.0,0.0,2026-04-04 08:00,2026-04-16 08:00,0.0,0,YES
AB-APP-B04-FOOT-1010,Approval for RC Raft & Footings Conc. Dim. Conc. Dim.  & RFT DWGs As-Built Drawing (B04) (footing),ROYA-BIG PROJECT PHASE01 (B1-4) > Handover > As-built > Approval > Part 01 > B04 > Substructre > Footing,TK_NotStart,2026-03-17 00:00,2026-04-06 14:24,2026-04-21 14:24,12.0,12.0,0.0,2026-04-06 14:24,2026-04-18 14:24,0.0,0,YES
AB-APP-B04-FOOT-1020,Approval for RC Raft & Footings RFT Conc. Dim.  & RFT DWGs As-Built Drawing (B04) (footing),ROYA-BIG PROJECT PHASE01 (B1-4) > Handover > As-built > Approval > Part 01 > B04 > Substructre > Footing,TK_NotStart,2026-03-17 00:00,2026-04-09 13:36,2026-04-25 13:36,12.0,12.0,0.0,2026-04-09 13:36,2026-04-21 13:36,0.0,0,YES
AB-APP-B03-BAS2-1000,Approval for Col. & Walls Conc. Dim.  & RFT DWGs As-Built Drawing  (B03) (Bas 02),ROYA-BIG PROJECT PHASE01 (B1-4) > Handover > As-built > Approval > Part 01 > B03 > Substructre > Basement 2,TK_NotStart,2026-03-17 00:00,2026-05-09 08:00,2026-05-21 16:00,12.0,12.0,0.0,2026-05-09 08:00,2026-05-21 08:00,0.0,0,YES
AB-APP-B03-BAS2-1020,Approval for Slabs Conc. Dim.  & RFT DWGs As-Built Drawing  (B03) (Bas 02),ROYA-BIG PROJECT PHASE01 (B1-4) > Handover > As-built > Approval > Part 01 > B03 > Substructre > Basement 2,TK_NotStart,2026-03-17 00:00,2026-06-03 08:00,2026-06-16 16:00,12.0,12.0,0.0,2026-06-03 08:00,2026-06-15 08:00,0.0,0,YES
AB-APP-B03-BAS2-1030,Approval for Beams Conc. Dim.  & RFT DWGs As-Built Drawing  (B03) (Bas 02),ROYA-BIG PROJECT PHASE01 (B1-4) > Handover > As-built > Approval > Part 01 > B03 > Substructre > Basement 2,TK_NotStart,2026-03-17 00:00,2026-06-03 08:00,2026-06-16 16:00,12.0,12.0,0.0,2026-06-03 08:00,2026-06-15 08:00,0.0,0,YES
AB-APP-B03-BAS2-1010,Approval for Stairs Conc. Dim.  & RFT DWGs As-Built Drawing  (B03) (Bas 02),ROYA-BIG PROJECT PHASE01 (B1-4) > Handover > As-built > Approval > Part 01 > B03 > Substructre > Basement 2,TK_NotStart,2026-03-17 00:00,2026-06-06 08:00,2026-06-18 16:00,12.0,12.0,0.0,2026-06-06 08:00,2026-06-18 08:00,0.0,0,YES
AB-APP-B04-BAS2-1000,Approval for Col. & Walls Conc. Dim.  & RFT DWGs As-Built Drawing (B04) (Bas 02),ROYA-BIG PROJECT PHASE01 (B1-4) > Handover > As-built > Approval > Part 01 > B04 > Substructre > Basement 2,TK_NotStart,2026-03-17 00:00,2026-04-25 13:36,2026-05-09 13:36,12.0,12.0,0.0,2026-04-25 13:36,2026-05-07 13:36,0.0,0,YES
AB-APP-B04-BAS2-1030,Approval for Slabs Conc. Dim.  & RFT DWGs As-Built Drawing (B04) (Bas 02),ROYA-BIG PROJECT PHASE01 (B1-4) > Handover > As-built > Approval > Part 01 > B04 > Substructre > Basement 2,TK_NotStart,2026-03-17 00:00,2026-06-01 08:00,2026-06-14 16:00,12.0,12.0,0.0,2026-06-01 08:00,2026-06-13 08:00,0.0,0,YES
AB-APP-B04-BAS2-1040,Approval for Beams Conc. Dim.  & RFT DWGs As-Built Drawing (B04) (Bas 02),ROYA-BIG PROJECT PHASE01 (B1-4) > Handover > As-built > Approval > Part 01 > B04 > Substructre > Basement 2,TK_NotStart,2026-03-17 00:00,2026-06-01 08:00,2026-06-14 16:00,12.0,12.0,0.0,2026-06-01 08:00,2026-06-13 08:00,0.0,0,YES
AB-APP-B04-BAS2-1010,Approval for Stairs Conc. Dim.  & RFT DWGs As-Built Drawing (B04) (Bas 02),ROYA-BIG PROJECT PHASE01 (B1-4) > Handover > As-built > Approval > Part 01 > B04 > Substructre > Basement 2,TK_NotStart,2026-03-17 00:00,2026-05-16 13:36,2026-06-03 13:36,12.0,12.0,0.0,2026-05-16 13:36,2026-05-28 13:36,0.0,0,YES
AB-APP-B04-BAS2-1020,Approval for Ramps Conc. Dim.  & RFT DWGs As-Built Drawing (B04) (Bas 02),ROYA-BIG PROJECT PHASE01 (B1-4) > Handover > As-built > Approval > Part 01 > B04 > Substructre > Basement 2,TK_NotStart,2026-03-17 00:00,2026-05-17 13:36,2026-06-04 13:36,12.0,12.0,0.0,2026-05-17 13:36,2026-05-29 13:36,0.0,0,YES
AB-APP-B03-BAS1-1000,Approval for Col. & Walls Conc. Dim.  & RFT DWGs As-Built Drawing  (B03) (Bas 01),ROYA-BIG PROJECT PHASE01 (B1-4) > Handover > As-built > Approval > Part 01 > B03 > Substructre > Basement 1,TK_NotStart,2026-03-17 00:00,2026-07-08 08:00,2026-07-21 16:00,12.0,12.0,0.0,2026-07-08 08:00,2026-07-20 08:00,0.0,0,YES
AB-APP-B03-BAS1-1020,Approval for Slabs Conc. Dim.  & RFT DWGs As-Built Drawing  (B03) (Bas 01),ROYA-BIG PROJECT PHASE01 (B1-4) > Handover > As-built > Approval > Part 01 > B03 > Substructre > Basement 1,TK_NotStart,2026-03-17 00:00,2026-07-26 08:00,2026-08-08 16:00,12.0,12.0,0.0,2026-07-26 08:00,2026-08-07 08:00,0.0,0,YES
AB-APP-B03-BAS1-1030,Approval for Beams Conc. Dim.  & RFT DWGs As-Built Drawing  (B03) (Bas 01),ROYA-BIG PROJECT PHASE01 (B1-4) > Handover > As-built > Approval > Part 01 > B03 > Substructre > Basement 1,TK_NotStart,2026-03-17 00:00,2026-07-26 08:00,2026-08-08 16:00,12.0,12.0,0.0,2026-07-26 08:00,2026-08-07 08:00,0.0,0,YES
AB-APP-B03-BAS1-1010,Approval for Stairs Conc. Dim.  & RFT DWGs As-Built Drawing  (B03) (Bas 01),ROYA-BIG PROJECT PHASE01 (B1-4) > Handover > As-built > Approval > Part 01 > B03 > Substructre > Basement 1,TK_NotStart,2026-03-17 00:00,2026-07-25 08:00,2026-08-06 16:00,12.0,12.0,0.0,2026-07-25 08:00,2026-08-06 08:00,0.0,0,YES
AB-APP-B04-BAS1-1000,Approval for Col. & Walls Conc. Dim.  & RFT DWGs As-Built Drawing (B04) (Bas 01),ROYA-BIG PROJECT PHASE01 (B1-4) > Handover > As-built > Approval > Part 01 > B04 > Substructre > Basement 1,TK_NotStart,2026-03-17 00:00,2026-06-15 08:00,2026-06-28 16:00,12.0,12.0,0.0,2026-06-15 08:00,2026-06-27 08:00,0.0,0,YES
AB-APP-B04-BAS1-1030,Approval for Slabs Conc. Dim.  & RFT DWGs As-Built Drawing (B04) (Bas 01),ROYA-BIG PROJECT PHASE01 (B1-4) > Handover > As-built > Approval > Part 01 > B04 > Substructre > Basement 1,TK_NotStart,2026-03-17 00:00,2026-07-02 08:00,2026-07-15 16:00,12.0,12.0,0.0,2026-07-02 08:00,2026-07-14 08:00,0.0,0,YES
AB-APP-B04-BAS1-1040,Approval for Beams Conc. Dim.  & RFT DWGs As-Built Drawing (B04) (Bas 01),ROYA-BIG PROJECT PHASE01 (B1-4) > Handover > As-built > Approval > Part 01 > B04 > Substructre > Basement 1,TK_NotStart,2026-03-17 00:00,2026-07-02 08:00,2026-07-15 16:00,12.0,12.0,0.0,2026-07-02 08:00,2026-07-14 08:00,0.0,0,YES
AB-APP-B04-BAS1-1010,Approval for Stairs Conc. Dim.  & RFT DWGs As-Built Drawing (B04) (Bas 01),ROYA-BIG PROJECT PHASE01 (B1-4) > Handover > As-built > Approval > Part 01 > B04 > Substructre > Basement 1,TK_NotStart,2026-03-17 00:00,2026-07-02 08:00,2026-07-15 16:00,12.0,12.0,0.0,2026-07-02 08:00,2026-07-14 08:00,0.0,0,YES
AB-APP-B04-BAS1-1020,Approval for Ramps Conc. Dim.  & RFT DWGs As-Built Drawing (B04) (Bas 01),ROYA-BIG PROJECT PHASE01 (B1-4) > Handover > As-built > Approval > Part 01 > B04 > Substructre > Basement 1,TK_NotStart,2026-03-17 00:00,2026-07-02 08:00,2026-07-15 16:00,12.0,12.0,0.0,2026-07-02 08:00,2026-07-14 08:00,0.0,0,YES
AB-APP-B04-GR-1000,Approval for Col. & Walls Conc. Dim.  & RFT DWGs As-Built Drawing (B04) (GF),ROYA-BIG PROJECT PHASE01 (B1-4) > Handover > As-built > Approval > Part 01 > B04 > Superstructure > Ground Floor,TK_NotStart,2026-03-17 00:00,2026-07-18 08:00,2026-08-01 16:00,12.0,12.0,0.0,2026-07-18 08:00,2026-07-30 08:00,0.0,0,YES
AB-APP-B04-GR-1010,Approval for Slabs Conc. Dim.  & RFT DWGs As-Built Drawing (B04) (GF),ROYA-BIG PROJECT PHASE01 (B1-4) > Handover > As-built > Approval > Part 01 > B04 > Superstructure > Ground Floor,TK_NotStart,2026-03-17 00:00,2026-07-30 08:00,2026-08-12 16:00,12.0,12.0,0.0,2026-07-30 08:00,2026-08-11 08:00,0.0,0,YES
AB-APP-B04-GR-1020,Approval for Beams Conc. Dim.  & RFT DWGs As-Built Drawing (B04) (GF),ROYA-BIG PROJECT PHASE01 (B1-4) > Handover > As-built > Approval > Part 01 > B04 > Superstructure > Ground Floor,TK_NotStart,2026-03-17 00:00,2026-07-30 08:00,2026-08-12 16:00,12.0,12.0,0.0,2026-07-30 08:00,2026-08-11 08:00,0.0,0,YES
AB-APP-B04-GR-1030,Approval for Stairs Conc. Dim.  & RFT DWGs As-Built Drawing (B04) (GF),ROYA-BIG PROJECT PHASE01 (B1-4) > Handover > As-built > Approval > Part 01 > B04 > Superstructure > Ground Floor,TK_NotStart,2026-03-17 00:00,2026-07-30 08:00,2026-08-12 16:00,12.0,12.0,0.0,2026-07-30 08:00,2026-08-11 08:00,0.0,0,YES
AB-APP-B03-GR-1000,Approval for Col. & Walls Conc. Dim.  & RFT DWGs As-Built Drawing  (B03) (GF),ROYA-BIG PROJECT PHASE01 (B1-4) > Handover > As-built > Approval > Part 01 > B03 > Superstructure > Ground Floor,TK_NotStart,2026-03-17 00:00,2026-08-12 08:00,2026-08-25 16:00,12.0,12.0,0.0,2026-08-12 08:00,2026-08-24 08:00,0.0,0,YES
AB-APP-B03-GR-1010,Approval for Slabs Conc. Dim.  & RFT DWGs As-Built Drawing  (B03) (GF),ROYA-BIG PROJECT PHASE01 (B1-4) > Handover > As-built > Approval > Part 01 > B03 > Superstructure > Ground Floor,TK_NotStart,2026-03-17 00:00,2026-08-24 08:00,2026-09-07 16:00,12.0,12.0,0.0,2026-08-24 08:00,2026-09-05 08:00,0.0,0,YES
AB-APP-B03-GR-1020,Approval for Beams Conc. Dim.  & RFT DWGs As-Built Drawing  (B03) (GF),ROYA-BIG PROJECT PHASE01 (B1-4) > Handover > As-built > Approval > Part 01 > B03 > Superstructure > Ground Floor,TK_NotStart,2026-03-17 00:00,2026-08-24 08:00,2026-09-07 16:00,12.0,12.0,0.0,2026-08-24 08:00,2026-09-05 08:00,0.0,0,YES
AB-APP-B03-GR-1030,Approval for Stairs Conc. Dim.  & RFT DWGs As-Built Drawing  (B03) (GF),ROYA-BIG PROJECT PHASE01 (B1-4) > Handover > As-built > Approval > Part 01 > B03 > Superstructure > Ground Floor,TK_NotStart,2026-03-17 00:00,2026-08-24 08:00,2026-09-07 16:00,12.0,12.0,0.0,2026-08-24 08:00,2026-09-05 08:00,0.0,0,YES
AB-APP-B04-1ST-1000,Approval for Col. & Walls Conc. Dim.  & RFT DWGs As-Built Drawing (B04) (1st),ROYA-BIG PROJECT PHASE01 (B1-4) > Handover > As-built > Approval > Part 01 > B04 > Superstructure > 1st Floor,TK_NotStart,2026-03-17 00:00,2026-11-14 08:00,2026-11-26 16:00,12.0,12.0,0.0,2026-11-10 08:00,2026-11-22 08:00,-4.0,0,YES
AB-APP-B04-1ST-1010,Approval for Slabs Conc. Dim.  & RFT DWGs As-Built Drawing (B04) (1st),ROYA-BIG PROJECT PHASE01 (B1-4) > Handover > As-built > Approval > Part 01 > B04 > Superstructure > 1st Floor,TK_NotStart,2026-03-17 00:00,2026-12-03 08:00,2026-12-16 16:00,12.0,12.0,0.0,2026-11-29 08:00,2026-12-11 08:00,-4.0,0,YES
AB-APP-B04-1ST-1020,Approval for Beams Conc. Dim.  & RFT DWGs As-Built Drawing (B04) (1st),ROYA-BIG PROJECT PHASE01 (B1-4) > Handover > As-built > Approval > Part 01 > B04 > Superstructure > 1st Floor,TK_NotStart,2026-03-17 00:00,2026-12-03 08:00,2026-12-16 16:00,12.0,12.0,0.0,2026-11-29 08:00,2026-12-11 08:00,-4.0,0,YES
AB-APP-B04-1ST-1030,Approval for Stairs Conc. Dim.  & RFT DWGs As-Built Drawing (B04) (1st),ROYA-BIG PROJECT PHASE01 (B1-4) > Handover > As-built > Approval > Part 01 > B04 > Superstructure > 1st Floor,TK_NotStart,2026-03-17 00:00,2026-12-03 08:00,2026-12-16 16:00,12.0,12.0,0.0,2026-11-29 08:00,2026-12-11 08:00,-4.0,0,YES
AB-APP-B04-2ND-1000,Approval for Col. & Walls Conc. Dim.  & RFT DWGs As-Built Drawing (B04) (2nd),ROYA-BIG PROJECT PHASE01 (B1-4) > Handover > As-built > Approval > Part 01 > B04 > Superstructure > 2nd Floor,TK_NotStart,2026-03-17 00:00,2026-12-23 08:00,2027-01-05 16:00,12.0,12.0,0.0,2026-12-18 14:00,2026-12-30 14:00,-4.75,0,YES
AB-APP-B04-2ND-1010,Approval for Slabs Conc. Dim.  & RFT DWGs As-Built Drawing (B04) (2nd),ROYA-BIG PROJECT PHASE01 (B1-4) > Handover > As-built > Approval > Part 01 > B04 > Superstructure > 2nd Floor,TK_NotStart,2026-03-17 00:00,2027-01-13 08:00,2027-01-27 16:00,12.0,12.0,0.0,2027-01-08 14:00,2027-01-20 14:00,-4.75,0,YES
AB-APP-B04-2ND-1020,Approval for Beams Conc. Dim.  & RFT DWGs As-Built Drawing (B04) (2nd),ROYA-BIG PROJECT PHASE01 (B1-4) > Handover > As-built > Approval > Part 01 > B04 > Superstructure > 2nd Floor,TK_NotStart,2026-03-17 00:00,2027-01-13 08:00,2027-01-27 16:00,12.0,12.0,0.0,2027-01-08 14:00,2027-01-20 14:00,-4.75,0,YES
AB-APP-B04-2ND-1030,Approval for Stairs Conc. Dim.  & RFT DWGs As-Built Drawing (B04) (2nd),ROYA-BIG PROJECT PHASE01 (B1-4) > Handover > As-built > Approval > Part 01 > B04 > Superstructure > 2nd Floor,TK_NotStart,2026-03-17 00:00,2027-01-13 08:00,2027-01-27 16:00,12.0,12.0,0.0,2027-01-08 14:00,2027-01-20 14:00,-4.75,0,YES
AB-APP-B04-3TH-1000,Approval for Col. & Walls Conc. Dim.  & RFT DWGs As-Built Drawing (B04) (3rd),ROYA-BIG PROJECT PHASE01 (B1-4) > Handover > As-built > Approval > Part 01 > B04 > Superstructure > 3rd Floor,TK_NotStart,2026-03-17 00:00,2027-02-04 08:00,2027-02-17 16:00,12.0,12.0,0.0,2027-01-29 20:00,2027-02-10 20:00,-5.5,0,YES
AB-APP-B04-3TH-1010,Approval for Slabs Conc. Dim.  & RFT DWGs As-Built Drawing (B04) (3rd),ROYA-BIG PROJECT PHASE01 (B1-4) > Handover > As-built > Approval > Part 01 > B04 > Superstructure > 3rd Floor,TK_NotStart,2026-03-17 00:00,2027-02-24 08:00,2027-03-13 16:00,12.0,12.0,0.0,2027-02-18 20:00,2027-03-02 20:00,-5.5,0,YES
AB-APP-B04-3TH-1020,Approval for Beams Conc. Dim.  & RFT DWGs As-Built Drawing (B04) (3rd),ROYA-BIG PROJECT PHASE01 (B1-4) > Handover > As-built > Approval > Part 01 > B04 > Superstructure > 3rd Floor,TK_NotStart,2026-03-17 00:00,2027-02-24 08:00,2027-03-13 16:00,12.0,12.0,0.0,2027-02-18 20:00,2027-03-02 20:00,-5.5,0,YES
AB-APP-B04-3TH-1030,Approval for Stairs Conc. Dim.  & RFT DWGs As-Built Drawing (B04) (3rd),ROYA-BIG PROJECT PHASE01 (B1-4) > Handover > As-built > Approval > Part 01 > B04 > Superstructure > 3rd Floor,TK_NotStart,2026-03-17 00:00,2027-02-24 08:00,2027-03-13 16:00,12.0,12.0,0.0,2027-02-18 20:00,2027-03-02 20:00,-5.5,0,YES
AB-APP-B04-4TH-1000,Approval for Col. & Walls Conc. Dim.  & RFT DWGs As-Built Drawing (B04) (4th),ROYA-BIG PROJECT PHASE01 (B1-4) > Handover > As-built > Approval > Part 01 > B04 > Superstructure > 4th Floor,TK_NotStart,2026-03-17 00:00,2027-03-17 08:00,2027-03-30 16:00,12.0,12.0,0.0,2027-03-11 20:00,2027-03-23 20:00,-5.5,0,YES
AB-APP-B04-4TH-1010,Approval for Slabs Conc. Dim.  & RFT DWGs As-Built Drawing (B04) (4th),ROYA-BIG PROJECT PHASE01 (B1-4) > Handover > As-built > Approval > Part 01 > B04 > Superstructure > 4th Floor,TK_NotStart,2026-03-17 00:00,2027-04-05 08:00,2027-04-18 16:00,12.0,12.0,0.0,2027-03-30 20:00,2027-04-11 20:00,-5.5,0,YES
AB-APP-B04-4TH-1020,Approval for Beams Conc. Dim.  & RFT DWGs As-Built Drawing (B04) (4th),ROYA-BIG PROJECT PHASE01 (B1-4) > Handover > As-built > Approval > Part 01 > B04 > Superstructure > 4th Floor,TK_NotStart,2026-03-17 00:00,2027-04-05 08:00,2027-04-18 16:00,12.0,12.0,0.0,2027-03-30 20:00,2027-04-11 20:00,-5.5,0,YES
AB-APP-B04-4TH-1030,Approval for Stairs Conc. Dim.  & RFT DWGs As-Built Drawing (B04) (4th),ROYA-BIG PROJECT PHASE01 (B1-4) > Handover > As-built > Approval > Part 01 > B04 > Superstructure > 4th Floor,TK_NotStart,2026-03-17 00:00,2027-04-05 08:00,2027-04-18 16:00,12.0,12.0,0.0,2027-03-30 20:00,2027-04-11 20:00,-5.5,0,YES
AB-APP-B04-5TH-1000,Approval for Col. & Walls Conc. Dim.  & RFT DWGs As-Built Drawing (B04) (5th),ROYA-BIG PROJECT PHASE01 (B1-4) > Handover > As-built > Approval > Part 01 > B04 > Superstructure > 5th Floor,TK_NotStart,2026-03-17 00:00,2027-04-25 08:00,2027-05-08 16:00,12.0,12.0,0.0,2027-04-19 02:00,2027-05-01 02:00,-6.25,0,YES
AB-APP-B04-5TH-1010,Approval for Slabs Conc. Dim.  & RFT DWGs As-Built Drawing (B04) (5th),ROYA-BIG PROJECT PHASE01 (B1-4) > Handover > As-built > Approval > Part 01 > B04 > Superstructure > 5th Floor,TK_NotStart,2026-03-17 00:00,2027-05-11 08:00,2027-05-24 16:00,12.0,12.0,0.0,2027-05-05 02:00,2027-05-17 02:00,-6.25,0,YES
AB-APP-B04-5TH-1020,Approval for Beams Conc. Dim.  & RFT DWGs As-Built Drawing (B04) (5th),ROYA-BIG PROJECT PHASE01 (B1-4) > Handover > As-built > Approval > Part 01 > B04 > Superstructure > 5th Floor,TK_NotStart,2026-03-17 00:00,2027-05-11 08:00,2027-05-24 16:00,12.0,12.0,0.0,2027-05-05 02:00,2027-05-17 02:00,-6.25,0,YES
AB-APP-B04-5TH-1030,Approval for Stairs Conc. Dim.  & RFT DWGs As-Built Drawing (B04) (5th),ROYA-BIG PROJECT PHASE01 (B1-4) > Handover > As-built > Approval > Part 01 > B04 > Superstructure > 5th Floor,TK_NotStart,2026-03-17 00:00,2027-05-11 08:00,2027-05-24 16:00,12.0,12.0,0.0,2027-05-05 02:00,2027-05-17 02:00,-6.25,0,YES
AB-APP-B04-6TH-1000,Approval for Col. & Walls Conc. Dim.  & RFT DWGs As-Built Drawing (B04) (6th),ROYA-BIG PROJECT PHASE01 (B1-4) > Handover > As-built > Approval > Part 01 > B04 > Superstructure > 6th Floor,TK_NotStart,2026-03-17 00:00,2027-05-27 08:00,2027-06-09 16:00,12.0,12.0,0.0,2027-05-20 08:00,2027-06-01 08:00,-7.0,0,YES
AB-APP-B04-6TH-1010,Approval for Slabs Conc. Dim.  & RFT DWGs As-Built Drawing (B04) (6th),ROYA-BIG PROJECT PHASE01 (B1-4) > Handover > As-built > Approval > Part 01 > B04 > Superstructure > 6th Floor,TK_NotStart,2026-03-17 00:00,2027-06-10 08:00,2027-06-23 16:00,12.0,12.0,0.0,2027-06-03 08:00,2027-06-15 08:00,-7.0,0,YES
AB-APP-B04-6TH-1020,Approval for Beams Conc. Dim.  & RFT DWGs As-Built Drawing (B04) (6th),ROYA-BIG PROJECT PHASE01 (B1-4) > Handover > As-built > Approval > Part 01 > B04 > Superstructure > 6th Floor,TK_NotStart,2026-03-17 00:00,2027-06-10 08:00,2027-06-23 16:00,12.0,12.0,0.0,2027-06-03 08:00,2027-06-15 08:00,-7.0,0,YES
AB-APP-B04-6TH-1030,Approval for Stairs Conc. Dim.  & RFT DWGs As-Built Drawing (B04) (6th),ROYA-BIG PROJECT PHASE01 (B1-4) > Handover > As-built > Approval > Part 01 > B04 > Superstructure > 6th Floor,TK_NotStart,2026-03-17 00:00,2027-06-06 08:00,2027-06-19 16:00,12.0,12.0,0.0,2027-05-30 08:00,2027-06-11 08:00,-7.0,0,YES
AB-APP-B04-7TH-1000,Approval for Col. & Walls Conc. Dim.  & RFT DWGs As-Built Drawing (B04) (7th),ROYA-BIG PROJECT PHASE01 (B1-4) > Handover > As-built > Approval > Part 01 > B04 > Superstructure > 7th Floor,TK_NotStart,2026-03-17 00:00,2027-06-26 08:00,2027-07-08 16:00,12.0,12.0,0.0,2027-06-18 14:00,2027-06-30 14:00,-7.75,0,YES
AB-APP-B04-7TH-1010,Approval for Slabs Conc. Dim.  & RFT DWGs As-Built Drawing (B04) (7th),ROYA-BIG PROJECT PHASE01 (B1-4) > Handover > As-built > Approval > Part 01 > B04 > Superstructure > 7th Floor,TK_NotStart,2026-03-17 00:00,2027-07-08 08:00,2027-07-21 16:00,12.0,12.0,0.0,2027-06-30 14:00,2027-07-12 14:00,-7.75,0,YES
AB-APP-B04-7TH-1020,Approval for Beams Conc. Dim.  & RFT DWGs As-Built Drawing (B04) (7th),ROYA-BIG PROJECT PHASE01 (B1-4) > Handover > As-built > Approval > Part 01 > B04 > Superstructure > 7th Floor,TK_NotStart,2026-03-17 00:00,2027-07-08 08:00,2027-07-21 16:00,12.0,12.0,0.0,2027-06-30 14:00,2027-07-12 14:00,-7.75,0,YES
AB-APP-B04-7TH-1030,Approval for Stairs Conc. Dim.  & RFT DWGs As-Built Drawing (B04) (7th),ROYA-BIG PROJECT PHASE01 (B1-4) > Handover > As-built > Approval > Part 01 > B04 > Superstructure > 7th Floor,TK_NotStart,2026-03-17 00:00,2027-07-08 08:00,2027-07-21 16:00,12.0,12.0,0.0,2027-06-30 14:00,2027-07-12 14:00,-7.75,0,YES
AB-APP-B04-8TH-1000,Approval for Col. & Walls Conc. Dim.  & RFT DWGs As-Built Drawing (B04) (8th),ROYA-BIG PROJECT PHASE01 (B1-4) > Handover > As-built > Approval > Part 01 > B04 > Superstructure > 8th Floor,TK_NotStart,2026-03-17 00:00,2027-07-24 08:00,2027-08-05 16:00,12.0,12.0,0.0,2027-07-15 20:00,2027-07-27 20:00,-8.5,0,YES
AB-APP-B04-8TH-1010,Approval for Slabs Conc. Dim.  & RFT DWGs As-Built Drawing (B04) (8th),ROYA-BIG PROJECT PHASE01 (B1-4) > Handover > As-built > Approval > Part 01 > B04 > Superstructure > 8th Floor,TK_NotStart,2026-03-17 00:00,2027-08-03 08:00,2027-08-16 16:00,12.0,12.0,0.0,2027-07-25 20:00,2027-08-06 20:00,-8.5,0,YES
AB-APP-B04-8TH-1020,Approval for Beams Conc. Dim.  & RFT DWGs As-Built Drawing (B04) (8th),ROYA-BIG PROJECT PHASE01 (B1-4) > Handover > As-built > Approval > Part 01 > B04 > Superstructure > 8th Floor,TK_NotStart,2026-03-17 00:00,2027-08-03 08:00,2027-08-16 16:00,12.0,12.0,0.0,2027-07-25 20:00,2027-08-06 20:00,-8.5,0,YES
AB-APP-B04-8TH-1030,Approval for Stairs Conc. Dim.  & RFT DWGs As-Built Drawing (B04) (8th),ROYA-BIG PROJECT PHASE01 (B1-4) > Handover > As-built > Approval > Part 01 > B04 > Superstructure > 8th Floor,TK_NotStart,2026-03-17 00:00,2027-08-03 08:00,2027-08-16 16:00,12.0,12.0,0.0,2027-07-25 20:00,2027-08-06 20:00,-8.5,0,YES
AB-APP-B03-1ST-1000,Approval for Col. & Walls Conc. Dim.  & RFT DWGs As-Built Drawing  (B03) (1st),ROYA-BIG PROJECT PHASE01 (B1-4) > Handover > As-built > Approval > Part 01 > B03 > Superstructure > 1st Floor,TK_NotStart,2026-03-17 00:00,2026-10-12 08:00,2026-10-25 16:00,12.0,12.0,0.0,2026-10-12 08:00,2026-10-24 08:00,0.0,0,YES
AB-APP-B03-1ST-1010,Approval for Slabs Conc. Dim.  & RFT DWGs As-Built Drawing  (B03) (1st),ROYA-BIG PROJECT PHASE01 (B1-4) > Handover > As-built > Approval > Part 01 > B03 > Superstructure > 1st Floor,TK_NotStart,2026-03-17 00:00,2026-11-07 08:00,2026-11-19 16:00,12.0,12.0,0.0,2026-11-07 08:00,2026-11-19 08:00,0.0,0,YES
AB-APP-B03-1ST-1020,Approval for Beams Conc. Dim.  & RFT DWGs As-Built Drawing  (B03) (1st),ROYA-BIG PROJECT PHASE01 (B1-4) > Handover > As-built > Approval > Part 01 > B03 > Superstructure > 1st Floor,TK_NotStart,2026-03-17 00:00,2026-11-07 08:00,2026-11-19 16:00,12.0,12.0,0.0,2026-11-07 08:00,2026-11-19 08:00,0.0,0,YES
AB-APP-B03-1ST-1030,Approval for Stairs Conc. Dim.  & RFT DWGs As-Built Drawing  (B03) (1st),ROYA-BIG PROJECT PHASE01 (B1-4) > Handover > As-built > Approval > Part 01 > B03 > Superstructure > 1st Floor,TK_NotStart,2026-03-17 00:00,2026-11-07 08:00,2026-11-19 16:00,12.0,12.0,0.0,2026-11-07 08:00,2026-11-19 08:00,0.0,0,YES
AB-APP-B03-2ND-1000,Approval for Col. & Walls Conc. Dim.  & RFT DWGs As-Built Drawing  (B03) (2nd),ROYA-BIG PROJECT PHASE01 (B1-4) > Handover > As-built > Approval > Part 01 > B03 > Superstructure > 2nd Floor,TK_NotStart,2026-03-17 00:00,2026-12-15 08:00,2026-12-28 16:00,12.0,12.0,0.0,2026-12-15 08:00,2026-12-27 08:00,0.0,0,YES
AB-APP-B03-2ND-1010,Approval for Slabs Conc. Dim.  & RFT DWGs As-Built Drawing  (B03) (2nd),ROYA-BIG PROJECT PHASE01 (B1-4) > Handover > As-built > Approval > Part 01 > B03 > Superstructure > 2nd Floor,TK_NotStart,2026-03-17 00:00,2027-01-11 08:00,2027-01-24 16:00,12.0,12.0,0.0,2027-01-11 08:00,2027-01-23 08:00,0.0,0,YES
AB-APP-B03-2ND-1020,Approval for Beams Conc. Dim.  & RFT DWGs As-Built Drawing  (B03) (2nd),ROYA-BIG PROJECT PHASE01 (B1-4) > Handover > As-built > Approval > Part 01 > B03 > Superstructure > 2nd Floor,TK_NotStart,2026-03-17 00:00,2027-01-11 08:00,2027-01-24 16:00,12.0,12.0,0.0,2027-01-11 08:00,2027-01-23 08:00,0.0,0,YES
AB-APP-B03-2ND-1030,Approval for Stairs Conc. Dim.  & RFT DWGs As-Built Drawing  (B03) (2nd),ROYA-BIG PROJECT PHASE01 (B1-4) > Handover > As-built > Approval > Part 01 > B03 > Superstructure > 2nd Floor,TK_NotStart,2026-03-17 00:00,2027-01-11 08:00,2027-01-24 16:00,12.0,12.0,0.0,2027-01-11 08:00,2027-01-23 08:00,0.0,0,YES
AB-APP-B03-3RD-1000,Approval for Col. & Walls Conc. Dim.  & RFT DWGs As-Built Drawing  (B03) (3rd),ROYA-BIG PROJECT PHASE01 (B1-4) > Handover > As-built > Approval > Part 01 > B03 > Superstructure > 3rd Floor,TK_NotStart,2026-03-17 00:00,2027-02-17 08:00,2027-03-02 16:00,12.0,12.0,0.0,2027-02-17 08:00,2027-03-01 08:00,0.0,0,YES
AB-APP-B03-3RD-1010,Approval for Slabs Conc. Dim.  & RFT DWGs As-Built Drawing  (B03) (3rd),ROYA-BIG PROJECT PHASE01 (B1-4) > Handover > As-built > Approval > Part 01 > B03 > Superstructure > 3rd Floor,TK_NotStart,2026-03-17 00:00,2027-03-18 08:00,2027-03-31 16:00,12.0,12.0,0.0,2027-03-18 08:00,2027-03-30 08:00,0.0,0,YES
AB-APP-B03-3RD-1020,Approval for Beams Conc. Dim.  & RFT DWGs As-Built Drawing  (B03) (3rd),ROYA-BIG PROJECT PHASE01 (B1-4) > Handover > As-built > Approval > Part 01 > B03 > Superstructure > 3rd Floor,TK_NotStart,2026-03-17 00:00,2027-03-18 08:00,2027-03-31 16:00,12.0,12.0,0.0,2027-03-18 08:00,2027-03-30 08:00,0.0,0,YES
AB-APP-B03-3RD-1030,Approval for Stairs Conc. Dim.  & RFT DWGs As-Built Drawing  (B03) (3rd),ROYA-BIG PROJECT PHASE01 (B1-4) > Handover > As-built > Approval > Part 01 > B03 > Superstructure > 3rd Floor,TK_NotStart,2026-03-17 00:00,2027-03-18 08:00,2027-03-31 16:00,12.0,12.0,0.0,2027-03-18 08:00,2027-03-30 08:00,0.0,0,YES
AB-APP-B03-4TH-1000,Approval for Col. & Walls Conc. Dim.  & RFT DWGs As-Built Drawing  (B03) (4th),ROYA-BIG PROJECT PHASE01 (B1-4) > Handover > As-built > Approval > Part 01 > B03 > Superstructure > 4th Floor,TK_NotStart,2026-03-17 00:00,2027-04-21 08:00,2027-05-04 16:00,12.0,12.0,0.0,2027-04-21 08:00,2027-05-03 08:00,0.0,0,YES
AB-APP-B03-4TH-1010,Approval for Slabs Conc. Dim.  & RFT DWGs As-Built Drawing  (B03) (4th),ROYA-BIG PROJECT PHASE01 (B1-4) > Handover > As-built > Approval > Part 01 > B03 > Superstructure > 4th Floor,TK_NotStart,2026-03-17 00:00,2027-05-13 08:00,2027-05-26 16:00,12.0,12.0,0.0,2027-05-13 08:00,2027-05-25 08:00,0.0,0,YES
AB-APP-B03-4TH-1020,Approval for Beams Conc. Dim.  & RFT DWGs As-Built Drawing  (B03) (4th),ROYA-BIG PROJECT PHASE01 (B1-4) > Handover > As-built > Approval > Part 01 > B03 > Superstructure > 4th Floor,TK_NotStart,2026-03-17 00:00,2027-05-13 08:00,2027-05-26 16:00,12.0,12.0,0.0,2027-05-13 08:00,2027-05-25 08:00,0.0,0,YES
AB-APP-B03-4TH-1030,Approval for Stairs Conc. Dim.  & RFT DWGs As-Built Drawing  (B03) (4th),ROYA-BIG PROJECT PHASE01 (B1-4) > Handover > As-built > Approval > Part 01 > B03 > Superstructure > 4th Floor,TK_NotStart,2026-03-17 00:00,2027-05-13 08:00,2027-05-26 16:00,12.0,12.0,0.0,2027-05-13 08:00,2027-05-25 08:00,0.0,0,YES
AB-APP-B04-RF-1000,Approval for Col. & Walls Conc. Dim.  & RFT DWGs As-Built Drawing (B04) (RF),ROYA-BIG PROJECT PHASE01 (B1-4) > Handover > As-built > Approval > Part 01 > B04 > Superstructure > Roof Floor,TK_NotStart,2026-03-17 00:00,2027-08-11 08:00,2027-08-24 16:00,12.0,12.0,0.0,2027-08-02 02:00,2027-08-14 02:00,-9.25,0,YES
AB-APP-B04-RF-1010,Approval for Slabs Conc. Dim.  & RFT DWGs As-Built Drawing (B04) (RF),ROYA-BIG PROJECT PHASE01 (B1-4) > Handover > As-built > Approval > Part 01 > B04 > Superstructure > Roof Floor,TK_NotStart,2026-03-17 00:00,2027-08-17 08:00,2027-08-30 16:00,12.0,12.0,0.0,2027-08-08 20:00,2027-08-20 20:00,-8.5,0,YES
AB-APP-B04-RF-1020,Approval for  Beams Conc. Dim.  & RFT DWGs As-Built Drawing (B04) (RF),ROYA-BIG PROJECT PHASE01 (B1-4) > Handover > As-built > Approval > Part 01 > B04 > Superstructure > Roof Floor,TK_NotStart,2026-03-17 00:00,2027-08-17 08:00,2027-08-30 16:00,12.0,12.0,0.0,2027-08-08 20:00,2027-08-20 20:00,-8.5,0,YES
AB-APP-B03-RF-1000,Approval for Col. & Walls Conc. Dim.  & RFT DWGs As-Built Drawing  (B03) (RF),ROYA-BIG PROJECT PHASE01 (B1-4) > Handover > As-built > Approval > Part 01 > B03 > Superstructure > Roof Floor,TK_NotStart,2026-03-17 00:00,2027-06-05 08:00,2027-06-17 16:00,12.0,12.0,0.0,2027-06-05 08:00,2027-06-17 08:00,0.0,0,YES
AB-APP-B03-RF-1010,Approval for Slabs Conc. Dim.  & RFT DWGs As-Built Drawing  (B03) (RF),ROYA-BIG PROJECT PHASE01 (B1-4) > Handover > As-built > Approval > Part 01 > B03 > Superstructure > Roof Floor,TK_NotStart,2026-03-17 00:00,2027-06-14 08:00,2027-06-29 16:00,14.0,14.0,0.0,2027-06-14 08:00,2027-06-28 08:00,0.0,0,YES
AB-APP-B03-RF-1020,Approval for Beams Conc. Dim.  & RFT DWGs As-Built Drawing  (B03) (RF),ROYA-BIG PROJECT PHASE01 (B1-4) > Handover > As-built > Approval > Part 01 > B03 > Superstructure > Roof Floor,TK_NotStart,2026-03-17 00:00,2027-06-14 08:00,2027-06-29 16:00,14.0,14.0,0.0,2027-06-14 08:00,2027-06-28 08:00,0.0,0,YES
AB-SUB-B04-WT-1000,Submittal for PC Raft Conc. Dim. DWGs As-Built Drawing (B04) (Water Tank),ROYA-BIG PROJECT PHASE01 (B1-4) > Handover > As-built > Submittal > Part 01 > B04 > Substructre > Basement 2 > Water Tank,TK_NotStart,2026-03-17 00:00,2026-03-21 08:00,2026-04-09 16:00,18.0,18.0,0.0,2026-03-21 08:00,2026-04-08 08:00,0.0,0,YES
AB-SUB-B04-WT-1010,Submittal for RC Raft Conc. Dim. DWGs As-Built Drawing (B04) (Water Tank),ROYA-BIG PROJECT PHASE01 (B1-4) > Handover > As-built > Submittal > Part 01 > B04 > Substructre > Basement 2 > Water Tank,TK_NotStart,2026-03-17 00:00,2026-03-21 08:00,2026-04-09 16:00,18.0,18.0,0.0,2026-03-21 08:00,2026-04-08 08:00,0.0,0,YES
AB-SUB-B04-WT-1030,Submittal for Col. & Walls DWGs As-Built Drawing (B04) (Water Tank),ROYA-BIG PROJECT PHASE01 (B1-4) > Handover > As-built > Submittal > Part 01 > B04 > Substructre > Basement 2 > Water Tank,TK_NotStart,2026-03-17 00:00,2026-03-28 08:00,2026-04-18 16:00,18.0,18.0,0.0,2026-03-28 08:00,2026-04-15 08:00,0.0,0,YES
AB-SUB-B04-WT-1040,Submittal for Slabs DWGs As-Built Drawing (B04) (Water Tank),ROYA-BIG PROJECT PHASE01 (B1-4) > Handover > As-built > Submittal > Part 01 > B04 > Substructre > Basement 2 > Water Tank,TK_NotStart,2026-03-17 00:00,2026-04-06 08:00,2026-04-27 16:00,18.0,18.0,0.0,2026-04-06 08:00,2026-04-24 08:00,0.0,0,YES
AB-SUB-B04-SOG-1000,Submittal for S.O.G Conc. Dim. DWGs As-Built Drawing (B04) (Sog),ROYA-BIG PROJECT PHASE01 (B1-4) > Handover > As-built > Submittal > Part 01 > B04 > Substructre > Basement 2 > S.O.G,TK_NotStart,2026-03-17 00:00,2026-07-29 08:00,2026-08-18 16:00,18.0,18.0,0.0,2026-07-29 08:00,2026-08-16 08:00,0.0,0,YES
AB-SUB-B04-SOG-1010,Submittal for S.O.G RFT DWGs As-Built Drawing (B04) (Sog),ROYA-BIG PROJECT PHASE01 (B1-4) > Handover > As-built > Submittal > Part 01 > B04 > Substructre > Basement 2 > S.O.G,TK_NotStart,2026-03-17 00:00,2026-07-29 08:00,2026-08-18 16:00,18.0,18.0,0.0,2026-07-29 08:00,2026-08-16 08:00,0.0,0,YES
AB-SUB-B04-WT-1020,Submittal for RC Raft RFT DWGs As-Built Drawing (B04) (Water Tank),ROYA-BIG PROJECT PHASE01 (B1-4) > Handover > As-built > Submittal > Part 01 > B04 > Substructre > Basement 2 > Water Tank,TK_NotStart,2026-03-17 00:00,2026-03-21 08:00,2026-04-09 16:00,18.0,18.0,0.0,2026-03-21 08:00,2026-04-08 08:00,0.0,0,YES
AB-SUB-B03-SOG-1000,Submittal for S.O.G Conc. Dim. DWGs As-Built Drawing (B03) (Sog),ROYA-BIG PROJECT PHASE01 (B1-4) > Handover > As-built > Submittal > Part 01 > B03 > Substructre > Basement 2 > S.O.G,TK_NotStart,2026-03-17 00:00,2026-07-11 08:00,2026-08-01 16:00,18.0,18.0,0.0,2026-07-11 08:00,2026-07-29 08:00,0.0,0,YES
AB-SUB-B03-SOG-1010,Submittal for S.O.G RFT DWGs As-Built Drawing (B03) (Sog),ROYA-BIG PROJECT PHASE01 (B1-4) > Handover > As-built > Submittal > Part 01 > B03 > Substructre > Basement 2 > S.O.G,TK_NotStart,2026-03-17 00:00,2026-07-15 08:00,2026-08-05 16:00,18.0,18.0,0.0,2026-07-15 08:00,2026-08-02 08:00,0.0,0,YES
AB-SUB-B01-SOG-1000,Submittal for S.O.G Conc. Dim. DWGs As-Built Drawing (B01) (Sog),ROYA-BIG PROJECT PHASE01 (B1-4) > Handover > As-built > Submittal > Part 02 > B01 > Substructre > Basement 2 > S.O.G,TK_NotStart,2026-03-17 00:00,2026-11-14 08:00,2026-12-03 16:00,18.0,18.0,0.0,2026-11-04 20:00,2026-11-22 20:00,-9.5,0,YES
AB-SUB-B01-SOG-1010,Submittal for S.O.G RFT DWGs As-Built Drawing (B01) (Sog),ROYA-BIG PROJECT PHASE01 (B1-4) > Handover > As-built > Submittal > Part 02 > B01 > Substructre > Basement 2 > S.O.G,TK_NotStart,2026-03-17 00:00,2026-11-18 08:00,2026-12-08 16:00,18.0,18.0,0.0,2026-11-08 20:00,2026-11-26 20:00,-9.5,0,YES
AB-SUB-B02-SOG-1000,Submittal for S.O.G Conc. Dim. DWGs As-Built Drawing (B02) (Sog),ROYA-BIG PROJECT PHASE01 (B1-4) > Handover > As-built > Submittal > Part 02 > B02 > Substructre > Basement 2 > S.O.G,TK_NotStart,2026-03-17 00:00,2026-12-06 08:00,2026-12-26 16:00,18.0,18.0,0.0,2026-11-26 20:00,2026-12-14 20:00,-9.5,0,YES
AB-SUB-B02-SOG-1010,Submittal for S.O.G RFT DWGs As-Built Drawing (B02) (Sog),ROYA-BIG PROJECT PHASE01 (B1-4) > Handover > As-built > Submittal > Part 02 > B02 > Substructre > Basement 2 > S.O.G,TK_NotStart,2026-03-17 00:00,2026-12-06 08:00,2026-12-26 16:00,18.0,18.0,0.0,2026-11-26 20:00,2026-12-14 20:00,-9.5,0,YES
AB-APP-B01-SOG-1000,Approval for S.O.G Conc. Dim.DWGs As-Built Drawing (B01) (Sog),ROYA-BIG PROJECT PHASE01 (B1-4) > Handover > As-built > Approval > Part 02 > B01 > Substructre > Basement 2 > S.O.G,TK_NotStart,2026-03-17 00:00,2026-11-28 08:00,2026-12-10 16:00,12.0,12.0,0.0,2026-11-18 20:00,2026-11-30 20:00,-9.5,0,YES
AB-APP-B01-SOG-1010,Approval for S.O.G RFT DWGs As-Built Drawing (B01) (Sog),ROYA-BIG PROJECT PHASE01 (B1-4) > Handover > As-built > Approval > Part 02 > B01 > Substructre > Basement 2 > S.O.G,TK_NotStart,2026-03-17 00:00,2026-12-02 08:00,2026-12-15 16:00,12.0,12.0,0.0,2026-11-22 20:00,2026-12-04 20:00,-9.5,0,YES
AB-APP-B02-SOG-1000,Approval for S.O.G Conc. Dim. DWGs As-Built Drawing (B02) (Sog),ROYA-BIG PROJECT PHASE01 (B1-4) > Handover > As-built > Approval > Part 02 > B02 > Substructre > Basement 2 > S.O.G,TK_NotStart,2026-03-17 00:00,2026-12-20 08:00,2027-01-02 16:00,12.0,12.0,0.0,2026-12-10 20:00,2026-12-22 20:00,-9.5,0,YES
AB-APP-B02-SOG-1010,Approval for S.O.G RFT DWGs As-Built Drawing (B02) (Sog),ROYA-BIG PROJECT PHASE01 (B1-4) > Handover > As-built > Approval > Part 02 > B02 > Substructre > Basement 2 > S.O.G,TK_NotStart,2026-03-17 00:00,2026-12-20 08:00,2027-01-02 16:00,12.0,12.0,0.0,2026-12-10 20:00,2026-12-22 20:00,-9.5,0,YES
AB-APP-B03-SOG-1000,Approval for S.O.G Conc. Dim. DWGs As-Built Drawing  (B03) (Sog),ROYA-BIG PROJECT PHASE01 (B1-4) > Handover > As-built > Approval > Part 01 > B03 > Substructre > Basement 2 > S.O.G,TK_NotStart,2026-03-17 00:00,2026-07-26 08:00,2026-08-08 16:00,12.0,12.0,0.0,2026-07-26 08:00,2026-08-07 08:00,0.0,0,YES
AB-APP-B03-SOG-1010,Approval for S.O.G RFT DWGs As-Built Drawing  (B03) (Sog),ROYA-BIG PROJECT PHASE01 (B1-4) > Handover > As-built > Approval > Part 01 > B03 > Substructre > Basement 2 > S.O.G,TK_NotStart,2026-03-17 00:00,2026-07-30 08:00,2026-08-12 16:00,12.0,12.0,0.0,2026-07-30 08:00,2026-08-11 08:00,0.0,0,YES
AB-APP-B04-SOG-1000,Approval for S.O.G Conc. Dim. DWGs As-Built Drawing (B04) (Sog),ROYA-BIG PROJECT PHASE01 (B1-4) > Handover > As-built > Approval > Part 01 > B04 > Substructre > Basement 2 > S.O.G,TK_NotStart,2026-03-17 00:00,2026-08-12 08:00,2026-08-25 16:00,12.0,12.0,0.0,2026-08-12 08:00,2026-08-24 08:00,0.0,0,YES
AB-APP-B04-SOG-1010,Approval for S.O.G RFT DWGs As-Built Drawing (B04) (Sog),ROYA-BIG PROJECT PHASE01 (B1-4) > Handover > As-built > Approval > Part 01 > B04 > Substructre > Basement 2 > S.O.G,TK_NotStart,2026-03-17 00:00,2026-08-12 08:00,2026-08-25 16:00,12.0,12.0,0.0,2026-08-12 08:00,2026-08-24 08:00,0.0,0,YES
AB-APP-B04-WT-1000,Approval for PC Raft Conc. Dim. DWGs As-Built Drawing (B04) (Water Tank),ROYA-BIG PROJECT PHASE01 (B1-4) > Handover > As-built > Approval > Part 01 > B04 > Substructre > Basement 2 > Water Tank,TK_NotStart,2026-03-17 00:00,2026-04-04 08:00,2026-04-18 16:00,12.0,12.0,0.0,2026-04-04 08:00,2026-04-16 08:00,0.0,0,YES
AB-APP-B04-WT-1010,Approval for RC Raft Conc. Dim. DWGs As-Built Drawing (B04) (Water Tank),ROYA-BIG PROJECT PHASE01 (B1-4) > Handover > As-built > Approval > Part 01 > B04 > Substructre > Basement 2 > Water Tank,TK_NotStart,2026-03-17 00:00,2026-04-04 08:00,2026-04-18 16:00,12.0,12.0,0.0,2026-04-04 08:00,2026-04-16 08:00,0.0,0,YES
AB-APP-B04-WT-1030,Approval for Col. & Walls DWGs As-Built Drawing (B04) (Water Tank),ROYA-BIG PROJECT PHASE01 (B1-4) > Handover > As-built > Approval > Part 01 > B04 > Substructre > Basement 2 > Water Tank,TK_NotStart,2026-03-17 00:00,2026-04-11 08:00,2026-04-25 16:00,12.0,12.0,0.0,2026-04-11 08:00,2026-04-23 08:00,0.0,0,YES
AB-APP-B04-WT-1040,Approval for Slabs DWGs As-Built Drawing (B04) (Water Tank),ROYA-BIG PROJECT PHASE01 (B1-4) > Handover > As-built > Approval > Part 01 > B04 > Substructre > Basement 2 > Water Tank,TK_NotStart,2026-03-17 00:00,2026-04-21 08:00,2026-05-04 16:00,12.0,12.0,0.0,2026-04-21 08:00,2026-05-03 08:00,0.0,0,YES
AB-APP-B04-WT-1020,Approval for RC Raft RFT DWGs As-Built Drawing (B04) (Water Tank),ROYA-BIG PROJECT PHASE01 (B1-4) > Handover > As-built > Approval > Part 01 > B04 > Substructre > Basement 2 > Water Tank,TK_NotStart,2026-03-17 00:00,2026-04-04 08:00,2026-04-18 16:00,12.0,12.0,0.0,2026-04-04 08:00,2026-04-16 08:00,0.0,0,YES
AB-SUB-B01-REP-1000,Submittal for General Replacement Plan & Typical Sections for Replacement / Backfilling DWGs As-Built Drawing (B01),ROYA-BIG PROJECT PHASE01 (B1-4) > Handover > As-built > Submittal > Part 02 > B01 > Substructre > Replacement,TK_NotStart,2026-03-17 00:00,2026-03-21 08:00,2026-04-09 16:00,18.0,18.0,0.0,2026-03-21 08:00,2026-04-08 08:00,0.0,0,YES
AB-SUB-B02-REP-1000,Submittal for General Replacement Plan & Typical Sections for Replacement / Backfilling DWGs As-Built Drawing (B02),ROYA-BIG PROJECT PHASE01 (B1-4) > Handover > As-built > Submittal > Part 02 > B02 > Substructre > Replacement,TK_NotStart,2026-03-17 00:00,2026-03-21 08:00,2026-04-09 16:00,18.0,18.0,0.0,2026-03-21 08:00,2026-04-08 08:00,0.0,0,YES
AB-SUB-B03-REP-1000,Submittal for General Replacement Plan & Typical Sections for Replacement / Backfilling DWGs As-Built Drawing (B03),ROYA-BIG PROJECT PHASE01 (B1-4) > Handover > As-built > Submittal > Part 01 > B03 > Substructre > Replacement,TK_NotStart,2026-03-17 00:00,2026-03-21 08:00,2026-04-09 16:00,18.0,18.0,0.0,2026-03-21 08:00,2026-04-08 08:00,0.0,0,YES
AB-SUB-B04-REP-1000,Submittal for General Replacement Plan & Typical Sections for Replacement / Backfilling DWGs As-Built Drawing (B04),ROYA-BIG PROJECT PHASE01 (B1-4) > Handover > As-built > Submittal > Part 01 > B04 > Substructre > Replacement,TK_NotStart,2026-03-17 00:00,2026-03-21 08:00,2026-04-09 16:00,18.0,18.0,0.0,2026-03-21 08:00,2026-04-08 08:00,0.0,0,YES
AB-APP-B01-REP-1000,Approval for General Replacement Plan & Typical Sections for Replacement / Backfilling DWGs As-Built Drawing (B01),ROYA-BIG PROJECT PHASE01 (B1-4) > Handover > As-built > Approval > Part 02 > B01 > Substructre > Replacement,TK_NotStart,2026-03-17 00:00,2026-04-04 08:00,2026-04-18 16:00,12.0,12.0,0.0,2026-04-04 08:00,2026-04-16 08:00,0.0,0,YES
AB-APP-B02-REP-1000,Approval for General Replacement Plan & Typical Sections for Replacement / Backfilling DWGs As-Built Drawing (B02),ROYA-BIG PROJECT PHASE01 (B1-4) > Handover > As-built > Approval > Part 02 > B02 > Substructre > Replacement,TK_NotStart,2026-03-17 00:00,2026-04-04 08:00,2026-04-18 16:00,12.0,12.0,0.0,2026-04-04 08:00,2026-04-16 08:00,0.0,0,YES
AB-APP-B03-REP-1000,Approval for General Replacement Plan & Typical Sections for Replacement / Backfilling DWGs As-Built Drawing (B03),ROYA-BIG PROJECT PHASE01 (B1-4) > Handover > As-built > Approval > Part 01 > B03 > Substructre > Replacement,TK_NotStart,2026-03-17 00:00,2026-04-04 08:00,2026-04-18 16:00,12.0,12.0,0.0,2026-04-04 08:00,2026-04-16 08:00,0.0,0,YES
AB-APP-B04-REP-1000,Approval for General Replacement Plan & Typical Sections for Replacement / Backfilling DWGs As-Built Drawing (B04),ROYA-BIG PROJECT PHASE01 (B1-4) > Handover > As-built > Approval > Part 01 > B04 > Substructre > Replacement,TK_NotStart,2026-03-17 00:00,2026-04-04 08:00,2026-04-18 16:00,12.0,12.0,0.0,2026-04-04 08:00,2026-04-16 08:00,0.0,0,YES
AB-SUB-B01-FOOT-1010,Submittal for  Waterproofing Layout Plan DWGs As-Built Drawing (B01),ROYA-BIG PROJECT PHASE01 (B1-4) > Handover > As-built > Submittal > Part 02 > B01 > Substructre > Footing,TK_NotStart,2026-03-17 00:00,2026-03-21 08:00,2026-04-09 16:00,18.0,18.0,0.0,2026-03-21 08:00,2026-04-08 08:00,0.0,0,YES
AB-SUB-B02-FOOT-1030,Submittal for  Waterproofing Layout Plan DWGs As-Built Drawing (B02),ROYA-BIG PROJECT PHASE01 (B1-4) > Handover > As-built > Submittal > Part 02 > B02 > Substructre > Footing,TK_NotStart,2026-03-17 00:00,2026-05-09 08:00,2026-06-02 16:00,18.0,18.0,0.0,2026-05-09 08:00,2026-05-27 08:00,0.0,0,YES
AB-SUB-B03-FOOT-1030,Submittal for  Waterproofing Layout Plan DWGs As-Built Drawing (B03),ROYA-BIG PROJECT PHASE01 (B1-4) > Handover > As-built > Submittal > Part 01 > B03 > Substructre > Footing,TK_NotStart,2026-03-17 00:00,2026-05-09 08:00,2026-06-02 16:00,18.0,18.0,0.0,2026-05-09 08:00,2026-05-27 08:00,0.0,0,YES
AB-SUB-B04-FOOT-1030,Submittal for  Waterproofing Layout Plan DWGs As-Built Drawing (B04),ROYA-BIG PROJECT PHASE01 (B1-4) > Handover > As-built > Submittal > Part 01 > B04 > Substructre > Footing,TK_NotStart,2026-03-17 00:00,2026-05-09 08:00,2026-06-02 16:00,18.0,18.0,0.0,2026-05-09 08:00,2026-05-27 08:00,0.0,0,YES
AB-APP-B03-FOOT-1030,Approval for  Waterproofing Layout Plan  DWGs As-Built Drawing(B03),ROYA-BIG PROJECT PHASE01 (B1-4) > Handover > As-built > Approval > Part 01 > B03 > Substructre > Footing,TK_NotStart,2026-03-17 00:00,2026-05-23 08:00,2026-06-09 16:00,12.0,12.0,0.0,2026-05-23 08:00,2026-06-04 08:00,0.0,0,YES
AB-APP-B04-FOOT-1030,Approval for  Waterproofing Layout Plan (B04),ROYA-BIG PROJECT PHASE01 (B1-4) > Handover > As-built > Approval > Part 01 > B04 > Substructre > Footing,TK_NotStart,2026-03-17 00:00,2026-05-23 08:00,2026-06-09 16:00,12.0,12.0,0.0,2026-05-23 08:00,2026-06-04 08:00,0.0,0,YES
AB-APP-B01-FOOT-1010,Approval for  Waterproofing Layout Plan DWGs As-Built Drawing (B01),ROYA-BIG PROJECT PHASE01 (B1-4) > Handover > As-built > Approval > Part 02 > B01 > Substructre > Footing,TK_NotStart,2026-03-17 00:00,2026-04-04 08:00,2026-04-18 16:00,12.0,12.0,0.0,2026-04-04 08:00,2026-04-16 08:00,0.0,0,YES
AB-APP-B02-FOOT-1030,Approval for  Waterproofing Layout Plan DWGs As-Built Drawing  (B02),ROYA-BIG PROJECT PHASE01 (B1-4) > Handover > As-built > Approval > Part 02 > B02 > Substructre > Footing,TK_NotStart,2026-03-17 00:00,2026-05-23 08:00,2026-06-09 16:00,12.0,12.0,0.0,2026-05-23 08:00,2026-06-04 08:00,0.0,0,YES
CON-B01-FOOT-1060,Shuttering for Columns & Walls Below SOG (B01) (footing),ROYA-BIG PROJECT PHASE01 (B1-4) > Construction > Part 02 > B01 > Substructure > Footing,TK_Active,2026-03-17 00:00,2026-03-21 08:00,2026-03-22 09:36,1.2,1.2,0.0,2026-03-21 08:00,2026-03-22 12:48,0.0,1,YES
CON-B01-FOOT-1070,RFT for Columns & Walls Below SOG (B01) (footing),ROYA-BIG PROJECT PHASE01 (B1-4) > Construction > Part 02 > B01 > Substructure > Footing,TK_Active,2026-03-17 00:00,2026-03-21 08:00,2026-03-22 09:36,1.2,1.2,0.0,2026-03-21 08:00,2026-03-22 12:48,0.0,1,YES
CON-B01-FOOT-1080,Pouring Columns & Walls Below SOG (B01) (footing),ROYA-BIG PROJECT PHASE01 (B1-4) > Construction > Part 02 > B01 > Substructure > Footing,TK_NotStart,2026-03-17 00:00,2026-03-22 08:00,2026-03-22 16:00,1.0,1.0,0.0,2026-03-22 08:00,2026-03-23 08:00,0.0,1,YES
CON-B02-FOOT-1060,Shuttering for Columns & Walls Below SOG (B01) (footing),ROYA-BIG PROJECT PHASE01 (B1-4) > Construction > Part 02 > B02 > Substructure > Footing,TK_Complete,2026-03-17 00:00,2026-03-17 00:00,2026-03-17 00:00,0.0,0.0,0.0,2026-03-17 00:00,2026-03-17 00:00,0.0,1,YES
CON-B02-FOOT-1070,RFT for Columns & Walls Below SOG (B02) (footing),ROYA-BIG PROJECT PHASE01 (B1-4) > Construction > Part 02 > B02 > Substructure > Footing,TK_Complete,2026-03-17 00:00,2026-03-17 00:00,2026-03-17 00:00,0.0,0.0,0.0,2026-03-17 00:00,2026-03-17 00:00,0.0,1,YES
CON-B02-FOOT-1080,Pouring Columns & Walls Below SOG (B01) (footing),ROYA-BIG PROJECT PHASE01 (B1-4) > Construction > Part 02 > B02 > Substructure > Footing,TK_Complete,2026-03-17 00:00,2026-03-17 00:00,2026-03-17 00:00,0.0,0.0,0.0,2026-03-17 00:00,2026-03-17 00:00,0.0,1,YES
CON-B04-FOOT-1060,Shuttering for Columns & Walls Below SOG (B01) (footing),ROYA-BIG PROJECT PHASE01 (B1-4) > Construction > Part 01 > B04 > Substructure > Footing,TK_Active,2026-03-17 00:00,2026-03-21 08:00,2026-03-22 14:00,1.75,1.75,0.0,2026-03-21 08:00,2026-03-23 02:00,0.0,1,YES
CON-B04-FOOT-1070,RFT for Columns & Walls Below SOG (B04) (footing),ROYA-BIG PROJECT PHASE01 (B1-4) > Construction > Part 01 > B04 > Substructure > Footing,TK_Active,2026-03-17 00:00,2026-03-22 08:00,2026-03-23 14:00,1.75,1.75,0.0,2026-03-22 08:00,2026-03-24 02:00,0.0,1,YES
CON-B04-FOOT-1090,Pouring Columns & Walls Below SOG (B01) (footing),ROYA-BIG PROJECT PHASE01 (B1-4) > Construction > Part 01 > B04 > Substructure > Footing,TK_NotStart,2026-03-17 00:00,2026-03-23 14:00,2026-03-24 14:00,1.0,1.0,0.0,2026-03-23 14:00,2026-03-24 14:00,0.0,1,YES
CON-B03-FOOT-1060,Shuttering for Columns & Walls Below SOG (B01) (footing),ROYA-BIG PROJECT PHASE01 (B1-4) > Construction > Part 01 > B03 > Substructure > Footing,TK_Complete,2026-03-17 00:00,2026-03-17 00:00,2026-03-17 00:00,0.0,0.0,0.0,2026-03-17 00:00,2026-03-17 00:00,0.0,1,YES
CON-B03-FOOT-1070,RFT for Columns & Walls Below SOG (B03) (footing),ROYA-BIG PROJECT PHASE01 (B1-4) > Construction > Part 01 > B03 > Substructure > Footing,TK_Complete,2026-03-17 00:00,2026-03-17 00:00,2026-03-17 00:00,0.0,0.0,0.0,2026-03-17 00:00,2026-03-17 00:00,0.0,1,YES
CON-B03-FOOT-1090,Pouring Columns & Walls Below SOG (B01) (footing),ROYA-BIG PROJECT PHASE01 (B1-4) > Construction > Part 01 > B03 > Substructure > Footing,TK_Complete,2026-03-17 00:00,2026-03-17 00:00,2026-03-17 00:00,0.0,0.0,0.0,2026-03-17 00:00,2026-03-17 00:00,0.0,1,YES
123456,Curing for Ramps & Stairs (B01) (Bas 02),ROYA-BIG PROJECT PHASE01 (B1-4) > Construction > Part 02 > B01 > Substructure > Basement 2,TK_NotStart,2026-03-17 00:00,2026-07-26 08:00,2026-07-28 16:00,3.0,2.25,-0.75,2026-07-21 08:00,2026-07-23 14:00,-5.0,1,YES
CON-B01-BAS01-1150,Curing for  Ramps & Stairs (B01) (Bas 01),ROYA-BIG PROJECT PHASE01 (B1-4) > Construction > Part 02 > B01 > Substructure > Basement 1,TK_NotStart,2026-03-17 00:00,2026-09-08 08:00,2026-09-10 16:00,3.0,2.25,-0.75,2026-08-27 14:00,2026-08-29 20:00,-11.75,1,YES
CON-B04-BAS02-1150,Curing for  Ramps & Stairs (B04) (Bas 02),ROYA-BIG PROJECT PHASE01 (B1-4) > Construction > Part 01 > B04 > Substructure > Basement 2,TK_NotStart,2026-03-17 00:00,2026-05-03 13:36,2026-05-06 13:36,3.0,3.0,0.0,2026-05-03 13:36,2026-05-06 13:36,0.0,1,YES
CON-B04-BAS01-1150,Curing for  Ramps & Stairs (B04) (Bas 01),ROYA-BIG PROJECT PHASE01 (B1-4) > Construction > Part 01 > B04 > Substructure > Basement 1,TK_NotStart,2026-03-17 00:00,2026-06-17 08:00,2026-06-20 16:00,4.0,4.0,0.0,2026-06-17 08:00,2026-06-21 08:00,0.0,1,YES
HO-1010,Snag list for B01,ROYA-BIG PROJECT PHASE01 (B1-4) > Handover > Handover Works,TK_NotStart,2026-03-17 00:00,2027-09-09 08:00,2027-09-18 16:00,10.0,10.0,0.0,2027-08-13 14:00,2027-08-23 14:00,-26.75,0,YES
HO-1020,Snag list for B02,ROYA-BIG PROJECT PHASE01 (B1-4) > Handover > Handover Works,TK_NotStart,2026-03-17 00:00,2027-06-05 08:00,2027-06-15 16:00,10.0,10.0,0.0,2027-06-05 08:00,2027-06-15 08:00,0.0,0,YES
HO-1030,Snag list for B03,ROYA-BIG PROJECT PHASE01 (B1-4) > Handover > Handover Works,TK_NotStart,2026-03-17 00:00,2027-06-12 08:00,2027-06-22 16:00,10.0,10.0,0.0,2027-06-12 08:00,2027-06-22 08:00,0.0,0,YES
HO-1040,Snag list for B04,ROYA-BIG PROJECT PHASE01 (B1-4) > Handover > Handover Works,TK_NotStart,2026-03-17 00:00,2027-08-26 08:00,2027-09-05 16:00,10.0,10.0,0.0,2027-08-17 02:00,2027-08-27 02:00,-9.25,0,YES
HO-1050,Snag list for As-Built,ROYA-BIG PROJECT PHASE01 (B1-4) > Handover > Handover Works,TK_NotStart,2026-03-17 00:00,2027-09-12 08:00,2027-09-13 16:00,2.0,2.0,0.0,2027-09-01 08:00,2027-09-03 08:00,-11.0,0,YES
P-MDEL-1070,Delivery for Rebar Patch#11  (6th floor),ROYA-BIG PROJECT PHASE01 (B1-4) > Procurement > Procurement Cycle > Delivery to Site > Delivery for Rebar,TK_NotStart,2026-03-17 00:00,2026-10-20 08:00,2026-10-21 16:00,2.0,2.0,0.0,2026-10-20 08:00,2026-10-22 08:00,0.0,1,YES
P-MDEL-1080,Delivery for Rebar Patch#10  (5th floor),ROYA-BIG PROJECT PHASE01 (B1-4) > Procurement > Procurement Cycle > Delivery to Site > Delivery for Rebar,TK_NotStart,2026-03-17 00:00,2026-09-16 08:00,2026-09-17 16:00,2.0,2.0,0.0,2026-09-16 08:00,2026-09-18 08:00,0.0,1,YES
P-MDEL-1090,Delivery for Rebar Patch#9  (4th floor),ROYA-BIG PROJECT PHASE01 (B1-4) > Procurement > Procurement Cycle > Delivery to Site > Delivery for Rebar,TK_NotStart,2026-03-17 00:00,2026-08-05 08:00,2026-08-06 16:00,2.0,2.0,0.0,2026-08-05 08:00,2026-08-07 08:00,0.0,1,YES
P-MDEL-1100,Delivery for Rebar Patch#8  (3rd floor),ROYA-BIG PROJECT PHASE01 (B1-4) > Procurement > Procurement Cycle > Delivery to Site > Delivery for Rebar,TK_NotStart,2026-03-17 00:00,2026-06-28 08:00,2026-06-29 16:00,2.0,2.0,0.0,2026-06-28 08:00,2026-06-30 08:00,0.0,1,YES
P-MDEL-1110,Delivery for Rebar Patch#7  (2nd floor),ROYA-BIG PROJECT PHASE01 (B1-4) > Procurement > Procurement Cycle > Delivery to Site > Delivery for Rebar,TK_NotStart,2026-03-17 00:00,2026-05-20 08:00,2026-05-21 16:00,2.0,2.0,0.0,2026-05-20 08:00,2026-05-22 08:00,0.0,1,YES
P-MDEL-1120,Delivery for Rebar Patch#6  (1st floor),ROYA-BIG PROJECT PHASE01 (B1-4) > Procurement > Procurement Cycle > Delivery to Site > Delivery for Rebar,TK_NotStart,2026-03-17 00:00,2026-04-06 08:00,2026-04-07 16:00,2.0,2.0,0.0,2026-04-06 08:00,2026-04-08 08:00,0.0,1,YES
P-MDEL-1130,Delivery for Rebar Patch#5  (Ground floor),ROYA-BIG PROJECT PHASE01 (B1-4) > Procurement > Procurement Cycle > Delivery to Site > Delivery for Rebar,TK_NotStart,2026-03-17 00:00,2026-03-23 08:00,2026-03-24 16:00,2.0,2.0,0.0,2026-03-23 08:00,2026-03-25 08:00,0.0,1,YES
P-MDEL-1150,Delivery for Rebar Patch#4  (SOG),ROYA-BIG PROJECT PHASE01 (B1-4) > Procurement > Procurement Cycle > Delivery to Site > Delivery for Rebar,TK_NotStart,2026-03-17 00:00,2026-03-23 08:00,2026-03-24 16:00,2.0,2.0,0.0,2026-03-23 08:00,2026-03-25 08:00,0.0,1,YES
P-MDEL-1160,Delivery for Rebar Patch#3  (Basement 1),ROYA-BIG PROJECT PHASE01 (B1-4) > Procurement > Procurement Cycle > Delivery to Site > Delivery for Rebar,TK_NotStart,2026-03-17 00:00,2026-03-17 08:00,2026-03-18 16:00,2.0,2.0,0.0,2026-03-17 08:00,2026-03-19 08:00,0.0,1,YES
P-MDEL-1170,Delivery for Rebar Patch#2  (Basement 2),ROYA-BIG PROJECT PHASE01 (B1-4) > Procurement > Procurement Cycle > Delivery to Site > Delivery for Rebar,TK_Active,2026-03-17 00:00,2026-03-17 08:00,2026-03-18 08:48,1.1,1.1,0.0,2026-03-17 08:00,2026-03-18 10:24,0.0,1,YES
P-MDEL-1180,Delivery for Rebar Patch#13  (8th floor),ROYA-BIG PROJECT PHASE01 (B1-4) > Procurement > Procurement Cycle > Delivery to Site > Delivery for Rebar,TK_NotStart,2026-03-17 00:00,2026-12-27 08:00,2026-12-28 16:00,2.0,2.0,0.0,2026-12-27 08:00,2026-12-29 08:00,0.0,1,YES
P-MDEL-1190,Delivery for Rebar Patch#12  (7th floor),ROYA-BIG PROJECT PHASE01 (B1-4) > Procurement > Procurement Cycle > Delivery to Site > Delivery for Rebar,TK_NotStart,2026-03-17 00:00,2026-11-23 08:00,2026-11-24 16:00,2.0,2.0,0.0,2026-11-23 08:00,2026-11-25 08:00,0.0,1,YES
P-MDEL-1200,Delivery for Rebar Patch#14  (Roof floor),ROYA-BIG PROJECT PHASE01 (B1-4) > Procurement > Procurement Cycle > Delivery to Site > Delivery for Rebar,TK_NotStart,2026-03-17 00:00,2027-01-15 08:00,2027-01-16 16:00,2.0,2.0,0.0,2027-01-15 08:00,2027-01-17 08:00,0.0,1,YES
P-MPOS-1070,P.O for Rebar Patch#2  (Basement 2),ROYA-BIG PROJECT PHASE01 (B1-4) > Procurement > Procurement Cycle > Create POs > POs for Rebar,TK_Complete,2026-03-17 00:00,2026-03-17 00:00,2026-03-17 00:00,0.0,0.0,0.0,2026-03-17 00:00,2026-03-17 00:00,0.0,0,YES
P-MPOS-1080,P.O for Rebar Patch#3  (Basement 1),ROYA-BIG PROJECT PHASE01 (B1-4) > Procurement > Procurement Cycle > Create POs > POs for Rebar,TK_Complete,2026-03-17 00:00,2026-03-17 00:00,2026-03-17 00:00,0.0,0.0,0.0,2026-03-17 00:00,2026-03-17 00:00,0.0,0,YES
P-MPOS-1090,P.O for Rebar Patch#4  (SOG),ROYA-BIG PROJECT PHASE01 (B1-4) > Procurement > Procurement Cycle > Create POs > POs for Rebar,TK_NotStart,2026-03-17 00:00,2026-03-21 08:00,2026-03-22 16:00,2.0,2.0,0.0,2026-03-21 08:00,2026-03-23 08:00,0.0,0,YES
P-MPOS-1100,P.O for Rebar Patch#5  (Ground floor),ROYA-BIG PROJECT PHASE01 (B1-4) > Procurement > Procurement Cycle > Create POs > POs for Rebar,TK_NotStart,2026-03-17 00:00,2026-03-21 08:00,2026-03-22 16:00,2.0,2.0,0.0,2026-03-21 08:00,2026-03-23 08:00,0.0,0,YES
P-MPOS-1110,P.O for Rebar Patch#6  (1st floor),ROYA-BIG PROJECT PHASE01 (B1-4) > Procurement > Procurement Cycle > Create POs > POs for Rebar,TK_NotStart,2026-03-17 00:00,2026-04-04 08:00,2026-04-05 16:00,2.0,2.0,0.0,2026-04-04 08:00,2026-04-06 08:00,0.0,0,YES
P-MPOS-1120,P.O for Rebar Patch#7  (2nd floor),ROYA-BIG PROJECT PHASE01 (B1-4) > Procurement > Procurement Cycle > Create POs > POs for Rebar,TK_NotStart,2026-03-17 00:00,2026-05-10 08:00,2026-05-11 16:00,2.0,2.0,0.0,2026-05-10 08:00,2026-05-12 08:00,0.0,0,YES
P-MPOS-1130,P.O for Rebar Patch#8  (3rd floor),ROYA-BIG PROJECT PHASE01 (B1-4) > Procurement > Procurement Cycle > Create POs > POs for Rebar,TK_NotStart,2026-03-17 00:00,2026-06-07 08:00,2026-06-08 16:00,2.0,2.0,0.0,2026-06-07 08:00,2026-06-09 08:00,0.0,0,YES
P-MPOS-1140,P.O for Rebar Patch#9  (4th floor),ROYA-BIG PROJECT PHASE01 (B1-4) > Procurement > Procurement Cycle > Create POs > POs for Rebar,TK_NotStart,2026-03-17 00:00,2026-07-04 08:00,2026-07-05 16:00,2.0,2.0,0.0,2026-07-04 08:00,2026-07-06 08:00,0.0,0,YES
P-MPOS-1150,P.O for Rebar Patch#10  (5th floor),ROYA-BIG PROJECT PHASE01 (B1-4) > Procurement > Procurement Cycle > Create POs > POs for Rebar,TK_NotStart,2026-03-17 00:00,2026-08-06 08:00,2026-08-08 16:00,2.0,2.0,0.0,2026-08-06 08:00,2026-08-08 08:00,0.0,0,YES
P-MPOS-1160,P.O for Rebar Patch#11  (6th floor),ROYA-BIG PROJECT PHASE01 (B1-4) > Procurement > Procurement Cycle > Create POs > POs for Rebar,TK_NotStart,2026-03-17 00:00,2026-09-02 08:00,2026-09-03 16:00,2.0,2.0,0.0,2026-09-02 08:00,2026-09-04 08:00,0.0,0,YES
P-MPOS-1170,P.O for Rebar Patch#12  (7th floor),ROYA-BIG PROJECT PHASE01 (B1-4) > Procurement > Procurement Cycle > Create POs > POs for Rebar,TK_NotStart,2026-03-17 00:00,2026-10-05 08:00,2026-10-07 16:00,2.0,2.0,0.0,2026-10-05 08:00,2026-10-07 08:00,0.0,0,YES
P-MPOS-1180,P.O for Rebar Patch#13  (8th floor),ROYA-BIG PROJECT PHASE01 (B1-4) > Procurement > Procurement Cycle > Create POs > POs for Rebar,TK_NotStart,2026-03-17 00:00,2026-10-29 08:00,2026-10-31 16:00,2.0,2.0,0.0,2026-10-29 08:00,2026-10-31 08:00,0.0,0,YES
P-MPOS-1190,P.O for Rebar Patch#14  (Roof floor),ROYA-BIG PROJECT PHASE01 (B1-4) > Procurement > Procurement Cycle > Create POs > POs for Rebar,TK_NotStart,2026-03-17 00:00,2026-11-28 08:00,2026-11-29 16:00,2.0,2.0,0.0,2026-11-28 08:00,2026-11-30 08:00,0.0,0,YES
F-SUB-B01-BAS02-1030,Submittal for Beams Conc. Dim.  & RFT DWGs (B01) (Bas 02),ROYA-BIG PROJECT PHASE01 (B1-4) > Event02-New IFC issued > Affected-Activities-Submission > B01 > Basement02,TK_NotStart,2026-03-17 00:00,2026-06-03 08:00,2026-06-23 16:00,18.0,13.5,-4.5,2026-05-19 14:00,2026-06-02 02:00,-14.75,0,YES
F-SUB-B01-BAS02-1040,Submittal for Slabs Conc. Dim.  & RFT DWGs (B01) (Bas 02),ROYA-BIG PROJECT PHASE01 (B1-4) > Event02-New IFC issued > Affected-Activities-Submission > B01 > Basement02,TK_NotStart,2026-03-17 00:00,2026-06-07 08:00,2026-06-27 16:00,18.0,13.5,-4.5,2026-05-23 14:00,2026-06-06 02:00,-14.75,0,YES
F-SUB-B01-BAS01-1040,Submittal for Slabs Conc. Dim.  & RFT DWGs (B01) (Bas 01),ROYA-BIG PROJECT PHASE01 (B1-4) > Event02-New IFC issued > Affected-Activities-Submission > B01 > Basement01,TK_NotStart,2026-03-17 00:00,2026-03-24 08:00,2026-04-14 16:00,18.0,18.0,0.0,2026-03-24 08:00,2026-04-11 08:00,0.0,0,YES
F-SUB-B01-BAS01-1030,Submittal for Beams Conc. Dim.  & RFT DWGs (B01) (Bas 01),ROYA-BIG PROJECT PHASE01 (B1-4) > Event02-New IFC issued > Affected-Activities-Submission > B01 > Basement01,TK_NotStart,2026-03-17 00:00,2026-03-21 08:00,2026-04-09 16:00,18.0,18.0,0.0,2026-03-21 08:00,2026-04-08 08:00,0.0,0,YES
F-SUB-B02-BAS02-1030,Submittal for Slabs Conc. Dim.& RFT DWGs (B02) (Bas 02),ROYA-BIG PROJECT PHASE01 (B1-4) > Event02-New IFC issued > Affected-Activities-Submission > B02 > Basement02,TK_NotStart,2026-03-17 00:00,2026-03-24 08:00,2026-04-14 16:00,18.0,18.0,0.0,2026-03-24 08:00,2026-04-11 08:00,0.0,0,YES
F-SUB-B02-BAS02-1020,Submittal for Beams Conc. Dim.& RFT DWGs (B02) (Bas 02),ROYA-BIG PROJECT PHASE01 (B1-4) > Event02-New IFC issued > Affected-Activities-Submission > B02 > Basement02,TK_NotStart,2026-03-17 00:00,2026-03-21 08:00,2026-04-09 16:00,18.0,18.0,0.0,2026-03-21 08:00,2026-04-08 08:00,0.0,0,YES
F-SUB-B02-BAS01-1030,Submittal for Slabs Conc. Dim.  & RFT DWGs (B02) (Bas 01),ROYA-BIG PROJECT PHASE01 (B1-4) > Event02-New IFC issued > Affected-Activities-Submission > B02 > Basement01,TK_NotStart,2026-03-17 00:00,2026-03-24 08:00,2026-04-14 16:00,18.0,18.0,0.0,2026-03-24 08:00,2026-04-11 08:00,0.0,0,YES
F-SUB-B02-BAS01-1020,Submittal for Beams Conc. Dim.  & RFT DWGs (B02) (Bas 01),ROYA-BIG PROJECT PHASE01 (B1-4) > Event02-New IFC issued > Affected-Activities-Submission > B02 > Basement01,TK_NotStart,2026-03-17 00:00,2026-03-21 08:00,2026-04-09 16:00,18.0,18.0,0.0,2026-03-21 08:00,2026-04-08 08:00,0.0,0,YES
F-SUB-B03-BAS02-1030,Submittal for Slabs Conc. Dim.  & RFT DWGs (B03) (Bas 02),ROYA-BIG PROJECT PHASE01 (B1-4) > Event02-New IFC issued > Affected-Activities-Submission > B03 > Basement02,TK_NotStart,2026-03-17 00:00,2026-03-24 08:00,2026-04-14 16:00,18.0,18.0,0.0,2026-03-24 08:00,2026-04-11 08:00,0.0,0,YES
F-SUB-B03-BAS02-1020,Submittal for Beams Conc. Dim.  & RFT DWGs (B03) (Bas 02),ROYA-BIG PROJECT PHASE01 (B1-4) > Event02-New IFC issued > Affected-Activities-Submission > B03 > Basement02,TK_NotStart,2026-03-17 00:00,2026-03-21 08:00,2026-04-09 16:00,18.0,18.0,0.0,2026-03-21 08:00,2026-04-08 08:00,0.0,0,YES
F-SUB-B03-BAS01-1030,Submittal for Slabs Conc. Dim.  & RFT DWGs (B03) (Bas 01),ROYA-BIG PROJECT PHASE01 (B1-4) > Event02-New IFC issued > Affected-Activities-Submission > B03 > Basement01,TK_NotStart,2026-03-17 00:00,2026-03-24 08:00,2026-04-04 16:00,10.0,10.0,0.0,2026-03-24 08:00,2026-04-03 08:00,0.0,0,YES
F-SUB-B03-BAS01-1020,Submittal for Beams Conc. Dim.  & RFT DWGs (B03) (Bas 01),ROYA-BIG PROJECT PHASE01 (B1-4) > Event02-New IFC issued > Affected-Activities-Submission > B03 > Basement01,TK_NotStart,2026-03-17 00:00,2026-03-21 08:00,2026-04-09 16:00,18.0,18.0,0.0,2026-03-21 08:00,2026-04-08 08:00,0.0,0,YES
F-SUB-B04-BAS02-1040,Submittal for Slabs Conc. Dim.  & RFT DWGs (B04) (Bas 02),ROYA-BIG PROJECT PHASE01 (B1-4) > Event02-New IFC issued > Affected-Activities-Submission > B04 > Basement02,TK_NotStart,2026-03-17 00:00,2026-03-24 08:00,2026-04-14 16:00,18.0,18.0,0.0,2026-03-24 08:00,2026-04-11 08:00,0.0,0,YES
F-SUB-B04-BAS02-1030,Submittal for Beams Conc. Dim.  & RFT DWGs (B04) (Bas 02),ROYA-BIG PROJECT PHASE01 (B1-4) > Event02-New IFC issued > Affected-Activities-Submission > B04 > Basement02,TK_NotStart,2026-03-17 00:00,2026-03-21 08:00,2026-04-09 16:00,18.0,18.0,0.0,2026-03-21 08:00,2026-04-08 08:00,0.0,0,YES
F-SUB-B04-BAS01-1040,Submittal for Slabs Conc. Dim.  & RFT DWGs (B04) (Bas 01),ROYA-BIG PROJECT PHASE01 (B1-4) > Event02-New IFC issued > Affected-Activities-Submission > B04 > Basement01,TK_NotStart,2026-03-17 00:00,2026-03-24 08:00,2026-04-14 16:00,18.0,18.0,0.0,2026-03-24 08:00,2026-04-11 08:00,0.0,0,YES
F-SUB-B04-BAS01-1030,Submittal for Beams Conc. Dim.  & RFT DWGs (B04) (Bas 01),ROYA-BIG PROJECT PHASE01 (B1-4) > Event02-New IFC issued > Affected-Activities-Submission > B04 > Basement01,TK_NotStart,2026-03-17 00:00,2026-03-21 08:00,2026-04-09 16:00,18.0,18.0,0.0,2026-03-21 08:00,2026-04-08 08:00,0.0,0,YES
F-ENG-IFC-BL-SM,Revised IFC drawing package Issued,ROYA-BIG PROJECT PHASE01 (B1-4) > Event02-New IFC issued > IFC Fragnet,TK_NotStart,2026-03-17 00:00,2026-03-18 08:00,2026-03-18 08:00,0.0,0.0,0.0,2026-03-18 08:00,2026-03-18 08:00,0.0,0,YES
F-ENG-IFC-DLY01,Duration of resubmission of the re-worked shop-drawings,ROYA-BIG PROJECT PHASE01 (B1-4) > Event02-New IFC issued > IFC Fragnet,TK_NotStart,2026-03-17 00:00,2026-03-18 08:00,2026-06-02 16:00,59.0,44.25,-14.75,2026-03-18 08:00,2026-05-01 14:00,0.0,0,YES
F-ENG-IFC-FM,Finishing of resubmission of the re-worked shop-drawings,ROYA-BIG PROJECT PHASE01 (B1-4) > Event02-New IFC issued > IFC Fragnet,TK_NotStart,2026-03-17 00:00,2026-06-02 16:00,2026-06-02 16:00,0.0,0.0,0.0,2026-05-18 22:00,2026-05-18 22:00,-14.75,0,YES
F-APP-B01-BAS02-1040,Approval for Slabs Conc. Dim.  & RFT DWGs (B01) (Bas 02),ROYA-BIG PROJECT PHASE01 (B1-4) > Event02-New IFC issued > Affected-Activities-Approval > B01 > Basement02,TK_NotStart,2026-03-17 00:00,2026-06-28 08:00,2026-07-09 16:00,10.0,10.0,0.0,2026-06-09 02:00,2026-06-19 02:00,-19.25,0,YES
F-APP-B01-BAS02-1030,Approval for Beams Conc. Dim.  & RFT DWGs (B01) (Bas 02),ROYA-BIG PROJECT PHASE01 (B1-4) > Event02-New IFC issued > Affected-Activities-Approval > B01 > Basement02,TK_NotStart,2026-03-17 00:00,2026-06-24 08:00,2026-07-06 16:00,10.0,10.0,0.0,2026-06-05 02:00,2026-06-15 02:00,-19.25,0,YES
F-APP-B01-BAS01-1040,Approval for Slabs Conc. Dim.  & RFT DWGs (B01) (Bas 01),ROYA-BIG PROJECT PHASE01 (B1-4) > Event02-New IFC issued > Affected-Activities-Approval > B01 > Basement01,TK_NotStart,2026-03-17 00:00,2026-04-15 08:00,2026-04-26 16:00,10.0,10.0,0.0,2026-04-15 08:00,2026-04-25 08:00,0.0,0,YES
F-APP-B01-BAS01-1030,Approval for Beams Conc. Dim.  & RFT DWGs (B01) (Bas 01),ROYA-BIG PROJECT PHASE01 (B1-4) > Event02-New IFC issued > Affected-Activities-Approval > B01 > Basement01,TK_NotStart,2026-03-17 00:00,2026-04-11 08:00,2026-04-22 16:00,10.0,10.0,0.0,2026-04-11 08:00,2026-04-21 08:00,0.0,0,YES
F-APP-B02-BAS02-1030,Approval for Slabs Conc. Dim.  & RFT DWGs (B02) (Bas 02),ROYA-BIG PROJECT PHASE01 (B1-4) > Event02-New IFC issued > Affected-Activities-Approval > B02 > Basement02,TK_NotStart,2026-03-17 00:00,2026-04-15 08:00,2026-04-26 16:00,10.0,10.0,0.0,2026-04-15 08:00,2026-04-25 08:00,0.0,0,YES
F-APP-B02-BAS02-1020,Approval for Beams Conc. Dim.  & RFT DWGs (B02) (Bas 02),ROYA-BIG PROJECT PHASE01 (B1-4) > Event02-New IFC issued > Affected-Activities-Approval > B02 > Basement02,TK_NotStart,2026-03-17 00:00,2026-04-11 08:00,2026-04-22 16:00,10.0,10.0,0.0,2026-04-11 08:00,2026-04-21 08:00,0.0,0,YES
F-APP-B02-BAS01-1030,Approval for Slabs Conc. Dim.  & RFT DWGs (B02) (Bas 01),ROYA-BIG PROJECT PHASE01 (B1-4) > Event02-New IFC issued > Affected-Activities-Approval > B02 > Basement01,TK_NotStart,2026-03-17 00:00,2026-04-15 08:00,2026-04-26 16:00,10.0,10.0,0.0,2026-04-15 08:00,2026-04-25 08:00,0.0,0,YES
F-APP-B02-BAS01-1020,Approval for Beams Conc. Dim.  & RFT DWGs (B02) (Bas 01),ROYA-BIG PROJECT PHASE01 (B1-4) > Event02-New IFC issued > Affected-Activities-Approval > B02 > Basement01,TK_NotStart,2026-03-17 00:00,2026-04-11 08:00,2026-04-22 16:00,10.0,10.0,0.0,2026-04-11 08:00,2026-04-21 08:00,0.0,0,YES
F-APP-B03-BAS02-1030,Approval for Slabs Conc. Dim.  & RFT DWGs  (B03) (Bas 02),ROYA-BIG PROJECT PHASE01 (B1-4) > Event02-New IFC issued > Affected-Activities-Approval > B03 > Basement02,TK_NotStart,2026-03-17 00:00,2026-04-15 08:00,2026-04-26 16:00,10.0,10.0,0.0,2026-04-15 08:00,2026-04-25 08:00,0.0,0,YES
F-APP-B03-BAS02-1020,Approval for Beams Conc. Dim.  & RFT DWGs  (B03) (Bas 02),ROYA-BIG PROJECT PHASE01 (B1-4) > Event02-New IFC issued > Affected-Activities-Approval > B03 > Basement02,TK_NotStart,2026-03-17 00:00,2026-04-11 08:00,2026-04-22 16:00,10.0,10.0,0.0,2026-04-11 08:00,2026-04-21 08:00,0.0,0,YES
F-APP-B03-BAS01-1030,Approval for Slabs Conc. Dim.  & RFT DWGs  (B03) (Bas 01),ROYA-BIG PROJECT PHASE01 (B1-4) > Event02-New IFC issued > Affected-Activities-Approval > B03 > Basement01,TK_NotStart,2026-03-17 00:00,2026-04-07 08:00,2026-04-19 16:00,10.0,10.0,0.0,2026-04-07 08:00,2026-04-17 08:00,0.0,0,YES
F-APP-B03-BAS01-1020,Approval for Beams Conc. Dim.  & RFT DWGs  (B03) (Bas 01),ROYA-BIG PROJECT PHASE01 (B1-4) > Event02-New IFC issued > Affected-Activities-Approval > B03 > Basement01,TK_NotStart,2026-03-17 00:00,2026-04-11 08:00,2026-04-22 16:00,10.0,10.0,0.0,2026-04-11 08:00,2026-04-21 08:00,0.0,0,YES
F-APP-B04-BAS02-1040,Approval for Slabs Conc. Dim.  & RFT DWGs (B04) (Bas 02),ROYA-BIG PROJECT PHASE01 (B1-4) > Event02-New IFC issued > Affected-Activities-Approval > B04 > Basement02,TK_NotStart,2026-03-17 00:00,2026-04-15 08:00,2026-04-26 16:00,10.0,10.0,0.0,2026-04-15 08:00,2026-04-25 08:00,0.0,0,YES
F-APP-B04-BAS02-1030,Approval for Beams Conc. Dim.  & RFT DWGs (B04) (Bas 02),ROYA-BIG PROJECT PHASE01 (B1-4) > Event02-New IFC issued > Affected-Activities-Approval > B04 > Basement02,TK_NotStart,2026-03-17 00:00,2026-04-11 08:00,2026-04-22 16:00,10.0,10.0,0.0,2026-04-11 08:00,2026-04-21 08:00,0.0,0,YES
F-APP-B04-BAS01-1040,Approval for Slabs Conc. Dim.  & RFT DWGs (B04) (Bas 01),ROYA-BIG PROJECT PHASE01 (B1-4) > Event02-New IFC issued > Affected-Activities-Approval > B04 > Basement01,TK_NotStart,2026-03-17 00:00,2026-04-15 08:00,2026-04-26 16:00,10.0,10.0,0.0,2026-04-15 08:00,2026-04-25 08:00,0.0,0,YES
F-APP-B04-BAS01-1030,Approval for Beams Conc. Dim.  & RFT DWGs (B04) (Bas 01),ROYA-BIG PROJECT PHASE01 (B1-4) > Event02-New IFC issued > Affected-Activities-Approval > B04 > Basement01,TK_NotStart,2026-03-17 00:00,2026-04-11 08:00,2026-04-22 16:00,10.0,10.0,0.0,2026-04-11 08:00,2026-04-21 08:00,0.0,0,YES
