candidate_id,action_type,task_id,activity_id,activity_name,wbs_path,category,current_remaining_days,proposed_remaining_days,nominal_reduction_days,individual_shadow_gain_days,confidence,risk,priority_score,strategy,validation,resource_names,relationship,notes
UML-0204,LEARNED_CYCLE_OPTIMIZATION,237960,CLUSTER-1,Learned repetitive cycle cluster 1,Multiple WBS locations,learned_cluster_1,500.0,375.0,125.0,18.0,medium,medium,2061.0,Unsupervised cycle learning identified repeated/similar remaining activities. Benchmark slower members toward the learned lower-quartile duration using dedicated crews/workfaces or productivity balancing.,"Confirm that clustered activities are genuinely comparable in scope, quantities, location, method and resource conditions before adopting the benchmark.",,,81 activities changed from a cluster learned directly from this XER.
UML-0202,LAG_OPTIMIZATION,239234,HO-1010,Snag list for B01,ROYA-BIG PROJECT PHASE01 (B1-4) > Handover > Handover Works,learned_cluster_0,10.0,10.0,7.0,7.0,medium,medium,630.0,ML candidate: reduce a positive relationship lag after verifying its physical/contractual basis; prefer replacing hidden waiting time with explicit logic when appropriate.,"Do not reduce any mandatory technical, contractual, regulatory or acceptance waiting requirement without project evidence.",,"CON-B01-9TH-1080 -> HO-1010 (PR_FS, 14.00d)",Generated from native relationship statistics.
UML-0039,DURATION_COMPRESSION,238340,CON-B01-1ST-1050,"RFT for Slabs, Beams & Stairs(B01) (1st)",ROYA-BIG PROJECT PHASE01 (B1-4) > Construction > Part 02 > B01 > Superstructure > 1st  Floor,learned_cluster_1,12.0,8.4,3.6,3.6,high,high,369.553,ML candidate: compress remaining duration by a learned what-if ratio; implementation mechanism is selected from actual project resources/work methods during P6 review.,"Validate productivity, crew/equipment capacity, access, QA/QC, HSE, procurement and calendar feasibility before native P6 implementation.",Steel Fixer; the big cash; Big Quantity RFT; Labor,,Project-local semantic cluster 1; no project-specific activity dictionary used.
UML-0009,DURATION_COMPRESSION,238367,CON-B01-4TH-1050,"RFT for Slabs, Beams & Stairs (B01) (4th)",ROYA-BIG PROJECT PHASE01 (B1-4) > Construction > Part 02 > B01 > Superstructure > 4th   Floor,learned_cluster_1,12.0,8.4,3.6,3.6,high,high,365.171,ML candidate: compress remaining duration by a learned what-if ratio; implementation mechanism is selected from actual project resources/work methods during P6 review.,"Validate productivity, crew/equipment capacity, access, QA/QC, HSE, procurement and calendar feasibility before native P6 implementation.",Steel Fixer; the big cash; Big Quantity RFT; Labor,,Project-local semantic cluster 1; no project-specific activity dictionary used.
UML-0205,LEARNED_CYCLE_OPTIMIZATION,239002,CLUSTER-0,Learned repetitive cycle cluster 0,Multiple WBS locations,learned_cluster_0,155.0,118.25,36.75,3.0,medium,medium,337.0,Unsupervised cycle learning identified repeated/similar remaining activities. Benchmark slower members toward the learned lower-quartile duration using dedicated crews/workfaces or productivity balancing.,"Confirm that clustered activities are genuinely comparable in scope, quantities, location, method and resource conditions before adopting the benchmark.",,,7 activities changed from a cluster learned directly from this XER.
UML-0051,DURATION_COMPRESSION,238033,CON-B01-BAS01-1060,RFT for Slabs & Beams (B01) (Bas 01),ROYA-BIG PROJECT PHASE01 (B1-4) > Construction > Part 02 > B01 > Substructure > Basement 1,learned_cluster_1,10.0,7.0,3.0,3.0,high,high,312.079,ML candidate: compress remaining duration by a learned what-if ratio; implementation mechanism is selected from actual project resources/work methods during P6 review.,"Validate productivity, crew/equipment capacity, access, QA/QC, HSE, procurement and calendar feasibility before native P6 implementation.",Steel Fixer; the big cash; Big Quantity RFT; Labor,,Project-local semantic cluster 1; no project-specific activity dictionary used.
UML-0021,DURATION_COMPRESSION,237962,CON-B01-BAS02-1070,RFT for Slabs & Beams (B01) (Bas 02),ROYA-BIG PROJECT PHASE01 (B1-4) > Construction > Part 02 > B01 > Substructure > Basement 2,learned_cluster_1,10.0,7.0,3.0,3.0,high,high,311.605,ML candidate: compress remaining duration by a learned what-if ratio; implementation mechanism is selected from actual project resources/work methods during P6 review.,"Validate productivity, crew/equipment capacity, access, QA/QC, HSE, procurement and calendar feasibility before native P6 implementation.",Steel Fixer; the big cash; Big Quantity RFT; Labor,,Project-local semantic cluster 1; no project-specific activity dictionary used.
UML-0047,DURATION_COMPRESSION,239266,F-SUB-B01-BAS02-1040,Submittal for Slabs Conc. Dim.  & RFT DWGs (B01) (Bas 02),ROYA-BIG PROJECT PHASE01 (B1-4) > Event02-New IFC issued > Affected-Activities-Submission > B01 > Basement02,learned_cluster_0,18.0,14.4,3.6,3.0,medium,medium,309.803,ML candidate: compress remaining duration by a learned what-if ratio; implementation mechanism is selected from actual project resources/work methods during P6 review.,"Validate productivity, crew/equipment capacity, access, QA/QC, HSE, procurement and calendar feasibility before native P6 implementation.",,,Project-local semantic cluster 0; no project-specific activity dictionary used.
UML-0048,DURATION_COMPRESSION,239266,F-SUB-B01-BAS02-1040,Submittal for Slabs Conc. Dim.  & RFT DWGs (B01) (Bas 02),ROYA-BIG PROJECT PHASE01 (B1-4) > Event02-New IFC issued > Affected-Activities-Submission > B01 > Basement02,learned_cluster_0,18.0,12.6,5.4,3.0,medium,high,309.803,ML candidate: compress remaining duration by a learned what-if ratio; implementation mechanism is selected from actual project resources/work methods during P6 review.,"Validate productivity, crew/equipment capacity, access, QA/QC, HSE, procurement and calendar feasibility before native P6 implementation.",,,Project-local semantic cluster 0; no project-specific activity dictionary used.
UML-0069,DURATION_COMPRESSION,238029,CON-B01-BAS01-1020,"Shuttering for Walls, Col. & Cores (B01) (Bas 01)",ROYA-BIG PROJECT PHASE01 (B1-4) > Construction > Part 02 > B01 > Substructure > Basement 1,learned_cluster_1,12.0,8.4,3.6,3.0,high,high,307.276,ML candidate: compress remaining duration by a learned what-if ratio; implementation mechanism is selected from actual project resources/work methods during P6 review.,"Validate productivity, crew/equipment capacity, access, QA/QC, HSE, procurement and calendar feasibility before native P6 implementation.",Carpenter for concrete; the big cash; Labor,,Project-local semantic cluster 1; no project-specific activity dictionary used.
UML-0136,DURATION_COMPRESSION,239290,F-ENG-IFC-DLY01,Duration of resubmission of the re-worked shop-drawings,ROYA-BIG PROJECT PHASE01 (B1-4) > Event02-New IFC issued > IFC Fragnet,learned_cluster_0,59.0,53.1,5.9,3.0,medium,medium,307.0,ML candidate: compress remaining duration by a learned what-if ratio; implementation mechanism is selected from actual project resources/work methods during P6 review.,"Validate productivity, crew/equipment capacity, access, QA/QC, HSE, procurement and calendar feasibility before native P6 implementation.",,,Project-local semantic cluster 0; no project-specific activity dictionary used.
UML-0137,DURATION_COMPRESSION,239290,F-ENG-IFC-DLY01,Duration of resubmission of the re-worked shop-drawings,ROYA-BIG PROJECT PHASE01 (B1-4) > Event02-New IFC issued > IFC Fragnet,learned_cluster_0,59.0,47.2,11.8,3.0,medium,medium,307.0,ML candidate: compress remaining duration by a learned what-if ratio; implementation mechanism is selected from actual project resources/work methods during P6 review.,"Validate productivity, crew/equipment capacity, access, QA/QC, HSE, procurement and calendar feasibility before native P6 implementation.",,,Project-local semantic cluster 0; no project-specific activity dictionary used.
UML-0138,DURATION_COMPRESSION,239290,F-ENG-IFC-DLY01,Duration of resubmission of the re-worked shop-drawings,ROYA-BIG PROJECT PHASE01 (B1-4) > Event02-New IFC issued > IFC Fragnet,learned_cluster_0,59.0,41.3,17.7,3.0,medium,high,307.0,ML candidate: compress remaining duration by a learned what-if ratio; implementation mechanism is selected from actual project resources/work methods during P6 review.,"Validate productivity, crew/equipment capacity, access, QA/QC, HSE, procurement and calendar feasibility before native P6 implementation.",,,Project-local semantic cluster 0; no project-specific activity dictionary used.
UML-0111,DURATION_COMPRESSION,238358,CON-B01-3RD-1050,"RFT for Slabs, Beams & Stairs (B01) (3rd)",ROYA-BIG PROJECT PHASE01 (B1-4) > Construction > Part 02 > B01 > Superstructure > 3rd   Floor,learned_cluster_1,10.0,7.0,3.0,3.0,high,high,305.632,ML candidate: compress remaining duration by a learned what-if ratio; implementation mechanism is selected from actual project resources/work methods during P6 review.,"Validate productivity, crew/equipment capacity, access, QA/QC, HSE, procurement and calendar feasibility before native P6 implementation.",Steel Fixer; the big cash; Big Quantity RFT; Labor,,Project-local semantic cluster 1; no project-specific activity dictionary used.
UML-0066,DURATION_COMPRESSION,239234,HO-1010,Snag list for B01,ROYA-BIG PROJECT PHASE01 (B1-4) > Handover > Handover Works,learned_cluster_0,10.0,7.0,3.0,3.0,medium,high,303.132,ML candidate: compress remaining duration by a learned what-if ratio; implementation mechanism is selected from actual project resources/work methods during P6 review.,"Validate productivity, crew/equipment capacity, access, QA/QC, HSE, procurement and calendar feasibility before native P6 implementation.",,,Project-local semantic cluster 0; no project-specific activity dictionary used.
UML-0084,DURATION_COMPRESSION,238376,CON-B01-5TH-1050,"RFT for Slabs, Beams & Stairs (B01) (5th)",ROYA-BIG PROJECT PHASE01 (B1-4) > Construction > Part 02 > B01 > Superstructure > 5th  Floor,learned_cluster_1,9.0,6.3,2.7,2.7,high,high,277.711,ML candidate: compress remaining duration by a learned what-if ratio; implementation mechanism is selected from actual project resources/work methods during P6 review.,"Validate productivity, crew/equipment capacity, access, QA/QC, HSE, procurement and calendar feasibility before native P6 implementation.",Steel Fixer; the big cash; Big Quantity RFT; Labor,,Project-local semantic cluster 1; no project-specific activity dictionary used.
UML-0054,DURATION_COMPRESSION,238313,CON-B01-6TH-1050,"RFT for Slabs, Beams & Stairs (B01) (6th)",ROYA-BIG PROJECT PHASE01 (B1-4) > Construction > Part 02 > B01 > Superstructure > 6th   Floor,learned_cluster_1,9.0,6.3,2.7,2.7,high,high,277.25,ML candidate: compress remaining duration by a learned what-if ratio; implementation mechanism is selected from actual project resources/work methods during P6 review.,"Validate productivity, crew/equipment capacity, access, QA/QC, HSE, procurement and calendar feasibility before native P6 implementation.",Steel Fixer; the big cash; Big Quantity RFT; Labor,,Project-local semantic cluster 1; no project-specific activity dictionary used.
UML-0129,DURATION_COMPRESSION,238322,CON-B01-7TH-1050,"RFT for Slabs, Beams & Stairs (B01) (7th)",ROYA-BIG PROJECT PHASE01 (B1-4) > Construction > Part 02 > B01 > Superstructure > 7th   Floor,learned_cluster_1,9.0,6.3,2.7,2.7,high,high,276.921,ML candidate: compress remaining duration by a learned what-if ratio; implementation mechanism is selected from actual project resources/work methods during P6 review.,"Validate productivity, crew/equipment capacity, access, QA/QC, HSE, procurement and calendar feasibility before native P6 implementation.",Steel Fixer; the big cash; Big Quantity RFT; Labor,,Project-local semantic cluster 1; no project-specific activity dictionary used.
UML-0176,LAG_OPTIMIZATION,238388,CON-B01-9TH-1080,Dismantling Formwork (B01) (RF),ROYA-BIG PROJECT PHASE01 (B1-4) > Construction > Part 02 > B01 > Superstructure > Roof Floor,learned_cluster_1,1.0,1.0,2.5,2.5,medium,medium,225.0,ML candidate: reduce a positive relationship lag after verifying its physical/contractual basis; prefer replacing hidden waiting time with explicit logic when appropriate.,"Do not reduce any mandatory technical, contractual, regulatory or acceptance waiting requirement without project evidence.",,"CON-B01-9TH-1070 -> CON-B01-9TH-1080 (PR_FS, 5.00d)",Generated from native relationship statistics.
UML-0038,DURATION_COMPRESSION,238340,CON-B01-1ST-1050,"RFT for Slabs, Beams & Stairs(B01) (1st)",ROYA-BIG PROJECT PHASE01 (B1-4) > Construction > Part 02 > B01 > Superstructure > 1st  Floor,learned_cluster_1,12.0,9.6,2.4,2.4,high,medium,249.553,ML candidate: compress remaining duration by a learned what-if ratio; implementation mechanism is selected from actual project resources/work methods during P6 review.,"Validate productivity, crew/equipment capacity, access, QA/QC, HSE, procurement and calendar feasibility before native P6 implementation.",Steel Fixer; the big cash; Big Quantity RFT; Labor,,Project-local semantic cluster 1; no project-specific activity dictionary used.
UML-0027,DURATION_COMPRESSION,238349,CON-B01-2ND-1050,"RFT for Slabs, Beams & Stairs (B01) (2nd)",ROYA-BIG PROJECT PHASE01 (B1-4) > Construction > Part 02 > B01 > Superstructure > 2nd   Floor,learned_cluster_1,8.0,5.6,2.4,2.4,high,high,249.092,ML candidate: compress remaining duration by a learned what-if ratio; implementation mechanism is selected from actual project resources/work methods during P6 review.,"Validate productivity, crew/equipment capacity, access, QA/QC, HSE, procurement and calendar feasibility before native P6 implementation.",Steel Fixer; the big cash; Big Quantity RFT; Labor,,Project-local semantic cluster 1; no project-specific activity dictionary used.
UML-0068,DURATION_COMPRESSION,238029,CON-B01-BAS01-1020,"Shuttering for Walls, Col. & Cores (B01) (Bas 01)",ROYA-BIG PROJECT PHASE01 (B1-4) > Construction > Part 02 > B01 > Substructure > Basement 1,learned_cluster_1,12.0,9.6,2.4,2.4,high,medium,247.276,ML candidate: compress remaining duration by a learned what-if ratio; implementation mechanism is selected from actual project resources/work methods during P6 review.,"Validate productivity, crew/equipment capacity, access, QA/QC, HSE, procurement and calendar feasibility before native P6 implementation.",Carpenter for concrete; the big cash; Labor,,Project-local semantic cluster 1; no project-specific activity dictionary used.
UML-0008,DURATION_COMPRESSION,238367,CON-B01-4TH-1050,"RFT for Slabs, Beams & Stairs (B01) (4th)",ROYA-BIG PROJECT PHASE01 (B1-4) > Construction > Part 02 > B01 > Superstructure > 4th   Floor,learned_cluster_1,12.0,9.6,2.4,2.4,high,medium,245.171,ML candidate: compress remaining duration by a learned what-if ratio; implementation mechanism is selected from actual project resources/work methods during P6 review.,"Validate productivity, crew/equipment capacity, access, QA/QC, HSE, procurement and calendar feasibility before native P6 implementation.",Steel Fixer; the big cash; Big Quantity RFT; Labor,,Project-local semantic cluster 1; no project-specific activity dictionary used.
UML-0135,DURATION_COMPRESSION,238355,CON-B01-3RD-1020,"Shuttering for Walls, Col. & Cores (B01) (3rd)",ROYA-BIG PROJECT PHASE01 (B1-4) > Construction > Part 02 > B01 > Superstructure > 3rd   Floor,learned_cluster_1,7.0,4.9,2.1,2.1,high,high,215.829,ML candidate: compress remaining duration by a learned what-if ratio; implementation mechanism is selected from actual project resources/work methods during P6 review.,"Validate productivity, crew/equipment capacity, access, QA/QC, HSE, procurement and calendar feasibility before native P6 implementation.",Carpenter for concrete; the big cash; Labor,,Project-local semantic cluster 1; no project-specific activity dictionary used.
UML-0050,DURATION_COMPRESSION,238033,CON-B01-BAS01-1060,RFT for Slabs & Beams (B01) (Bas 01),ROYA-BIG PROJECT PHASE01 (B1-4) > Construction > Part 02 > B01 > Substructure > Basement 1,learned_cluster_1,10.0,8.0,2.0,2.0,high,medium,212.079,ML candidate: compress remaining duration by a learned what-if ratio; implementation mechanism is selected from actual project resources/work methods during P6 review.,"Validate productivity, crew/equipment capacity, access, QA/QC, HSE, procurement and calendar feasibility before native P6 implementation.",Steel Fixer; the big cash; Big Quantity RFT; Labor,,Project-local semantic cluster 1; no project-specific activity dictionary used.
UML-0020,DURATION_COMPRESSION,237962,CON-B01-BAS02-1070,RFT for Slabs & Beams (B01) (Bas 02),ROYA-BIG PROJECT PHASE01 (B1-4) > Construction > Part 02 > B01 > Substructure > Basement 2,learned_cluster_1,10.0,8.0,2.0,2.0,high,medium,211.605,ML candidate: compress remaining duration by a learned what-if ratio; implementation mechanism is selected from actual project resources/work methods during P6 review.,"Validate productivity, crew/equipment capacity, access, QA/QC, HSE, procurement and calendar feasibility before native P6 implementation.",Steel Fixer; the big cash; Big Quantity RFT; Labor,,Project-local semantic cluster 1; no project-specific activity dictionary used.
UML-0081,DURATION_COMPRESSION,238331,CON-B01-8TH-1050,"RFT for Slabs, Beams & Stairs (B01) (8th)",ROYA-BIG PROJECT PHASE01 (B1-4) > Construction > Part 02 > B01 > Superstructure > 8th   Floor,learned_cluster_1,8.0,5.6,2.4,2.0,high,high,206.592,ML candidate: compress remaining duration by a learned what-if ratio; implementation mechanism is selected from actual project resources/work methods during P6 review.,"Validate productivity, crew/equipment capacity, access, QA/QC, HSE, procurement and calendar feasibility before native P6 implementation.",Steel Fixer; the big cash; Big Quantity RFT; Labor,,Project-local semantic cluster 1; no project-specific activity dictionary used.
UML-0110,DURATION_COMPRESSION,238358,CON-B01-3RD-1050,"RFT for Slabs, Beams & Stairs (B01) (3rd)",ROYA-BIG PROJECT PHASE01 (B1-4) > Construction > Part 02 > B01 > Superstructure > 3rd   Floor,learned_cluster_1,10.0,8.0,2.0,2.0,high,medium,205.632,ML candidate: compress remaining duration by a learned what-if ratio; implementation mechanism is selected from actual project resources/work methods during P6 review.,"Validate productivity, crew/equipment capacity, access, QA/QC, HSE, procurement and calendar feasibility before native P6 implementation.",Steel Fixer; the big cash; Big Quantity RFT; Labor,,Project-local semantic cluster 1; no project-specific activity dictionary used.
UML-0126,DURATION_COMPRESSION,238364,CON-B01-4TH-1020,"Shuttering for Walls, Col. & Cores (B01) (4th)",ROYA-BIG PROJECT PHASE01 (B1-4) > Construction > Part 02 > B01 > Superstructure > 4th   Floor,learned_cluster_1,7.0,4.9,2.1,2.0,high,high,205.368,ML candidate: compress remaining duration by a learned what-if ratio; implementation mechanism is selected from actual project resources/work methods during P6 review.,"Validate productivity, crew/equipment capacity, access, QA/QC, HSE, procurement and calendar feasibility before native P6 implementation.",Carpenter for concrete; the big cash; Labor,,Project-local semantic cluster 1; no project-specific activity dictionary used.
UML-0065,DURATION_COMPRESSION,239234,HO-1010,Snag list for B01,ROYA-BIG PROJECT PHASE01 (B1-4) > Handover > Handover Works,learned_cluster_0,10.0,8.0,2.0,2.0,medium,medium,203.132,ML candidate: compress remaining duration by a learned what-if ratio; implementation mechanism is selected from actual project resources/work methods during P6 review.,"Validate productivity, crew/equipment capacity, access, QA/QC, HSE, procurement and calendar feasibility before native P6 implementation.",,,Project-local semantic cluster 0; no project-specific activity dictionary used.
UML-0154,LAG_OPTIMIZATION,238334,CON-B01-8TH-1080,Dismantling Formwork (B01) (8th),ROYA-BIG PROJECT PHASE01 (B1-4) > Construction > Part 02 > B01 > Superstructure > 8th   Floor,learned_cluster_1,1.0,1.0,5.0,2.0,medium,medium,180.0,ML candidate: reduce a positive relationship lag after verifying its physical/contractual basis; prefer replacing hidden waiting time with explicit logic when appropriate.,"Do not reduce any mandatory technical, contractual, regulatory or acceptance waiting requirement without project evidence.",,"CON-B01-8TH-1070 -> CON-B01-8TH-1080 (PR_FS, 10.00d)",Generated from native relationship statistics.
UML-0155,LAG_OPTIMIZATION,238340,CON-B01-1ST-1050,"RFT for Slabs, Beams & Stairs(B01) (1st)",ROYA-BIG PROJECT PHASE01 (B1-4) > Construction > Part 02 > B01 > Superstructure > 1st  Floor,learned_cluster_1,12.0,12.0,2.0,2.0,medium,medium,180.0,ML candidate: reduce a positive relationship lag after verifying its physical/contractual basis; prefer replacing hidden waiting time with explicit logic when appropriate.,"Do not reduce any mandatory technical, contractual, regulatory or acceptance waiting requirement without project evidence.",,"CON-B01-1ST-1040 -> CON-B01-1ST-1050 (PR_SS, 4.00d)",Generated from native relationship statistics.
UML-0158,LAG_OPTIMIZATION,238349,CON-B01-2ND-1050,"RFT for Slabs, Beams & Stairs (B01) (2nd)",ROYA-BIG PROJECT PHASE01 (B1-4) > Construction > Part 02 > B01 > Superstructure > 2nd   Floor,learned_cluster_1,8.0,8.0,2.0,2.0,medium,medium,180.0,ML candidate: reduce a positive relationship lag after verifying its physical/contractual basis; prefer replacing hidden waiting time with explicit logic when appropriate.,"Do not reduce any mandatory technical, contractual, regulatory or acceptance waiting requirement without project evidence.",,"CON-B01-2ND-1040 -> CON-B01-2ND-1050 (PR_SS, 4.00d)",Generated from native relationship statistics.
UML-0163,LAG_OPTIMIZATION,238358,CON-B01-3RD-1050,"RFT for Slabs, Beams & Stairs (B01) (3rd)",ROYA-BIG PROJECT PHASE01 (B1-4) > Construction > Part 02 > B01 > Superstructure > 3rd   Floor,learned_cluster_1,10.0,10.0,2.0,2.0,medium,medium,180.0,ML candidate: reduce a positive relationship lag after verifying its physical/contractual basis; prefer replacing hidden waiting time with explicit logic when appropriate.,"Do not reduce any mandatory technical, contractual, regulatory or acceptance waiting requirement without project evidence.",,"CON-B01-3RD-1040 -> CON-B01-3RD-1050 (PR_SS, 4.00d)",Generated from native relationship statistics.
UML-0168,LAG_OPTIMIZATION,238367,CON-B01-4TH-1050,"RFT for Slabs, Beams & Stairs (B01) (4th)",ROYA-BIG PROJECT PHASE01 (B1-4) > Construction > Part 02 > B01 > Superstructure > 4th   Floor,learned_cluster_1,12.0,12.0,2.0,2.0,medium,medium,180.0,ML candidate: reduce a positive relationship lag after verifying its physical/contractual basis; prefer replacing hidden waiting time with explicit logic when appropriate.,"Do not reduce any mandatory technical, contractual, regulatory or acceptance waiting requirement without project evidence.",,"CON-B01-4TH-1040 -> CON-B01-4TH-1050 (PR_SS, 4.00d)",Generated from native relationship statistics.
UML-0173,LAG_OPTIMIZATION,238376,CON-B01-5TH-1050,"RFT for Slabs, Beams & Stairs (B01) (5th)",ROYA-BIG PROJECT PHASE01 (B1-4) > Construction > Part 02 > B01 > Superstructure > 5th  Floor,learned_cluster_1,9.0,9.0,2.0,2.0,medium,medium,180.0,ML candidate: reduce a positive relationship lag after verifying its physical/contractual basis; prefer replacing hidden waiting time with explicit logic when appropriate.,"Do not reduce any mandatory technical, contractual, regulatory or acceptance waiting requirement without project evidence.",,"CON-B01-5TH-1040 -> CON-B01-5TH-1050 (PR_SS, 4.00d)",Generated from native relationship statistics.
UML-0186,LAG_OPTIMIZATION,238313,CON-B01-6TH-1050,"RFT for Slabs, Beams & Stairs (B01) (6th)",ROYA-BIG PROJECT PHASE01 (B1-4) > Construction > Part 02 > B01 > Superstructure > 6th   Floor,learned_cluster_1,9.0,9.0,2.0,2.0,medium,medium,180.0,ML candidate: reduce a positive relationship lag after verifying its physical/contractual basis; prefer replacing hidden waiting time with explicit logic when appropriate.,"Do not reduce any mandatory technical, contractual, regulatory or acceptance waiting requirement without project evidence.",,"CON-B01-6TH-1040 -> CON-B01-6TH-1050 (PR_SS, 4.00d)",Generated from native relationship statistics.
UML-0188,LAG_OPTIMIZATION,238325,CON-B01-7TH-1080,Dismantling Formwork (B01) (7th),ROYA-BIG PROJECT PHASE01 (B1-4) > Construction > Part 02 > B01 > Superstructure > 7th   Floor,learned_cluster_1,1.0,1.0,5.0,2.0,medium,medium,180.0,ML candidate: reduce a positive relationship lag after verifying its physical/contractual basis; prefer replacing hidden waiting time with explicit logic when appropriate.,"Do not reduce any mandatory technical, contractual, regulatory or acceptance waiting requirement without project evidence.",,"CON-B01-7TH-1070 -> CON-B01-7TH-1080 (PR_FS, 10.00d)",Generated from native relationship statistics.
UML-0046,DURATION_COMPRESSION,239266,F-SUB-B01-BAS02-1040,Submittal for Slabs Conc. Dim.  & RFT DWGs (B01) (Bas 02),ROYA-BIG PROJECT PHASE01 (B1-4) > Event02-New IFC issued > Affected-Activities-Submission > B01 > Basement02,learned_cluster_0,18.0,16.2,1.8,1.8,medium,medium,189.803,ML candidate: compress remaining duration by a learned what-if ratio; implementation mechanism is selected from actual project resources/work methods during P6 review.,"Validate productivity, crew/equipment capacity, access, QA/QC, HSE, procurement and calendar feasibility before native P6 implementation.",,,Project-local semantic cluster 0; no project-specific activity dictionary used.
UML-0083,DURATION_COMPRESSION,238376,CON-B01-5TH-1050,"RFT for Slabs, Beams & Stairs (B01) (5th)",ROYA-BIG PROJECT PHASE01 (B1-4) > Construction > Part 02 > B01 > Superstructure > 5th  Floor,learned_cluster_1,9.0,7.2,1.8,1.8,high,medium,187.711,ML candidate: compress remaining duration by a learned what-if ratio; implementation mechanism is selected from actual project resources/work methods during P6 review.,"Validate productivity, crew/equipment capacity, access, QA/QC, HSE, procurement and calendar feasibility before native P6 implementation.",Steel Fixer; the big cash; Big Quantity RFT; Labor,,Project-local semantic cluster 1; no project-specific activity dictionary used.
UML-0053,DURATION_COMPRESSION,238313,CON-B01-6TH-1050,"RFT for Slabs, Beams & Stairs (B01) (6th)",ROYA-BIG PROJECT PHASE01 (B1-4) > Construction > Part 02 > B01 > Superstructure > 6th   Floor,learned_cluster_1,9.0,7.2,1.8,1.8,high,medium,187.25,ML candidate: compress remaining duration by a learned what-if ratio; implementation mechanism is selected from actual project resources/work methods during P6 review.,"Validate productivity, crew/equipment capacity, access, QA/QC, HSE, procurement and calendar feasibility before native P6 implementation.",Steel Fixer; the big cash; Big Quantity RFT; Labor,,Project-local semantic cluster 1; no project-specific activity dictionary used.
UML-0128,DURATION_COMPRESSION,238322,CON-B01-7TH-1050,"RFT for Slabs, Beams & Stairs (B01) (7th)",ROYA-BIG PROJECT PHASE01 (B1-4) > Construction > Part 02 > B01 > Superstructure > 7th   Floor,learned_cluster_1,9.0,7.2,1.8,1.8,high,medium,186.921,ML candidate: compress remaining duration by a learned what-if ratio; implementation mechanism is selected from actual project resources/work methods during P6 review.,"Validate productivity, crew/equipment capacity, access, QA/QC, HSE, procurement and calendar feasibility before native P6 implementation.",Steel Fixer; the big cash; Big Quantity RFT; Labor,,Project-local semantic cluster 1; no project-specific activity dictionary used.
UML-0026,DURATION_COMPRESSION,238349,CON-B01-2ND-1050,"RFT for Slabs, Beams & Stairs (B01) (2nd)",ROYA-BIG PROJECT PHASE01 (B1-4) > Construction > Part 02 > B01 > Superstructure > 2nd   Floor,learned_cluster_1,8.0,6.4,1.6,1.6,high,medium,169.092,ML candidate: compress remaining duration by a learned what-if ratio; implementation mechanism is selected from actual project resources/work methods during P6 review.,"Validate productivity, crew/equipment capacity, access, QA/QC, HSE, procurement and calendar feasibility before native P6 implementation.",Steel Fixer; the big cash; Big Quantity RFT; Labor,,Project-local semantic cluster 1; no project-specific activity dictionary used.
UML-0080,DURATION_COMPRESSION,238331,CON-B01-8TH-1050,"RFT for Slabs, Beams & Stairs (B01) (8th)",ROYA-BIG PROJECT PHASE01 (B1-4) > Construction > Part 02 > B01 > Superstructure > 8th   Floor,learned_cluster_1,8.0,6.4,1.6,1.6,high,medium,166.592,ML candidate: compress remaining duration by a learned what-if ratio; implementation mechanism is selected from actual project resources/work methods during P6 review.,"Validate productivity, crew/equipment capacity, access, QA/QC, HSE, procurement and calendar feasibility before native P6 implementation.",Steel Fixer; the big cash; Big Quantity RFT; Labor,,Project-local semantic cluster 1; no project-specific activity dictionary used.
UML-0139,LAG_OPTIMIZATION,238029,CON-B01-BAS01-1020,"Shuttering for Walls, Col. & Cores (B01) (Bas 01)",ROYA-BIG PROJECT PHASE01 (B1-4) > Construction > Part 02 > B01 > Substructure > Basement 1,learned_cluster_1,12.0,12.0,1.5,1.5,medium,medium,135.0,ML candidate: reduce a positive relationship lag after verifying its physical/contractual basis; prefer replacing hidden waiting time with explicit logic when appropriate.,"Do not reduce any mandatory technical, contractual, regulatory or acceptance waiting requirement without project evidence.",,"CON-B01-BAS01-1010 -> CON-B01-BAS01-1020 (PR_SS, 3.00d)",Generated from native relationship statistics.
UML-0161,LAG_OPTIMIZATION,238354,CON-B01-3RD-1010,"RFT for Walls, Col. & Cores (B01) (3rd)",ROYA-BIG PROJECT PHASE01 (B1-4) > Construction > Part 02 > B01 > Superstructure > 3rd   Floor,learned_cluster_1,7.0,7.0,1.5,1.5,medium,medium,135.0,ML candidate: reduce a positive relationship lag after verifying its physical/contractual basis; prefer replacing hidden waiting time with explicit logic when appropriate.,"Do not reduce any mandatory technical, contractual, regulatory or acceptance waiting requirement without project evidence.",,"CON-B01-3RD-1000 -> CON-B01-3RD-1010 (PR_SS, 3.00d)",Generated from native relationship statistics.
UML-0162,LAG_OPTIMIZATION,238355,CON-B01-3RD-1020,"Shuttering for Walls, Col. & Cores (B01) (3rd)",ROYA-BIG PROJECT PHASE01 (B1-4) > Construction > Part 02 > B01 > Superstructure > 3rd   Floor,learned_cluster_1,7.0,7.0,1.5,1.5,medium,medium,135.0,ML candidate: reduce a positive relationship lag after verifying its physical/contractual basis; prefer replacing hidden waiting time with explicit logic when appropriate.,"Do not reduce any mandatory technical, contractual, regulatory or acceptance waiting requirement without project evidence.",,"CON-B01-3RD-1010 -> CON-B01-3RD-1020 (PR_SS, 3.00d)",Generated from native relationship statistics.
UML-0166,LAG_OPTIMIZATION,238363,CON-B01-4TH-1010,"RFT for Walls, Col. & Cores (B01) (4th)",ROYA-BIG PROJECT PHASE01 (B1-4) > Construction > Part 02 > B01 > Superstructure > 4th   Floor,learned_cluster_1,7.0,7.0,1.5,1.5,medium,medium,135.0,ML candidate: reduce a positive relationship lag after verifying its physical/contractual basis; prefer replacing hidden waiting time with explicit logic when appropriate.,"Do not reduce any mandatory technical, contractual, regulatory or acceptance waiting requirement without project evidence.",,"CON-B01-4TH-1000 -> CON-B01-4TH-1010 (PR_SS, 3.00d)",Generated from native relationship statistics.
UML-0167,LAG_OPTIMIZATION,238364,CON-B01-4TH-1020,"Shuttering for Walls, Col. & Cores (B01) (4th)",ROYA-BIG PROJECT PHASE01 (B1-4) > Construction > Part 02 > B01 > Superstructure > 4th   Floor,learned_cluster_1,7.0,7.0,1.5,1.5,medium,medium,135.0,ML candidate: reduce a positive relationship lag after verifying its physical/contractual basis; prefer replacing hidden waiting time with explicit logic when appropriate.,"Do not reduce any mandatory technical, contractual, regulatory or acceptance waiting requirement without project evidence.",,"CON-B01-4TH-1010 -> CON-B01-4TH-1020 (PR_SS, 3.00d)",Generated from native relationship statistics.
UML-0177,LAG_OPTIMIZATION,237962,CON-B01-BAS02-1070,RFT for Slabs & Beams (B01) (Bas 02),ROYA-BIG PROJECT PHASE01 (B1-4) > Construction > Part 02 > B01 > Substructure > Basement 2,learned_cluster_1,10.0,10.0,1.5,1.5,medium,medium,135.0,ML candidate: reduce a positive relationship lag after verifying its physical/contractual basis; prefer replacing hidden waiting time with explicit logic when appropriate.,"Do not reduce any mandatory technical, contractual, regulatory or acceptance waiting requirement without project evidence.",,"CON-B01-BAS02-1040 -> CON-B01-BAS02-1070 (PR_SS, 3.00d)",Generated from native relationship statistics.
UML-0187,LAG_OPTIMIZATION,238322,CON-B01-7TH-1050,"RFT for Slabs, Beams & Stairs (B01) (7th)",ROYA-BIG PROJECT PHASE01 (B1-4) > Construction > Part 02 > B01 > Superstructure > 7th   Floor,learned_cluster_1,9.0,9.0,1.5,1.5,medium,medium,135.0,ML candidate: reduce a positive relationship lag after verifying its physical/contractual basis; prefer replacing hidden waiting time with explicit logic when appropriate.,"Do not reduce any mandatory technical, contractual, regulatory or acceptance waiting requirement without project evidence.",,"CON-B01-7TH-1040 -> CON-B01-7TH-1050 (PR_SS, 3.00d)",Generated from native relationship statistics.
UML-0203,LAG_OPTIMIZATION,239266,F-SUB-B01-BAS02-1040,Submittal for Slabs Conc. Dim.  & RFT DWGs (B01) (Bas 02),ROYA-BIG PROJECT PHASE01 (B1-4) > Event02-New IFC issued > Affected-Activities-Submission > B01 > Basement02,learned_cluster_0,18.0,18.0,1.5,1.5,medium,medium,135.0,ML candidate: reduce a positive relationship lag after verifying its physical/contractual basis; prefer replacing hidden waiting time with explicit logic when appropriate.,"Do not reduce any mandatory technical, contractual, regulatory or acceptance waiting requirement without project evidence.",,"F-SUB-B01-BAS02-1030 -> F-SUB-B01-BAS02-1040 (PR_SS, 3.00d)",Generated from native relationship statistics.
UML-0134,DURATION_COMPRESSION,238355,CON-B01-3RD-1020,"Shuttering for Walls, Col. & Cores (B01) (3rd)",ROYA-BIG PROJECT PHASE01 (B1-4) > Construction > Part 02 > B01 > Superstructure > 3rd   Floor,learned_cluster_1,7.0,5.6,1.4,1.4,high,medium,145.829,ML candidate: compress remaining duration by a learned what-if ratio; implementation mechanism is selected from actual project resources/work methods during P6 review.,"Validate productivity, crew/equipment capacity, access, QA/QC, HSE, procurement and calendar feasibility before native P6 implementation.",Carpenter for concrete; the big cash; Labor,,Project-local semantic cluster 1; no project-specific activity dictionary used.
UML-0125,DURATION_COMPRESSION,238364,CON-B01-4TH-1020,"Shuttering for Walls, Col. & Cores (B01) (4th)",ROYA-BIG PROJECT PHASE01 (B1-4) > Construction > Part 02 > B01 > Superstructure > 4th   Floor,learned_cluster_1,7.0,5.6,1.4,1.4,high,medium,145.368,ML candidate: compress remaining duration by a learned what-if ratio; implementation mechanism is selected from actual project resources/work methods during P6 review.,"Validate productivity, crew/equipment capacity, access, QA/QC, HSE, procurement and calendar feasibility before native P6 implementation.",Carpenter for concrete; the big cash; Labor,,Project-local semantic cluster 1; no project-specific activity dictionary used.
UML-0037,DURATION_COMPRESSION,238340,CON-B01-1ST-1050,"RFT for Slabs, Beams & Stairs(B01) (1st)",ROYA-BIG PROJECT PHASE01 (B1-4) > Construction > Part 02 > B01 > Superstructure > 1st  Floor,learned_cluster_1,12.0,10.8,1.2,1.2,high,medium,129.553,ML candidate: compress remaining duration by a learned what-if ratio; implementation mechanism is selected from actual project resources/work methods during P6 review.,"Validate productivity, crew/equipment capacity, access, QA/QC, HSE, procurement and calendar feasibility before native P6 implementation.",Steel Fixer; the big cash; Big Quantity RFT; Labor,,Project-local semantic cluster 1; no project-specific activity dictionary used.
UML-0067,DURATION_COMPRESSION,238029,CON-B01-BAS01-1020,"Shuttering for Walls, Col. & Cores (B01) (Bas 01)",ROYA-BIG PROJECT PHASE01 (B1-4) > Construction > Part 02 > B01 > Substructure > Basement 1,learned_cluster_1,12.0,10.8,1.2,1.2,high,medium,127.276,ML candidate: compress remaining duration by a learned what-if ratio; implementation mechanism is selected from actual project resources/work methods during P6 review.,"Validate productivity, crew/equipment capacity, access, QA/QC, HSE, procurement and calendar feasibility before native P6 implementation.",Carpenter for concrete; the big cash; Labor,,Project-local semantic cluster 1; no project-specific activity dictionary used.
UML-0007,DURATION_COMPRESSION,238367,CON-B01-4TH-1050,"RFT for Slabs, Beams & Stairs (B01) (4th)",ROYA-BIG PROJECT PHASE01 (B1-4) > Construction > Part 02 > B01 > Superstructure > 4th   Floor,learned_cluster_1,12.0,10.8,1.2,1.2,high,medium,125.171,ML candidate: compress remaining duration by a learned what-if ratio; implementation mechanism is selected from actual project resources/work methods during P6 review.,"Validate productivity, crew/equipment capacity, access, QA/QC, HSE, procurement and calendar feasibility before native P6 implementation.",Steel Fixer; the big cash; Big Quantity RFT; Labor,,Project-local semantic cluster 1; no project-specific activity dictionary used.
UML-0049,DURATION_COMPRESSION,238033,CON-B01-BAS01-1060,RFT for Slabs & Beams (B01) (Bas 01),ROYA-BIG PROJECT PHASE01 (B1-4) > Construction > Part 02 > B01 > Substructure > Basement 1,learned_cluster_1,10.0,9.0,1.0,1.0,high,medium,112.079,ML candidate: compress remaining duration by a learned what-if ratio; implementation mechanism is selected from actual project resources/work methods during P6 review.,"Validate productivity, crew/equipment capacity, access, QA/QC, HSE, procurement and calendar feasibility before native P6 implementation.",Steel Fixer; the big cash; Big Quantity RFT; Labor,,Project-local semantic cluster 1; no project-specific activity dictionary used.
UML-0019,DURATION_COMPRESSION,237962,CON-B01-BAS02-1070,RFT for Slabs & Beams (B01) (Bas 02),ROYA-BIG PROJECT PHASE01 (B1-4) > Construction > Part 02 > B01 > Substructure > Basement 2,learned_cluster_1,10.0,9.0,1.0,1.0,high,medium,111.605,ML candidate: compress remaining duration by a learned what-if ratio; implementation mechanism is selected from actual project resources/work methods during P6 review.,"Validate productivity, crew/equipment capacity, access, QA/QC, HSE, procurement and calendar feasibility before native P6 implementation.",Steel Fixer; the big cash; Big Quantity RFT; Labor,,Project-local semantic cluster 1; no project-specific activity dictionary used.
UML-0062,DURATION_COMPRESSION,238346,CON-B01-2ND-1020,"Shuttering for Walls, Col. & Cores (B01) (2nd)",ROYA-BIG PROJECT PHASE01 (B1-4) > Construction > Part 02 > B01 > Superstructure > 2nd   Floor,learned_cluster_1,7.0,5.6,1.4,1.0,high,medium,106.289,ML candidate: compress remaining duration by a learned what-if ratio; implementation mechanism is selected from actual project resources/work methods during P6 review.,"Validate productivity, crew/equipment capacity, access, QA/QC, HSE, procurement and calendar feasibility before native P6 implementation.",Carpenter for concrete; the big cash; Labor,,Project-local semantic cluster 1; no project-specific activity dictionary used.
UML-0063,DURATION_COMPRESSION,238346,CON-B01-2ND-1020,"Shuttering for Walls, Col. & Cores (B01) (2nd)",ROYA-BIG PROJECT PHASE01 (B1-4) > Construction > Part 02 > B01 > Superstructure > 2nd   Floor,learned_cluster_1,7.0,4.9,2.1,1.0,high,high,106.289,ML candidate: compress remaining duration by a learned what-if ratio; implementation mechanism is selected from actual project resources/work methods during P6 review.,"Validate productivity, crew/equipment capacity, access, QA/QC, HSE, procurement and calendar feasibility before native P6 implementation.",Carpenter for concrete; the big cash; Labor,,Project-local semantic cluster 1; no project-specific activity dictionary used.
UML-0109,DURATION_COMPRESSION,238358,CON-B01-3RD-1050,"RFT for Slabs, Beams & Stairs (B01) (3rd)",ROYA-BIG PROJECT PHASE01 (B1-4) > Construction > Part 02 > B01 > Superstructure > 3rd   Floor,learned_cluster_1,10.0,9.0,1.0,1.0,high,medium,105.632,ML candidate: compress remaining duration by a learned what-if ratio; implementation mechanism is selected from actual project resources/work methods during P6 review.,"Validate productivity, crew/equipment capacity, access, QA/QC, HSE, procurement and calendar feasibility before native P6 implementation.",Steel Fixer; the big cash; Big Quantity RFT; Labor,,Project-local semantic cluster 1; no project-specific activity dictionary used.
UML-0104,DURATION_COMPRESSION,238373,CON-B01-5TH-1020,"Shuttering for Walls, Col. & Cores (B01) (5th)",ROYA-BIG PROJECT PHASE01 (B1-4) > Construction > Part 02 > B01 > Superstructure > 5th  Floor,learned_cluster_1,6.0,4.8,1.2,1.0,high,medium,104.908,ML candidate: compress remaining duration by a learned what-if ratio; implementation mechanism is selected from actual project resources/work methods during P6 review.,"Validate productivity, crew/equipment capacity, access, QA/QC, HSE, procurement and calendar feasibility before native P6 implementation.",Carpenter for concrete; the big cash; Labor,,Project-local semantic cluster 1; no project-specific activity dictionary used.
UML-0105,DURATION_COMPRESSION,238373,CON-B01-5TH-1020,"Shuttering for Walls, Col. & Cores (B01) (5th)",ROYA-BIG PROJECT PHASE01 (B1-4) > Construction > Part 02 > B01 > Superstructure > 5th  Floor,learned_cluster_1,6.0,4.2,1.8,1.0,high,high,104.908,ML candidate: compress remaining duration by a learned what-if ratio; implementation mechanism is selected from actual project resources/work methods during P6 review.,"Validate productivity, crew/equipment capacity, access, QA/QC, HSE, procurement and calendar feasibility before native P6 implementation.",Carpenter for concrete; the big cash; Labor,,Project-local semantic cluster 1; no project-specific activity dictionary used.
UML-0089,DURATION_COMPRESSION,238310,CON-B01-6TH-1020,"Shuttering for Walls, Col. & Cores (B01) (6th)",ROYA-BIG PROJECT PHASE01 (B1-4) > Construction > Part 02 > B01 > Superstructure > 6th   Floor,learned_cluster_1,6.0,4.8,1.2,1.0,high,medium,104.447,ML candidate: compress remaining duration by a learned what-if ratio; implementation mechanism is selected from actual project resources/work methods during P6 review.,"Validate productivity, crew/equipment capacity, access, QA/QC, HSE, procurement and calendar feasibility before native P6 implementation.",Carpenter for concrete; the big cash; Labor,,Project-local semantic cluster 1; no project-specific activity dictionary used.
UML-0090,DURATION_COMPRESSION,238310,CON-B01-6TH-1020,"Shuttering for Walls, Col. & Cores (B01) (6th)",ROYA-BIG PROJECT PHASE01 (B1-4) > Construction > Part 02 > B01 > Superstructure > 6th   Floor,learned_cluster_1,6.0,4.2,1.8,1.0,high,high,104.447,ML candidate: compress remaining duration by a learned what-if ratio; implementation mechanism is selected from actual project resources/work methods during P6 review.,"Validate productivity, crew/equipment capacity, access, QA/QC, HSE, procurement and calendar feasibility before native P6 implementation.",Carpenter for concrete; the big cash; Labor,,Project-local semantic cluster 1; no project-specific activity dictionary used.
UML-0064,DURATION_COMPRESSION,239234,HO-1010,Snag list for B01,ROYA-BIG PROJECT PHASE01 (B1-4) > Handover > Handover Works,learned_cluster_0,10.0,9.0,1.0,1.0,medium,medium,103.132,ML candidate: compress remaining duration by a learned what-if ratio; implementation mechanism is selected from actual project resources/work methods during P6 review.,"Validate productivity, crew/equipment capacity, access, QA/QC, HSE, procurement and calendar feasibility before native P6 implementation.",,,Project-local semantic cluster 0; no project-specific activity dictionary used.
UML-0141,LAG_OPTIMIZATION,238033,CON-B01-BAS01-1060,RFT for Slabs & Beams (B01) (Bas 01),ROYA-BIG PROJECT PHASE01 (B1-4) > Construction > Part 02 > B01 > Substructure > Basement 1,learned_cluster_1,10.0,10.0,1.0,1.0,medium,medium,90.0,ML candidate: reduce a positive relationship lag after verifying its physical/contractual basis; prefer replacing hidden waiting time with explicit logic when appropriate.,"Do not reduce any mandatory technical, contractual, regulatory or acceptance waiting requirement without project evidence.",,"CON-B01-BAS01-1040 -> CON-B01-BAS01-1060 (PR_SS, 2.00d)",Generated from native relationship statistics.
UML-0142,LAG_OPTIMIZATION,238309,CON-B01-6TH-1010,"RFT for Walls, Col. & Cores (B01) (6th)",ROYA-BIG PROJECT PHASE01 (B1-4) > Construction > Part 02 > B01 > Superstructure > 6th   Floor,learned_cluster_1,6.0,6.0,1.5,1.0,medium,medium,90.0,ML candidate: reduce a positive relationship lag after verifying its physical/contractual basis; prefer replacing hidden waiting time with explicit logic when appropriate.,"Do not reduce any mandatory technical, contractual, regulatory or acceptance waiting requirement without project evidence.",,"CON-B01-6TH-1000 -> CON-B01-6TH-1010 (PR_SS, 3.00d)",Generated from native relationship statistics.
UML-0143,LAG_OPTIMIZATION,238310,CON-B01-6TH-1020,"Shuttering for Walls, Col. & Cores (B01) (6th)",ROYA-BIG PROJECT PHASE01 (B1-4) > Construction > Part 02 > B01 > Superstructure > 6th   Floor,learned_cluster_1,6.0,6.0,1.5,1.0,medium,medium,90.0,ML candidate: reduce a positive relationship lag after verifying its physical/contractual basis; prefer replacing hidden waiting time with explicit logic when appropriate.,"Do not reduce any mandatory technical, contractual, regulatory or acceptance waiting requirement without project evidence.",,"CON-B01-6TH-1010 -> CON-B01-6TH-1020 (PR_SS, 3.00d)",Generated from native relationship statistics.
UML-0146,LAG_OPTIMIZATION,238316,CON-B01-6TH-1080,Dismantling Formwork (B01) (6th),ROYA-BIG PROJECT PHASE01 (B1-4) > Construction > Part 02 > B01 > Superstructure > 6th   Floor,learned_cluster_1,1.0,1.0,5.0,1.0,medium,medium,90.0,ML candidate: reduce a positive relationship lag after verifying its physical/contractual basis; prefer replacing hidden waiting time with explicit logic when appropriate.,"Do not reduce any mandatory technical, contractual, regulatory or acceptance waiting requirement without project evidence.",,"CON-B01-6TH-1070 -> CON-B01-6TH-1080 (PR_FS, 10.00d)",Generated from native relationship statistics.
UML-0151,LAG_OPTIMIZATION,238331,CON-B01-8TH-1050,"RFT for Slabs, Beams & Stairs (B01) (8th)",ROYA-BIG PROJECT PHASE01 (B1-4) > Construction > Part 02 > B01 > Superstructure > 8th   Floor,learned_cluster_1,8.0,8.0,1.0,1.0,medium,medium,90.0,ML candidate: reduce a positive relationship lag after verifying its physical/contractual basis; prefer replacing hidden waiting time with explicit logic when appropriate.,"Do not reduce any mandatory technical, contractual, regulatory or acceptance waiting requirement without project evidence.",,"CON-B01-8TH-1040 -> CON-B01-8TH-1050 (PR_SS, 2.00d)",Generated from native relationship statistics.
UML-0156,LAG_OPTIMIZATION,238345,CON-B01-2ND-1010,"RFT for Walls, Col. & Cores (B01) (2nd)",ROYA-BIG PROJECT PHASE01 (B1-4) > Construction > Part 02 > B01 > Superstructure > 2nd   Floor,learned_cluster_1,7.0,7.0,1.0,1.0,medium,medium,90.0,ML candidate: reduce a positive relationship lag after verifying its physical/contractual basis; prefer replacing hidden waiting time with explicit logic when appropriate.,"Do not reduce any mandatory technical, contractual, regulatory or acceptance waiting requirement without project evidence.",,"CON-B01-2ND-1000 -> CON-B01-2ND-1010 (PR_SS, 2.00d)",Generated from native relationship statistics.
UML-0157,LAG_OPTIMIZATION,238346,CON-B01-2ND-1020,"Shuttering for Walls, Col. & Cores (B01) (2nd)",ROYA-BIG PROJECT PHASE01 (B1-4) > Construction > Part 02 > B01 > Superstructure > 2nd   Floor,learned_cluster_1,7.0,7.0,1.5,1.0,medium,medium,90.0,ML candidate: reduce a positive relationship lag after verifying its physical/contractual basis; prefer replacing hidden waiting time with explicit logic when appropriate.,"Do not reduce any mandatory technical, contractual, regulatory or acceptance waiting requirement without project evidence.",,"CON-B01-2ND-1010 -> CON-B01-2ND-1020 (PR_SS, 3.00d)",Generated from native relationship statistics.
UML-0171,LAG_OPTIMIZATION,238372,CON-B01-5TH-1010,"RFT for Walls, Col. & Cores (B01) (5th)",ROYA-BIG PROJECT PHASE01 (B1-4) > Construction > Part 02 > B01 > Superstructure > 5th  Floor,learned_cluster_1,6.0,6.0,1.5,1.0,medium,medium,90.0,ML candidate: reduce a positive relationship lag after verifying its physical/contractual basis; prefer replacing hidden waiting time with explicit logic when appropriate.,"Do not reduce any mandatory technical, contractual, regulatory or acceptance waiting requirement without project evidence.",,"CON-B01-5TH-1000 -> CON-B01-5TH-1010 (PR_SS, 3.00d)",Generated from native relationship statistics.
UML-0172,LAG_OPTIMIZATION,238373,CON-B01-5TH-1020,"Shuttering for Walls, Col. & Cores (B01) (5th)",ROYA-BIG PROJECT PHASE01 (B1-4) > Construction > Part 02 > B01 > Superstructure > 5th  Floor,learned_cluster_1,6.0,6.0,1.5,1.0,medium,medium,90.0,ML candidate: reduce a positive relationship lag after verifying its physical/contractual basis; prefer replacing hidden waiting time with explicit logic when appropriate.,"Do not reduce any mandatory technical, contractual, regulatory or acceptance waiting requirement without project evidence.",,"CON-B01-5TH-1010 -> CON-B01-5TH-1020 (PR_SS, 3.00d)",Generated from native relationship statistics.
UML-0117,DURATION_COMPRESSION,238350,CON-B01-2ND-1060,"Pouring for Slabs, Beams & Stairs (B01) (2nd)",ROYA-BIG PROJECT PHASE01 (B1-4) > Construction > Part 02 > B01 > Superstructure > 2nd   Floor,learned_cluster_1,3.0,2.1,0.9,0.9,high,high,101.026,ML candidate: compress remaining duration by a learned what-if ratio; implementation mechanism is selected from actual project resources/work methods during P6 review.,"Validate productivity, crew/equipment capacity, access, QA/QC, HSE, procurement and calendar feasibility before native P6 implementation.",Carpenter for concrete; the big cash; Big Quantity Concrete,,Project-local semantic cluster 1; no project-specific activity dictionary used.
UML-0042,DURATION_COMPRESSION,238341,CON-B01-1ST-1060,"Pouring for Slabs, Beams & Stairs (B01) (1st)",ROYA-BIG PROJECT PHASE01 (B1-4) > Construction > Part 02 > B01 > Superstructure > 1st  Floor,learned_cluster_1,3.0,2.1,0.9,0.9,high,high,100.487,ML candidate: compress remaining duration by a learned what-if ratio; implementation mechanism is selected from actual project resources/work methods during P6 review.,"Validate productivity, crew/equipment capacity, access, QA/QC, HSE, procurement and calendar feasibility before native P6 implementation.",Carpenter for concrete; the big cash; Big Quantity Concrete,,Project-local semantic cluster 1; no project-specific activity dictionary used.
UML-0099,DURATION_COMPRESSION,238359,CON-B01-3RD-1060,"Pouring for Slabs, Beams & Stairs (B01) (3rd)",ROYA-BIG PROJECT PHASE01 (B1-4) > Construction > Part 02 > B01 > Superstructure > 3rd   Floor,learned_cluster_1,3.0,2.1,0.9,0.9,high,high,99.566,ML candidate: compress remaining duration by a learned what-if ratio; implementation mechanism is selected from actual project resources/work methods during P6 review.,"Validate productivity, crew/equipment capacity, access, QA/QC, HSE, procurement and calendar feasibility before native P6 implementation.",Carpenter for concrete; the big cash; Big Quantity Concrete,,Project-local semantic cluster 1; no project-specific activity dictionary used.
UML-0006,DURATION_COMPRESSION,238368,CON-B01-4TH-1060,"Pouring for Slabs, Beams & Stairs (B01) (4th)",ROYA-BIG PROJECT PHASE01 (B1-4) > Construction > Part 02 > B01 > Superstructure > 4th   Floor,learned_cluster_1,3.0,2.1,0.9,0.9,high,high,99.105,ML candidate: compress remaining duration by a learned what-if ratio; implementation mechanism is selected from actual project resources/work methods during P6 review.,"Validate productivity, crew/equipment capacity, access, QA/QC, HSE, procurement and calendar feasibility before native P6 implementation.",Carpenter for concrete; the big cash; Big Quantity Concrete,,Project-local semantic cluster 1; no project-specific activity dictionary used.
UML-0082,DURATION_COMPRESSION,238376,CON-B01-5TH-1050,"RFT for Slabs, Beams & Stairs (B01) (5th)",ROYA-BIG PROJECT PHASE01 (B1-4) > Construction > Part 02 > B01 > Superstructure > 5th  Floor,learned_cluster_1,9.0,8.1,0.9,0.9,high,medium,97.711,ML candidate: compress remaining duration by a learned what-if ratio; implementation mechanism is selected from actual project resources/work methods during P6 review.,"Validate productivity, crew/equipment capacity, access, QA/QC, HSE, procurement and calendar feasibility before native P6 implementation.",Steel Fixer; the big cash; Big Quantity RFT; Labor,,Project-local semantic cluster 1; no project-specific activity dictionary used.
UML-0052,DURATION_COMPRESSION,238313,CON-B01-6TH-1050,"RFT for Slabs, Beams & Stairs (B01) (6th)",ROYA-BIG PROJECT PHASE01 (B1-4) > Construction > Part 02 > B01 > Superstructure > 6th   Floor,learned_cluster_1,9.0,8.1,0.9,0.9,high,medium,97.25,ML candidate: compress remaining duration by a learned what-if ratio; implementation mechanism is selected from actual project resources/work methods during P6 review.,"Validate productivity, crew/equipment capacity, access, QA/QC, HSE, procurement and calendar feasibility before native P6 implementation.",Steel Fixer; the big cash; Big Quantity RFT; Labor,,Project-local semantic cluster 1; no project-specific activity dictionary used.
UML-0127,DURATION_COMPRESSION,238322,CON-B01-7TH-1050,"RFT for Slabs, Beams & Stairs (B01) (7th)",ROYA-BIG PROJECT PHASE01 (B1-4) > Construction > Part 02 > B01 > Superstructure > 7th   Floor,learned_cluster_1,9.0,8.1,0.9,0.9,high,medium,96.921,ML candidate: compress remaining duration by a learned what-if ratio; implementation mechanism is selected from actual project resources/work methods during P6 review.,"Validate productivity, crew/equipment capacity, access, QA/QC, HSE, procurement and calendar feasibility before native P6 implementation.",Steel Fixer; the big cash; Big Quantity RFT; Labor,,Project-local semantic cluster 1; no project-specific activity dictionary used.
UML-0024,DURATION_COMPRESSION,237966,CON-B01-BAS02-1120,"Curing for Slabs, Beams, Ramps & Stairs (B01) (Bas 02)",ROYA-BIG PROJECT PHASE01 (B1-4) > Construction > Part 02 > B01 > Substructure > Basement 2,learned_cluster_1,3.0,2.1,0.9,0.9,high,high,96.474,ML candidate: compress remaining duration by a learned what-if ratio; implementation mechanism is selected from actual project resources/work methods during P6 review.,"Validate productivity, crew/equipment capacity, access, QA/QC, HSE, procurement and calendar feasibility before native P6 implementation.",Labor,,Project-local semantic cluster 1; no project-specific activity dictionary used.
UML-0120,DURATION_COMPRESSION,238333,CON-B01-8TH-1070,"Curing for Slabs, Beams & Stairs (B01) (8th)",ROYA-BIG PROJECT PHASE01 (B1-4) > Construction > Part 02 > B01 > Superstructure > 8th   Floor,learned_cluster_1,3.0,2.1,0.9,0.9,high,high,93.461,ML candidate: compress remaining duration by a learned what-if ratio; implementation mechanism is selected from actual project resources/work methods during P6 review.,"Validate productivity, crew/equipment capacity, access, QA/QC, HSE, procurement and calendar feasibility before native P6 implementation.",Labor,,Project-local semantic cluster 1; no project-specific activity dictionary used.
UML-0057,DURATION_COMPRESSION,238315,CON-B01-6TH-1070,"Curing for Slabs, Beams & Stairs (B01) (6th)",ROYA-BIG PROJECT PHASE01 (B1-4) > Construction > Part 02 > B01 > Superstructure > 6th   Floor,learned_cluster_1,3.0,2.1,0.9,0.9,high,high,93.118,ML candidate: compress remaining duration by a learned what-if ratio; implementation mechanism is selected from actual project resources/work methods during P6 review.,"Validate productivity, crew/equipment capacity, access, QA/QC, HSE, procurement and calendar feasibility before native P6 implementation.",Labor,,Project-local semantic cluster 1; no project-specific activity dictionary used.
UML-0003,DURATION_COMPRESSION,238324,CON-B01-7TH-1070,"Curing for Slabs, Beams & Stairs (B01) (7th)",ROYA-BIG PROJECT PHASE01 (B1-4) > Construction > Part 02 > B01 > Superstructure > 7th   Floor,learned_cluster_1,3.0,2.1,0.9,0.9,high,high,92.789,ML candidate: compress remaining duration by a learned what-if ratio; implementation mechanism is selected from actual project resources/work methods during P6 review.,"Validate productivity, crew/equipment capacity, access, QA/QC, HSE, procurement and calendar feasibility before native P6 implementation.",Labor,,Project-local semantic cluster 1; no project-specific activity dictionary used.
UML-0102,DURATION_COMPRESSION,238387,CON-B01-9TH-1070,"Curing for Slabs, Beams  (B01) (RF)",ROYA-BIG PROJECT PHASE01 (B1-4) > Construction > Part 02 > B01 > Superstructure > Roof Floor,learned_cluster_1,3.0,2.1,0.9,0.9,high,high,92.263,ML candidate: compress remaining duration by a learned what-if ratio; implementation mechanism is selected from actual project resources/work methods during P6 review.,"Validate productivity, crew/equipment capacity, access, QA/QC, HSE, procurement and calendar feasibility before native P6 implementation.",Labor,,Project-local semantic cluster 1; no project-specific activity dictionary used.
UML-0025,DURATION_COMPRESSION,238349,CON-B01-2ND-1050,"RFT for Slabs, Beams & Stairs (B01) (2nd)",ROYA-BIG PROJECT PHASE01 (B1-4) > Construction > Part 02 > B01 > Superstructure > 2nd   Floor,learned_cluster_1,8.0,7.2,0.8,0.8,high,medium,89.092,ML candidate: compress remaining duration by a learned what-if ratio; implementation mechanism is selected from actual project resources/work methods during P6 review.,"Validate productivity, crew/equipment capacity, access, QA/QC, HSE, procurement and calendar feasibility before native P6 implementation.",Steel Fixer; the big cash; Big Quantity RFT; Labor,,Project-local semantic cluster 1; no project-specific activity dictionary used.
UML-0079,DURATION_COMPRESSION,238331,CON-B01-8TH-1050,"RFT for Slabs, Beams & Stairs (B01) (8th)",ROYA-BIG PROJECT PHASE01 (B1-4) > Construction > Part 02 > B01 > Superstructure > 8th   Floor,learned_cluster_1,8.0,7.2,0.8,0.8,high,medium,86.592,ML candidate: compress remaining duration by a learned what-if ratio; implementation mechanism is selected from actual project resources/work methods during P6 review.,"Validate productivity, crew/equipment capacity, access, QA/QC, HSE, procurement and calendar feasibility before native P6 implementation.",Steel Fixer; the big cash; Big Quantity RFT; Labor,,Project-local semantic cluster 1; no project-specific activity dictionary used.
UML-0061,DURATION_COMPRESSION,238346,CON-B01-2ND-1020,"Shuttering for Walls, Col. & Cores (B01) (2nd)",ROYA-BIG PROJECT PHASE01 (B1-4) > Construction > Part 02 > B01 > Superstructure > 2nd   Floor,learned_cluster_1,7.0,6.3,0.7,0.7,high,medium,76.289,ML candidate: compress remaining duration by a learned what-if ratio; implementation mechanism is selected from actual project resources/work methods during P6 review.,"Validate productivity, crew/equipment capacity, access, QA/QC, HSE, procurement and calendar feasibility before native P6 implementation.",Carpenter for concrete; the big cash; Labor,,Project-local semantic cluster 1; no project-specific activity dictionary used.
UML-0133,DURATION_COMPRESSION,238355,CON-B01-3RD-1020,"Shuttering for Walls, Col. & Cores (B01) (3rd)",ROYA-BIG PROJECT PHASE01 (B1-4) > Construction > Part 02 > B01 > Superstructure > 3rd   Floor,learned_cluster_1,7.0,6.3,0.7,0.7,high,medium,75.829,ML candidate: compress remaining duration by a learned what-if ratio; implementation mechanism is selected from actual project resources/work methods during P6 review.,"Validate productivity, crew/equipment capacity, access, QA/QC, HSE, procurement and calendar feasibility before native P6 implementation.",Carpenter for concrete; the big cash; Labor,,Project-local semantic cluster 1; no project-specific activity dictionary used.
UML-0124,DURATION_COMPRESSION,238364,CON-B01-4TH-1020,"Shuttering for Walls, Col. & Cores (B01) (4th)",ROYA-BIG PROJECT PHASE01 (B1-4) > Construction > Part 02 > B01 > Superstructure > 4th   Floor,learned_cluster_1,7.0,6.3,0.7,0.7,high,medium,75.368,ML candidate: compress remaining duration by a learned what-if ratio; implementation mechanism is selected from actual project resources/work methods during P6 review.,"Validate productivity, crew/equipment capacity, access, QA/QC, HSE, procurement and calendar feasibility before native P6 implementation.",Carpenter for concrete; the big cash; Labor,,Project-local semantic cluster 1; no project-specific activity dictionary used.
UML-0116,DURATION_COMPRESSION,238350,CON-B01-2ND-1060,"Pouring for Slabs, Beams & Stairs (B01) (2nd)",ROYA-BIG PROJECT PHASE01 (B1-4) > Construction > Part 02 > B01 > Superstructure > 2nd   Floor,learned_cluster_1,3.0,2.4,0.6,0.6,high,medium,71.026,ML candidate: compress remaining duration by a learned what-if ratio; implementation mechanism is selected from actual project resources/work methods during P6 review.,"Validate productivity, crew/equipment capacity, access, QA/QC, HSE, procurement and calendar feasibility before native P6 implementation.",Carpenter for concrete; the big cash; Big Quantity Concrete,,Project-local semantic cluster 1; no project-specific activity dictionary used.
UML-0132,DURATION_COMPRESSION,237964,CON-B01-BAS02-1130,Pouring for Slabs & Beams (B01) (Bas 02),ROYA-BIG PROJECT PHASE01 (B1-4) > Construction > Part 02 > B01 > Substructure > Basement 2,learned_cluster_1,2.0,1.4,0.6,0.6,high,high,70.539,ML candidate: compress remaining duration by a learned what-if ratio; implementation mechanism is selected from actual project resources/work methods during P6 review.,"Validate productivity, crew/equipment capacity, access, QA/QC, HSE, procurement and calendar feasibility before native P6 implementation.",Carpenter for concrete; the big cash; Big Quantity Concrete,,Project-local semantic cluster 1; no project-specific activity dictionary used.
UML-0041,DURATION_COMPRESSION,238341,CON-B01-1ST-1060,"Pouring for Slabs, Beams & Stairs (B01) (1st)",ROYA-BIG PROJECT PHASE01 (B1-4) > Construction > Part 02 > B01 > Superstructure > 1st  Floor,learned_cluster_1,3.0,2.4,0.6,0.6,high,medium,70.487,ML candidate: compress remaining duration by a learned what-if ratio; implementation mechanism is selected from actual project resources/work methods during P6 review.,"Validate productivity, crew/equipment capacity, access, QA/QC, HSE, procurement and calendar feasibility before native P6 implementation.",Carpenter for concrete; the big cash; Big Quantity Concrete,,Project-local semantic cluster 1; no project-specific activity dictionary used.
UML-0045,DURATION_COMPRESSION,238035,CON-B01-BAS01-1110,Pouring for Slabs & Beams (B01) (Bas 01),ROYA-BIG PROJECT PHASE01 (B1-4) > Construction > Part 02 > B01 > Substructure > Basement 1,learned_cluster_1,2.0,1.4,0.6,0.6,high,high,70.013,ML candidate: compress remaining duration by a learned what-if ratio; implementation mechanism is selected from actual project resources/work methods during P6 review.,"Validate productivity, crew/equipment capacity, access, QA/QC, HSE, procurement and calendar feasibility before native P6 implementation.",Carpenter for concrete; the big cash; Big Quantity Concrete,,Project-local semantic cluster 1; no project-specific activity dictionary used.
UML-0098,DURATION_COMPRESSION,238359,CON-B01-3RD-1060,"Pouring for Slabs, Beams & Stairs (B01) (3rd)",ROYA-BIG PROJECT PHASE01 (B1-4) > Construction > Part 02 > B01 > Superstructure > 3rd   Floor,learned_cluster_1,3.0,2.4,0.6,0.6,high,medium,69.566,ML candidate: compress remaining duration by a learned what-if ratio; implementation mechanism is selected from actual project resources/work methods during P6 review.,"Validate productivity, crew/equipment capacity, access, QA/QC, HSE, procurement and calendar feasibility before native P6 implementation.",Carpenter for concrete; the big cash; Big Quantity Concrete,,Project-local semantic cluster 1; no project-specific activity dictionary used.
UML-0072,DURATION_COMPRESSION,238030,CON-B01-BAS01-1030,"Pouring for Walls, Col. & Cores (B01) (Bas 01)",ROYA-BIG PROJECT PHASE01 (B1-4) > Construction > Part 02 > B01 > Substructure > Basement 1,learned_cluster_1,2.0,1.4,0.6,0.6,high,high,69.211,ML candidate: compress remaining duration by a learned what-if ratio; implementation mechanism is selected from actual project resources/work methods during P6 review.,"Validate productivity, crew/equipment capacity, access, QA/QC, HSE, procurement and calendar feasibility before native P6 implementation.",Carpenter for concrete; the big cash; Big Quantity Concrete,,Project-local semantic cluster 1; no project-specific activity dictionary used.
UML-0005,DURATION_COMPRESSION,238368,CON-B01-4TH-1060,"Pouring for Slabs, Beams & Stairs (B01) (4th)",ROYA-BIG PROJECT PHASE01 (B1-4) > Construction > Part 02 > B01 > Superstructure > 4th   Floor,learned_cluster_1,3.0,2.4,0.6,0.6,high,medium,69.105,ML candidate: compress remaining duration by a learned what-if ratio; implementation mechanism is selected from actual project resources/work methods during P6 review.,"Validate productivity, crew/equipment capacity, access, QA/QC, HSE, procurement and calendar feasibility before native P6 implementation.",Carpenter for concrete; the big cash; Big Quantity Concrete,,Project-local semantic cluster 1; no project-specific activity dictionary used.
UML-0030,DURATION_COMPRESSION,238377,CON-B01-5TH-1060,"Pouring for Slabs, Beams & Stairs (B01) (5th)",ROYA-BIG PROJECT PHASE01 (B1-4) > Construction > Part 02 > B01 > Superstructure > 5th  Floor,learned_cluster_1,2.0,1.4,0.6,0.6,high,high,68.645,ML candidate: compress remaining duration by a learned what-if ratio; implementation mechanism is selected from actual project resources/work methods during P6 review.,"Validate productivity, crew/equipment capacity, access, QA/QC, HSE, procurement and calendar feasibility before native P6 implementation.",Carpenter for concrete; the big cash; Big Quantity Concrete,,Project-local semantic cluster 1; no project-specific activity dictionary used.
UML-0036,DURATION_COMPRESSION,238314,CON-B01-6TH-1060,"Pouring for Slabs, Beams & Stairs (B01) (6th)",ROYA-BIG PROJECT PHASE01 (B1-4) > Construction > Part 02 > B01 > Superstructure > 6th   Floor,learned_cluster_1,2.0,1.4,0.6,0.6,high,high,68.184,ML candidate: compress remaining duration by a learned what-if ratio; implementation mechanism is selected from actual project resources/work methods during P6 review.,"Validate productivity, crew/equipment capacity, access, QA/QC, HSE, procurement and calendar feasibility before native P6 implementation.",Carpenter for concrete; the big cash; Big Quantity Concrete,,Project-local semantic cluster 1; no project-specific activity dictionary used.
UML-0123,DURATION_COMPRESSION,238323,CON-B01-7TH-1060,"Pouring for Slabs, Beams & Stairs (B01) (7th)",ROYA-BIG PROJECT PHASE01 (B1-4) > Construction > Part 02 > B01 > Superstructure > 7th   Floor,learned_cluster_1,2.0,1.4,0.6,0.6,high,high,67.855,ML candidate: compress remaining duration by a learned what-if ratio; implementation mechanism is selected from actual project resources/work methods during P6 review.,"Validate productivity, crew/equipment capacity, access, QA/QC, HSE, procurement and calendar feasibility before native P6 implementation.",Carpenter for concrete; the big cash; Big Quantity Concrete,,Project-local semantic cluster 1; no project-specific activity dictionary used.
UML-0093,DURATION_COMPRESSION,238347,CON-B01-2ND-1030,"Pouring for Walls, Col. & Cores (B01) (2nd)",ROYA-BIG PROJECT PHASE01 (B1-4) > Construction > Part 02 > B01 > Superstructure > 2nd   Floor,learned_cluster_1,2.0,1.4,0.6,0.6,high,high,67.224,ML candidate: compress remaining duration by a learned what-if ratio; implementation mechanism is selected from actual project resources/work methods during P6 review.,"Validate productivity, crew/equipment capacity, access, QA/QC, HSE, procurement and calendar feasibility before native P6 implementation.",Carpenter for concrete; the big cash; Big Quantity Concrete,,Project-local semantic cluster 1; no project-specific activity dictionary used.
UML-0087,DURATION_COMPRESSION,238356,CON-B01-3RD-1030,"Pouring for Walls, Col. & Cores (B01) (3rd)",ROYA-BIG PROJECT PHASE01 (B1-4) > Construction > Part 02 > B01 > Superstructure > 3rd   Floor,learned_cluster_1,2.0,1.4,0.6,0.6,high,high,66.763,ML candidate: compress remaining duration by a learned what-if ratio; implementation mechanism is selected from actual project resources/work methods during P6 review.,"Validate productivity, crew/equipment capacity, access, QA/QC, HSE, procurement and calendar feasibility before native P6 implementation.",Carpenter for concrete; the big cash; Big Quantity Concrete,,Project-local semantic cluster 1; no project-specific activity dictionary used.
UML-0114,DURATION_COMPRESSION,238332,CON-B01-8TH-1060,"Pouring for Slabs, Beams & Stairs (B01) (8th)",ROYA-BIG PROJECT PHASE01 (B1-4) > Construction > Part 02 > B01 > Superstructure > 8th   Floor,learned_cluster_1,2.0,1.4,0.6,0.6,high,high,66.526,ML candidate: compress remaining duration by a learned what-if ratio; implementation mechanism is selected from actual project resources/work methods during P6 review.,"Validate productivity, crew/equipment capacity, access, QA/QC, HSE, procurement and calendar feasibility before native P6 implementation.",Carpenter for concrete; the big cash; Big Quantity Concrete,,Project-local semantic cluster 1; no project-specific activity dictionary used.
UML-0023,DURATION_COMPRESSION,237966,CON-B01-BAS02-1120,"Curing for Slabs, Beams, Ramps & Stairs (B01) (Bas 02)",ROYA-BIG PROJECT PHASE01 (B1-4) > Construction > Part 02 > B01 > Substructure > Basement 2,learned_cluster_1,3.0,2.4,0.6,0.6,high,medium,66.474,ML candidate: compress remaining duration by a learned what-if ratio; implementation mechanism is selected from actual project resources/work methods during P6 review.,"Validate productivity, crew/equipment capacity, access, QA/QC, HSE, procurement and calendar feasibility before native P6 implementation.",Labor,,Project-local semantic cluster 1; no project-specific activity dictionary used.
UML-0015,DURATION_COMPRESSION,238365,CON-B01-4TH-1030,"Pouring for Walls, Col. & Cores (B01) (4th)",ROYA-BIG PROJECT PHASE01 (B1-4) > Construction > Part 02 > B01 > Superstructure > 4th   Floor,learned_cluster_1,2.0,1.4,0.6,0.6,high,high,66.303,ML candidate: compress remaining duration by a learned what-if ratio; implementation mechanism is selected from actual project resources/work methods during P6 review.,"Validate productivity, crew/equipment capacity, access, QA/QC, HSE, procurement and calendar feasibility before native P6 implementation.",Carpenter for concrete; the big cash; Big Quantity Concrete,,Project-local semantic cluster 1; no project-specific activity dictionary used.
UML-0108,DURATION_COMPRESSION,238777,HO-1000,Demobilization,ROYA-BIG PROJECT PHASE01 (B1-4) > Handover > Handover Works,learned_cluster_0,2.0,1.4,0.6,0.6,high,high,66.066,ML candidate: compress remaining duration by a learned what-if ratio; implementation mechanism is selected from actual project resources/work methods during P6 review.,"Validate productivity, crew/equipment capacity, access, QA/QC, HSE, procurement and calendar feasibility before native P6 implementation.",Labor,,Project-local semantic cluster 0; no project-specific activity dictionary used.
UML-0078,DURATION_COMPRESSION,238374,CON-B01-5TH-1030,"Pouring for Walls, Col. & Cores (B01) (5th)",ROYA-BIG PROJECT PHASE01 (B1-4) > Construction > Part 02 > B01 > Superstructure > 5th  Floor,learned_cluster_1,2.0,1.4,0.6,0.6,high,high,65.842,ML candidate: compress remaining duration by a learned what-if ratio; implementation mechanism is selected from actual project resources/work methods during P6 review.,"Validate productivity, crew/equipment capacity, access, QA/QC, HSE, procurement and calendar feasibility before native P6 implementation.",Carpenter for concrete; the big cash; Big Quantity Concrete,,Project-local semantic cluster 1; no project-specific activity dictionary used.
UML-0018,DURATION_COMPRESSION,238311,CON-B01-6TH-1030,"Pouring for Walls, Col. & Cores (B01) (6th)",ROYA-BIG PROJECT PHASE01 (B1-4) > Construction > Part 02 > B01 > Superstructure > 6th   Floor,learned_cluster_1,2.0,1.4,0.6,0.6,high,high,65.382,ML candidate: compress remaining duration by a learned what-if ratio; implementation mechanism is selected from actual project resources/work methods during P6 review.,"Validate productivity, crew/equipment capacity, access, QA/QC, HSE, procurement and calendar feasibility before native P6 implementation.",Carpenter for concrete; the big cash; Big Quantity Concrete,,Project-local semantic cluster 1; no project-specific activity dictionary used.
UML-0103,DURATION_COMPRESSION,238373,CON-B01-5TH-1020,"Shuttering for Walls, Col. & Cores (B01) (5th)",ROYA-BIG PROJECT PHASE01 (B1-4) > Construction > Part 02 > B01 > Superstructure > 5th  Floor,learned_cluster_1,6.0,5.4,0.6,0.6,high,medium,64.908,ML candidate: compress remaining duration by a learned what-if ratio; implementation mechanism is selected from actual project resources/work methods during P6 review.,"Validate productivity, crew/equipment capacity, access, QA/QC, HSE, procurement and calendar feasibility before native P6 implementation.",Carpenter for concrete; the big cash; Labor,,Project-local semantic cluster 1; no project-specific activity dictionary used.
UML-0088,DURATION_COMPRESSION,238310,CON-B01-6TH-1020,"Shuttering for Walls, Col. & Cores (B01) (6th)",ROYA-BIG PROJECT PHASE01 (B1-4) > Construction > Part 02 > B01 > Superstructure > 6th   Floor,learned_cluster_1,6.0,5.4,0.6,0.6,high,medium,64.447,ML candidate: compress remaining duration by a learned what-if ratio; implementation mechanism is selected from actual project resources/work methods during P6 review.,"Validate productivity, crew/equipment capacity, access, QA/QC, HSE, procurement and calendar feasibility before native P6 implementation.",Carpenter for concrete; the big cash; Labor,,Project-local semantic cluster 1; no project-specific activity dictionary used.
UML-0119,DURATION_COMPRESSION,238333,CON-B01-8TH-1070,"Curing for Slabs, Beams & Stairs (B01) (8th)",ROYA-BIG PROJECT PHASE01 (B1-4) > Construction > Part 02 > B01 > Superstructure > 8th   Floor,learned_cluster_1,3.0,2.4,0.6,0.6,high,medium,63.461,ML candidate: compress remaining duration by a learned what-if ratio; implementation mechanism is selected from actual project resources/work methods during P6 review.,"Validate productivity, crew/equipment capacity, access, QA/QC, HSE, procurement and calendar feasibility before native P6 implementation.",Labor,,Project-local semantic cluster 1; no project-specific activity dictionary used.
UML-0056,DURATION_COMPRESSION,238315,CON-B01-6TH-1070,"Curing for Slabs, Beams & Stairs (B01) (6th)",ROYA-BIG PROJECT PHASE01 (B1-4) > Construction > Part 02 > B01 > Superstructure > 6th   Floor,learned_cluster_1,3.0,2.4,0.6,0.6,high,medium,63.118,ML candidate: compress remaining duration by a learned what-if ratio; implementation mechanism is selected from actual project resources/work methods during P6 review.,"Validate productivity, crew/equipment capacity, access, QA/QC, HSE, procurement and calendar feasibility before native P6 implementation.",Labor,,Project-local semantic cluster 1; no project-specific activity dictionary used.
UML-0002,DURATION_COMPRESSION,238324,CON-B01-7TH-1070,"Curing for Slabs, Beams & Stairs (B01) (7th)",ROYA-BIG PROJECT PHASE01 (B1-4) > Construction > Part 02 > B01 > Superstructure > 7th   Floor,learned_cluster_1,3.0,2.4,0.6,0.6,high,medium,62.789,ML candidate: compress remaining duration by a learned what-if ratio; implementation mechanism is selected from actual project resources/work methods during P6 review.,"Validate productivity, crew/equipment capacity, access, QA/QC, HSE, procurement and calendar feasibility before native P6 implementation.",Labor,,Project-local semantic cluster 1; no project-specific activity dictionary used.
UML-0101,DURATION_COMPRESSION,238387,CON-B01-9TH-1070,"Curing for Slabs, Beams  (B01) (RF)",ROYA-BIG PROJECT PHASE01 (B1-4) > Construction > Part 02 > B01 > Superstructure > Roof Floor,learned_cluster_1,3.0,2.4,0.6,0.6,high,medium,62.263,ML candidate: compress remaining duration by a learned what-if ratio; implementation mechanism is selected from actual project resources/work methods during P6 review.,"Validate productivity, crew/equipment capacity, access, QA/QC, HSE, procurement and calendar feasibility before native P6 implementation.",Labor,,Project-local semantic cluster 1; no project-specific activity dictionary used.
UML-0159,FAST_TRACK_OVERLAP,238350,CON-B01-2ND-1060,"Pouring for Slabs, Beams & Stairs (B01) (2nd)",ROYA-BIG PROJECT PHASE01 (B1-4) > Construction > Part 02 > B01 > Superstructure > 2nd   Floor,learned_cluster_1,3.0,3.0,0.54,0.54,low,high,37.8,ML candidate: test partial workfront release/overlap across this FS handoff.,Approve only when the predecessor/successor are physically divisible and safe to overlap; convert to valid native P6 logic after field review.,,CON-B01-2ND-1050 -> CON-B01-2ND-1060 (FS),"Algorithmic hypothesis; exact CPM gain calculated, constructability remains a human/P6 control."
UML-0164,FAST_TRACK_OVERLAP,238359,CON-B01-3RD-1060,"Pouring for Slabs, Beams & Stairs (B01) (3rd)",ROYA-BIG PROJECT PHASE01 (B1-4) > Construction > Part 02 > B01 > Superstructure > 3rd   Floor,learned_cluster_1,3.0,3.0,0.54,0.54,low,high,37.8,ML candidate: test partial workfront release/overlap across this FS handoff.,Approve only when the predecessor/successor are physically divisible and safe to overlap; convert to valid native P6 logic after field review.,,CON-B01-3RD-1050 -> CON-B01-3RD-1060 (FS),"Algorithmic hypothesis; exact CPM gain calculated, constructability remains a human/P6 control."
UML-0169,FAST_TRACK_OVERLAP,238368,CON-B01-4TH-1060,"Pouring for Slabs, Beams & Stairs (B01) (4th)",ROYA-BIG PROJECT PHASE01 (B1-4) > Construction > Part 02 > B01 > Superstructure > 4th   Floor,learned_cluster_1,3.0,3.0,0.54,0.54,low,high,37.8,ML candidate: test partial workfront release/overlap across this FS handoff.,Approve only when the predecessor/successor are physically divisible and safe to overlap; convert to valid native P6 logic after field review.,,CON-B01-4TH-1050 -> CON-B01-4TH-1060 (FS),"Algorithmic hypothesis; exact CPM gain calculated, constructability remains a human/P6 control."
UML-0180,FAST_TRACK_OVERLAP,238341,CON-B01-1ST-1060,"Pouring for Slabs, Beams & Stairs (B01) (1st)",ROYA-BIG PROJECT PHASE01 (B1-4) > Construction > Part 02 > B01 > Superstructure > 1st  Floor,learned_cluster_1,3.0,3.0,0.54,0.54,low,high,37.8,ML candidate: test partial workfront release/overlap across this FS handoff.,Approve only when the predecessor/successor are physically divisible and safe to overlap; convert to valid native P6 logic after field review.,,CON-B01-1ST-1050 -> CON-B01-1ST-1060 (FS),"Algorithmic hypothesis; exact CPM gain calculated, constructability remains a human/P6 control."
UML-0190,FAST_TRACK_OVERLAP,238027,CON-B01-BAS01-1000,"Scaffolding works for Walls, Col. & Cores (B01) (Bas 01)",ROYA-BIG PROJECT PHASE01 (B1-4) > Construction > Part 02 > B01 > Substructure > Basement 1,learned_cluster_1,7.0,7.0,0.54,0.54,low,high,37.8,ML candidate: test partial workfront release/overlap across this FS handoff.,Approve only when the predecessor/successor are physically divisible and safe to overlap; convert to valid native P6 logic after field review.,,CON-B01-BAS02-1120 -> CON-B01-BAS01-1000 (FS),"Algorithmic hypothesis; exact CPM gain calculated, constructability remains a human/P6 control."
UML-0192,FAST_TRACK_OVERLAP,238344,CON-B01-2ND-1000,"Scaffolding works for Walls, Col. & Cores (B01) (2nd)",ROYA-BIG PROJECT PHASE01 (B1-4) > Construction > Part 02 > B01 > Superstructure > 2nd   Floor,learned_cluster_1,5.0,5.0,0.54,0.54,low,high,37.8,ML candidate: test partial workfront release/overlap across this FS handoff.,Approve only when the predecessor/successor are physically divisible and safe to overlap; convert to valid native P6 logic after field review.,,CON-B01-1ST-1060 -> CON-B01-2ND-1000 (FS),"Algorithmic hypothesis; exact CPM gain calculated, constructability remains a human/P6 control."
UML-0194,FAST_TRACK_OVERLAP,238353,CON-B01-3RD-1000,"Scaffolding works for Walls, Col. & Cores (B01) (3rd)",ROYA-BIG PROJECT PHASE01 (B1-4) > Construction > Part 02 > B01 > Superstructure > 3rd   Floor,learned_cluster_1,5.0,5.0,0.54,0.54,low,high,37.8,ML candidate: test partial workfront release/overlap across this FS handoff.,Approve only when the predecessor/successor are physically divisible and safe to overlap; convert to valid native P6 logic after field review.,,CON-B01-2ND-1060 -> CON-B01-3RD-1000 (FS),"Algorithmic hypothesis; exact CPM gain calculated, constructability remains a human/P6 control."
UML-0196,FAST_TRACK_OVERLAP,238362,CON-B01-4TH-1000,"Scaffolding works for Walls, Col. & Cores (B01) (4th)",ROYA-BIG PROJECT PHASE01 (B1-4) > Construction > Part 02 > B01 > Superstructure > 4th   Floor,learned_cluster_1,5.0,5.0,0.54,0.54,low,high,37.8,ML candidate: test partial workfront release/overlap across this FS handoff.,Approve only when the predecessor/successor are physically divisible and safe to overlap; convert to valid native P6 logic after field review.,,CON-B01-3RD-1060 -> CON-B01-4TH-1000 (FS),"Algorithmic hypothesis; exact CPM gain calculated, constructability remains a human/P6 control."
UML-0198,FAST_TRACK_OVERLAP,238371,CON-B01-5TH-1000,"Scaffolding works for Walls, Col. & Cores (B01) (5th)",ROYA-BIG PROJECT PHASE01 (B1-4) > Construction > Part 02 > B01 > Superstructure > 5th  Floor,learned_cluster_1,3.0,3.0,0.54,0.54,low,high,37.8,ML candidate: test partial workfront release/overlap across this FS handoff.,Approve only when the predecessor/successor are physically divisible and safe to overlap; convert to valid native P6 logic after field review.,,CON-B01-4TH-1060 -> CON-B01-5TH-1000 (FS),"Algorithmic hypothesis; exact CPM gain calculated, constructability remains a human/P6 control."
UML-0147,LAG_OPTIMIZATION,238311,CON-B01-6TH-1030,"Pouring for Walls, Col. & Cores (B01) (6th)",ROYA-BIG PROJECT PHASE01 (B1-4) > Construction > Part 02 > B01 > Superstructure > 6th   Floor,learned_cluster_1,2.0,2.0,0.5,0.5,medium,medium,45.0,ML candidate: reduce a positive relationship lag after verifying its physical/contractual basis; prefer replacing hidden waiting time with explicit logic when appropriate.,"Do not reduce any mandatory technical, contractual, regulatory or acceptance waiting requirement without project evidence.",,"CON-B01-6TH-1020 -> CON-B01-6TH-1030 (PR_FS, 1.00d)",Generated from native relationship statistics.
UML-0191,LAG_OPTIMIZATION,238344,CON-B01-2ND-1000,"Scaffolding works for Walls, Col. & Cores (B01) (2nd)",ROYA-BIG PROJECT PHASE01 (B1-4) > Construction > Part 02 > B01 > Superstructure > 2nd   Floor,learned_cluster_1,5.0,5.0,0.5,0.5,medium,medium,45.0,ML candidate: reduce a positive relationship lag after verifying its physical/contractual basis; prefer replacing hidden waiting time with explicit logic when appropriate.,"Do not reduce any mandatory technical, contractual, regulatory or acceptance waiting requirement without project evidence.",,"CON-B01-1ST-1060 -> CON-B01-2ND-1000 (PR_FS, 1.00d)",Generated from native relationship statistics.
UML-0193,LAG_OPTIMIZATION,238353,CON-B01-3RD-1000,"Scaffolding works for Walls, Col. & Cores (B01) (3rd)",ROYA-BIG PROJECT PHASE01 (B1-4) > Construction > Part 02 > B01 > Superstructure > 3rd   Floor,learned_cluster_1,5.0,5.0,0.5,0.5,medium,medium,45.0,ML candidate: reduce a positive relationship lag after verifying its physical/contractual basis; prefer replacing hidden waiting time with explicit logic when appropriate.,"Do not reduce any mandatory technical, contractual, regulatory or acceptance waiting requirement without project evidence.",,"CON-B01-2ND-1060 -> CON-B01-3RD-1000 (PR_FS, 1.00d)",Generated from native relationship statistics.
UML-0195,LAG_OPTIMIZATION,238362,CON-B01-4TH-1000,"Scaffolding works for Walls, Col. & Cores (B01) (4th)",ROYA-BIG PROJECT PHASE01 (B1-4) > Construction > Part 02 > B01 > Superstructure > 4th   Floor,learned_cluster_1,5.0,5.0,0.5,0.5,medium,medium,45.0,ML candidate: reduce a positive relationship lag after verifying its physical/contractual basis; prefer replacing hidden waiting time with explicit logic when appropriate.,"Do not reduce any mandatory technical, contractual, regulatory or acceptance waiting requirement without project evidence.",,"CON-B01-3RD-1060 -> CON-B01-4TH-1000 (PR_FS, 1.00d)",Generated from native relationship statistics.
UML-0197,LAG_OPTIMIZATION,238371,CON-B01-5TH-1000,"Scaffolding works for Walls, Col. & Cores (B01) (5th)",ROYA-BIG PROJECT PHASE01 (B1-4) > Construction > Part 02 > B01 > Superstructure > 5th  Floor,learned_cluster_1,3.0,3.0,0.5,0.5,medium,medium,45.0,ML candidate: reduce a positive relationship lag after verifying its physical/contractual basis; prefer replacing hidden waiting time with explicit logic when appropriate.,"Do not reduce any mandatory technical, contractual, regulatory or acceptance waiting requirement without project evidence.",,"CON-B01-4TH-1060 -> CON-B01-5TH-1000 (PR_FS, 1.00d)",Generated from native relationship statistics.
UML-0131,DURATION_COMPRESSION,237964,CON-B01-BAS02-1130,Pouring for Slabs & Beams (B01) (Bas 02),ROYA-BIG PROJECT PHASE01 (B1-4) > Construction > Part 02 > B01 > Substructure > Basement 2,learned_cluster_1,2.0,1.6,0.4,0.4,high,medium,50.539,ML candidate: compress remaining duration by a learned what-if ratio; implementation mechanism is selected from actual project resources/work methods during P6 review.,"Validate productivity, crew/equipment capacity, access, QA/QC, HSE, procurement and calendar feasibility before native P6 implementation.",Carpenter for concrete; the big cash; Big Quantity Concrete,,Project-local semantic cluster 1; no project-specific activity dictionary used.
UML-0044,DURATION_COMPRESSION,238035,CON-B01-BAS01-1110,Pouring for Slabs & Beams (B01) (Bas 01),ROYA-BIG PROJECT PHASE01 (B1-4) > Construction > Part 02 > B01 > Substructure > Basement 1,learned_cluster_1,2.0,1.6,0.4,0.4,high,medium,50.013,ML candidate: compress remaining duration by a learned what-if ratio; implementation mechanism is selected from actual project resources/work methods during P6 review.,"Validate productivity, crew/equipment capacity, access, QA/QC, HSE, procurement and calendar feasibility before native P6 implementation.",Carpenter for concrete; the big cash; Big Quantity Concrete,,Project-local semantic cluster 1; no project-specific activity dictionary used.
UML-0071,DURATION_COMPRESSION,238030,CON-B01-BAS01-1030,"Pouring for Walls, Col. & Cores (B01) (Bas 01)",ROYA-BIG PROJECT PHASE01 (B1-4) > Construction > Part 02 > B01 > Substructure > Basement 1,learned_cluster_1,2.0,1.6,0.4,0.4,high,medium,49.211,ML candidate: compress remaining duration by a learned what-if ratio; implementation mechanism is selected from actual project resources/work methods during P6 review.,"Validate productivity, crew/equipment capacity, access, QA/QC, HSE, procurement and calendar feasibility before native P6 implementation.",Carpenter for concrete; the big cash; Big Quantity Concrete,,Project-local semantic cluster 1; no project-specific activity dictionary used.
UML-0029,DURATION_COMPRESSION,238377,CON-B01-5TH-1060,"Pouring for Slabs, Beams & Stairs (B01) (5th)",ROYA-BIG PROJECT PHASE01 (B1-4) > Construction > Part 02 > B01 > Superstructure > 5th  Floor,learned_cluster_1,2.0,1.6,0.4,0.4,high,medium,48.645,ML candidate: compress remaining duration by a learned what-if ratio; implementation mechanism is selected from actual project resources/work methods during P6 review.,"Validate productivity, crew/equipment capacity, access, QA/QC, HSE, procurement and calendar feasibility before native P6 implementation.",Carpenter for concrete; the big cash; Big Quantity Concrete,,Project-local semantic cluster 1; no project-specific activity dictionary used.
UML-0035,DURATION_COMPRESSION,238314,CON-B01-6TH-1060,"Pouring for Slabs, Beams & Stairs (B01) (6th)",ROYA-BIG PROJECT PHASE01 (B1-4) > Construction > Part 02 > B01 > Superstructure > 6th   Floor,learned_cluster_1,2.0,1.6,0.4,0.4,high,medium,48.184,ML candidate: compress remaining duration by a learned what-if ratio; implementation mechanism is selected from actual project resources/work methods during P6 review.,"Validate productivity, crew/equipment capacity, access, QA/QC, HSE, procurement and calendar feasibility before native P6 implementation.",Carpenter for concrete; the big cash; Big Quantity Concrete,,Project-local semantic cluster 1; no project-specific activity dictionary used.
UML-0122,DURATION_COMPRESSION,238323,CON-B01-7TH-1060,"Pouring for Slabs, Beams & Stairs (B01) (7th)",ROYA-BIG PROJECT PHASE01 (B1-4) > Construction > Part 02 > B01 > Superstructure > 7th   Floor,learned_cluster_1,2.0,1.6,0.4,0.4,high,medium,47.855,ML candidate: compress remaining duration by a learned what-if ratio; implementation mechanism is selected from actual project resources/work methods during P6 review.,"Validate productivity, crew/equipment capacity, access, QA/QC, HSE, procurement and calendar feasibility before native P6 implementation.",Carpenter for concrete; the big cash; Big Quantity Concrete,,Project-local semantic cluster 1; no project-specific activity dictionary used.
UML-0092,DURATION_COMPRESSION,238347,CON-B01-2ND-1030,"Pouring for Walls, Col. & Cores (B01) (2nd)",ROYA-BIG PROJECT PHASE01 (B1-4) > Construction > Part 02 > B01 > Superstructure > 2nd   Floor,learned_cluster_1,2.0,1.6,0.4,0.4,high,medium,47.224,ML candidate: compress remaining duration by a learned what-if ratio; implementation mechanism is selected from actual project resources/work methods during P6 review.,"Validate productivity, crew/equipment capacity, access, QA/QC, HSE, procurement and calendar feasibility before native P6 implementation.",Carpenter for concrete; the big cash; Big Quantity Concrete,,Project-local semantic cluster 1; no project-specific activity dictionary used.
UML-0086,DURATION_COMPRESSION,238356,CON-B01-3RD-1030,"Pouring for Walls, Col. & Cores (B01) (3rd)",ROYA-BIG PROJECT PHASE01 (B1-4) > Construction > Part 02 > B01 > Superstructure > 3rd   Floor,learned_cluster_1,2.0,1.6,0.4,0.4,high,medium,46.763,ML candidate: compress remaining duration by a learned what-if ratio; implementation mechanism is selected from actual project resources/work methods during P6 review.,"Validate productivity, crew/equipment capacity, access, QA/QC, HSE, procurement and calendar feasibility before native P6 implementation.",Carpenter for concrete; the big cash; Big Quantity Concrete,,Project-local semantic cluster 1; no project-specific activity dictionary used.
UML-0113,DURATION_COMPRESSION,238332,CON-B01-8TH-1060,"Pouring for Slabs, Beams & Stairs (B01) (8th)",ROYA-BIG PROJECT PHASE01 (B1-4) > Construction > Part 02 > B01 > Superstructure > 8th   Floor,learned_cluster_1,2.0,1.6,0.4,0.4,high,medium,46.526,ML candidate: compress remaining duration by a learned what-if ratio; implementation mechanism is selected from actual project resources/work methods during P6 review.,"Validate productivity, crew/equipment capacity, access, QA/QC, HSE, procurement and calendar feasibility before native P6 implementation.",Carpenter for concrete; the big cash; Big Quantity Concrete,,Project-local semantic cluster 1; no project-specific activity dictionary used.
UML-0014,DURATION_COMPRESSION,238365,CON-B01-4TH-1030,"Pouring for Walls, Col. & Cores (B01) (4th)",ROYA-BIG PROJECT PHASE01 (B1-4) > Construction > Part 02 > B01 > Superstructure > 4th   Floor,learned_cluster_1,2.0,1.6,0.4,0.4,high,medium,46.303,ML candidate: compress remaining duration by a learned what-if ratio; implementation mechanism is selected from actual project resources/work methods during P6 review.,"Validate productivity, crew/equipment capacity, access, QA/QC, HSE, procurement and calendar feasibility before native P6 implementation.",Carpenter for concrete; the big cash; Big Quantity Concrete,,Project-local semantic cluster 1; no project-specific activity dictionary used.
UML-0107,DURATION_COMPRESSION,238777,HO-1000,Demobilization,ROYA-BIG PROJECT PHASE01 (B1-4) > Handover > Handover Works,learned_cluster_0,2.0,1.6,0.4,0.4,high,medium,46.066,ML candidate: compress remaining duration by a learned what-if ratio; implementation mechanism is selected from actual project resources/work methods during P6 review.,"Validate productivity, crew/equipment capacity, access, QA/QC, HSE, procurement and calendar feasibility before native P6 implementation.",Labor,,Project-local semantic cluster 0; no project-specific activity dictionary used.
UML-0077,DURATION_COMPRESSION,238374,CON-B01-5TH-1030,"Pouring for Walls, Col. & Cores (B01) (5th)",ROYA-BIG PROJECT PHASE01 (B1-4) > Construction > Part 02 > B01 > Superstructure > 5th  Floor,learned_cluster_1,2.0,1.6,0.4,0.4,high,medium,45.842,ML candidate: compress remaining duration by a learned what-if ratio; implementation mechanism is selected from actual project resources/work methods during P6 review.,"Validate productivity, crew/equipment capacity, access, QA/QC, HSE, procurement and calendar feasibility before native P6 implementation.",Carpenter for concrete; the big cash; Big Quantity Concrete,,Project-local semantic cluster 1; no project-specific activity dictionary used.
UML-0017,DURATION_COMPRESSION,238311,CON-B01-6TH-1030,"Pouring for Walls, Col. & Cores (B01) (6th)",ROYA-BIG PROJECT PHASE01 (B1-4) > Construction > Part 02 > B01 > Superstructure > 6th   Floor,learned_cluster_1,2.0,1.6,0.4,0.4,high,medium,45.382,ML candidate: compress remaining duration by a learned what-if ratio; implementation mechanism is selected from actual project resources/work methods during P6 review.,"Validate productivity, crew/equipment capacity, access, QA/QC, HSE, procurement and calendar feasibility before native P6 implementation.",Carpenter for concrete; the big cash; Big Quantity Concrete,,Project-local semantic cluster 1; no project-specific activity dictionary used.
UML-0140,FAST_TRACK_OVERLAP,238030,CON-B01-BAS01-1030,"Pouring for Walls, Col. & Cores (B01) (Bas 01)",ROYA-BIG PROJECT PHASE01 (B1-4) > Construction > Part 02 > B01 > Substructure > Basement 1,learned_cluster_1,2.0,2.0,0.36,0.36,low,high,25.2,ML candidate: test partial workfront release/overlap across this FS handoff.,Approve only when the predecessor/successor are physically divisible and safe to overlap; convert to valid native P6 logic after field review.,,CON-B01-BAS01-1020 -> CON-B01-BAS01-1030 (FS),"Algorithmic hypothesis; exact CPM gain calculated, constructability remains a human/P6 control."
UML-0144,FAST_TRACK_OVERLAP,238314,CON-B01-6TH-1060,"Pouring for Slabs, Beams & Stairs (B01) (6th)",ROYA-BIG PROJECT PHASE01 (B1-4) > Construction > Part 02 > B01 > Superstructure > 6th   Floor,learned_cluster_1,2.0,2.0,0.36,0.36,low,high,25.2,ML candidate: test partial workfront release/overlap across this FS handoff.,Approve only when the predecessor/successor are physically divisible and safe to overlap; convert to valid native P6 logic after field review.,,CON-B01-6TH-1050 -> CON-B01-6TH-1060 (FS),"Algorithmic hypothesis; exact CPM gain calculated, constructability remains a human/P6 control."
UML-0145,FAST_TRACK_OVERLAP,238315,CON-B01-6TH-1070,"Curing for Slabs, Beams & Stairs (B01) (6th)",ROYA-BIG PROJECT PHASE01 (B1-4) > Construction > Part 02 > B01 > Superstructure > 6th   Floor,learned_cluster_1,3.0,3.0,0.36,0.36,low,high,25.2,ML candidate: test partial workfront release/overlap across this FS handoff.,Approve only when the predecessor/successor are physically divisible and safe to overlap; convert to valid native P6 logic after field review.,,CON-B01-6TH-1060 -> CON-B01-6TH-1070 (FS),"Algorithmic hypothesis; exact CPM gain calculated, constructability remains a human/P6 control."
UML-0148,FAST_TRACK_OVERLAP,238311,CON-B01-6TH-1030,"Pouring for Walls, Col. & Cores (B01) (6th)",ROYA-BIG PROJECT PHASE01 (B1-4) > Construction > Part 02 > B01 > Superstructure > 6th   Floor,learned_cluster_1,2.0,2.0,0.36,0.36,low,high,25.2,ML candidate: test partial workfront release/overlap across this FS handoff.,Approve only when the predecessor/successor are physically divisible and safe to overlap; convert to valid native P6 logic after field review.,,CON-B01-6TH-1020 -> CON-B01-6TH-1030 (FS),"Algorithmic hypothesis; exact CPM gain calculated, constructability remains a human/P6 control."
UML-0149,FAST_TRACK_OVERLAP,238323,CON-B01-7TH-1060,"Pouring for Slabs, Beams & Stairs (B01) (7th)",ROYA-BIG PROJECT PHASE01 (B1-4) > Construction > Part 02 > B01 > Superstructure > 7th   Floor,learned_cluster_1,2.0,2.0,0.36,0.36,low,high,25.2,ML candidate: test partial workfront release/overlap across this FS handoff.,Approve only when the predecessor/successor are physically divisible and safe to overlap; convert to valid native P6 logic after field review.,,CON-B01-7TH-1050 -> CON-B01-7TH-1060 (FS),"Algorithmic hypothesis; exact CPM gain calculated, constructability remains a human/P6 control."
UML-0150,FAST_TRACK_OVERLAP,238324,CON-B01-7TH-1070,"Curing for Slabs, Beams & Stairs (B01) (7th)",ROYA-BIG PROJECT PHASE01 (B1-4) > Construction > Part 02 > B01 > Superstructure > 7th   Floor,learned_cluster_1,3.0,3.0,0.36,0.36,low,high,25.2,ML candidate: test partial workfront release/overlap across this FS handoff.,Approve only when the predecessor/successor are physically divisible and safe to overlap; convert to valid native P6 logic after field review.,,CON-B01-7TH-1060 -> CON-B01-7TH-1070 (FS),"Algorithmic hypothesis; exact CPM gain calculated, constructability remains a human/P6 control."
UML-0152,FAST_TRACK_OVERLAP,238332,CON-B01-8TH-1060,"Pouring for Slabs, Beams & Stairs (B01) (8th)",ROYA-BIG PROJECT PHASE01 (B1-4) > Construction > Part 02 > B01 > Superstructure > 8th   Floor,learned_cluster_1,2.0,2.0,0.36,0.36,low,high,25.2,ML candidate: test partial workfront release/overlap across this FS handoff.,Approve only when the predecessor/successor are physically divisible and safe to overlap; convert to valid native P6 logic after field review.,,CON-B01-8TH-1050 -> CON-B01-8TH-1060 (FS),"Algorithmic hypothesis; exact CPM gain calculated, constructability remains a human/P6 control."
UML-0153,FAST_TRACK_OVERLAP,238333,CON-B01-8TH-1070,"Curing for Slabs, Beams & Stairs (B01) (8th)",ROYA-BIG PROJECT PHASE01 (B1-4) > Construction > Part 02 > B01 > Superstructure > 8th   Floor,learned_cluster_1,3.0,3.0,0.36,0.36,low,high,25.2,ML candidate: test partial workfront release/overlap across this FS handoff.,Approve only when the predecessor/successor are physically divisible and safe to overlap; convert to valid native P6 logic after field review.,,CON-B01-8TH-1060 -> CON-B01-8TH-1070 (FS),"Algorithmic hypothesis; exact CPM gain calculated, constructability remains a human/P6 control."
UML-0160,FAST_TRACK_OVERLAP,238347,CON-B01-2ND-1030,"Pouring for Walls, Col. & Cores (B01) (2nd)",ROYA-BIG PROJECT PHASE01 (B1-4) > Construction > Part 02 > B01 > Superstructure > 2nd   Floor,learned_cluster_1,2.0,2.0,0.36,0.36,low,high,25.2,ML candidate: test partial workfront release/overlap across this FS handoff.,Approve only when the predecessor/successor are physically divisible and safe to overlap; convert to valid native P6 logic after field review.,,CON-B01-2ND-1020 -> CON-B01-2ND-1030 (FS),"Algorithmic hypothesis; exact CPM gain calculated, constructability remains a human/P6 control."
UML-0165,FAST_TRACK_OVERLAP,238356,CON-B01-3RD-1030,"Pouring for Walls, Col. & Cores (B01) (3rd)",ROYA-BIG PROJECT PHASE01 (B1-4) > Construction > Part 02 > B01 > Superstructure > 3rd   Floor,learned_cluster_1,2.0,2.0,0.36,0.36,low,high,25.2,ML candidate: test partial workfront release/overlap across this FS handoff.,Approve only when the predecessor/successor are physically divisible and safe to overlap; convert to valid native P6 logic after field review.,,CON-B01-3RD-1020 -> CON-B01-3RD-1030 (FS),"Algorithmic hypothesis; exact CPM gain calculated, constructability remains a human/P6 control."
UML-0170,FAST_TRACK_OVERLAP,238365,CON-B01-4TH-1030,"Pouring for Walls, Col. & Cores (B01) (4th)",ROYA-BIG PROJECT PHASE01 (B1-4) > Construction > Part 02 > B01 > Superstructure > 4th   Floor,learned_cluster_1,2.0,2.0,0.36,0.36,low,high,25.2,ML candidate: test partial workfront release/overlap across this FS handoff.,Approve only when the predecessor/successor are physically divisible and safe to overlap; convert to valid native P6 logic after field review.,,CON-B01-4TH-1020 -> CON-B01-4TH-1030 (FS),"Algorithmic hypothesis; exact CPM gain calculated, constructability remains a human/P6 control."
UML-0174,FAST_TRACK_OVERLAP,238377,CON-B01-5TH-1060,"Pouring for Slabs, Beams & Stairs (B01) (5th)",ROYA-BIG PROJECT PHASE01 (B1-4) > Construction > Part 02 > B01 > Superstructure > 5th  Floor,learned_cluster_1,2.0,2.0,0.36,0.36,low,high,25.2,ML candidate: test partial workfront release/overlap across this FS handoff.,Approve only when the predecessor/successor are physically divisible and safe to overlap; convert to valid native P6 logic after field review.,,CON-B01-5TH-1050 -> CON-B01-5TH-1060 (FS),"Algorithmic hypothesis; exact CPM gain calculated, constructability remains a human/P6 control."
UML-0175,FAST_TRACK_OVERLAP,238374,CON-B01-5TH-1030,"Pouring for Walls, Col. & Cores (B01) (5th)",ROYA-BIG PROJECT PHASE01 (B1-4) > Construction > Part 02 > B01 > Superstructure > 5th  Floor,learned_cluster_1,2.0,2.0,0.36,0.36,low,high,25.2,ML candidate: test partial workfront release/overlap across this FS handoff.,Approve only when the predecessor/successor are physically divisible and safe to overlap; convert to valid native P6 logic after field review.,,CON-B01-5TH-1020 -> CON-B01-5TH-1030 (FS),"Algorithmic hypothesis; exact CPM gain calculated, constructability remains a human/P6 control."
UML-0178,FAST_TRACK_OVERLAP,237964,CON-B01-BAS02-1130,Pouring for Slabs & Beams (B01) (Bas 02),ROYA-BIG PROJECT PHASE01 (B1-4) > Construction > Part 02 > B01 > Substructure > Basement 2,learned_cluster_1,2.0,2.0,0.36,0.36,low,high,25.2,ML candidate: test partial workfront release/overlap across this FS handoff.,Approve only when the predecessor/successor are physically divisible and safe to overlap; convert to valid native P6 logic after field review.,,CON-B01-BAS02-1070 -> CON-B01-BAS02-1130 (FS),"Algorithmic hypothesis; exact CPM gain calculated, constructability remains a human/P6 control."
UML-0179,FAST_TRACK_OVERLAP,238031,CON-B01-BAS01-1040,Shuttering for Slabs & Beams (B01) (Bas 01),ROYA-BIG PROJECT PHASE01 (B1-4) > Construction > Part 02 > B01 > Substructure > Basement 1,learned_cluster_1,8.0,8.0,0.36,0.36,low,high,25.2,ML candidate: test partial workfront release/overlap across this FS handoff.,Approve only when the predecessor/successor are physically divisible and safe to overlap; convert to valid native P6 logic after field review.,,CON-B01-BAS01-1030 -> CON-B01-BAS01-1040 (FS),"Algorithmic hypothesis; exact CPM gain calculated, constructability remains a human/P6 control."
UML-0181,FAST_TRACK_OVERLAP,238348,CON-B01-2ND-1040,"Shuttering for Slabs, Beams & Stairs (B01) (2nd)",ROYA-BIG PROJECT PHASE01 (B1-4) > Construction > Part 02 > B01 > Superstructure > 2nd   Floor,learned_cluster_1,8.0,8.0,0.36,0.36,low,high,25.2,ML candidate: test partial workfront release/overlap across this FS handoff.,Approve only when the predecessor/successor are physically divisible and safe to overlap; convert to valid native P6 logic after field review.,,CON-B01-2ND-1030 -> CON-B01-2ND-1040 (FS),"Algorithmic hypothesis; exact CPM gain calculated, constructability remains a human/P6 control."
