bundle_version,source_scope,source_file,row_kind,row_order,payload_json
2026-08-15.lossless-project-input-bundle.v1,data/activities.csv,01-data/import_templates/activities.csv,schema,0,"{""headers"":[""project_id"",""wbs_id"",""activity_id"",""activity_name"",""planned_start"",""planned_finish"",""actual_start"",""actual_finish"",""forecast_start"",""forecast_finish"",""planned_weight"",""planned_progress"",""actual_progress"",""total_float_days"",""is_critical"",""responsible_party""],""source_sha256"":""33e62e4290bc3157371d8301b8580cecc6287a19cc23274f757cad208381462e""}"
2026-08-15.lossless-project-input-bundle.v1,data/activities.csv,01-data/import_templates/activities.csv,data,1,"[""Nasr city-Tunnel"",""Nasr city-Tunnel.NCT.MILESTONE"",""NCT-MS-1000"",""Notice to Proceed"",""5-Jan-26"","""",""5-Jan-26 A"",""5-Jan-26 A"",""5-Jan-26"","""",""0.0200"",""1.00"",""1.00"",""8"",""No"",""Project Controls""]"
2026-08-15.lossless-project-input-bundle.v1,data/activities.csv,01-data/import_templates/activities.csv,data,2,"[""Nasr city-Tunnel"",""Nasr city-Tunnel.NCT.MILESTONE"",""NCT-MS-1010"",""Site Handover"",""8-Jan-26"","""",""9-Jan-26 A"",""9-Jan-26 A"",""9-Jan-26"","""",""0.0280"",""1.00"",""1.00"",""10"",""No"",""Commercial""]"
2026-08-15.lossless-project-input-bundle.v1,data/activities.csv,01-data/import_templates/activities.csv,data,3,"[""Nasr city-Tunnel"",""Nasr city-Tunnel.NCT.ENGINEERING"",""NCT-ENG-1020"",""Issue IFC Architectural Drawings"",""10-Jan-26"",""23-Jan-26"",""12-Jan-26 A"",""25-Jan-26 A"",""12-Jan-26"",""25-Jan-26"",""0.0360"",""1.00"",""1.00"",""12"",""No"",""Engineering""]"
2026-08-15.lossless-project-input-bundle.v1,data/activities.csv,01-data/import_templates/activities.csv,data,4,"[""Nasr city-Tunnel"",""Nasr city-Tunnel.NCT.ENGINEERING"",""NCT-ENG-1030"",""Approve Structural Shop Drawings"",""17-Jan-26"",""6-Feb-26"",""17-Jan-26 A"",""9-Feb-26 A"",""17-Jan-26"",""9-Feb-26"",""0.0440"",""1.00"",""1.00"",""14"",""No"",""Engineering""]"
2026-08-15.lossless-project-input-bundle.v1,data/activities.csv,01-data/import_templates/activities.csv,data,5,"[""Nasr city-Tunnel"",""Nasr city-Tunnel.NCT.PROCUREMENT"",""NCT-PRC-1040"",""Procure Reinforcement Steel"",""25-Jan-26"",""28-Feb-26"",""26-Jan-26 A"",""28-Feb-26 A"",""26-Jan-26"",""28-Feb-26"",""0.0520"",""1.00"",""1.00"",""16"",""No"",""Procurement""]"
2026-08-15.lossless-project-input-bundle.v1,data/activities.csv,01-data/import_templates/activities.csv,data,6,"[""Nasr city-Tunnel"",""Nasr city-Tunnel.NCT.PROCUREMENT"",""NCT-PRC-1050"",""Deliver Formwork Materials"",""30-Jan-26"",""26-Feb-26"",""1-Feb-26 A"",""27-Feb-26 A"",""1-Feb-26"",""27-Feb-26"",""0.0600"",""1.00"",""1.00"",""18"",""No"",""Procurement""]"
2026-08-15.lossless-project-input-bundle.v1,data/activities.csv,01-data/import_templates/activities.csv,data,7,"[""Nasr city-Tunnel"",""Nasr city-Tunnel.NCT.BLDG-A.SUBSTRUCTURE"",""NCT-A-EXC-1060"",""Building A Excavation"",""9-Feb-26"",""26-Feb-26"",""9-Feb-26 A"",""28-Feb-26 A"",""9-Feb-26"",""28-Feb-26"",""0.0200"",""1.00"",""1.00"",""20"",""No"",""Civil""]"
2026-08-15.lossless-project-input-bundle.v1,data/activities.csv,01-data/import_templates/activities.csv,data,8,"[""Nasr city-Tunnel"",""Nasr city-Tunnel.NCT.BLDG-A.SUBSTRUCTURE"",""NCT-A-PC-1070"",""Building A Plain Concrete"",""27-Feb-26"",""6-Mar-26"",""28-Feb-26 A"",""9-Mar-26 A"",""28-Feb-26"",""9-Mar-26"",""0.0280"",""1.00"",""1.00"",""22"",""No"",""Civil""]"
2026-08-15.lossless-project-input-bundle.v1,data/activities.csv,01-data/import_templates/activities.csv,data,9,"[""Nasr city-Tunnel"",""Nasr city-Tunnel.NCT.BLDG-A.SUBSTRUCTURE"",""NCT-A-RFT-1080"",""Building A Raft Reinforcement"",""7-Mar-26"",""26-Mar-26"",""9-Mar-26 A"",""26-Mar-26 A"",""9-Mar-26"",""26-Mar-26"",""0.0360"",""1.00"",""1.00"",""12"",""No"",""Civil""]"
2026-08-15.lossless-project-input-bundle.v1,data/activities.csv,01-data/import_templates/activities.csv,data,10,"[""Nasr city-Tunnel"",""Nasr city-Tunnel.NCT.BLDG-A.SUBSTRUCTURE"",""NCT-A-CON-1090"",""Building A Raft Concrete"",""27-Mar-26"",""31-Mar-26"",""27-Mar-26 A"",""1-Apr-26 A"",""27-Mar-26"",""1-Apr-26"",""0.0440"",""1.00"",""1.00"",""15"",""No"",""Civil""]"
2026-08-15.lossless-project-input-bundle.v1,data/activities.csv,01-data/import_templates/activities.csv,data,11,"[""Nasr city-Tunnel"",""Nasr city-Tunnel.NCT.BLDG-B.SUBSTRUCTURE"",""NCT-B-EXC-1100"",""Building B Excavation"",""16-Feb-26"",""7-Mar-26"",""17-Feb-26 A"",""9-Mar-26 A"",""17-Feb-26"",""9-Mar-26"",""0.0520"",""1.00"",""1.00"",""28"",""No"",""Civil""]"
2026-08-15.lossless-project-input-bundle.v1,data/activities.csv,01-data/import_templates/activities.csv,data,12,"[""Nasr city-Tunnel"",""Nasr city-Tunnel.NCT.BLDG-B.SUBSTRUCTURE"",""NCT-B-PC-1110"",""Building B Plain Concrete"",""8-Mar-26"",""14-Mar-26"",""10-Mar-26 A"",""17-Mar-26 A"",""10-Mar-26"",""17-Mar-26"",""0.0600"",""1.00"",""1.00"",""30"",""No"",""Civil""]"
2026-08-15.lossless-project-input-bundle.v1,data/activities.csv,01-data/import_templates/activities.csv,data,13,"[""Nasr city-Tunnel"",""Nasr city-Tunnel.NCT.BLDG-B.SUBSTRUCTURE"",""NCT-B-RFT-1120"",""Building B Raft Reinforcement"",""15-Mar-26"",""5-Apr-26"",""15-Mar-26 A"",""5-Apr-26 A"",""15-Mar-26"",""5-Apr-26"",""0.0200"",""1.00"",""1.00"",""24"",""No"",""Civil""]"
2026-08-15.lossless-project-input-bundle.v1,data/activities.csv,01-data/import_templates/activities.csv,data,14,"[""Nasr city-Tunnel"",""Nasr city-Tunnel.NCT.BLDG-B.SUBSTRUCTURE"",""NCT-B-CON-1130"",""Building B Raft Concrete"",""6-Apr-26"",""11-Apr-26"",""7-Apr-26 A"",""12-Apr-26 A"",""7-Apr-26"",""12-Apr-26"",""0.0280"",""1.00"",""1.00"",""27"",""No"",""Civil""]"
2026-08-15.lossless-project-input-bundle.v1,data/activities.csv,01-data/import_templates/activities.csv,data,15,"[""Nasr city-Tunnel"",""Nasr city-Tunnel.NCT.UTILITIES"",""NCT-UTL-1140"",""Underground Drainage Network"",""16-Mar-26"",""14-Apr-26"",""18-Mar-26 A"",""16-Apr-26 A"",""18-Mar-26"",""16-Apr-26"",""0.0360"",""1.00"",""1.00"",""36"",""No"",""MEP""]"
2026-08-15.lossless-project-input-bundle.v1,data/activities.csv,01-data/import_templates/activities.csv,data,16,"[""Nasr city-Tunnel"",""Nasr city-Tunnel.NCT.SUPERSTRUCTURE"",""NCT-STR-1150"",""Ground Floor Structural Frame"",""13-Apr-26"",""27-May-26"",""13-Apr-26 A"","""",""13-Apr-26"",""12-Jun-26"",""0.0440"",""1.00"",""0.89"",""33"",""No"",""Civil""]"
2026-08-15.lossless-project-input-bundle.v1,data/activities.csv,01-data/import_templates/activities.csv,data,17,"[""Nasr city-Tunnel"",""Nasr city-Tunnel.NCT.MILESTONE"",""NCT-MS-1160"",""Substructure Completion"",""28-May-26"","""",""29-May-26 A"","""",""29-May-26"","""",""0.0520"",""1.00"",""0.92"",""36"",""No"",""Project Controls""]"
2026-08-15.lossless-project-input-bundle.v1,data/claims.csv,01-data/import_templates/claims.csv,schema,0,"{""headers"":[""project_id"",""claim_id"",""contract_id"",""claim_event_ref"",""claim_title"",""notice_date"",""particulars_due"",""claimed_amount"",""claimed_days"",""status"",""entitlement_basis"",""responsibility""],""source_sha256"":""88491d0359d296662ad3f557769c3550134dc69c5cafe14ac9118460f5ec519d""}"
2026-08-15.lossless-project-input-bundle.v1,data/claims.csv,01-data/import_templates/claims.csv,data,1,"[""Nasr city-Tunnel"",""CL-101"",""NCT-PKG-01"",""DE-101"",""Late approval of structural shop drawings"",""9-Mar-26"",""20-Apr-26"",""8400000"",""21"",""submitted"",""Delayed engineer review and approval"",""engineer""]"
2026-08-15.lossless-project-input-bundle.v1,data/claims.csv,01-data/import_templates/claims.csv,data,2,"[""Nasr city-Tunnel"",""CL-102"",""NCT-PKG-01"",""DE-102"",""Restricted access to Building B workfront"",""22-Apr-26"",""3-Jun-26"",""6150000"",""14"",""draft"",""Employer access obligation"",""client""]"
2026-08-15.lossless-project-input-bundle.v1,data/contracts.csv,01-data/import_templates/contracts.csv,schema,0,"{""headers"":[""contract_id"",""project_id"",""package"",""contractor"",""contract_type"",""original_value"",""approved_variations"",""pending_variations"",""paid_to_date"",""retention_percent"",""status""],""source_sha256"":""60957b438759509bbcbbb08ddc4f826f072ed6ecd05dd54af7f69f8063322dcd""}"
2026-08-15.lossless-project-input-bundle.v1,data/contracts.csv,01-data/import_templates/contracts.csv,data,1,"[""NCT-PKG-01"",""Nasr city-Tunnel"",""Main Buildings and External Works"",""Vertex Build JV"",""Lump sum"",""980000000"",""28500000"",""17000000"",""265000000"",""5%"",""Active""]"
2026-08-15.lossless-project-input-bundle.v1,data/contracts.csv,01-data/import_templates/contracts.csv,data,2,"[""NCT-PKG-02"",""Nasr city-Tunnel"",""MEP and Utility Networks"",""Nova MEP Consortium"",""Unit rate"",""310000000"",""9200000"",""6800000"",""74500000"",""5%"",""Active""]"
2026-08-15.lossless-project-input-bundle.v1,data/delay_events.csv,01-data/import_templates/delay_events.csv,schema,0,"{""headers"":[""project_id"",""Primary Event ID"",""Activity ID"",""Activity Name"",""BL Start"",""BL Finish"",""Start"",""Finish"",""Delayed duration"",""Overlap Start"",""Overlap Finish"",""BL Critical Path"",""Current Critical Path"",""Delayed duration after overlap""],""source_sha256"":""fad83bf2c30cc2b2568e1d990bc0a42d2c35041a511ecde0e5abb86f981e02e4""}"
2026-08-15.lossless-project-input-bundle.v1,data/delay_events.csv,01-data/import_templates/delay_events.csv,data,1,"[""Nasr city-Tunnel"",""Late structural shop drawing approval"",""NCT-A-RFT-1080"",""Building A Raft Reinforcement"",""7-Mar-26"",""26-Mar-26"",""18-Mar-26"",""12-Apr-26"",""-17"",""18-Mar-26"",""12-Apr-26"",""Yes"",""Yes"",""17""]"
2026-08-15.lossless-project-input-bundle.v1,data/delay_events.csv,01-data/import_templates/delay_events.csv,data,2,"[""Nasr city-Tunnel"",""Restricted Building B access"",""NCT-B-EXC-1100"",""Building B Excavation"",""16-Feb-26"",""7-Mar-26"",""3-Mar-26"",""28-Mar-26"",""-21"",""3-Mar-26"",""28-Mar-26"",""No"",""Yes"",""15""]"
2026-08-15.lossless-project-input-bundle.v1,data/delay_events.csv,01-data/import_templates/delay_events.csv,data,3,"[""Nasr city-Tunnel"",""Late utility diversion instruction"",""NCT-UTL-1140"",""Underground Drainage Network"",""16-Mar-26"",""14-Apr-26"",""29-Mar-26"",""8-May-26"",""-24"",""29-Mar-26"",""8-May-26"",""Yes"",""Yes"",""24""]"
2026-08-15.lossless-project-input-bundle.v1,data/delay_events.csv,01-data/import_templates/delay_events.csv,data,4,"[""Nasr city-Tunnel"",""Concrete plant interruption"",""NCT-B-CON-1130"",""Building B Raft Concrete"",""6-Apr-26"",""11-Apr-26"",""14-Apr-26"",""22-Apr-26"",""-11"",""14-Apr-26"",""22-Apr-26"",""No"",""No"",""6""]"
2026-08-15.lossless-project-input-bundle.v1,data/delay_events.csv,01-data/import_templates/delay_events.csv,data,5,"[""Nasr city-Tunnel"",""Additional dewatering requirement"",""NCT-A-EXC-1060"",""Building A Excavation"",""9-Feb-26"",""26-Feb-26"",""14-Feb-26"",""8-Mar-26"",""-10"",""14-Feb-26"",""8-Mar-26"",""Yes"",""No"",""10""]"
2026-08-15.lossless-project-input-bundle.v1,data/evm.csv,01-data/import_templates/evm.csv,schema,0,"{""headers"":[""project_id"",""activity_id"",""activity_name"",""period"",""BAC"",""AC"",""EV"",""PV"",""CPI"",""SPI"",""CV"",""SV""],""source_sha256"":""86f9b2d9a09bee8805c032eec90e55fd55b4c4b009f16e975e34d47e27aa91f7""}"
2026-08-15.lossless-project-input-bundle.v1,data/evm.csv,01-data/import_templates/evm.csv,data,1,"[""Nasr city-Tunnel"",""NCT-MS-1000"",""Notice to Proceed"",""May-26"",""4500000.00"",""4635000.00"",""4500000.00"",""4500000.00"",""0.97"",""1.00"",""-135000.00"",""0.00""]"
2026-08-15.lossless-project-input-bundle.v1,data/evm.csv,01-data/import_templates/evm.csv,data,2,"[""Nasr city-Tunnel"",""NCT-MS-1010"",""Site Handover"",""May-26"",""5625000.00"",""5934375.00"",""5625000.00"",""5625000.00"",""0.95"",""1.00"",""-309375.00"",""0.00""]"
2026-08-15.lossless-project-input-bundle.v1,data/evm.csv,01-data/import_templates/evm.csv,data,3,"[""Nasr city-Tunnel"",""NCT-ENG-1020"",""Issue IFC Architectural Drawings"",""May-26"",""6750000.00"",""7290000.00"",""6750000.00"",""6750000.00"",""0.93"",""1.00"",""-540000.00"",""0.00""]"
2026-08-15.lossless-project-input-bundle.v1,data/evm.csv,01-data/import_templates/evm.csv,data,4,"[""Nasr city-Tunnel"",""NCT-ENG-1030"",""Approve Structural Shop Drawings"",""May-26"",""7125000.00"",""7338750.00"",""7125000.00"",""7125000.00"",""0.97"",""1.00"",""-213750.00"",""0.00""]"
2026-08-15.lossless-project-input-bundle.v1,data/evm.csv,01-data/import_templates/evm.csv,data,5,"[""Nasr city-Tunnel"",""NCT-PRC-1040"",""Procure Reinforcement Steel"",""May-26"",""8250000.00"",""8703750.00"",""8250000.00"",""8250000.00"",""0.95"",""1.00"",""-453750.00"",""0.00""]"
2026-08-15.lossless-project-input-bundle.v1,data/evm.csv,01-data/import_templates/evm.csv,data,6,"[""Nasr city-Tunnel"",""NCT-PRC-1050"",""Deliver Formwork Materials"",""May-26"",""9375000.00"",""10125000.00"",""9375000.00"",""9375000.00"",""0.93"",""1.00"",""-750000.00"",""0.00""]"
2026-08-15.lossless-project-input-bundle.v1,data/evm.csv,01-data/import_templates/evm.csv,data,7,"[""Nasr city-Tunnel"",""NCT-A-EXC-1060"",""Building A Excavation"",""May-26"",""9750000.00"",""10042500.00"",""9750000.00"",""9750000.00"",""0.97"",""1.00"",""-292500.00"",""0.00""]"
2026-08-15.lossless-project-input-bundle.v1,data/evm.csv,01-data/import_templates/evm.csv,data,8,"[""Nasr city-Tunnel"",""NCT-A-PC-1070"",""Building A Plain Concrete"",""May-26"",""10875000.00"",""11473125.00"",""10875000.00"",""10875000.00"",""0.95"",""1.00"",""-598125.00"",""0.00""]"
2026-08-15.lossless-project-input-bundle.v1,data/evm.csv,01-data/import_templates/evm.csv,data,9,"[""Nasr city-Tunnel"",""NCT-A-RFT-1080"",""Building A Raft Reinforcement"",""May-26"",""12000000.00"",""12960000.00"",""12000000.00"",""12000000.00"",""0.93"",""1.00"",""-960000.00"",""0.00""]"
2026-08-15.lossless-project-input-bundle.v1,data/evm.csv,01-data/import_templates/evm.csv,data,10,"[""Nasr city-Tunnel"",""NCT-A-CON-1090"",""Building A Raft Concrete"",""May-26"",""12375000.00"",""12746250.00"",""12375000.00"",""12375000.00"",""0.97"",""1.00"",""-371250.00"",""0.00""]"
2026-08-15.lossless-project-input-bundle.v1,data/evm.csv,01-data/import_templates/evm.csv,data,11,"[""Nasr city-Tunnel"",""NCT-B-EXC-1100"",""Building B Excavation"",""May-26"",""13500000.00"",""14242500.00"",""13500000.00"",""13500000.00"",""0.95"",""1.00"",""-742500.00"",""0.00""]"
2026-08-15.lossless-project-input-bundle.v1,data/evm.csv,01-data/import_templates/evm.csv,data,12,"[""Nasr city-Tunnel"",""NCT-B-PC-1110"",""Building B Plain Concrete"",""May-26"",""14625000.00"",""15795000.00"",""14625000.00"",""14625000.00"",""0.93"",""1.00"",""-1170000.00"",""0.00""]"
2026-08-15.lossless-project-input-bundle.v1,data/evm.csv,01-data/import_templates/evm.csv,data,13,"[""Nasr city-Tunnel"",""NCT-B-RFT-1120"",""Building B Raft Reinforcement"",""May-26"",""15000000.00"",""15450000.00"",""15000000.00"",""15000000.00"",""0.97"",""1.00"",""-450000.00"",""0.00""]"
2026-08-15.lossless-project-input-bundle.v1,data/evm.csv,01-data/import_templates/evm.csv,data,14,"[""Nasr city-Tunnel"",""NCT-B-CON-1130"",""Building B Raft Concrete"",""May-26"",""16125000.00"",""17011875.00"",""16125000.00"",""16125000.00"",""0.95"",""1.00"",""-886875.00"",""0.00""]"
2026-08-15.lossless-project-input-bundle.v1,data/evm.csv,01-data/import_templates/evm.csv,data,15,"[""Nasr city-Tunnel"",""NCT-UTL-1140"",""Underground Drainage Network"",""May-26"",""17250000.00"",""18630000.00"",""17250000.00"",""17250000.00"",""0.93"",""1.00"",""-1380000.00"",""0.00""]"
2026-08-15.lossless-project-input-bundle.v1,data/evm.csv,01-data/import_templates/evm.csv,data,16,"[""Nasr city-Tunnel"",""NCT-STR-1150"",""Ground Floor Structural Frame"",""May-26"",""17625000.00"",""16209281.67"",""15737166.67"",""17625000.00"",""0.97"",""0.89"",""-472115.00"",""-1887833.33""]"
2026-08-15.lossless-project-input-bundle.v1,data/evm.csv,01-data/import_templates/evm.csv,data,17,"[""Nasr city-Tunnel"",""NCT-MS-1160"",""Substructure Completion"",""May-26"",""18750000.00"",""18198750.00"",""17250000.00"",""18750000.00"",""0.95"",""0.92"",""-948750.00"",""-1500000.00""]"
2026-08-15.lossless-project-input-bundle.v1,data/ifc_conflict.csv,01-data/import_templates/ifc_conflict.csv,schema,0,"{""headers"":[""project_id"",""Activity ID"",""Activity Name"",""Original Duration"",""Start"",""Finish"",""Approved structural slab shop drawings"",""Re-Start"",""Finish.1"",""Delayed days"",""Note""],""source_sha256"":""1076ba22695ce882a5c69c127f07cb012226e84663e0d6e9bea8046ae904816b""}"
2026-08-15.lossless-project-input-bundle.v1,data/ifc_conflict.csv,01-data/import_templates/ifc_conflict.csv,data,1,"[""Nasr city-Tunnel"",""NCT-ENG-1030"",""Approve Structural Shop Drawings"",""21"",""17-Jan-26"",""6-Feb-26"",""18-Mar-26"",""19-Mar-26"",""8-Apr-26"",""-61"",""Synthetic record: approval was issued after coordinated review and redesign closure.""]"
2026-08-15.lossless-project-input-bundle.v1,data/ifc_conflict.csv,01-data/import_templates/ifc_conflict.csv,data,2,"[""Nasr city-Tunnel"",""NCT-A-RFT-1080"",""Building A Raft Reinforcement"",""20"",""7-Mar-26"",""26-Mar-26"",""18-Mar-26"",""19-Mar-26"",""7-Apr-26"",""-12"",""Synthetic record: revised details changed bar spacing and lap arrangement.""]"
2026-08-15.lossless-project-input-bundle.v1,data/ifc_conflict.csv,01-data/import_templates/ifc_conflict.csv,data,3,"[""Nasr city-Tunnel"",""NCT-B-RFT-1120"",""Building B Raft Reinforcement"",""22"",""15-Mar-26"",""5-Apr-26"",""2-Apr-26"",""3-Apr-26"",""24-Apr-26"",""-19"",""Synthetic record: work resumed after final coordinated reinforcement drawings.""]"
2026-08-15.lossless-project-input-bundle.v1,data/ifc_conflict.csv,01-data/import_templates/ifc_conflict.csv,data,4,"[""Nasr city-Tunnel"",""NCT-STR-1150"",""Ground Floor Structural Frame"",""45"",""13-Apr-26"",""27-May-26"",""28-Apr-26"",""29-Apr-26"",""12-Jun-26"",""-16"",""Synthetic record: column and beam interfaces were updated before restart.""]"
2026-08-15.lossless-project-input-bundle.v1,data/milestones.csv,01-data/import_templates/milestones.csv,schema,0,"{""headers"":[""milestone_id"",""project_id"",""activity_name"",""planned_date"",""forecast_date"",""actual_date"",""milestone_contractual_type""],""source_sha256"":""3411d90ed2a0b51ebac7008162b1f62ac13f5ac8fe27a2fc4673bc0ab4582711""}"
2026-08-15.lossless-project-input-bundle.v1,data/milestones.csv,01-data/import_templates/milestones.csv,data,1,"[""NCT-MS-1000"",""Nasr city-Tunnel"",""Notice to Proceed"",""5-Jan-26"",""5-Jan-26"",""5-Jan-26"",""Start milestone""]"
2026-08-15.lossless-project-input-bundle.v1,data/milestones.csv,01-data/import_templates/milestones.csv,data,2,"[""NCT-MS-1010"",""Nasr city-Tunnel"",""Site Handover"",""8-Jan-26"",""10-Jan-26"",""10-Jan-26"",""Start milestone""]"
2026-08-15.lossless-project-input-bundle.v1,data/milestones.csv,01-data/import_templates/milestones.csv,data,3,"[""NCT-MS-1020"",""Nasr city-Tunnel"",""IFC Package Complete"",""31-Jan-26"",""18-Mar-26"",""18-Mar-26"",""Key milestone""]"
2026-08-15.lossless-project-input-bundle.v1,data/milestones.csv,01-data/import_templates/milestones.csv,data,4,"[""NCT-MS-1030"",""Nasr city-Tunnel"",""Substructure Completion"",""28-May-26"",""19-Jun-26"","""",""Contract milestone""]"
2026-08-15.lossless-project-input-bundle.v1,data/milestones.csv,01-data/import_templates/milestones.csv,data,5,"[""NCT-MS-1040"",""Nasr city-Tunnel"",""Project Completion"",""15-Dec-26"",""12-Jan-27"","""",""Completion milestone""]"
2026-08-15.lossless-project-input-bundle.v1,data/payments.csv,01-data/import_templates/payments.csv,schema,0,"{""headers"":[""project_id"",""payment"",""contract"",""project"",""invoice no"",""invoice date"",""certified amount"",""paid amount"",""payment status"",""Contractual interest due"",""Date of Cash Cheque Receipt"",""Period for payment release"",""Period in which interest is applied"",""Amount of interest claimed (EGP)"",""delayed duration(Days) "",""Unnamed: 14"",""Unnamed: 15"",""Unnamed: 16""],""source_sha256"":""9a9f20001609299b27d5306d9a1e12009e1c03a467f970e9ec39428ce30ce9f3""}"
2026-08-15.lossless-project-input-bundle.v1,data/payments.csv,01-data/import_templates/payments.csv,data,1,"[""Nasr city-Tunnel"",""1.0"",""NCT-PKG-01"",""Nasr city-Tunnel"",""101.0"",""31-Jan-26"",""42000000.00"",""42000000.00"",""Paid"",""45.0"",""17-Mar-26"",""45.0"",""0.0"",""0.0000"",""0.0"","""","""",""""]"
2026-08-15.lossless-project-input-bundle.v1,data/payments.csv,01-data/import_templates/payments.csv,data,2,"[""Nasr city-Tunnel"",""2.0"",""NCT-PKG-01"",""Nasr city-Tunnel"",""102.0"",""28-Feb-26"",""51500000.00"",""51500000.00"",""Paid"",""45.0"",""19-Apr-26"",""50.0"",""5.0"",""30900.0000"",""5.0"","""","""",""""]"
2026-08-15.lossless-project-input-bundle.v1,data/payments.csv,01-data/import_templates/payments.csv,data,3,"[""Nasr city-Tunnel"",""3.0"",""NCT-PKG-01"",""Nasr city-Tunnel"",""103.0"",""31-Mar-26"",""60800000.00"",""60800000.00"",""Paid"",""45.0"",""25-May-26"",""55.0"",""10.0"",""72960.0000"",""10.0"","""","""",""""]"
2026-08-15.lossless-project-input-bundle.v1,data/payments.csv,01-data/import_templates/payments.csv,data,4,"[""Nasr city-Tunnel"",""4.0"",""NCT-PKG-01"",""Nasr city-Tunnel"",""104.0"",""30-Apr-26"",""68400000.00"",""0.00"",""Certified"",""45.0"","""",""0.0"",""0.0"",""0.0000"",""0.0"","""","""",""""]"
2026-08-15.lossless-project-input-bundle.v1,data/payments.csv,01-data/import_templates/payments.csv,data,5,"[""Nasr city-Tunnel"",""5.0"",""NCT-PKG-02"",""Nasr city-Tunnel"",""201.0"",""15-Mar-26"",""22750000.00"",""22750000.00"",""Paid"",""45.0"",""2-May-26"",""48.0"",""3.0"",""8190.0000"",""3.0"","""","""",""""]"
2026-08-15.lossless-project-input-bundle.v1,data/payments.csv,01-data/import_templates/payments.csv,data,6,"[""Nasr city-Tunnel"",""6.0"",""NCT-PKG-02"",""Nasr city-Tunnel"",""202.0"",""15-May-26"",""26400000.00"",""0.00"",""Submitted"",""45.0"","""",""0.0"",""0.0"",""0.0000"",""0.0"","""","""",""""]"
2026-08-15.lossless-project-input-bundle.v1,data/planned_cash_flow.csv,01-data/import_templates/planned_cash_flow.csv,schema,0,"{""headers"":[""project_id"",""period_date"",""planned_cash_out"",""planned_cumulative_cash_out"",""currency"",""basis"",""source_file"",""source_sheet"",""source_row"",""notes""],""source_sha256"":""7d059aaf059caf0cc445b45dcc2c848d3bdf8fe1af1cd6a587f52420bb592b4b""}"
2026-08-15.lossless-project-input-bundle.v1,data/planned_cash_flow.csv,01-data/import_templates/planned_cash_flow.csv,data,1,"[""Nasr city-Tunnel"",""1-Jan-26"",""45950000.00"",""45950000.00"",""EGP"",""Approved baseline cash flow"",""Synthetic_Data_Set.csv"",""Cash Flow"",""2"",""Fabricated planning data for demonstration""]"
2026-08-15.lossless-project-input-bundle.v1,data/planned_cash_flow.csv,01-data/import_templates/planned_cash_flow.csv,data,2,"[""Nasr city-Tunnel"",""1-Feb-26"",""53900000.00"",""99850000.00"",""EGP"",""Approved baseline cash flow"",""Synthetic_Data_Set.csv"",""Cash Flow"",""3"",""Fabricated planning data for demonstration""]"
2026-08-15.lossless-project-input-bundle.v1,data/planned_cash_flow.csv,01-data/import_templates/planned_cash_flow.csv,data,3,"[""Nasr city-Tunnel"",""1-Mar-26"",""49250000.00"",""149100000.00"",""EGP"",""Approved baseline cash flow"",""Synthetic_Data_Set.csv"",""Cash Flow"",""4"",""Fabricated planning data for demonstration""]"
2026-08-15.lossless-project-input-bundle.v1,data/planned_cash_flow.csv,01-data/import_templates/planned_cash_flow.csv,data,4,"[""Nasr city-Tunnel"",""1-Apr-26"",""57200000.00"",""206300000.00"",""EGP"",""Approved baseline cash flow"",""Synthetic_Data_Set.csv"",""Cash Flow"",""5"",""Fabricated planning data for demonstration""]"
2026-08-15.lossless-project-input-bundle.v1,data/planned_cash_flow.csv,01-data/import_templates/planned_cash_flow.csv,data,5,"[""Nasr city-Tunnel"",""1-May-26"",""65150000.00"",""271450000.00"",""EGP"",""Approved baseline cash flow"",""Synthetic_Data_Set.csv"",""Cash Flow"",""6"",""Fabricated planning data for demonstration""]"
2026-08-15.lossless-project-input-bundle.v1,data/planned_cash_flow.csv,01-data/import_templates/planned_cash_flow.csv,data,6,"[""Nasr city-Tunnel"",""1-Jun-26"",""60500000.00"",""331950000.00"",""EGP"",""Approved baseline cash flow"",""Synthetic_Data_Set.csv"",""Cash Flow"",""7"",""Fabricated planning data for demonstration""]"
2026-08-15.lossless-project-input-bundle.v1,data/planned_cash_flow.csv,01-data/import_templates/planned_cash_flow.csv,data,7,"[""Nasr city-Tunnel"",""1-Jul-26"",""68450000.00"",""400400000.00"",""EGP"",""Approved baseline cash flow"",""Synthetic_Data_Set.csv"",""Cash Flow"",""8"",""Fabricated planning data for demonstration""]"
2026-08-15.lossless-project-input-bundle.v1,data/planned_cash_flow.csv,01-data/import_templates/planned_cash_flow.csv,data,8,"[""Nasr city-Tunnel"",""1-Aug-26"",""76400000.00"",""476800000.00"",""EGP"",""Approved baseline cash flow"",""Synthetic_Data_Set.csv"",""Cash Flow"",""9"",""Fabricated planning data for demonstration""]"
2026-08-15.lossless-project-input-bundle.v1,data/planned_cash_flow.csv,01-data/import_templates/planned_cash_flow.csv,data,9,"[""Nasr city-Tunnel"",""1-Sep-26"",""71750000.00"",""548550000.00"",""EGP"",""Approved baseline cash flow"",""Synthetic_Data_Set.csv"",""Cash Flow"",""10"",""Fabricated planning data for demonstration""]"
2026-08-15.lossless-project-input-bundle.v1,data/planned_cash_flow.csv,01-data/import_templates/planned_cash_flow.csv,data,10,"[""Nasr city-Tunnel"",""1-Oct-26"",""79700000.00"",""628250000.00"",""EGP"",""Approved baseline cash flow"",""Synthetic_Data_Set.csv"",""Cash Flow"",""11"",""Fabricated planning data for demonstration""]"
2026-08-15.lossless-project-input-bundle.v1,data/planned_cash_flow.csv,01-data/import_templates/planned_cash_flow.csv,data,11,"[""Nasr city-Tunnel"",""1-Nov-26"",""87650000.00"",""715900000.00"",""EGP"",""Approved baseline cash flow"",""Synthetic_Data_Set.csv"",""Cash Flow"",""12"",""Fabricated planning data for demonstration""]"
2026-08-15.lossless-project-input-bundle.v1,data/planned_cash_flow.csv,01-data/import_templates/planned_cash_flow.csv,data,12,"[""Nasr city-Tunnel"",""1-Dec-26"",""83000000.00"",""798900000.00"",""EGP"",""Approved baseline cash flow"",""Synthetic_Data_Set.csv"",""Cash Flow"",""13"",""Fabricated planning data for demonstration""]"
2026-08-15.lossless-project-input-bundle.v1,data/progress_updates.csv,01-data/import_templates/progress_updates.csv,schema,0,"{""headers"":[""project_id"",""activity_id"",""update_date"",""planned_progress"",""actual_progress"",""planned_value"",""earned_value"",""actual_cost"",""notes""],""source_sha256"":""49578d7235402380ff2656a78016fbd849866d9905a6a3de79fcf805be80f3e3""}"
2026-08-15.lossless-project-input-bundle.v1,data/progress_updates.csv,01-data/import_templates/progress_updates.csv,data,1,"[""Nasr city-Tunnel"",""NCT-MS-1000"",""31-May-26"",""1.00"",""1.00"",""4500000.00"",""4500000.00"",""4635000.00"",""Completed""]"
2026-08-15.lossless-project-input-bundle.v1,data/progress_updates.csv,01-data/import_templates/progress_updates.csv,data,2,"[""Nasr city-Tunnel"",""NCT-MS-1010"",""31-May-26"",""1.00"",""1.00"",""5625000.00"",""5625000.00"",""5934375.00"",""Completed""]"
2026-08-15.lossless-project-input-bundle.v1,data/progress_updates.csv,01-data/import_templates/progress_updates.csv,data,3,"[""Nasr city-Tunnel"",""NCT-ENG-1020"",""31-May-26"",""1.00"",""1.00"",""6750000.00"",""6750000.00"",""7290000.00"",""Completed""]"
2026-08-15.lossless-project-input-bundle.v1,data/progress_updates.csv,01-data/import_templates/progress_updates.csv,data,4,"[""Nasr city-Tunnel"",""NCT-ENG-1030"",""31-May-26"",""1.00"",""1.00"",""7125000.00"",""7125000.00"",""7338750.00"",""Completed""]"
2026-08-15.lossless-project-input-bundle.v1,data/progress_updates.csv,01-data/import_templates/progress_updates.csv,data,5,"[""Nasr city-Tunnel"",""NCT-PRC-1040"",""31-May-26"",""1.00"",""1.00"",""8250000.00"",""8250000.00"",""8703750.00"",""Completed""]"
2026-08-15.lossless-project-input-bundle.v1,data/progress_updates.csv,01-data/import_templates/progress_updates.csv,data,6,"[""Nasr city-Tunnel"",""NCT-PRC-1050"",""31-May-26"",""1.00"",""1.00"",""9375000.00"",""9375000.00"",""10125000.00"",""Completed""]"
2026-08-15.lossless-project-input-bundle.v1,data/progress_updates.csv,01-data/import_templates/progress_updates.csv,data,7,"[""Nasr city-Tunnel"",""NCT-A-EXC-1060"",""31-May-26"",""1.00"",""1.00"",""9750000.00"",""9750000.00"",""10042500.00"",""Completed""]"
2026-08-15.lossless-project-input-bundle.v1,data/progress_updates.csv,01-data/import_templates/progress_updates.csv,data,8,"[""Nasr city-Tunnel"",""NCT-A-PC-1070"",""31-May-26"",""1.00"",""1.00"",""10875000.00"",""10875000.00"",""11473125.00"",""Completed""]"
2026-08-15.lossless-project-input-bundle.v1,data/progress_updates.csv,01-data/import_templates/progress_updates.csv,data,9,"[""Nasr city-Tunnel"",""NCT-A-RFT-1080"",""31-May-26"",""1.00"",""1.00"",""12000000.00"",""12000000.00"",""12960000.00"",""Completed""]"
2026-08-15.lossless-project-input-bundle.v1,data/progress_updates.csv,01-data/import_templates/progress_updates.csv,data,10,"[""Nasr city-Tunnel"",""NCT-A-CON-1090"",""31-May-26"",""1.00"",""1.00"",""12375000.00"",""12375000.00"",""12746250.00"",""Completed""]"
2026-08-15.lossless-project-input-bundle.v1,data/progress_updates.csv,01-data/import_templates/progress_updates.csv,data,11,"[""Nasr city-Tunnel"",""NCT-B-EXC-1100"",""31-May-26"",""1.00"",""1.00"",""13500000.00"",""13500000.00"",""14242500.00"",""Completed""]"
2026-08-15.lossless-project-input-bundle.v1,data/progress_updates.csv,01-data/import_templates/progress_updates.csv,data,12,"[""Nasr city-Tunnel"",""NCT-B-PC-1110"",""31-May-26"",""1.00"",""1.00"",""14625000.00"",""14625000.00"",""15795000.00"",""Completed""]"
2026-08-15.lossless-project-input-bundle.v1,data/progress_updates.csv,01-data/import_templates/progress_updates.csv,data,13,"[""Nasr city-Tunnel"",""NCT-B-RFT-1120"",""31-May-26"",""1.00"",""1.00"",""15000000.00"",""15000000.00"",""15450000.00"",""Completed""]"
2026-08-15.lossless-project-input-bundle.v1,data/progress_updates.csv,01-data/import_templates/progress_updates.csv,data,14,"[""Nasr city-Tunnel"",""NCT-B-CON-1130"",""31-May-26"",""1.00"",""1.00"",""16125000.00"",""16125000.00"",""17011875.00"",""Completed""]"
2026-08-15.lossless-project-input-bundle.v1,data/progress_updates.csv,01-data/import_templates/progress_updates.csv,data,15,"[""Nasr city-Tunnel"",""NCT-UTL-1140"",""31-May-26"",""1.00"",""1.00"",""17250000.00"",""17250000.00"",""18630000.00"",""Completed""]"
2026-08-15.lossless-project-input-bundle.v1,data/progress_updates.csv,01-data/import_templates/progress_updates.csv,data,16,"[""Nasr city-Tunnel"",""NCT-STR-1150"",""31-May-26"",""1.00"",""0.89"",""17625000.00"",""15737166.67"",""16209281.67"",""In progress under recovery sequence""]"
2026-08-15.lossless-project-input-bundle.v1,data/progress_updates.csv,01-data/import_templates/progress_updates.csv,data,17,"[""Nasr city-Tunnel"",""NCT-MS-1160"",""31-May-26"",""1.00"",""0.92"",""18750000.00"",""17250000.00"",""18198750.00"",""In progress under recovery sequence""]"
2026-08-15.lossless-project-input-bundle.v1,data/projects.csv,01-data/import_templates/projects.csv,schema,0,"{""headers"":[""project_id"",""project_name"",""client_name"",""contractor"",""planned_start"",""planned_finish"",""forecast_finish"",""contract_value"",""currency"",""status"",""planned_progress_percent"",""actual_progress_percent"",""planned_value"",""earned_value""],""source_sha256"":""54d89171690c8cb3e6a3cd32605d1886216a7299c5dc4deefb35898e4ae5e8f7""}"
2026-08-15.lossless-project-input-bundle.v1,data/projects.csv,01-data/import_templates/projects.csv,data,1,"[""Nasr city-Tunnel"",""Nasr city-Tunnel"",""Alexandria Transit Development Authority"",""Delta Rail Builders JV"",""12-Jan-26"",""30-Jun-28"",""18-Sep-28"",""1845000000"",""EGP"",""Delayed"",""31.50"",""26.80"",""581175000"",""494460000""]"
2026-08-15.lossless-project-input-bundle.v1,data/rfi_ status.csv,01-data/import_templates/rfi_ status.csv,schema,0,"{""headers"":[""project_id"",""RFI"",""Activity ID"",""Activity Name"",""Submittion date"",""Reply"",""Delay beyond 10d"",""Note""],""source_sha256"":""230af589b7fa7684222488b4e1d5ff24b39820d33ab3607d2e61187180efd10b""}"
2026-08-15.lossless-project-input-bundle.v1,data/rfi_ status.csv,01-data/import_templates/rfi_ status.csv,data,1,"[""Nasr city-Tunnel"",""RFI-101"",""NCT-DEP-EXC-1100"",""Depot bulk excavation and disposal"",""3-Feb-26"",""16-Feb-26"",""3"",""Clarification received after the standard ten-day review period""]"
2026-08-15.lossless-project-input-bundle.v1,data/rfi_ status.csv,01-data/import_templates/rfi_ status.csv,data,2,"[""Nasr city-Tunnel"",""RFI-102"",""NCT-DEP-PIL-1210"",""Depot pile cap reinforcement"",""22-Mar-26"",""8-Apr-26"",""7"",""Rebar congestion detail required before inspection release""]"
2026-08-15.lossless-project-input-bundle.v1,data/rfi_ status.csv,01-data/import_templates/rfi_ status.csv,data,3,"[""Nasr city-Tunnel"",""RFI-103"",""NCT-VIA-PIE-2310"",""Viaduct pier reinforcement and formwork"",""14-May-26"",""5-Jun-26"",""12"",""Revised bearing-seat geometry issued with the response""]"
2026-08-15.lossless-project-input-bundle.v1,data/rfi_ status.csv,01-data/import_templates/rfi_ status.csv,data,4,"[""Nasr city-Tunnel"",""RFI-104"",""NCT-UTL-DIV-3100"",""Diversion of existing utility corridor"",""9-Jun-26"",""1-Jul-26"",""12"",""Utility authority coordination extended the response cycle""]"
2026-08-15.lossless-project-input-bundle.v1,data/rfi_ status.csv,01-data/import_templates/rfi_ status.csv,data,5,"[""Nasr city-Tunnel"",""RFI-105"",""NCT-DEP-SLB-1420"",""Depot ground slab reinforcement and casting"",""18-Jul-26"",""4-Aug-26"",""7"",""Construction joint arrangement confirmed after technical review""]"
2026-08-15.lossless-project-input-bundle.v1,data/risks.csv,01-data/import_templates/risks.csv,schema,0,"{""headers"":[""risk_id"",""project_id"",""risk_title"",""risk_category"",""probability"",""time_impact_days"",""cost_impact"",""response_strategy"",""owner"",""status"",""due_date""],""source_sha256"":""3555a308d9506ae99fa4a9ae95b17120c0fa4ee9002b12157031a83e3757196a""}"
2026-08-15.lossless-project-input-bundle.v1,data/risks.csv,01-data/import_templates/risks.csv,data,1,"[""R-101"",""Nasr city-Tunnel"",""Employer-supplied reinforcement steel delivery slippage"",""Schedule"",""high"",""yes"",""yes"",""Mitigate"",""Project manager"",""open"",""31-Aug-26""]"
2026-08-15.lossless-project-input-bundle.v1,data/risks.csv,01-data/import_templates/risks.csv,data,2,"[""R-102"",""Nasr city-Tunnel"",""Late approval of viaduct bearing-seat details"",""Engineering"",""medium"",""yes"",""yes"",""Avoid"",""Technical office manager"",""monitoring"",""15-Sep-26""]"
2026-08-15.lossless-project-input-bundle.v1,data/risks.csv,01-data/import_templates/risks.csv,data,3,"[""R-103"",""Nasr city-Tunnel"",""Delayed interim payment certification"",""Commercial"",""medium"",""no"",""yes"",""Mitigate"",""Commercial manager"",""open"",""30-Sep-26""]"
2026-08-15.lossless-project-input-bundle.v1,data/s_curve.csv,01-data/import_templates/s_curve.csv,schema,0,"{""headers"":[""project_id"",""months"",""monthly_planned"",""cumm_monthly_planned"",""monthly_actual"",""cumm_monthly_actual"",""monthly_invoiced"",""cumm_monthly_invoiced""],""source_sha256"":""2e7e154344f55b5e672271faf5dabf68a673949b03ccbf85eb704bd00617232c""}"
2026-08-15.lossless-project-input-bundle.v1,data/s_curve.csv,01-data/import_templates/s_curve.csv,data,1,"[""Nasr city-Tunnel"",""1-Jan-26"",""30000000.00"",""30000000.00"",""24450000.00"",""24450000.00"",""0.00"",""0.00""]"
2026-08-15.lossless-project-input-bundle.v1,data/s_curve.csv,01-data/import_templates/s_curve.csv,data,2,"[""Nasr city-Tunnel"",""1-Feb-26"",""52000000.00"",""82000000.00"",""41600000.00"",""66050000.00"",""0.00"",""0.00""]"
2026-08-15.lossless-project-input-bundle.v1,data/s_curve.csv,01-data/import_templates/s_curve.csv,data,3,"[""Nasr city-Tunnel"",""1-Mar-26"",""76000000.00"",""158000000.00"",""59432000.00"",""125482000.00"",""41200000.00"",""41200000.00""]"
2026-08-15.lossless-project-input-bundle.v1,data/s_curve.csv,01-data/import_templates/s_curve.csv,data,4,"[""Nasr city-Tunnel"",""1-Apr-26"",""94000000.00"",""252000000.00"",""74260000.00"",""199742000.00"",""57600000.00"",""98800000.00""]"
2026-08-15.lossless-project-input-bundle.v1,data/s_curve.csv,01-data/import_templates/s_curve.csv,data,5,"[""Nasr city-Tunnel"",""1-May-26"",""116000000.00"",""368000000.00"",""88740000.00"",""288482000.00"",""69100000.00"",""167900000.00""]"
2026-08-15.lossless-project-input-bundle.v1,data/s_curve.csv,01-data/import_templates/s_curve.csv,data,6,"[""Nasr city-Tunnel"",""1-Jun-26"",""138000000.00"",""506000000.00"",""105570000.00"",""394052000.00"",""82600000.00"",""250500000.00""]"
2026-08-15.lossless-project-input-bundle.v1,data/s_curve.csv,01-data/import_templates/s_curve.csv,data,7,"[""Nasr city-Tunnel"",""1-Jul-26"",""151000000.00"",""657000000.00"",""100408000.00"",""494460000.00"",""75400000.00"",""325900000.00""]"
2026-08-15.lossless-project-input-bundle.v1,data/s_curve.csv,01-data/import_templates/s_curve.csv,data,8,"[""Nasr city-Tunnel"",""1-Aug-26"",""164000000.00"",""821000000.00"",""0.00"",""494460000.00"",""0.00"",""325900000.00""]"
2026-08-15.lossless-project-input-bundle.v1,data/s_curve.csv,01-data/import_templates/s_curve.csv,data,9,"[""Nasr city-Tunnel"",""1-Sep-26"",""173000000.00"",""994000000.00"",""0.00"",""494460000.00"",""0.00"",""325900000.00""]"
2026-08-15.lossless-project-input-bundle.v1,data/s_curve.csv,01-data/import_templates/s_curve.csv,data,10,"[""Nasr city-Tunnel"",""1-Oct-26"",""181000000.00"",""1175000000.00"",""0.00"",""494460000.00"",""0.00"",""325900000.00""]"
2026-08-15.lossless-project-input-bundle.v1,data/wbs.csv,01-data/import_templates/wbs.csv,schema,0,"{""headers"":[""project_id"",""wbs_code"",""wbs_name"",""total_activities"",""bl_project_duration"",""remaining_duration"",""total_float"",""bl_project_start"",""bl_project_finish"",""actual_start"",""actual_finish"",""schedule_%_complete"",""performance_%_complete"",""budget_at_completion"",""earned_value_cost"",""planned_value_cost""],""source_sha256"":""4601d1f6a8ba9b279e61a7c0c6a3ddedb1af4d61a2f7185cac66af581be32141""}"
2026-08-15.lossless-project-input-bundle.v1,data/wbs.csv,01-data/import_templates/wbs.csv,data,1,"[""Nasr city-Tunnel"",""No Priority"","""",""1460"",""900"",""706"",""0"",""12-Jan-26"",""30-Jun-28"",""15-Jan-26"","""",""0.315"",""0.268"",""1845000000"",""494460000"",""581175000""]"
2026-08-15.lossless-project-input-bundle.v1,data/wbs.csv,01-data/import_templates/wbs.csv,data,2,"[""Nasr city-Tunnel"",""Nasr city-Tunnel"",""Nasr city-Tunnel"",""1460"",""900"",""706"",""-74"",""12-Jan-26"",""30-Jun-28"",""15-Jan-26"","""",""0.315"",""0.268"",""1845000000"",""494460000"",""581175000""]"
2026-08-15.lossless-project-input-bundle.v1,data/wbs.csv,01-data/import_templates/wbs.csv,data,3,"[""Nasr city-Tunnel"",""Nasr city-Tunnel.KD"",""Key Dates"",""10"",""900"",""706"",""-74"",""12-Jan-26"",""30-Jun-28"",""15-Jan-26"","""",""0"",""0"",""0"",""0"",""0""]"
2026-08-15.lossless-project-input-bundle.v1,data/wbs.csv,01-data/import_templates/wbs.csv,data,4,"[""Nasr city-Tunnel"",""Nasr city-Tunnel.KD.MI"",""Contractual Milestones"",""7"",""900"",""706"",""-74"",""12-Jan-26"",""30-Jun-28"",""15-Jan-26"","""",""0"",""0"",""0"",""0"",""0""]"
2026-08-15.lossless-project-input-bundle.v1,data/wbs.csv,01-data/import_templates/wbs.csv,data,5,"[""Nasr city-Tunnel"",""Nasr city-Tunnel.KD.MO"",""Mobilization and Site Establishment"",""18"",""30"",""0"",""6"",""12-Jan-26"",""11-Feb-26"",""15-Jan-26"",""16-Feb-26"",""1"",""1"",""32000000"",""32000000"",""32000000""]"
2026-08-15.lossless-project-input-bundle.v1,data/wbs.csv,01-data/import_templates/wbs.csv,data,6,"[""Nasr city-Tunnel"",""Nasr city-Tunnel.EN"",""Engineering and Design Coordination"",""145"",""560"",""388"",""-18"",""20-Jan-26"",""2-Aug-27"",""25-Jan-26"","""",""0.42"",""0.36"",""147600000"",""53136000"",""61992000""]"
2026-08-15.lossless-project-input-bundle.v1,data/wbs.csv,01-data/import_templates/wbs.csv,data,7,"[""Nasr city-Tunnel"",""Nasr city-Tunnel.PR"",""Procurement and Free-Issue Materials"",""160"",""620"",""472"",""-39"",""1-Feb-26"",""13-Oct-27"",""3-Feb-26"","""",""0.38"",""0.29"",""221400000"",""64206000"",""84132000""]"
2026-08-15.lossless-project-input-bundle.v1,data/wbs.csv,01-data/import_templates/wbs.csv,data,8,"[""Nasr city-Tunnel"",""Nasr city-Tunnel.CON"",""Construction Works"",""930"",""760"",""610"",""-74"",""12-Feb-26"",""12-Mar-28"",""20-Feb-26"","""",""0.29"",""0.24"",""1180800000"",""283392000"",""342432000""]"
2026-08-15.lossless-project-input-bundle.v1,data/wbs.csv,01-data/import_templates/wbs.csv,data,9,"[""Nasr city-Tunnel"",""Nasr city-Tunnel.CON.DEP"",""Depot Civil and Structural Works"",""315"",""540"",""396"",""-52"",""12-Feb-26"",""6-Aug-27"",""20-Feb-26"","""",""0.46"",""0.40"",""442800000"",""177120000"",""203688000""]"
2026-08-15.lossless-project-input-bundle.v1,data/wbs.csv,01-data/import_templates/wbs.csv,data,10,"[""Nasr city-Tunnel"",""Nasr city-Tunnel.CON.VIA"",""Viaduct and Elevated Structures"",""360"",""630"",""540"",""-74"",""16-Jul-26"",""6-Apr-28"",""9-Aug-26"","""",""0.18"",""0.14"",""516600000"",""72324000"",""92988000""]"
2026-08-15.lossless-project-input-bundle.v1,data/wbs.csv,01-data/import_templates/wbs.csv,data,11,"[""Nasr city-Tunnel"",""Nasr city-Tunnel.CON.UTL"",""Utilities Diversion and External Works"",""165"",""410"",""321"",""-31"",""5-Mar-26"",""19-Apr-27"",""12-Mar-26"","""",""0.36"",""0.30"",""147600000"",""44280000"",""53136000""]"
2026-08-15.lossless-project-input-bundle.v1,data/wbs.csv,01-data/import_templates/wbs.csv,data,12,"[""Nasr city-Tunnel"",""Nasr city-Tunnel.MEP"",""MEP and Depot Systems"",""250"",""520"",""520"",""-41"",""10-Oct-26"",""13-Mar-28"","""","""",""0.08"",""0.04"",""184500000"",""7380000"",""14760000""]"
2026-08-15.lossless-project-input-bundle.v1,data/wbs.csv,01-data/import_templates/wbs.csv,data,13,"[""Nasr city-Tunnel"",""Nasr city-Tunnel.SYS"",""Rail Systems and Integration"",""190"",""430"",""430"",""-48"",""1-Feb-27"",""5-Apr-28"","""","""",""0.03"",""0.01"",""129150000"",""1291500"",""3874500""]"
2026-08-15.lossless-project-input-bundle.v1,data/wbs.csv,01-data/import_templates/wbs.csv,data,14,"[""Nasr city-Tunnel"",""Nasr city-Tunnel.TST"",""Testing and Commissioning"",""85"",""150"",""150"",""-74"",""7-Feb-28"",""6-Jul-28"","""","""",""0"",""0"",""55350000"",""0"",""0""]"
2026-08-15.lossless-project-input-bundle.v1,data/wbs.csv,01-data/import_templates/wbs.csv,data,15,"[""Nasr city-Tunnel"",""Nasr city-Tunnel.HO"",""Handover, Training and Closeout"",""55"",""85"",""85"",""-74"",""7-Apr-28"",""30-Jun-28"","""","""",""0"",""0"",""36900000"",""0"",""0""]"
2026-08-15.lossless-project-input-bundle.v1,data/wbs.csv,01-data/import_templates/wbs.csv,data,16,"[""Nasr city-Tunnel"",""Nasr city-Tunnel.MGT"",""Project Management and Controls"",""117"",""900"",""706"",""-74"",""12-Jan-26"",""30-Jun-28"",""15-Jan-26"","""",""0.315"",""0.268"",""73800000"",""19778400"",""23247000""]"
2026-08-15.lossless-project-input-bundle.v1,tia/01-project_metadata_template.csv,02-delay_analysis/unified_tia_csv/01-project_metadata_template.csv,schema,0,"{""headers"":[""project_id"",""Project Name"",""Contract No"",""Employer"",""Contractor"",""Consultant"",""Baseline Name"",""Impacted Update Name"",""Data Date"",""Prepared By"",""Report Revision"",""Report Date"",""Delay Category"",""Primary Cause Family"",""Primary Claim Position""],""source_sha256"":""ec20cc52f169e5bc64b9a00da9035cc2f1f758da4f50fb22a77f8ff094482590""}"
2026-08-15.lossless-project-input-bundle.v1,tia/01-project_metadata_template.csv,02-delay_analysis/unified_tia_csv/01-project_metadata_template.csv,data,1,"[""Nasr city-Tunnel"",""Nasr city-Tunnel"",""NCT-001"",""Greater Cairo Water Authority"",""Apex Infrastructure JV"",""Horizon Engineering Consultants"",""Nasr city-Tunnel Approved Baseline Rev.01"",""Nasr city-Tunnel"",""31-Jul-26"",""Project Controls Team"",""TIA-Rev.02"",""5-Aug-26"",""Steel / Design / RFI / Payments"",""Employer free-issue steel shortage, revised IFC details, delayed technical responses and payment certification"",""Employer-risk events require contemporaneous notice, readiness evidence, supply reconciliation, concurrency assessment and critical-path substantiation""]"
2026-08-15.lossless-project-input-bundle.v1,tia/01_project_metadata.csv,02-delay_analysis/unified_tia_csv/01_project_metadata.csv,schema,0,"{""headers"":[""project_id"",""project_key"",""project_name"",""contract_number"",""employer"",""contractor"",""consultant"",""baseline_schedule_name"",""baseline_data_date"",""impacted_update_name"",""impacted_data_date"",""analysis_data_date"",""prepared_by"",""report_revision"",""report_date"",""calendar_name"",""contract_time_unit"",""project_finish_milestone_id""],""source_sha256"":""ff5a803bb5732aeffe32cfe877c7c7451525777b4fd42bd12790509be0681ef7""}"
2026-08-15.lossless-project-input-bundle.v1,tia/02-master_activity_steel_analysis.csv,02-delay_analysis/unified_tia_csv/02-master_activity_steel_analysis.csv,schema,0,"{""headers"":[""project_id"",""Activity ID"",""Activity Name"",""Resource ID"",""Register Building / Zone Allocation"",""Drive Activity Dates"",""BL Start"",""BL Finish"",""Start"",""Finish"",""Allocation Date"",""Allocation Ref"",""Act. Start Status"",""Act. Finish Status"",""Original Duration"",""Actual Duration"",""Deviated Duration"",""Budgeted Units"",""Available units supplied by client vs Actual units of activities"",""Delayed duration in days due to steel un avilability in site"",""Remaining Units"",""Units % Complete"",""Budgeted Units / Time"",""Responsibility"",""Reason for Delay"",""Responsibility.1"",""Reason for Delay.1"",""Note"",""BL critical Path"",""BL Longest Path"",""Updated Critical Path"",""Updated Longest Path""],""source_sha256"":""7e4cc6e97703d49af679d0b662055e878050a25d1c4b84349c194bc7a72c70fb""}"
2026-08-15.lossless-project-input-bundle.v1,tia/02-master_activity_steel_analysis.csv,02-delay_analysis/unified_tia_csv/02-master_activity_steel_analysis.csv,data,1,"[""Nasr city-Tunnel"",""NCT-ST-CLB-RFT-1100"",""Raft reinforcement for Chlorination Building"",""NCT.Q.Rft"",""Chlorination Building"",""Yes"",""10-Feb-26"",""22-Feb-26"",""18-Feb-26"",""20-Mar-26"",""20-Jan-26"",""ALLOC-NCT-001"",""Start"",""Finished"",""12"",""30"",""18"",""148.0"",""91.5"",""16"",""0"",""1.0"",""12.33"",""Employer"",""Free-issue reinforcement steel delivered below the approved activity requirement"",""Employer / Engineer"",""Free-issue reinforcement steel delivered below the approved activity requirement"",""Synthetic dataset for system and TIA testing only"",""Yes"",""Yes"",""Yes"",""Yes""]"
2026-08-15.lossless-project-input-bundle.v1,tia/02-master_activity_steel_analysis.csv,02-delay_analysis/unified_tia_csv/02-master_activity_steel_analysis.csv,data,2,"[""Nasr city-Tunnel"",""NCT-ST-PMP-RFT-1200"",""Raft reinforcement for Main Pump Hall"",""NCT.Q.Rft"",""Main Pump Hall"",""Yes"",""24-Feb-26"",""10-Mar-26"",""21-Mar-26"",""25-Apr-26"",""5-Feb-26"",""ALLOC-NCT-002"",""Start"",""Finished"",""14"",""35"",""21"",""224.0"",""132.0"",""19"",""0"",""1.0"",""16.0"",""Employer"",""Late steel delivery and delayed bearing-plate detail approval"",""Employer / Engineer"",""Late steel delivery and delayed bearing-plate detail approval"",""Synthetic dataset for system and TIA testing only"",""Yes"",""No"",""Yes"",""Yes""]"
2026-08-15.lossless-project-input-bundle.v1,tia/02-master_activity_steel_analysis.csv,02-delay_analysis/unified_tia_csv/02-master_activity_steel_analysis.csv,data,3,"[""Nasr city-Tunnel"",""NCT-ST-CLR-RFT-1300"",""Base slab reinforcement for Clarifier No. 1"",""NCT.Q.Rft"",""Clarifier Area"",""Yes"",""12-Mar-26"",""27-Mar-26"",""28-Apr-26"",""30-May-26"",""18-Feb-26"",""ALLOC-NCT-003"",""Start"",""Finished"",""15"",""32"",""17"",""196.0"",""108.6"",""24"",""0"",""1.0"",""13.07"",""Employer"",""Revised IFC waterstop and embedded-pipe details delayed construction release"",""Employer / Engineer"",""Revised IFC waterstop and embedded-pipe details delayed construction release"",""Synthetic dataset for system and TIA testing only"",""No"",""No"",""Yes"",""No""]"
2026-08-15.lossless-project-input-bundle.v1,tia/02-master_activity_steel_analysis.csv,02-delay_analysis/unified_tia_csv/02-master_activity_steel_analysis.csv,data,4,"[""Nasr city-Tunnel"",""NCT-ST-FLT-RFT-1400"",""Wall reinforcement for Filter Gallery"",""NCT.Q.Rft"",""Filter Gallery"",""Yes"",""29-Mar-26"",""16-Apr-26"",""2-Jun-26"",""5-Jul-26"",""5-Mar-26"",""ALLOC-NCT-004"",""Start"",""Finished"",""18"",""33"",""15"",""178.0"",""84.0"",""27"",""0"",""1.0"",""9.89"",""Employer"",""RFI response for wall openings and sleeves exceeded the contractual review period"",""Employer / Engineer"",""RFI response for wall openings and sleeves exceeded the contractual review period"",""Synthetic dataset for system and TIA testing only"",""No"",""No"",""No"",""No""]"
2026-08-15.lossless-project-input-bundle.v1,tia/02-master_activity_steel_analysis.csv,02-delay_analysis/unified_tia_csv/02-master_activity_steel_analysis.csv,data,5,"[""Nasr city-Tunnel"",""NCT-ST-RES-RFT-1500"",""Wall reinforcement for Treated Water Reservoir"",""NCT.Q.Rft"",""Treated Water Reservoir"",""Yes"",""18-Apr-26"",""8-May-26"",""8-Jul-26"","""",""22-Mar-26"",""ALLOC-NCT-005"",""Start"",""In Progress"",""20"","""",""0"",""265.0"",""96.5"",""31"",""168.5"",""0.36"",""13.25"",""Employer"",""Outstanding high-diameter reinforcement bars constrained the planned work fronts"",""Employer / Engineer"",""Outstanding high-diameter reinforcement bars constrained the planned work fronts"",""Synthetic dataset for system and TIA testing only"",""Yes"",""Yes"",""Yes"",""Yes""]"
2026-08-15.lossless-project-input-bundle.v1,tia/02-master_activity_steel_analysis.csv,02-delay_analysis/unified_tia_csv/02-master_activity_steel_analysis.csv,data,6,"[""Nasr city-Tunnel"",""NCT-ST-ADM-RFT-1600"",""Foundation reinforcement for Administration Building"",""NCT.Q.Rft"",""Administration Building"",""Yes"",""10-May-26"",""21-May-26"",""24-Jul-26"","""",""6-Apr-26"",""ALLOC-NCT-006"",""Start"",""In Progress"",""11"","""",""0"",""92.0"",""51.0"",""18"",""41.0"",""0.55"",""8.36"",""Employer"",""Payment certification delay affected supplementary steel procurement and recovery resources"",""Employer / Engineer"",""Payment certification delay affected supplementary steel procurement and recovery resources"",""Synthetic dataset for system and TIA testing only"",""No"",""No"",""No"",""No""]"
2026-08-15.lossless-project-input-bundle.v1,tia/02_source_file_register.csv,02-delay_analysis/unified_tia_csv/02_source_file_register.csv,schema,0,"{""headers"":[""project_id"",""source_id"",""source_role"",""source_file_name"",""source_relative_path"",""source_sha256"",""file_date"",""received_date"",""source_owner"",""source_status"",""notes""],""source_sha256"":""0b025c3a6a344483669bdd485b9074bf66695cf207406db92d2edc5566819cc5""}"
2026-08-15.lossless-project-input-bundle.v1,tia/03-employer_steel_supply_at_site.csv,02-delay_analysis/unified_tia_csv/03-employer_steel_supply_at_site.csv,schema,0,"{""headers"":[""project_id"",""Coding No."",""Supplier"",""Total Quantity"",""Date of delivery""],""source_sha256"":""6671c1598f5838f5b008c6afed624e99fd3d9226fdbd19ebf6d10db3ad2fcd4f""}"
2026-08-15.lossless-project-input-bundle.v1,tia/03-employer_steel_supply_at_site.csv,02-delay_analysis/unified_tia_csv/03-employer_steel_supply_at_site.csv,data,1,"[""Nasr city-Tunnel"",""NCT-MIR-STR-011-R00"",""Employer / Greater Cairo Water Authority"",""118.40"",""2-Feb-26""]"
2026-08-15.lossless-project-input-bundle.v1,tia/03-employer_steel_supply_at_site.csv,02-delay_analysis/unified_tia_csv/03-employer_steel_supply_at_site.csv,data,2,"[""Nasr city-Tunnel"",""NCT-MIR-STR-019-R00"",""Employer / Greater Cairo Water Authority"",""146.75"",""16-Mar-26""]"
2026-08-15.lossless-project-input-bundle.v1,tia/03-employer_steel_supply_at_site.csv,02-delay_analysis/unified_tia_csv/03-employer_steel_supply_at_site.csv,data,3,"[""Nasr city-Tunnel"",""NCT-MIR-STR-026-R00"",""Employer / Greater Cairo Water Authority"",""92.30"",""28-Apr-26""]"
2026-08-15.lossless-project-input-bundle.v1,tia/03-employer_steel_supply_at_site.csv,02-delay_analysis/unified_tia_csv/03-employer_steel_supply_at_site.csv,data,4,"[""Nasr city-Tunnel"",""NCT-MIR-STR-034-R00"",""Employer / Greater Cairo Water Authority"",""173.65"",""9-Jun-26""]"
2026-08-15.lossless-project-input-bundle.v1,tia/03-employer_steel_supply_at_site.csv,02-delay_analysis/unified_tia_csv/03-employer_steel_supply_at_site.csv,data,5,"[""Nasr city-Tunnel"",""NCT-MIR-STR-041-R00"",""Employer / Greater Cairo Water Authority"",""84.90"",""18-Jul-26""]"
2026-08-15.lossless-project-input-bundle.v1,tia/03-employer_steel_supply_at_site.csv,02-delay_analysis/unified_tia_csv/03-employer_steel_supply_at_site.csv,data,6,"[""Nasr city-Tunnel"",""NCT-MIR-STR-044-R00"",""Employer / Greater Cairo Water Authority"",""61.25"",""29-Jul-26""]"
2026-08-15.lossless-project-input-bundle.v1,tia/03_native_xer_pair_register.csv,02-delay_analysis/unified_tia_csv/03_native_xer_pair_register.csv,schema,0,"{""headers"":[""project_id"",""xer_pair_id"",""event_variant"",""baseline_source_id"",""impacted_source_id"",""data_date"",""baseline_schedule_name"",""impacted_update_name"",""baseline_project_finish"",""impacted_project_finish"",""parity_status"",""p6_operator"",""run_reference"",""notes""],""source_sha256"":""cc0614fd7bc5632138978328bada26d5663f51010fd6d48d34c68c31e1cfb483""}"
2026-08-15.lossless-project-input-bundle.v1,tia/04-p6_activity_export.csv,02-delay_analysis/unified_tia_csv/04-p6_activity_export.csv,schema,0,"{""headers"":[""project_id"",""Activity ID"",""Activity Name"",""WBS"",""Baseline Start"",""Baseline Finish"",""Start"",""Finish"",""Actual Start"",""Actual Finish"",""Remaining Duration"",""Total Float"",""Free Float"",""Critical"",""Longest Path"",""Predecessors"",""Successors"",""Remaining Units"",""Budgeted Units"",""Physical % Complete""],""source_sha256"":""d935a0f7b4bec0006b531d98fa55db7cb27e83a25153f4803c6bae79a6353ab6""}"
2026-08-15.lossless-project-input-bundle.v1,tia/04-p6_activity_export.csv,02-delay_analysis/unified_tia_csv/04-p6_activity_export.csv,data,1,"[""Nasr city-Tunnel"",""NCT-MS-1000"",""Project Start Milestone"",""Nasr city-Tunnel.KD"",""15-Jan-26"","""",""15-Jan-26"","""",""15-Jan-26"","""",""0"",""0"",""0"",""No"",""Yes"","""",""NCT-MOB-1010"",""0"",""0"",""1.0""]"
2026-08-15.lossless-project-input-bundle.v1,tia/04-p6_activity_export.csv,02-delay_analysis/unified_tia_csv/04-p6_activity_export.csv,data,2,"[""Nasr city-Tunnel"",""NCT-MOB-1010"",""Mobilization and site establishment"",""Nasr city-Tunnel.MOB"",""15-Jan-26"",""5-Feb-26"",""15-Jan-26"",""8-Feb-26"",""15-Jan-26"",""8-Feb-26"",""0"",""3"",""0"",""No"",""No"",""NCT-MS-1000"",""NCT-ST-CLB-FRM-1090"",""0"",""0"",""1.0""]"
2026-08-15.lossless-project-input-bundle.v1,tia/04-p6_activity_export.csv,02-delay_analysis/unified_tia_csv/04-p6_activity_export.csv,data,3,"[""Nasr city-Tunnel"",""NCT-ST-CLB--1100FRM-1090"",""Formwork readiness before Raft reinforcement for Chlorination Building"",""Nasr city-Tunnel.CON.Chlorination Building"",""10-Feb-26"",""10-Feb-26"",""18-Feb-26"",""18-Feb-26"",""18-Feb-26"",""18-Feb-26"",""0"",""-8"",""0"",""Yes"",""Yes"",""NCT-MOB-1010"",""NCT-ST-CLB-RFT-1100"",""0"",""0"",""1.0""]"
2026-08-15.lossless-project-input-bundle.v1,tia/04-p6_activity_export.csv,02-delay_analysis/unified_tia_csv/04-p6_activity_export.csv,data,4,"[""Nasr city-Tunnel"",""NCT-ST-CLB-RFT-1100"",""Raft reinforcement for Chlorination Building"",""Nasr city-Tunnel.CON.Chlorination Building"",""10-Feb-26"",""22-Feb-26"",""18-Feb-26"",""20-Mar-26"",""18-Feb-26"",""20-Mar-26"",""0"",""-22"",""0"",""Yes"",""Yes"",""NCT-ST-CLB--1100FRM-1090"",""NCT-ST-CLB--1100CONC-1110"",""56.5"",""148.0"",""1.0""]"
2026-08-15.lossless-project-input-bundle.v1,tia/04-p6_activity_export.csv,02-delay_analysis/unified_tia_csv/04-p6_activity_export.csv,data,5,"[""Nasr city-Tunnel"",""NCT-ST-CLB--1100CONC-1110"",""Concrete casting after Raft reinforcement for Chlorination Building"",""Nasr city-Tunnel.CON.Chlorination Building"",""22-Feb-26"",""22-Feb-26"",""20-Mar-26"",""20-Mar-26"",""20-Mar-26"",""20-Mar-26"",""0"",""-24"",""0"",""Yes"",""Yes"",""NCT-ST-CLB-RFT-1100"",""NCT-ST-PMP-FRM-1200"",""0"",""0"",""1.0""]"
2026-08-15.lossless-project-input-bundle.v1,tia/04-p6_activity_export.csv,02-delay_analysis/unified_tia_csv/04-p6_activity_export.csv,data,6,"[""Nasr city-Tunnel"",""NCT-ST-PMP--1200FRM-1190"",""Formwork readiness before Raft reinforcement for Main Pump Hall"",""Nasr city-Tunnel.CON.Main Pump Hall"",""24-Feb-26"",""24-Feb-26"",""21-Mar-26"",""21-Mar-26"",""21-Mar-26"",""21-Mar-26"",""0"",""-8"",""0"",""Yes"",""Yes"",""NCT-ST-CLB-CONC-1100"",""NCT-ST-PMP-RFT-1200"",""0"",""0"",""1.0""]"
2026-08-15.lossless-project-input-bundle.v1,tia/04-p6_activity_export.csv,02-delay_analysis/unified_tia_csv/04-p6_activity_export.csv,data,7,"[""Nasr city-Tunnel"",""NCT-ST-PMP-RFT-1200"",""Raft reinforcement for Main Pump Hall"",""Nasr city-Tunnel.CON.Main Pump Hall"",""24-Feb-26"",""10-Mar-26"",""21-Mar-26"",""25-Apr-26"",""21-Mar-26"",""25-Apr-26"",""0"",""-29"",""0"",""Yes"",""Yes"",""NCT-ST-PMP--1200FRM-1190"",""NCT-ST-PMP--1200CONC-1210"",""92.0"",""224.0"",""1.0""]"
2026-08-15.lossless-project-input-bundle.v1,tia/04-p6_activity_export.csv,02-delay_analysis/unified_tia_csv/04-p6_activity_export.csv,data,8,"[""Nasr city-Tunnel"",""NCT-ST-PMP--1200CONC-1210"",""Concrete casting after Raft reinforcement for Main Pump Hall"",""Nasr city-Tunnel.CON.Main Pump Hall"",""10-Mar-26"",""10-Mar-26"",""25-Apr-26"",""25-Apr-26"",""25-Apr-26"",""25-Apr-26"",""0"",""-31"",""0"",""Yes"",""Yes"",""NCT-ST-PMP-RFT-1200"",""NCT-ST-CLR-FRM-1300"",""0"",""0"",""1.0""]"
2026-08-15.lossless-project-input-bundle.v1,tia/04-p6_activity_export.csv,02-delay_analysis/unified_tia_csv/04-p6_activity_export.csv,data,9,"[""Nasr city-Tunnel"",""NCT-ST-CLR--1300FRM-1290"",""Formwork readiness before Base slab reinforcement for Clarifier No. 1"",""Nasr city-Tunnel.CON.Clarifier Area"",""12-Mar-26"",""12-Mar-26"",""28-Apr-26"",""28-Apr-26"",""28-Apr-26"",""28-Apr-26"",""0"",""-8"",""0"",""Yes"",""No"",""NCT-ST-PMP-CONC-1200"",""NCT-ST-CLR-RFT-1300"",""0"",""0"",""1.0""]"
2026-08-15.lossless-project-input-bundle.v1,tia/04-p6_activity_export.csv,02-delay_analysis/unified_tia_csv/04-p6_activity_export.csv,data,10,"[""Nasr city-Tunnel"",""NCT-ST-CLR-RFT-1300"",""Base slab reinforcement for Clarifier No. 1"",""Nasr city-Tunnel.CON.Clarifier Area"",""12-Mar-26"",""27-Mar-26"",""28-Apr-26"",""30-May-26"",""28-Apr-26"",""30-May-26"",""0"",""-36"",""0"",""Yes"",""No"",""NCT-ST-CLR--1300FRM-1290"",""NCT-ST-CLR--1300CONC-1310"",""87.4"",""196.0"",""1.0""]"
2026-08-15.lossless-project-input-bundle.v1,tia/04-p6_activity_export.csv,02-delay_analysis/unified_tia_csv/04-p6_activity_export.csv,data,11,"[""Nasr city-Tunnel"",""NCT-ST-CLR--1300CONC-1310"",""Concrete casting after Base slab reinforcement for Clarifier No. 1"",""Nasr city-Tunnel.CON.Clarifier Area"",""27-Mar-26"",""27-Mar-26"",""30-May-26"",""30-May-26"",""30-May-26"",""30-May-26"",""0"",""-38"",""0"",""Yes"",""No"",""NCT-ST-CLR-RFT-1300"",""NCT-ST-FLT-FRM-1400"",""0"",""0"",""1.0""]"
2026-08-15.lossless-project-input-bundle.v1,tia/04-p6_activity_export.csv,02-delay_analysis/unified_tia_csv/04-p6_activity_export.csv,data,12,"[""Nasr city-Tunnel"",""NCT-ST-FLT--1400FRM-1390"",""Formwork readiness before Wall reinforcement for Filter Gallery"",""Nasr city-Tunnel.CON.Filter Gallery"",""29-Mar-26"",""29-Mar-26"",""2-Jun-26"",""2-Jun-26"",""2-Jun-26"",""2-Jun-26"",""0"",""-2"",""0"",""No"",""No"",""NCT-ST-CLR-CONC-1300"",""NCT-ST-FLT-RFT-1400"",""0"",""0"",""1.0""]"
2026-08-15.lossless-project-input-bundle.v1,tia/04-p6_activity_export.csv,02-delay_analysis/unified_tia_csv/04-p6_activity_export.csv,data,13,"[""Nasr city-Tunnel"",""NCT-ST-FLT-RFT-1400"",""Wall reinforcement for Filter Gallery"",""Nasr city-Tunnel.CON.Filter Gallery"",""29-Mar-26"",""16-Apr-26"",""2-Jun-26"",""5-Jul-26"",""2-Jun-26"",""5-Jul-26"",""0"",""-43"",""0"",""No"",""No"",""NCT-ST-FLT--1400FRM-1390"",""NCT-ST-FLT--1400CONC-1410"",""94.0"",""178.0"",""1.0""]"
2026-08-15.lossless-project-input-bundle.v1,tia/04-p6_activity_export.csv,02-delay_analysis/unified_tia_csv/04-p6_activity_export.csv,data,14,"[""Nasr city-Tunnel"",""NCT-ST-FLT--1400CONC-1410"",""Concrete casting after Wall reinforcement for Filter Gallery"",""Nasr city-Tunnel.CON.Filter Gallery"",""16-Apr-26"",""16-Apr-26"",""5-Jul-26"",""5-Jul-26"",""5-Jul-26"",""5-Jul-26"",""0"",""-45"",""0"",""No"",""No"",""NCT-ST-FLT-RFT-1400"",""NCT-ST-RES-FRM-1500"",""0"",""0"",""1.0""]"
2026-08-15.lossless-project-input-bundle.v1,tia/04-p6_activity_export.csv,02-delay_analysis/unified_tia_csv/04-p6_activity_export.csv,data,15,"[""Nasr city-Tunnel"",""NCT-ST-RES--1500FRM-1490"",""Formwork readiness before Wall reinforcement for Treated Water Reservoir"",""Nasr city-Tunnel.CON.Treated Water Reservoir"",""18-Apr-26"",""18-Apr-26"",""8-Jul-26"",""8-Jul-26"",""8-Jul-26"",""8-Jul-26"",""0"",""-2"",""0"",""No"",""Yes"",""NCT-ST-FLT-CONC-1400"",""NCT-ST-RES-RFT-1500"",""0"",""0"",""1.0""]"
2026-08-15.lossless-project-input-bundle.v1,tia/04-p6_activity_export.csv,02-delay_analysis/unified_tia_csv/04-p6_activity_export.csv,data,16,"[""Nasr city-Tunnel"",""NCT-ST-RES-RFT-1500"",""Wall reinforcement for Treated Water Reservoir"",""Nasr city-Tunnel.CON.Treated Water Reservoir"",""18-Apr-26"",""8-May-26"",""8-Jul-26"",""18-Aug-26"",""8-Jul-26"","""",""18"",""-50"",""0"",""Yes"",""Yes"",""NCT-ST-RES--1500FRM-1490"",""NCT-ST-RES--1500CONC-1510"",""168.5"",""265.0"",""0.36""]"
2026-08-15.lossless-project-input-bundle.v1,tia/04-p6_activity_export.csv,02-delay_analysis/unified_tia_csv/04-p6_activity_export.csv,data,17,"[""Nasr city-Tunnel"",""NCT-ST-RES--1500CONC-1510"",""Concrete casting after Wall reinforcement for Treated Water Reservoir"",""Nasr city-Tunnel.CON.Treated Water Reservoir"",""8-May-26"",""8-May-26"",""19-Aug-26"",""23-Aug-26"","""","""",""4"",""-52"",""0"",""Yes"",""Yes"",""NCT-ST-RES-RFT-1500"",""NCT-ST-ADM-FRM-1600"",""0"",""0"",""0.0""]"
2026-08-15.lossless-project-input-bundle.v1,tia/04-p6_activity_export.csv,02-delay_analysis/unified_tia_csv/04-p6_activity_export.csv,data,18,"[""Nasr city-Tunnel"",""NCT-ST-ADM--1600FRM-1590"",""Formwork readiness before Foundation reinforcement for Administration Building"",""Nasr city-Tunnel.CON.Administration Building"",""10-May-26"",""10-May-26"",""24-Jul-26"",""24-Jul-26"",""24-Jul-26"",""24-Jul-26"",""0"",""-2"",""0"",""No"",""No"",""NCT-ST-RES-CONC-1500"",""NCT-ST-ADM-RFT-1600"",""0"",""0"",""1.0""]"
2026-08-15.lossless-project-input-bundle.v1,tia/04-p6_activity_export.csv,02-delay_analysis/unified_tia_csv/04-p6_activity_export.csv,data,19,"[""Nasr city-Tunnel"",""NCT-ST-ADM-RFT-1600"",""Foundation reinforcement for Administration Building"",""Nasr city-Tunnel.CON.Administration Building"",""10-May-26"",""21-May-26"",""24-Jul-26"",""18-Aug-26"",""24-Jul-26"","""",""18"",""-57"",""0"",""No"",""No"",""NCT-ST-ADM--1600FRM-1590"",""NCT-ST-ADM--1600CONC-1610"",""41.0"",""92.0"",""0.55""]"
2026-08-15.lossless-project-input-bundle.v1,tia/04-p6_activity_export.csv,02-delay_analysis/unified_tia_csv/04-p6_activity_export.csv,data,20,"[""Nasr city-Tunnel"",""NCT-ST-ADM--1600CONC-1610"",""Concrete casting after Foundation reinforcement for Administration Building"",""Nasr city-Tunnel.CON.Administration Building"",""21-May-26"",""21-May-26"",""19-Aug-26"",""23-Aug-26"","""","""",""4"",""-59"",""0"",""No"",""No"",""NCT-ST-ADM-RFT-1600"",""NCT-MS-1040"",""0"",""0"",""0.0""]"
2026-08-15.lossless-project-input-bundle.v1,tia/04-p6_activity_export.csv,02-delay_analysis/unified_tia_csv/04-p6_activity_export.csv,data,21,"[""Nasr city-Tunnel"",""NCT-MS-1040"",""Structural Works Completion"",""Nasr city-Tunnel.KD"","""",""30-Nov-27"","""",""18-Mar-28"","""","""",""0"",""-109"",""0"",""Yes"",""Yes"",""NCT-ST-ADM-CONC-1610"",""NCT-MS-1050"",""0"",""0"",""0.0""]"
2026-08-15.lossless-project-input-bundle.v1,tia/04-p6_activity_export.csv,02-delay_analysis/unified_tia_csv/04-p6_activity_export.csv,data,22,"[""Nasr city-Tunnel"",""NCT-MS-1050"",""Project Completion Milestone"",""Nasr city-Tunnel.KD"","""",""31-Mar-28"","""",""21-Jul-28"","""","""",""0"",""-112"",""0"",""Yes"",""Yes"",""NCT-MS-1040"","""",""0"",""0"",""0.0""]"
2026-08-15.lossless-project-input-bundle.v1,tia/04_p6_activity_register.csv,02-delay_analysis/unified_tia_csv/04_p6_activity_register.csv,schema,0,"{""headers"":[""project_id"",""schedule_version"",""activity_id"",""activity_name"",""wbs_code"",""activity_type"",""calendar_name"",""baseline_start"",""baseline_finish"",""actual_start"",""actual_finish"",""remaining_duration_days"",""total_float_days"",""free_float_days"",""is_critical"",""is_longest_path"",""physical_percent_complete"",""source_id"",""notes""],""source_sha256"":""5d3d50bcd18c61fb0247a7197fc26497f6d232bbc9f9d3e4567e66894cc1750a""}"
2026-08-15.lossless-project-input-bundle.v1,tia/05-relationship_file.csv,02-delay_analysis/unified_tia_csv/05-relationship_file.csv,schema,0,"{""headers"":[""project_id"",""Activity ID"",""Activity Name"",""Predecessors"",""Predecessor Details"",""Successors""],""source_sha256"":""958aaa518bac0426c162fe5cb35b9d733105a0de067a3e7f68229435464799ec""}"
2026-08-15.lossless-project-input-bundle.v1,tia/05-relationship_file.csv,02-delay_analysis/unified_tia_csv/05-relationship_file.csv,data,1,"[""Nasr city-Tunnel"",""NCT-ST-CLB--1100FRM-1090"",""Formwork readiness before Raft reinforcement for Chlorination Building"",""NCT-MOB-1010"",""NCT-MOB-1010: FS 0"",""NCT-ST-CLB-RFT-1100""]"
2026-08-15.lossless-project-input-bundle.v1,tia/05-relationship_file.csv,02-delay_analysis/unified_tia_csv/05-relationship_file.csv,data,2,"[""Nasr city-Tunnel"",""NCT-ST-CLB-RFT-1100"",""Raft reinforcement for Chlorination Building"",""NCT-ST-CLB--1100FRM-1090"",""NCT-ST-CLB--1100FRM-1090: FS 0"",""NCT-ST-CLB--1100CONC-1110""]"
2026-08-15.lossless-project-input-bundle.v1,tia/05-relationship_file.csv,02-delay_analysis/unified_tia_csv/05-relationship_file.csv,data,3,"[""Nasr city-Tunnel"",""NCT-ST-CLB--1100CONC-1110"",""Concrete casting after Raft reinforcement for Chlorination Building"",""NCT-ST-CLB-RFT-1100"",""NCT-ST-CLB-RFT-1100: FS 0"",""NCT-ST-PMP-FRM-1200""]"
2026-08-15.lossless-project-input-bundle.v1,tia/05-relationship_file.csv,02-delay_analysis/unified_tia_csv/05-relationship_file.csv,data,4,"[""Nasr city-Tunnel"",""NCT-ST-PMP--1200FRM-1190"",""Formwork readiness before Raft reinforcement for Main Pump Hall"",""NCT-ST-CLB-CONC-1100"",""NCT-ST-CLB-CONC-1100: FS 0"",""NCT-ST-PMP-RFT-1200""]"
2026-08-15.lossless-project-input-bundle.v1,tia/05-relationship_file.csv,02-delay_analysis/unified_tia_csv/05-relationship_file.csv,data,5,"[""Nasr city-Tunnel"",""NCT-ST-PMP-RFT-1200"",""Raft reinforcement for Main Pump Hall"",""NCT-ST-PMP--1200FRM-1190"",""NCT-ST-PMP--1200FRM-1190: FS 0"",""NCT-ST-PMP--1200CONC-1210""]"
2026-08-15.lossless-project-input-bundle.v1,tia/05-relationship_file.csv,02-delay_analysis/unified_tia_csv/05-relationship_file.csv,data,6,"[""Nasr city-Tunnel"",""NCT-ST-PMP--1200CONC-1210"",""Concrete casting after Raft reinforcement for Main Pump Hall"",""NCT-ST-PMP-RFT-1200"",""NCT-ST-PMP-RFT-1200: FS 0"",""NCT-ST-CLR-FRM-1300""]"
2026-08-15.lossless-project-input-bundle.v1,tia/05-relationship_file.csv,02-delay_analysis/unified_tia_csv/05-relationship_file.csv,data,7,"[""Nasr city-Tunnel"",""NCT-ST-CLR--1300FRM-1290"",""Formwork readiness before Base slab reinforcement for Clarifier No. 1"",""NCT-ST-PMP-CONC-1200"",""NCT-ST-PMP-CONC-1200: FS 0"",""NCT-ST-CLR-RFT-1300""]"
2026-08-15.lossless-project-input-bundle.v1,tia/05-relationship_file.csv,02-delay_analysis/unified_tia_csv/05-relationship_file.csv,data,8,"[""Nasr city-Tunnel"",""NCT-ST-CLR-RFT-1300"",""Base slab reinforcement for Clarifier No. 1"",""NCT-ST-CLR--1300FRM-1290"",""NCT-ST-CLR--1300FRM-1290: FS 0"",""NCT-ST-CLR--1300CONC-1310""]"
2026-08-15.lossless-project-input-bundle.v1,tia/05-relationship_file.csv,02-delay_analysis/unified_tia_csv/05-relationship_file.csv,data,9,"[""Nasr city-Tunnel"",""NCT-ST-CLR--1300CONC-1310"",""Concrete casting after Base slab reinforcement for Clarifier No. 1"",""NCT-ST-CLR-RFT-1300"",""NCT-ST-CLR-RFT-1300: FS 0"",""NCT-ST-FLT-FRM-1400""]"
2026-08-15.lossless-project-input-bundle.v1,tia/05-relationship_file.csv,02-delay_analysis/unified_tia_csv/05-relationship_file.csv,data,10,"[""Nasr city-Tunnel"",""NCT-ST-FLT--1400FRM-1390"",""Formwork readiness before Wall reinforcement for Filter Gallery"",""NCT-ST-CLR-CONC-1300"",""NCT-ST-CLR-CONC-1300: FS 0"",""NCT-ST-FLT-RFT-1400""]"
2026-08-15.lossless-project-input-bundle.v1,tia/05-relationship_file.csv,02-delay_analysis/unified_tia_csv/05-relationship_file.csv,data,11,"[""Nasr city-Tunnel"",""NCT-ST-FLT-RFT-1400"",""Wall reinforcement for Filter Gallery"",""NCT-ST-FLT--1400FRM-1390"",""NCT-ST-FLT--1400FRM-1390: FS 0"",""NCT-ST-FLT--1400CONC-1410""]"
2026-08-15.lossless-project-input-bundle.v1,tia/05-relationship_file.csv,02-delay_analysis/unified_tia_csv/05-relationship_file.csv,data,12,"[""Nasr city-Tunnel"",""NCT-ST-FLT--1400CONC-1410"",""Concrete casting after Wall reinforcement for Filter Gallery"",""NCT-ST-FLT-RFT-1400"",""NCT-ST-FLT-RFT-1400: FS 0"",""NCT-ST-RES-FRM-1500""]"
2026-08-15.lossless-project-input-bundle.v1,tia/05-relationship_file.csv,02-delay_analysis/unified_tia_csv/05-relationship_file.csv,data,13,"[""Nasr city-Tunnel"",""NCT-ST-RES--1500FRM-1490"",""Formwork readiness before Wall reinforcement for Treated Water Reservoir"",""NCT-ST-FLT-CONC-1400"",""NCT-ST-FLT-CONC-1400: FS 0"",""NCT-ST-RES-RFT-1500""]"
2026-08-15.lossless-project-input-bundle.v1,tia/05-relationship_file.csv,02-delay_analysis/unified_tia_csv/05-relationship_file.csv,data,14,"[""Nasr city-Tunnel"",""NCT-ST-RES-RFT-1500"",""Wall reinforcement for Treated Water Reservoir"",""NCT-ST-RES--1500FRM-1490"",""NCT-ST-RES--1500FRM-1490: FS 0"",""NCT-ST-RES--1500CONC-1510""]"
2026-08-15.lossless-project-input-bundle.v1,tia/05-relationship_file.csv,02-delay_analysis/unified_tia_csv/05-relationship_file.csv,data,15,"[""Nasr city-Tunnel"",""NCT-ST-RES--1500CONC-1510"",""Concrete casting after Wall reinforcement for Treated Water Reservoir"",""NCT-ST-RES-RFT-1500"",""NCT-ST-RES-RFT-1500: FS 0"",""NCT-ST-ADM-FRM-1600""]"
2026-08-15.lossless-project-input-bundle.v1,tia/05-relationship_file.csv,02-delay_analysis/unified_tia_csv/05-relationship_file.csv,data,16,"[""Nasr city-Tunnel"",""NCT-ST-ADM--1600FRM-1590"",""Formwork readiness before Foundation reinforcement for Administration Building"",""NCT-ST-RES-CONC-1500"",""NCT-ST-RES-CONC-1500: FS 0"",""NCT-ST-ADM-RFT-1600""]"
2026-08-15.lossless-project-input-bundle.v1,tia/05-relationship_file.csv,02-delay_analysis/unified_tia_csv/05-relationship_file.csv,data,17,"[""Nasr city-Tunnel"",""NCT-ST-ADM-RFT-1600"",""Foundation reinforcement for Administration Building"",""NCT-ST-ADM--1600FRM-1590"",""NCT-ST-ADM--1600FRM-1590: FS 0"",""NCT-ST-ADM--1600CONC-1610""]"
2026-08-15.lossless-project-input-bundle.v1,tia/05-relationship_file.csv,02-delay_analysis/unified_tia_csv/05-relationship_file.csv,data,18,"[""Nasr city-Tunnel"",""NCT-ST-ADM--1600CONC-1610"",""Concrete casting after Foundation reinforcement for Administration Building"",""NCT-ST-ADM-RFT-1600"",""NCT-ST-ADM-RFT-1600: FS 0"",""NCT-MS-1040""]"
2026-08-15.lossless-project-input-bundle.v1,tia/05_p6_relationship_register.csv,02-delay_analysis/unified_tia_csv/05_p6_relationship_register.csv,schema,0,"{""headers"":[""project_id"",""schedule_version"",""successor_activity_id"",""predecessor_activity_id"",""relationship_type"",""lag_days"",""source_id"",""notes""],""source_sha256"":""46adbe882f33df47dd0875a980e14193b18ffa8ec358e3407d776071b0371ad5""}"
2026-08-15.lossless-project-input-bundle.v1,tia/06-contract_library.csv,02-delay_analysis/unified_tia_csv/06-contract_library.csv,schema,0,"{""headers"":[""project_id"",""Clause / Topic"",""Location"",""Plain English Meaning"",""Research the Lines"",""Who Holds Leverage"",""Notice / Time Bar"",""Money Impact"",""Schedule Impact"",""Practical Action / Evidence""],""source_sha256"":""e21dfb856cc9beeb0fff8579b33ab7899c3acd0c14c17cdb21dbbf48c13c3bc4""}"
2026-08-15.lossless-project-input-bundle.v1,tia/06-contract_library.csv,02-delay_analysis/unified_tia_csv/06-contract_library.csv,data,1,"[""Nasr city-Tunnel"",""Employer free-issue reinforcement steel"",""Particular Conditions material supply obligation / EOT clause / claims notice clause"",""Employer-provided steel must be released in quantities and timing compatible with the accepted programme and demonstrated activity requirements."",""Search terms: free-issue material, reinforcement steel, delivery obligation, accepted programme, material request, shortage, critical path."",""Contractor where readiness, requisitions, delivery records, stock balance and impacted logic are complete."",""Issue notice when shortage becomes apparent and update particulars as deliveries and programme impacts develop."",""Potential prolongation, disruption and idle-resource cost subject to entitlement and proof."",""Potential EOT where supply shortage affects the critical or longest path."",""Material requisitions, delivery notes, stock ledger, bar schedules, daily reports, photographs, P6 updates and TIA fragnet.""]"
2026-08-15.lossless-project-input-bundle.v1,tia/06-contract_library.csv,02-delay_analysis/unified_tia_csv/06-contract_library.csv,data,2,"[""Nasr city-Tunnel"",""Revised IFC structural and embedded-service details"",""Design information clause / delayed drawings clause / EOT and claims provisions"",""Late or conflicting design information may excuse delay when the affected work cannot reasonably proceed without an approved resolution."",""Search terms: revised IFC, design conflict, embedded sleeves, waterstop, opening detail, hold point, approval."",""Contractor when submissions were timely and the unresolved issue controlled execution."",""Notify on discovery and issue an updated notice after final revised drawings are received."",""May support prolongation or disruption cost where compensability and causation are demonstrated."",""Supports EOT where engineering release drives a critical construction activity."",""RFI register, drawing transmittals, review comments, revised IFCs, technical meeting minutes and schedule linkage.""]"
2026-08-15.lossless-project-input-bundle.v1,tia/06-contract_library.csv,02-delay_analysis/unified_tia_csv/06-contract_library.csv,data,3,"[""Nasr city-Tunnel"",""Delayed RFI response"",""Engineer response period / cooperation duty / EOT and claim provisions"",""A delayed response can be a compensable event where the requested clarification was necessary and the contractor had no reasonable alternative."",""Search terms: RFI, response due date, technical clarification, inspection hold, approved detail."",""Contractor if the RFI is specific, timely and linked to a ready activity."",""Notify after the contractual response period expires and maintain updated particulars."",""Potential prolongation and disruption subject to concurrency and mitigation analysis."",""Supports EOT only where the response delay controls critical work."",""RFI issue/reply dates, correspondence, readiness evidence, manpower records and impacted programme.""]"
2026-08-15.lossless-project-input-bundle.v1,tia/06-contract_library.csv,02-delay_analysis/unified_tia_csv/06-contract_library.csv,data,4,"[""Nasr city-Tunnel"",""Delayed payment certification"",""Interim payment clause / delayed payment interest / suspension and claims provisions"",""Late certification or payment may create financing and resource constraints, but time and cost consequences require separate causal proof."",""Search terms: interim payment, certification period, cheque receipt, interest, financing cost, resource reduction."",""Shared; contractor must establish both contractual default and actual causal impact."",""Submit payment default notice, interest calculation and updated impact records."",""Interest and financing cost may be recoverable where contractually allowed."",""Usually secondary unless procurement or resources on the critical path were directly affected."",""Invoices, certificates, bank receipts, cash-flow statements, purchase orders and recovery records.""]"
2026-08-15.lossless-project-input-bundle.v1,tia/06_delay_event_register.csv,02-delay_analysis/unified_tia_csv/06_delay_event_register.csv,schema,0,"{""headers"":[""project_id"",""event_id"",""event_variant"",""event_name"",""event_category"",""responsible_party"",""notice_status"",""event_start"",""event_finish"",""claimed_delay_days"",""affected_activity_id"",""evidence_reference"",""source_id"",""causation_status"",""criticality_status"",""inclusion_in_integrated_eot"",""analyst_status"",""notes""],""source_sha256"":""ed2f1c6f8b900922014408c7ce854e7b1d6fbef47b90f147416a6d2fdaa6c6a3""}"
2026-08-15.lossless-project-input-bundle.v1,tia/07-ifc_conflict.csv,02-delay_analysis/unified_tia_csv/07-ifc_conflict.csv,schema,0,"{""headers"":[""project_id"",""Activity ID"",""Activity Name"",""Original Duration"",""Start"",""Finish"",""Approved structural slab shop drawings"",""Re-Start"",""Finish.1"",""Delayed days"",""Note""],""source_sha256"":""766f88797458f21c0c3120851622e80146cd1d899b4b9b8957d7049c1088c78f""}"
2026-08-15.lossless-project-input-bundle.v1,tia/07-ifc_conflict.csv,02-delay_analysis/unified_tia_csv/07-ifc_conflict.csv,data,1,"[""Nasr city-Tunnel"",""NCT-ENG-CLB-2010"",""Structural and embedded-services coordination for Chlorination Building"",""14"",""22-Jan-26"",""5-Feb-26"",""18-Feb-26"",""20-Feb-26"",""6-Mar-26"",""13"",""Revised chemical trench and sleeve details delayed final reinforcement release; synthetic data only""]"
2026-08-15.lossless-project-input-bundle.v1,tia/07-ifc_conflict.csv,02-delay_analysis/unified_tia_csv/07-ifc_conflict.csv,data,2,"[""Nasr city-Tunnel"",""NCT-ENG-PMP-2020"",""Bearing pedestal and anchor-bolt details for Main Pump Hall"",""18"",""10-Feb-26"",""28-Feb-26"",""20-Mar-26"",""23-Mar-26"",""10-Apr-26"",""20"",""Revised pump-base geometry required before raft reinforcement closure; synthetic data only""]"
2026-08-15.lossless-project-input-bundle.v1,tia/07-ifc_conflict.csv,02-delay_analysis/unified_tia_csv/07-ifc_conflict.csv,data,3,"[""Nasr city-Tunnel"",""NCT-ENG-CLR-2030"",""Clarifier base slab waterstop and pipe penetration details"",""21"",""1-Mar-26"",""22-Mar-26"",""19-Apr-26"",""21-Apr-26"",""12-May-26"",""28"",""Final IFC resolved conflicting waterstop and embedded-pipe locations; synthetic data only""]"
2026-08-15.lossless-project-input-bundle.v1,tia/07-ifc_conflict.csv,02-delay_analysis/unified_tia_csv/07-ifc_conflict.csv,data,4,"[""Nasr city-Tunnel"",""NCT-ENG-FLT-2040"",""Filter Gallery wall opening and sleeve coordination"",""16"",""20-Mar-26"",""5-Apr-26"",""16-May-26"",""18-May-26"",""3-Jun-26"",""41"",""Late coordinated opening schedule affected wall reinforcement sequence; synthetic data only""]"
2026-08-15.lossless-project-input-bundle.v1,tia/07-ifc_conflict.csv,02-delay_analysis/unified_tia_csv/07-ifc_conflict.csv,data,5,"[""Nasr city-Tunnel"",""NCT-ENG-RES-2050"",""Reservoir wall joint and waterbar details"",""14"",""8-Apr-26"",""22-Apr-26"",""27-Jun-26"",""30-Jun-26"",""14-Jul-26"",""66"",""Revised construction-joint arrangement delayed the planned reservoir wall start; synthetic data only""]"
2026-08-15.lossless-project-input-bundle.v1,tia/07_fragnet_activity_register.csv,02-delay_analysis/unified_tia_csv/07_fragnet_activity_register.csv,schema,0,"{""headers"":[""project_id"",""event_variant"",""fragnet_activity_id"",""fragnet_activity_name"",""activity_type"",""original_duration_days"",""calendar_name"",""fragnet_start"",""fragnet_finish"",""affected_activity_id"",""source_id"",""analyst_status"",""notes""],""source_sha256"":""8790ccd9923fdf352557af34ee8728a16231b9a83daa075cece83d71522bdef3""}"
2026-08-15.lossless-project-input-bundle.v1,tia/08-payments.csv,02-delay_analysis/unified_tia_csv/08-payments.csv,schema,0,"{""headers"":[""project_id"",""payment"",""contract"",""project"",""invoice no"",""invoice date"",""certified amount"",""paid amount"",""payment status"",""Contractual interest due"",""Date of Cash Cheque Receipt"",""Period for payment release"",""Period in which interest is applied"",""Amount of interest claimed (EGP)"",""delayed duration(Days) "",""Unnamed: 14"",""Unnamed: 15"",""Unnamed: 16"",""Unnamed: 17"",""Unnamed: 18""],""source_sha256"":""99dfd1ae3190f85262b8c943ebaeafb01f8114754c015540a664826806bc3775""}"
2026-08-15.lossless-project-input-bundle.v1,tia/08-payments.csv,02-delay_analysis/unified_tia_csv/08-payments.csv,data,1,"[""Nasr city-Tunnel"",""1.0"",""NCT-001"",""Nasr city-Tunnel"",""1.0"",""31-Jan-26"",""28500000.0"",""28500000.0"",""Paid"",""45.0"",""12-Apr-26"",""71.0"",""26.0"",""88920.00"",""26.0"","""","""","""","""",""""]"
2026-08-15.lossless-project-input-bundle.v1,tia/08-payments.csv,02-delay_analysis/unified_tia_csv/08-payments.csv,data,2,"[""Nasr city-Tunnel"",""2.0"",""NCT-001"",""Nasr city-Tunnel"",""2.0"",""28-Feb-26"",""33250000.0"",""33250000.0"",""Paid"",""45.0"",""22-May-26"",""83.0"",""38.0"",""151620.00"",""38.0"","""","""","""","""",""""]"
2026-08-15.lossless-project-input-bundle.v1,tia/08-payments.csv,02-delay_analysis/unified_tia_csv/08-payments.csv,data,3,"[""Nasr city-Tunnel"",""3.0"",""NCT-001"",""Nasr city-Tunnel"",""3.0"",""31-Mar-26"",""37400000.0"",""37400000.0"",""Paid"",""45.0"",""4-Jul-26"",""95.0"",""50.0"",""224400.00"",""50.0"","""","""","""","""",""""]"
2026-08-15.lossless-project-input-bundle.v1,tia/08-payments.csv,02-delay_analysis/unified_tia_csv/08-payments.csv,data,4,"[""Nasr city-Tunnel"",""4.0"",""NCT-001"",""Nasr city-Tunnel"",""4.0"",""30-Apr-26"",""41800000.0"",""28000000.0"",""Partially Paid"",""45.0"",""24-Jul-26"",""85.0"",""40.0"",""200640.00"",""40.0"","""","""","""","""",""""]"
2026-08-15.lossless-project-input-bundle.v1,tia/08-payments.csv,02-delay_analysis/unified_tia_csv/08-payments.csv,data,5,"[""Nasr city-Tunnel"",""5.0"",""NCT-001"",""Nasr city-Tunnel"",""5.0"",""31-May-26"",""46250000.0"",""0.0"",""Certified - Unpaid"",""45.0"","""",""61.0"",""16.0"",""88800.00"",""16.0"","""","""","""","""",""""]"
2026-08-15.lossless-project-input-bundle.v1,tia/08_fragnet_relationship_register.csv,02-delay_analysis/unified_tia_csv/08_fragnet_relationship_register.csv,schema,0,"{""headers"":[""project_id"",""event_variant"",""successor_activity_id"",""predecessor_activity_id"",""relationship_type"",""lag_days"",""source_id"",""notes""],""source_sha256"":""e21a912893006d02247d998fa1fc7361ccff8a722a910093b0c2a513b6b57140""}"
2026-08-15.lossless-project-input-bundle.v1,tia/09-rfi_status.csv,02-delay_analysis/unified_tia_csv/09-rfi_status.csv,schema,0,"{""headers"":[""project_id"",""RFI"",""Activity ID"",""Activity Name"",""Submittion date"",""Reply"",""Delay beyond 10d"",""Note""],""source_sha256"":""597a1979411bca88addbaba076cd75bc64e3d075aee9b88ee407bdea445bfb4a""}"
2026-08-15.lossless-project-input-bundle.v1,tia/09-rfi_status.csv,02-delay_analysis/unified_tia_csv/09-rfi_status.csv,data,1,"[""Nasr city-Tunnel"",""NCT-RFI-STR-021"",""NCT-ST-CLB-RFT-1100"",""Raft reinforcement for Chlorination Building"",""25-Jan-26"",""18-Feb-26"",""14"",""Chemical trench reinforcement and sleeve arrangement required before final fixing""]"
2026-08-15.lossless-project-input-bundle.v1,tia/09-rfi_status.csv,02-delay_analysis/unified_tia_csv/09-rfi_status.csv,data,2,"[""Nasr city-Tunnel"",""NCT-RFI-STR-026"",""NCT-ST-PMP-RFT-1200"",""Raft reinforcement for Main Pump Hall"",""11-Feb-26"",""20-Mar-26"",""27"",""Pump-base bearing pedestal dimensions required before raft closure""]"
2026-08-15.lossless-project-input-bundle.v1,tia/09-rfi_status.csv,02-delay_analysis/unified_tia_csv/09-rfi_status.csv,data,3,"[""Nasr city-Tunnel"",""NCT-RFI-STR-031"",""NCT-ST-CLR-RFT-1300"",""Base slab reinforcement for Clarifier No. 1"",""4-Mar-26"",""19-Apr-26"",""36"",""Waterstop and embedded-pipe conflict required coordinated IFC response""]"
2026-08-15.lossless-project-input-bundle.v1,tia/09-rfi_status.csv,02-delay_analysis/unified_tia_csv/09-rfi_status.csv,data,4,"[""Nasr city-Tunnel"",""NCT-RFI-STR-038"",""NCT-ST-FLT-RFT-1400"",""Wall reinforcement for Filter Gallery"",""27-Mar-26"",""16-May-26"",""40"",""Filter wall opening schedule required before reinforcement inspection""]"
2026-08-15.lossless-project-input-bundle.v1,tia/09-rfi_status.csv,02-delay_analysis/unified_tia_csv/09-rfi_status.csv,data,5,"[""Nasr city-Tunnel"",""NCT-RFI-STR-044"",""NCT-ST-RES-RFT-1500"",""Wall reinforcement for Treated Water Reservoir"",""15-Apr-26"",""27-Jun-26"",""63"",""Reservoir construction-joint and waterbar detail remained unresolved""]"
2026-08-15.lossless-project-input-bundle.v1,tia/09_before_after_fragnet_comparison.csv,02-delay_analysis/unified_tia_csv/09_before_after_fragnet_comparison.csv,schema,0,"{""headers"":[""project_id"",""project_key"",""event_id"",""event_variant"",""data_date"",""activity_id"",""milestone_activity_name"",""before_total_float_days"",""before_forecast_finish"",""after_total_float_days"",""after_forecast_finish"",""float_change_days"",""finish_movement_calendar_days"",""impact_assessment"",""inclusion_in_integrated_eot"",""evidence_reference"",""verification_status""],""source_sha256"":""bb9ac4726e0e6edf8b6b1f488d88fff8a1dd8bb00e121d8a45208572ee3c5a20""}"
2026-08-15.lossless-project-input-bundle.v1,tia/10-contractor_steel_supplied_at_site.csv,02-delay_analysis/unified_tia_csv/10-contractor_steel_supplied_at_site.csv,schema,0,"{""headers"":[""project_id"",""Coding No."",""Supplier"",""Total Quantity"",""Date of delivery"",""Unnamed: 4""],""source_sha256"":""0140424684c2082dcfa4be8e8dcfee3c0ff56d91fbfde06b5c7e2f607ef0d4b8""}"
2026-08-15.lossless-project-input-bundle.v1,tia/10-contractor_steel_supplied_at_site.csv,02-delay_analysis/unified_tia_csv/10-contractor_steel_supplied_at_site.csv,data,1,"[""Nasr city-Tunnel"",""NCT-MIR-STR-C061-R00"",""Contractor / Apex Infrastructure JV"",""42.60"",""11-Apr-26"",""""]"
2026-08-15.lossless-project-input-bundle.v1,tia/10-contractor_steel_supplied_at_site.csv,02-delay_analysis/unified_tia_csv/10-contractor_steel_supplied_at_site.csv,data,2,"[""Nasr city-Tunnel"",""NCT-MIR-STR-C067-R00"",""Contractor / Apex Infrastructure JV"",""36.25"",""2-May-26"",""""]"
2026-08-15.lossless-project-input-bundle.v1,tia/10-contractor_steel_supplied_at_site.csv,02-delay_analysis/unified_tia_csv/10-contractor_steel_supplied_at_site.csv,data,3,"[""Nasr city-Tunnel"",""NCT-MIR-STR-C073-R00"",""Contractor / Apex Infrastructure JV"",""58.90"",""25-May-26"",""""]"
2026-08-15.lossless-project-input-bundle.v1,tia/10-contractor_steel_supplied_at_site.csv,02-delay_analysis/unified_tia_csv/10-contractor_steel_supplied_at_site.csv,data,4,"[""Nasr city-Tunnel"",""NCT-MIR-STR-C081-R00"",""Contractor / Apex Infrastructure JV"",""47.15"",""14-Jun-26"",""""]"
2026-08-15.lossless-project-input-bundle.v1,tia/10-contractor_steel_supplied_at_site.csv,02-delay_analysis/unified_tia_csv/10-contractor_steel_supplied_at_site.csv,data,5,"[""Nasr city-Tunnel"",""NCT-MIR-STR-C089-R00"",""Contractor / Apex Infrastructure JV"",""31.80"",""5-Jul-26"",""""]"
2026-08-15.lossless-project-input-bundle.v1,tia/10_concurrency_entitlement_register.csv,02-delay_analysis/unified_tia_csv/10_concurrency_entitlement_register.csv,schema,0,"{""headers"":[""project_id"",""event_variant"",""overlap_id"",""contractor_event_id"",""employer_event_id"",""affected_activity_id"",""overlap_start"",""overlap_finish"",""overlap_calendar_days"",""concurrent_delay_days"",""apportionment_method"",""concurrency_adjustment_days"",""included_in_adjustment"",""entitlement_position"",""evidence_reference"",""verification_status"",""notes""],""source_sha256"":""69e208510dce1b502c6bcfda1e9b381dc5ea1c57defa1cfb53834bb7bd13b94a""}"
2026-08-15.lossless-project-input-bundle.v1,tia/11-concurrency_matrix_template.updated.csv,02-delay_analysis/unified_tia_csv/11-concurrency_matrix_template.updated.csv,schema,0,"{""headers"":[""project_id"",""Primary Event ID"",""Activity ID"",""Activity Name"",""BL Start"",""BL Finish"",""Start"",""Finish"",""Delayed duration"",""Overlap Start"",""Overlap Finish"",""BL Critical Path"",""Current Critical Path"",""Delayed duration after overlap"",""Concurrent delay"",""WBS"",""Building / Zone"",""Total Float"",""Longest Path"",""First Affected Flag"",""Predecessor Activity ID"",""Predecessor Relationship Type"",""Predecessor Lag"",""Successor Activity ID"",""Successor Relationship Type"",""Successor Lag"",""Fragment Start"",""Fragment Finish"",""Fragment Duration""],""source_sha256"":""9f36957fa892ba66bb51b900e03b81d33de2d5a2a57c74f77f12f41df4eb7385""}"
2026-08-15.lossless-project-input-bundle.v1,tia/11-concurrency_matrix_template.updated.csv,02-delay_analysis/unified_tia_csv/11-concurrency_matrix_template.updated.csv,data,1,"[""Nasr city-Tunnel"",""EV-01 Employer steel shortage"",""NCT-ST-CLB-RFT-1100"",""Raft reinforcement for Chlorination Building"",""10-Feb-26"",""22-Feb-26"",""18-Feb-26"",""20-Mar-26"",""31"",""8-Mar-26"",""20-Mar-26"",""Yes"",""Yes"",""18"",""13"",""Nasr city-Tunnel.CON.Chlorination Building"",""Chlorination Building"",""-22"",""Yes"",""Yes"",""NCT-ST-CLB--1100FRM-1090"",""FS"",""0"",""NCT-ST-CLB--1100CONC-1110"",""FS"",""0"",""8-Mar-26"",""20-Mar-26"",""18""]"
2026-08-15.lossless-project-input-bundle.v1,tia/11-concurrency_matrix_template.updated.csv,02-delay_analysis/unified_tia_csv/11-concurrency_matrix_template.updated.csv,data,2,"[""Nasr city-Tunnel"",""EV-02 Revised pump hall IFC"",""NCT-ST-PMP-RFT-1200"",""Raft reinforcement for Main Pump Hall"",""24-Feb-26"",""10-Mar-26"",""21-Mar-26"",""25-Apr-26"",""46"",""21-Mar-26"",""10-Apr-26"",""Yes"",""Yes"",""25"",""21"",""Nasr city-Tunnel.CON.Main Pump Hall"",""Main Pump Hall"",""-29"",""Yes"",""Yes"",""NCT-ST-PMP--1200FRM-1190"",""FS"",""0"",""NCT-ST-PMP--1200CONC-1210"",""FS"",""0"",""21-Mar-26"",""10-Apr-26"",""25""]"
2026-08-15.lossless-project-input-bundle.v1,tia/11-concurrency_matrix_template.updated.csv,02-delay_analysis/unified_tia_csv/11-concurrency_matrix_template.updated.csv,data,3,"[""Nasr city-Tunnel"",""EV-03 Clarifier IFC conflict"",""NCT-ST-CLR-RFT-1300"",""Base slab reinforcement for Clarifier No. 1"",""12-Mar-26"",""27-Mar-26"",""28-Apr-26"",""30-May-26"",""49"",""28-Apr-26"",""12-May-26"",""No"",""Yes"",""34"",""15"",""Nasr city-Tunnel.CON.Clarifier Area"",""Clarifier Area"",""-36"",""No"",""No"",""NCT-ST-CLR--1300FRM-1290"",""FS"",""0"",""NCT-ST-CLR--1300CONC-1310"",""FS"",""0"",""28-Apr-26"",""12-May-26"",""34""]"
2026-08-15.lossless-project-input-bundle.v1,tia/11-concurrency_matrix_template.updated.csv,02-delay_analysis/unified_tia_csv/11-concurrency_matrix_template.updated.csv,data,4,"[""Nasr city-Tunnel"",""EV-04 Delayed filter gallery RFI"",""NCT-ST-FLT-RFT-1400"",""Wall reinforcement for Filter Gallery"",""29-Mar-26"",""16-Apr-26"",""2-Jun-26"",""5-Jul-26"",""50"",""2-Jun-26"",""16-Jun-26"",""No"",""No"",""35"",""15"",""Nasr city-Tunnel.CON.Filter Gallery"",""Filter Gallery"",""-43"",""No"",""No"",""NCT-ST-FLT--1400FRM-1390"",""FS"",""0"",""NCT-ST-FLT--1400CONC-1410"",""FS"",""0"",""2-Jun-26"",""16-Jun-26"",""35""]"
2026-08-15.lossless-project-input-bundle.v1,tia/11-concurrency_matrix_template.updated.csv,02-delay_analysis/unified_tia_csv/11-concurrency_matrix_template.updated.csv,data,5,"[""Nasr city-Tunnel"",""EV-05 Steel shortage and payment overlap"",""NCT-ST-RES-RFT-1500"",""Wall reinforcement for Treated Water Reservoir"",""18-Apr-26"",""8-May-26"",""8-Jul-26"",""18-Aug-26"",""81"",""8-Jul-26"",""24-Jul-26"",""Yes"",""Yes"",""64"",""17"",""Nasr city-Tunnel.CON.Treated Water Reservoir"",""Treated Water Reservoir"",""-50"",""Yes"",""Yes"",""NCT-ST-RES--1500FRM-1490"",""FS"",""0"",""NCT-ST-RES--1500CONC-1510"",""FS"",""0"",""8-Jul-26"",""24-Jul-26"",""64""]"
2026-08-15.lossless-project-input-bundle.v1,tia/11_entitlement_evidence_register.csv,02-delay_analysis/unified_tia_csv/11_entitlement_evidence_register.csv,schema,0,"{""headers"":[""project_id"",""event_variant"",""evidence_id"",""evidence_type"",""evidence_reference"",""document_date"",""notice_status"",""time_bar_status"",""causation_status"",""criticality_status"",""compensation_status"",""entitlement_status"",""source_id"",""verification_status"",""notes""],""source_sha256"":""1cb8e2d592df8a72f9351cca13aee6932419d9310c152b98cc9a2447132fac04""}"
2026-08-15.lossless-project-input-bundle.v1,tia/12-client_steel_demand_by_dia_wide.csv,02-delay_analysis/unified_tia_csv/12-client_steel_demand_by_dia_wide.csv,schema,0,"{""headers"":[""project_id"",""Dia"",""RFT for RC Raft & Footings (B03) (footing) 196"",""RFT for RC Raft (B04) (Water Tank) 45.81"",""RFT for RC Raft & Footings (B02) (footing) 155.5"",""RFT for Columns & Walls Below SOG (B03) (footing)"",""RFT for Columns & Walls Below SOG (B02) (footing)"",""RFT for RC Raft & Footings (B01) (footing)"",""RFT for Columns & Walls Below SOG (B01) (footing)"",""RFT for Walls, Col. & Cores (B03) (Bas 02)"",""RFT for Walls (B04) (Water Tank)"",""RFT for RC Raft & Footings (B04) (footing) 192"",""RFT for Columns & Walls Below SOG (B04) (footing)"",""RFT for Walls, Col. & Cores (B02) (Bas 02)""],""source_sha256"":""4f69b73cb78f2c88cfb02a998c941b090068a795c91453baace342e287e966a2""}"
2026-08-15.lossless-project-input-bundle.v1,tia/12-client_steel_demand_by_dia_wide.csv,02-delay_analysis/unified_tia_csv/12-client_steel_demand_by_dia_wide.csv,data,1,"[""Nasr city-Tunnel"",""8"",""4.57"",""5.94"",""7.31"",""8.68"",""10.05"",""11.42"",""12.79"",""14.16"",""15.53"",""16.90"",""18.27"",""19.64""]"
2026-08-15.lossless-project-input-bundle.v1,tia/12-client_steel_demand_by_dia_wide.csv,02-delay_analysis/unified_tia_csv/12-client_steel_demand_by_dia_wide.csv,data,2,"[""Nasr city-Tunnel"",""10"",""9.17"",""10.54"",""11.91"",""13.28"",""14.65"",""16.02"",""17.39"",""18.76"",""20.13"",""21.50"",""22.87"",""24.24""]"
2026-08-15.lossless-project-input-bundle.v1,tia/12-client_steel_demand_by_dia_wide.csv,02-delay_analysis/unified_tia_csv/12-client_steel_demand_by_dia_wide.csv,data,3,"[""Nasr city-Tunnel"",""12"",""15.87"",""17.24"",""18.61"",""19.98"",""21.35"",""22.72"",""24.09"",""25.46"",""26.83"",""28.20"",""29.57"",""30.94""]"
2026-08-15.lossless-project-input-bundle.v1,tia/12-client_steel_demand_by_dia_wide.csv,02-delay_analysis/unified_tia_csv/12-client_steel_demand_by_dia_wide.csv,data,4,"[""Nasr city-Tunnel"",""16"",""23.77"",""25.14"",""26.51"",""27.88"",""29.25"",""30.62"",""31.99"",""33.36"",""34.73"",""36.10"",""37.47"",""38.84""]"
2026-08-15.lossless-project-input-bundle.v1,tia/12-client_steel_demand_by_dia_wide.csv,02-delay_analysis/unified_tia_csv/12-client_steel_demand_by_dia_wide.csv,data,5,"[""Nasr city-Tunnel"",""20"",""33.17"",""34.54"",""35.91"",""37.28"",""38.65"",""40.02"",""41.39"",""42.76"",""44.13"",""45.50"",""46.87"",""48.24""]"
2026-08-15.lossless-project-input-bundle.v1,tia/12-client_steel_demand_by_dia_wide.csv,02-delay_analysis/unified_tia_csv/12-client_steel_demand_by_dia_wide.csv,data,6,"[""Nasr city-Tunnel"",""25"",""29.97"",""31.34"",""32.71"",""34.08"",""35.45"",""36.82"",""38.19"",""39.56"",""40.93"",""42.30"",""43.67"",""45.04""]"
2026-08-15.lossless-project-input-bundle.v1,tia/12-client_steel_demand_by_dia_wide.csv,02-delay_analysis/unified_tia_csv/12-client_steel_demand_by_dia_wide.csv,data,7,"[""Nasr city-Tunnel"",""32"",""19.27"",""20.64"",""22.01"",""23.38"",""24.75"",""26.12"",""27.49"",""28.86"",""30.23"",""31.60"",""32.97"",""34.34""]"
2026-08-15.lossless-project-input-bundle.v1,tia/12_delay_event_classification.csv,02-delay_analysis/unified_tia_csv/12_delay_event_classification.csv,schema,0,"{""headers"":[""project_id"",""event_id"",""activity_id"",""root_cause"",""delay_type"",""entitlement_status"",""responsible_party"",""event_start"",""event_finish"",""delay_days"",""evidence_reference"",""source_file"",""source_sheet"",""source_row"",""analyst_status"",""notes""],""source_sha256"":""7bf04c012e1c9259fcba157c8eaa31f4e05b4c9cf52c0bf798d64bb2a1e9cd38""}"
2026-08-15.lossless-project-input-bundle.v1,tia/12_delay_event_classification.csv,02-delay_analysis/unified_tia_csv/12_delay_event_classification.csv,data,1,"[""Nasr city-Tunnel"",""EV-01"",""NCT-ST-CLB-RFT-1100"",""Employer steel delivery below approved requirement"",""Excusable Compensable"",""Potentially Entitled"",""Employer"",""2026-02-02"",""2026-03-20"",""47"",""MIR-011; ALLOC-NCT-001; Daily Reports"",""03-employer_steel_supply_at_site.csv"",""Data"",""2"",""Reviewed"",""Net impact subject to concurrency and longest-path validation""]"
2026-08-15.lossless-project-input-bundle.v1,tia/12_delay_event_classification.csv,02-delay_analysis/unified_tia_csv/12_delay_event_classification.csv,data,2,"[""Nasr city-Tunnel"",""EV-02"",""NCT-ST-PMP-RFT-1200"",""Late revised IFC bearing-pedestal detail"",""Excusable Compensable"",""Potentially Entitled"",""Engineer"",""2026-02-11"",""2026-04-10"",""58"",""RFI-026; Revised IFC-STR-118"",""07-ifc_conflict.csv"",""Data"",""3"",""Reviewed"",""Engineering hold linked to pump hall raft sequence""]"
2026-08-15.lossless-project-input-bundle.v1,tia/12_delay_event_classification.csv,02-delay_analysis/unified_tia_csv/12_delay_event_classification.csv,data,3,"[""Nasr city-Tunnel"",""EV-03"",""NCT-ST-CLR-RFT-1300"",""Clarifier waterstop and embedded-pipe conflict"",""Excusable Compensable"",""Potentially Entitled"",""Engineer"",""2026-03-04"",""2026-05-12"",""69"",""RFI-031; IFC-STR-136"",""07-ifc_conflict.csv"",""Data"",""4"",""Reviewed"",""Criticality established in impacted update""]"
2026-08-15.lossless-project-input-bundle.v1,tia/12_delay_event_classification.csv,02-delay_analysis/unified_tia_csv/12_delay_event_classification.csv,data,4,"[""Nasr city-Tunnel"",""EV-04"",""NCT-ST-FLT-RFT-1400"",""Delayed response to filter gallery opening RFI"",""Excusable Compensable"",""Under Assessment"",""Engineer"",""2026-03-27"",""2026-05-16"",""50"",""RFI-038 and transmittal register"",""09-rfi_status.csv"",""Data"",""5"",""Reviewed"",""Concurrency with local resource underperformance requires adjustment""]"
2026-08-15.lossless-project-input-bundle.v1,tia/12_delay_event_classification.csv,02-delay_analysis/unified_tia_csv/12_delay_event_classification.csv,data,5,"[""Nasr city-Tunnel"",""EV-05"",""NCT-ST-RES-RFT-1500"",""Outstanding high-diameter employer steel"",""Excusable Compensable"",""Potentially Entitled"",""Employer"",""2026-06-09"",""2026-07-31"",""52"",""MIR-034; MIR-041; stock ledger"",""03-employer_steel_supply_at_site.csv"",""Data"",""5"",""Reviewed"",""Continuing event at the data date""]"
2026-08-15.lossless-project-input-bundle.v1,tia/12_delay_event_classification.csv,02-delay_analysis/unified_tia_csv/12_delay_event_classification.csv,data,6,"[""Nasr city-Tunnel"",""EV-06"",""NCT-ST-ADM-RFT-1600"",""Delayed interim payment certification"",""Commercial / Potential Compensable"",""Under Assessment"",""Employer"",""2026-05-31"",""2026-07-31"",""61"",""IPC-05; payment notice; procurement correspondence"",""08-payments.csv"",""Data"",""6"",""Draft"",""Time impact requires proof of direct effect on critical procurement or resources""]"
2026-08-15.lossless-project-input-bundle.v1,tia/13-client_steel_supply_by_dia_wide.csv,02-delay_analysis/unified_tia_csv/13-client_steel_supply_by_dia_wide.csv,schema,0,"{""headers"":[""project_id"",""Dia"",""1-Oct-25"",""1-Dec-25"",""1-Feb-26"",""1-May-26""],""source_sha256"":""6bc07849072ac75e899545cbc0817b606e082d6287a49441d545136e6d25559c""}"
2026-08-15.lossless-project-input-bundle.v1,tia/13-client_steel_supply_by_dia_wide.csv,02-delay_analysis/unified_tia_csv/13-client_steel_supply_by_dia_wide.csv,data,1,"[""Nasr city-Tunnel"",""8"",""18.4"",""12.7"",""16.5"",""11.2""]"
2026-08-15.lossless-project-input-bundle.v1,tia/13-client_steel_supply_by_dia_wide.csv,02-delay_analysis/unified_tia_csv/13-client_steel_supply_by_dia_wide.csv,data,2,"[""Nasr city-Tunnel"",""10"",""31.6"",""24.3"",""22.8"",""19.7""]"
2026-08-15.lossless-project-input-bundle.v1,tia/13-client_steel_supply_by_dia_wide.csv,02-delay_analysis/unified_tia_csv/13-client_steel_supply_by_dia_wide.csv,data,3,"[""Nasr city-Tunnel"",""12"",""54.8"",""42.5"",""39.6"",""33.2""]"
2026-08-15.lossless-project-input-bundle.v1,tia/13-client_steel_supply_by_dia_wide.csv,02-delay_analysis/unified_tia_csv/13-client_steel_supply_by_dia_wide.csv,data,4,"[""Nasr city-Tunnel"",""16"",""63.2"",""51.7"",""47.3"",""44.5""]"
2026-08-15.lossless-project-input-bundle.v1,tia/13-client_steel_supply_by_dia_wide.csv,02-delay_analysis/unified_tia_csv/13-client_steel_supply_by_dia_wide.csv,data,5,"[""Nasr city-Tunnel"",""20"",""70.4"",""58.1"",""50.8"",""48.6""]"
2026-08-15.lossless-project-input-bundle.v1,tia/13-client_steel_supply_by_dia_wide.csv,02-delay_analysis/unified_tia_csv/13-client_steel_supply_by_dia_wide.csv,data,6,"[""Nasr city-Tunnel"",""25"",""46.8"",""40.2"",""34.7"",""29.1""]"
2026-08-15.lossless-project-input-bundle.v1,tia/13_tia_recovery_scenario.csv,02-delay_analysis/unified_tia_csv/13_tia_recovery_scenario.csv,schema,0,"{""headers"":[""project_id"",""scenario_id"",""scenario_name"",""analyst_status"",""activity_id"",""status_date"",""baseline_progress_percent"",""impacted_progress_percent"",""recovery_progress_percent"",""baseline_finish"",""impacted_finish"",""recovery_finish"",""predecessor_activity_id"",""successor_activity_id"",""relationship_type"",""lag_days"",""p6_update_reference"",""evidence_reference"",""source_file"",""source_sheet"",""source_row"",""notes""],""source_sha256"":""5572b081137ff4b54c9ca4a97f6a0ae004cff7030d9dd3fc7f4f1324c9172c8e""}"
2026-08-15.lossless-project-input-bundle.v1,tia/13_tia_recovery_scenario.csv,02-delay_analysis/unified_tia_csv/13_tia_recovery_scenario.csv,data,1,"[""Nasr city-Tunnel"",""SCN-01"",""Steel priority delivery and two reinforcement crews"",""Approved for Modelling"",""NCT-ST-CLB-RFT-1100"",""2026-07-31"",""100"",""100"",""100"",""2026-02-22"",""2026-03-20"",""2026-03-14"",""NCT-ST-CLB-FRM-1090"",""NCT-ST-CLB-CONC-1110"",""FS"",""0"",""Nasr city-Tunnel"",""MIR-011; recovery instruction REC-01"",""15-tia_recovery_scenario.csv"",""Data"",""2"",""Historical recovery scenario reduces six calendar days""]"
2026-08-15.lossless-project-input-bundle.v1,tia/13_tia_recovery_scenario.csv,02-delay_analysis/unified_tia_csv/13_tia_recovery_scenario.csv,data,2,"[""Nasr city-Tunnel"",""SCN-02"",""Pump hall revised sequence with extended shift"",""Approved for Modelling"",""NCT-ST-PMP-RFT-1200"",""2026-07-31"",""100"",""100"",""100"",""2026-03-10"",""2026-04-25"",""2026-04-17"",""NCT-ST-PMP-FRM-1190"",""NCT-ST-PMP-CONC-1210"",""FS"",""0"",""Nasr city-Tunnel"",""IFC-STR-118; shift plan REC-02"",""15-tia_recovery_scenario.csv"",""Data"",""3"",""Extended shift and prefabricated cages recover eight days""]"
2026-08-15.lossless-project-input-bundle.v1,tia/13_tia_recovery_scenario.csv,02-delay_analysis/unified_tia_csv/13_tia_recovery_scenario.csv,data,3,"[""Nasr city-Tunnel"",""SCN-03"",""Clarifier segmented pour and parallel embedded works"",""Approved for Modelling"",""NCT-ST-CLR-RFT-1300"",""2026-07-31"",""100"",""100"",""100"",""2026-03-27"",""2026-05-30"",""2026-05-20"",""NCT-ST-CLR-FRM-1290"",""NCT-ST-CLR-CONC-1310"",""FS"",""0"",""Nasr city-Tunnel"",""IFC-STR-136; method statement REC-03"",""15-tia_recovery_scenario.csv"",""Data"",""4"",""Parallel embedded works recover ten days""]"
2026-08-15.lossless-project-input-bundle.v1,tia/13_tia_recovery_scenario.csv,02-delay_analysis/unified_tia_csv/13_tia_recovery_scenario.csv,data,4,"[""Nasr city-Tunnel"",""SCN-04"",""Filter gallery additional fixing gang"",""Candidate"",""NCT-ST-FLT-RFT-1400"",""2026-07-31"",""100"",""100"",""100"",""2026-04-16"",""2026-07-05"",""2026-06-25"",""NCT-ST-FLT-FRM-1390"",""NCT-ST-FLT-CONC-1410"",""FS"",""0"",""Nasr city-Tunnel"",""RFI-038; manpower histogram REC-04"",""15-tia_recovery_scenario.csv"",""Data"",""5"",""Additional gang and zone splitting recover ten days""]"
2026-08-15.lossless-project-input-bundle.v1,tia/13_tia_recovery_scenario.csv,02-delay_analysis/unified_tia_csv/13_tia_recovery_scenario.csv,data,5,"[""Nasr city-Tunnel"",""SCN-05"",""Reservoir prioritized steel diameters and night shift"",""Recommended"",""NCT-ST-RES-RFT-1500"",""2026-07-31"",""100"",""42"",""58"",""2026-05-08"",""2026-08-18"",""2026-08-07"",""NCT-ST-RES-FRM-1490"",""NCT-ST-RES-CONC-1510"",""FS"",""0"",""Nasr city-Tunnel"",""Steel priority list; REC-05"",""15-tia_recovery_scenario.csv"",""Data"",""6"",""Scenario assumes critical diameters delivered by 2-Aug-26""]"
2026-08-15.lossless-project-input-bundle.v1,tia/13_tia_recovery_scenario.csv,02-delay_analysis/unified_tia_csv/13_tia_recovery_scenario.csv,data,6,"[""Nasr city-Tunnel"",""SCN-06"",""Administration foundation subcontract package"",""Candidate"",""NCT-ST-ADM-RFT-1600"",""2026-07-31"",""100"",""28"",""48"",""2026-05-21"",""2026-08-28"",""2026-08-16"",""NCT-ST-ADM-FRM-1590"",""NCT-ST-ADM-CONC-1610"",""FS"",""0"",""Nasr city-Tunnel"",""Subcontract quotation; REC-06"",""15-tia_recovery_scenario.csv"",""Data"",""7"",""Specialist subcontractor and prefabrication recover twelve days""]"
2026-08-15.lossless-project-input-bundle.v1,tia/14_controlled_release_register.csv,02-delay_analysis/unified_tia_csv/14_controlled_release_register.csv,schema,0,"{""headers"":[""project_id"",""project_key"",""release_id"",""release_status"",""approval_status"",""baseline_project_finish"",""impacted_project_finish"",""project_finish_milestone_id"",""gross_included_event_movement_days"",""concurrency_adjustment_days"",""integrated_eot_calendar_days"",""approved_matrix_reference"",""source_manifest_reference"",""approval_reference"",""approved_by"",""approved_date"",""notes""],""source_sha256"":""2f57b3986452c4ba6db423c41e6f2b600ae6079173fb380f34fe11d117936e73""}"
2026-08-15.lossless-project-input-bundle.v1,tia/15_reconciliation_register.csv,02-delay_analysis/unified_tia_csv/15_reconciliation_register.csv,schema,0,"{""headers"":[""project_id"",""reconciliation_id"",""issue_type"",""issue_description"",""historical_value"",""active_position"",""resolution_required"",""owner"",""status"",""evidence_reference"",""notes""],""source_sha256"":""ff9f4ff448b29635e5286a1f8f1032c16e601de9fa1272da3a2cd94f1d30cd7d""}"
2026-08-15.lossless-project-input-bundle.v1,tia/16_output_artifact_register.csv,02-delay_analysis/unified_tia_csv/16_output_artifact_register.csv,schema,0,"{""headers"":[""project_id"",""release_id"",""artifact_id"",""artifact_type"",""artifact_title"",""output_filename"",""source_project_id"",""source_report_fingerprint"",""generated_at"",""review_status"",""publication_status"",""approved_by"",""approved_date"",""notes""],""source_sha256"":""f1e1569bdb8df67c32927af26f4d537b37dd3053196bc781b0863df97a351c22""}"
